t,truth_x,truth_y,truth_yaw,est_x,est_y,est_yaw
0.0,-8.0573,2.3152,-1.7491,0.0,0.0,0.0264
0.05,-8.0573,2.3152,-1.7481,-0.0,0.0,0.0325
0.101,-8.0576,2.3131,-1.7158,0.0014,0.0001,0.0692
0.151,-8.0579,2.3108,-1.6906,0.0032,0.0003,0.0891
0.203,-8.0582,2.3084,-1.6654,0.0073,0.0008,0.1252
0.253,-8.0585,2.3048,-1.6276,0.0102,0.0012,0.1486
0.304,-8.0586,2.3024,-1.6024,0.0147,0.0019,0.1847
0.354,-8.0586,2.2988,-1.5646,0.0179,0.0025,0.21
0.404,-8.0586,2.2964,-1.5394,0.0223,0.0035,0.2462
0.454,-8.0584,2.2928,-1.5016,0.0255,0.0043,0.2715
0.504,-8.0582,2.2905,-1.4764,0.0301,0.0057,0.3094
0.555,-8.058,2.2881,-1.4512,0.0325,0.0064,0.3293
0.605,-8.0575,2.2845,-1.4134,0.0368,0.008,0.3654
0.655,-8.0571,2.2822,-1.3882,0.0398,0.0091,0.3907
0.705,-8.0564,2.2786,-1.3504,0.044,0.0109,0.4267
0.756,-8.0558,2.2763,-1.3252,0.0466,0.0121,0.4502
0.806,-8.0552,2.274,-1.3,0.0507,0.0142,0.4864
0.856,-8.0542,2.2706,-1.2622,0.0535,0.0157,0.5117
0.906,-8.0534,2.2683,-1.237,0.0577,0.018,0.5496
0.956,-8.0522,2.2649,-1.1992,0.0604,0.0197,0.5749
1.007,-8.0513,2.2627,-1.174,0.0638,0.022,0.6075
1.057,-8.0503,2.2605,-1.1488,0.0662,0.0237,0.6309
1.107,-8.0488,2.2572,-1.111,0.0698,0.0264,0.667
1.157,-8.0477,2.2551,-1.0858,0.0721,0.0282,0.6904
1.207,-8.0466,2.253,-1.0606,0.0756,0.0311,0.7266
1.258,-8.0448,2.2499,-1.0228,0.0791,0.0343,0.7645
1.308,-8.0435,2.2479,-0.9975,0.0814,0.0365,0.7899
1.358,-8.0414,2.2448,-0.9592,0.0836,0.0388,0.8155
1.408,-8.04,2.2427,-0.9333,0.0863,0.0418,0.8488
1.459,-8.0384,2.2407,-0.907,0.0883,0.044,0.8733
1.509,-8.0358,2.2375,-0.8668,0.0911,0.0475,0.9117
1.559,-8.0339,2.2353,-0.8395,0.0939,0.0513,0.9508
1.609,-8.0306,2.2317,-0.7983,0.0959,0.0542,0.9783
1.659,-8.028,2.2292,-0.7704,0.0988,0.0588,1.0181
1.71,-8.0251,2.2264,-0.7424,0.1009,0.0624,1.0463
1.76,-8.0203,2.2221,-0.6995,0.104,0.0682,1.0894
1.81,-8.0167,2.2192,-0.6706,0.1056,0.0714,1.1122
1.86,-8.0107,2.2146,-0.6271,0.1086,0.078,1.1537
1.91,-8.0063,2.2115,-0.5982,0.1107,0.0828,1.1827
1.961,-8.0017,2.2084,-0.5693,0.1135,0.0904,1.2239
2.011,-7.9942,2.2037,-0.5261,0.1153,0.0956,1.2506
2.061,-7.9888,2.2007,-0.4974,0.1179,0.104,1.2915
2.111,-7.9803,2.1961,-0.4549,0.1195,0.1103,1.32
2.161,-7.9742,2.1931,-0.4268,0.1219,0.1203,1.3619
2.212,-7.968,2.1902,-0.3993,0.1232,0.1273,1.3892
2.262,-7.9578,2.186,-0.3597,0.1248,0.1367,1.4229
2.312,-7.9507,2.1834,-0.3351,0.1257,0.1437,1.4453
2.362,-7.9432,2.1808,-0.3129,0.127,0.1551,1.4762
2.413,-7.9316,2.1772,-0.2826,0.1276,0.1626,1.4947
2.463,-7.9236,2.175,-0.2644,0.1284,0.1746,1.5202
2.513,-7.9112,2.1718,-0.2406,0.1287,0.1832,1.536
2.563,-7.9028,2.1698,-0.2264,0.1291,0.1964,1.557
2.613,-7.8942,2.1679,-0.2138,0.1291,0.2054,1.5691
2.664,-7.8811,2.1651,-0.1973,0.1291,0.2171,1.5828
2.714,-7.8724,2.1634,-0.1875,0.129,0.2257,1.592
2.764,-7.8589,2.161,-0.1743,0.1286,0.239,1.6047
2.814,-7.8498,2.1594,-0.1663,0.1283,0.2484,1.6127
2.865,-7.8406,2.1579,-0.1589,0.1276,0.2621,1.6231
2.915,-7.8267,2.1557,-0.1488,0.1272,0.271,1.6295
2.965,-7.8172,2.1543,-0.1425,0.1263,0.2855,1.6389
3.015,-7.803,2.1524,-0.1341,0.1256,0.2952,1.6446
3.066,-7.7934,2.1511,-0.129,0.1246,0.3078,1.6513
3.116,-7.7837,2.1499,-0.1243,0.1238,0.3177,1.656
3.166,-7.7691,2.1481,-0.1177,0.1226,0.3318,1.6623
3.216,-7.7593,2.1469,-0.1137,0.1217,0.341,1.6662
3.266,-7.7445,2.1453,-0.1083,0.1204,0.3553,1.6714
3.317,-7.7345,2.1442,-0.105,0.1194,0.3646,1.6747
3.367,-7.7245,2.1432,-0.1017,0.1178,0.3797,1.6796
3.417,-7.7094,2.1417,-0.0969,0.1161,0.3948,1.6844
3.467,-7.6993,2.1407,-0.094,0.115,0.4049,1.6873
3.518,-7.684,2.1393,-0.0902,0.1141,0.4129,1.6894
3.568,-7.6738,2.1384,-0.0879,0.1123,0.4274,1.6928
3.618,-7.6636,2.1375,-0.0858,0.1112,0.4368,1.6947
3.668,-7.6482,2.1362,-0.0829,0.1093,0.4514,1.6976
3.719,-7.6379,2.1353,-0.0812,0.1075,0.466,1.7002
3.769,-7.6276,2.1345,-0.0796,0.1061,0.4762,1.7018
3.819,-7.6122,2.1333,-0.0775,0.1048,0.4865,1.7033
3.869,-7.6018,2.1325,-0.0763,0.1027,0.5019,1.7052
3.919,-7.5863,2.1313,-0.0746,0.1009,0.5151,1.7066
3.97,-7.576,2.1306,-0.0737,0.0996,0.5247,1.7076
4.02,-7.5656,2.1298,-0.0728,0.0976,0.5394,1.7089
4.07,-7.55,2.1287,-0.0716,0.0962,0.5497,1.7098
4.12,-7.5396,2.1279,-0.0708,0.0941,0.5644,1.7109
4.17,-7.524,2.1268,-0.0698,0.0927,0.574,1.7117
4.221,-7.5136,2.1261,-0.0692,0.0906,0.5895,1.7127
4.271,-7.5032,2.1254,-0.0686,0.0891,0.5998,1.7133
4.321,-7.4876,2.1243,-0.0678,0.0872,0.6131,1.714
4.371,-7.4772,2.1236,-0.0674,0.0857,0.6235,1.7146
4.422,-7.4615,2.1226,-0.0668,0.0835,0.6382,1.7154
4.472,-7.4511,2.1219,-0.0664,0.0821,0.6478,1.7158
4.522,-7.4406,2.1212,-0.0661,0.08,0.6626,1.7163
4.572,-7.425,2.1201,-0.0657,0.0786,0.6722,1.7167
4.622,-7.4145,2.1195,-0.0654,0.0763,0.6878,1.7172
4.673,-7.4041,2.1188,-0.0652,0.0748,0.6981,1.7175
4.723,-7.3884,2.1177,-0.0649,0.0725,0.7137,1.718
4.773,-7.378,2.1171,-0.0647,0.0713,0.7218,1.7182
4.823,-7.3623,2.1161,-0.0645,0.0691,0.7366,1.7185
4.874,-7.3518,2.1154,-0.0643,0.0676,0.7463,1.7187
4.924,-7.3414,2.1147,-0.0642,0.0654,0.7611,1.7191
4.974,-7.3257,2.1137,-0.064,0.0639,0.7714,1.7193
5.024,-7.3152,2.113,-0.0639,0.0617,0.7863,1.7196
5.074,-7.2995,2.112,-0.0637,0.0601,0.7966,1.7198
5.125,-7.2891,2.1114,-0.0636,0.0578,0.8122,1.72
5.175,-7.2786,2.1107,-0.0636,0.0565,0.8203,1.7201
5.225,-7.2629,2.1097,-0.0634,0.0543,0.8352,1.7203
5.275,-7.2525,2.109,-0.0634,0.0528,0.8455,1.7205
5.326,-7.2368,2.108,-0.0632,0.0505,0.8603,1.7206
5.376,-7.2263,2.1074,-0.0632,0.0491,0.87,1.7207
5.426,-7.2158,2.1067,-0.0631,0.0468,0.8848,1.7208
5.476,-7.2001,2.1057,-0.0631,0.0453,0.8952,1.721
5.527,-7.1896,2.1051,-0.063,0.0429,0.9107,1.7212
5.577,-7.1739,2.1041,-0.0629,0.0413,0.9211,1.7214
5.627,-7.1634,2.1034,-0.0629,0.0393,0.9345,1.7215
5.677,-7.153,2.1027,-0.0628,0.0378,0.9441,1.7216
5.727,-7.1373,2.1018,-0.0628,0.0356,0.9589,1.7218
5.778,-7.1268,2.1011,-0.0628,0.0341,0.9686,1.7219
5.828,-7.1111,2.1001,-0.0627,0.0319,0.9834,1.722
5.878,-7.1006,2.0995,-0.0627,0.0295,0.9989,1.7222
5.928,-7.0901,2.0988,-0.0627,0.0279,1.0093,1.7223
5.978,-7.0744,2.0978,-0.0626,0.0263,1.0197,1.7224
6.029,-7.0639,2.0972,-0.0626,0.0243,1.033,1.7226
6.079,-7.0535,2.0965,-0.0626,0.0228,1.0427,1.7227
6.129,-7.0377,2.0955,-0.0626,0.0205,1.0575,1.7229
6.179,-7.0273,2.0949,-0.0626,0.0183,1.0723,1.723
6.23,-7.0115,2.0939,-0.0625,0.0167,1.0827,1.7231
6.28,-7.0011,2.0932,-0.0625,0.0144,1.0975,1.7233
6.33,-6.9906,2.0926,-0.0625,0.0128,1.1079,1.7234
6.38,-6.9749,2.0916,-0.0625,0.0104,1.1235,1.7235
6.43,-6.9644,2.0909,-0.0625,0.0092,1.1316,1.7236
6.481,-6.9487,2.0899,-0.0625,0.0069,1.1464,1.7237
6.531,-6.9382,2.0893,-0.0625,0.0053,1.1568,1.7238
6.581,-6.9277,2.0886,-0.0625,0.003,1.1716,1.7238
6.631,-6.912,2.0876,-0.0625,0.0015,1.1813,1.7239
6.682,-6.9015,2.087,-0.0624,-0.0008,1.1961,1.7239
6.732,-6.8858,2.086,-0.0624,-0.0024,1.2065,1.724
6.782,-6.8753,2.0854,-0.0624,-0.0048,1.222,1.7242
6.832,-6.8648,2.0847,-0.0624,-0.0064,1.2324,1.7242
6.882,-6.8491,2.0837,-0.0624,-0.0085,1.2458,1.7244
6.933,-6.8386,2.0831,-0.0624,-0.0099,1.2554,1.7244
6.983,-6.8229,2.0821,-0.0624,-0.0122,1.2702,1.7245
7.033,-6.8124,2.0814,-0.0624,-0.0137,1.2799,1.7246
7.083,-6.802,2.0808,-0.0624,-0.016,1.2947,1.7247
7.133,-6.7862,2.0798,-0.0624,-0.0176,1.3051,1.7248
7.184,-6.7758,2.0791,-0.0624,-0.0201,1.3206,1.7249
7.234,-6.7653,2.0785,-0.0624,-0.0217,1.331,1.7249
7.284,-6.7496,2.0775,-0.0624,-0.0237,1.3443,1.7249
7.334,-6.7391,2.0768,-0.0624,-0.0252,1.354,1.725
7.384,-6.7234,2.0759,-0.0624,-0.0275,1.3688,1.7252
7.435,-6.7129,2.0752,-0.0624,-0.0292,1.3792,1.7253
7.485,-6.7024,2.0745,-0.0624,-0.0315,1.394,1.7254
7.535,-6.6867,2.0736,-0.0624,-0.033,1.4036,1.7255
7.585,-6.6762,2.0729,-0.0624,-0.0354,1.4192,1.7255
7.635,-6.6605,2.0719,-0.0624,-0.0368,1.4281,1.7255
7.686,-6.65,2.0713,-0.0624,-0.0391,1.4429,1.7257
7.736,-6.6395,2.0706,-0.0624,-0.0407,1.4533,1.7258
7.786,-6.6238,2.0696,-0.0624,-0.043,1.4681,1.726
7.836,-6.6133,2.069,-0.0624,-0.0445,1.4777,1.726
7.887,-6.5976,2.068,-0.0624,-0.0469,1.4925,1.7261
7.937,-6.5871,2.0673,-0.0624,-0.0484,1.5022,1.7261
7.987,-6.5767,2.0667,-0.0624,-0.0508,1.5177,1.7263
8.037,-6.5609,2.0657,-0.0624,-0.0524,1.5281,1.7264
8.087,-6.5505,2.0651,-0.0624,-0.0549,1.5437,1.7265
8.138,-6.54,2.0644,-0.0624,-0.0561,1.5518,1.7266
8.188,-6.5243,2.0634,-0.0624,-0.0585,1.5666,1.7267
8.238,-6.5138,2.0628,-0.0624,-0.06,1.5763,1.7268
8.288,-6.4981,2.0618,-0.0624,-0.0623,1.5911,1.7269
8.338,-6.4876,2.0611,-0.0624,-0.0647,1.6059,1.727
8.389,-6.4771,2.0605,-0.0624,-0.0663,1.6163,1.7271
8.439,-6.4614,2.0595,-0.0624,-0.0679,1.6266,1.7271
8.489,-6.4509,2.0588,-0.0624,-0.0704,1.6422,1.7273
8.539,-6.4352,2.0579,-0.0624,-0.0717,1.6503,1.7273
8.59,-6.4247,2.0572,-0.0624,-0.074,1.6652,1.7274
8.64,-6.4142,2.0565,-0.0624,-0.0763,1.68,1.7276
8.69,-6.3985,2.0556,-0.0624,-0.078,1.6904,1.7276
8.74,-6.388,2.0549,-0.0624,-0.0803,1.7052,1.7278
8.79,-6.3723,2.0539,-0.0624,-0.0819,1.7148,1.7279
8.84,-6.3618,2.0533,-0.0624,-0.0843,1.7304,1.728
8.891,-6.3513,2.0526,-0.0624,-0.086,1.7407,1.7281
8.941,-6.3356,2.0516,-0.0624,-0.0881,1.7541,1.7282
8.991,-6.3251,2.051,-0.0624,-0.0897,1.7644,1.7284
9.041,-6.3094,2.05,-0.0624,-0.0921,1.7792,1.7285
9.091,-6.299,2.0493,-0.0624,-0.0936,1.7889,1.7285
9.142,-6.2885,2.0487,-0.0624,-0.096,1.8037,1.7287
9.192,-6.2728,2.0477,-0.0624,-0.0975,1.8133,1.7288
9.242,-6.2623,2.0471,-0.0624,-0.1,1.8289,1.729
9.292,-6.2518,2.0464,-0.0624,-0.1016,1.8392,1.729
9.342,-6.2361,2.0454,-0.0624,-0.1041,1.8548,1.7292
9.393,-6.2256,2.0448,-0.0624,-0.1054,1.8629,1.7292
9.443,-6.2099,2.0438,-0.0624,-0.1078,1.8777,1.7293
9.493,-6.1994,2.0431,-0.0624,-0.1093,1.8874,1.7293
9.543,-6.1889,2.0425,-0.0624,-0.1117,1.9022,1.7294
9.593,-6.1732,2.0415,-0.0624,-0.1133,1.9126,1.7295
9.644,-6.1627,2.0408,-0.0624,-0.1157,1.9274,1.7296
9.694,-6.147,2.0399,-0.0624,-0.1174,1.9377,1.7296
9.744,-6.1365,2.0392,-0.0624,-0.1199,1.9533,1.7297
9.794,-6.126,2.0385,-0.0624,-0.1212,1.9614,1.7297
9.845,-6.1103,2.0376,-0.0624,-0.1236,1.9762,1.7299
9.895,-6.0998,2.0369,-0.0624,-0.1252,1.9866,1.73
9.945,-6.0841,2.0359,-0.0624,-0.1276,2.0014,1.7302
9.996,-6.0736,2.0353,-0.0624,-0.1291,2.011,1.7303
10.046,-6.0632,2.0346,-0.0624,-0.1315,2.0259,1.7306
10.096,-6.0474,2.0336,-0.0624,-0.1332,2.0362,1.7306
10.146,-6.037,2.033,-0.0624,-0.1357,2.0518,1.7307
10.197,-6.0212,2.032,-0.0624,-0.1374,2.0621,1.7308
10.247,-6.0108,2.0313,-0.0624,-0.1395,2.0755,1.7309
10.297,-6.0003,2.0307,-0.0624,-0.1411,2.0851,1.731
10.347,-5.9846,2.0297,-0.0624,-0.1435,2.0999,1.7311
10.397,-5.9741,2.0291,-0.0624,-0.145,2.1095,1.7311
10.448,-5.9636,2.0284,-0.0624,-0.1474,2.1243,1.7312
10.498,-5.9479,2.0274,-0.0624,-0.1499,2.1399,1.7314
10.548,-5.9374,2.0268,-0.0624,-0.1516,2.1502,1.7314
10.598,-5.9217,2.0258,-0.0624,-0.1533,2.1606,1.7315
10.648,-5.9112,2.0251,-0.0624,-0.1555,2.1739,1.7317
10.699,-5.9007,2.0245,-0.0624,-0.157,2.1836,1.7317
10.749,-5.885,2.0235,-0.0624,-0.1594,2.1984,1.7318
10.799,-5.8745,2.0228,-0.0624,-0.1618,2.2132,1.7319
10.849,-5.8588,2.0219,-0.0624,-0.1635,2.2235,1.732
10.899,-5.8483,2.0212,-0.0624,-0.1659,2.2383,1.7322
10.95,-5.8378,2.0205,-0.0624,-0.1676,2.2487,1.7322
11.0,-5.8221,2.0196,-0.0624,-0.1702,2.2642,1.7324
11.05,-5.8117,2.0189,-0.0624,-0.1715,2.2724,1.7325
11.1,-5.7959,2.0179,-0.0624,-0.1739,2.2872,1.7326
11.15,-5.7855,2.0173,-0.0624,-0.1756,2.2976,1.7327
11.201,-5.775,2.0166,-0.0624,-0.178,2.3124,1.7328
11.251,-5.7593,2.0156,-0.0624,-0.1796,2.322,1.733
11.301,-5.7488,2.015,-0.0624,-0.1812,2.3316,1.733
11.351,-5.7331,2.014,-0.0624,-0.1837,2.3471,1.7331
11.402,-5.7226,2.0133,-0.0624,-0.1862,2.3627,1.7332
11.452,-5.7121,2.0127,-0.0624,-0.1879,2.3731,1.7332
11.502,-5.6964,2.0117,-0.0624,-0.1901,2.3864,1.7334
11.552,-5.6859,2.0111,-0.0624,-0.1917,2.396,1.7334
11.603,-5.6754,2.0104,-0.0624,-0.1941,2.4108,1.7335
11.653,-5.6597,2.0094,-0.0624,-0.1957,2.4204,1.7336
11.703,-5.6492,2.0088,-0.0624,-0.1981,2.4352,1.7337
11.753,-5.6335,2.0078,-0.0624,-0.1998,2.4456,1.7337
11.803,-5.623,2.0071,-0.0624,-0.2024,2.4611,1.7338
11.854,-5.6125,2.0065,-0.0624,-0.2041,2.4715,1.7339
11.904,-5.5968,2.0055,-0.0624,-0.2063,2.4848,1.734
11.954,-5.5863,2.0048,-0.0624,-0.2079,2.4944,1.7341
12.004,-5.5706,2.0039,-0.0624,-0.2103,2.5092,1.7342
12.055,-5.5601,2.0032,-0.0624,-0.212,2.5196,1.7342
12.105,-5.5497,2.0025,-0.0624,-0.2145,2.5344,1.7343
12.155,-5.5339,2.0016,-0.0624,-0.2161,2.544,1.7344
12.205,-5.5235,2.0009,-0.0624,-0.2186,2.5595,1.7345
12.256,-5.5077,1.9999,-0.0624,-0.2203,2.5699,1.7345
12.306,-5.4973,1.9993,-0.0624,-0.2225,2.5832,1.7346
12.356,-5.4868,1.9986,-0.0624,-0.2242,2.5936,1.7347
12.406,-5.4711,1.9976,-0.0624,-0.2267,2.6084,1.7348
12.456,-5.4606,1.997,-0.0624,-0.2283,2.618,1.7349
12.507,-5.4449,1.996,-0.0624,-0.2307,2.6328,1.735
12.557,-5.4344,1.9954,-0.0624,-0.2323,2.6424,1.7352
12.607,-5.4239,1.9947,-0.0624,-0.2349,2.658,1.7353
12.657,-5.4082,1.9937,-0.0624,-0.2375,2.6735,1.7355
12.707,-5.3977,1.9931,-0.0624,-0.2392,2.6839,1.7355
12.758,-5.382,1.9921,-0.0624,-0.2406,2.692,1.7356
12.808,-5.3715,1.9914,-0.0624,-0.243,2.7068,1.7357
12.858,-5.361,1.9908,-0.0624,-0.2446,2.7164,1.7358
12.908,-5.3453,1.9898,-0.0624,-0.2471,2.7312,1.736
12.959,-5.3348,1.9891,-0.0624,-0.2496,2.746,1.7361
13.009,-5.3243,1.9885,-0.0624,-0.2513,2.7564,1.7362
13.059,-5.3086,1.9875,-0.0624,-0.2539,2.7719,1.7364
13.109,-5.2982,1.9868,-0.0624,-0.2556,2.7822,1.7366
13.159,-5.2824,1.9859,-0.0624,-0.2578,2.7956,1.7366
13.21,-5.272,1.9852,-0.0624,-0.2595,2.8052,1.7367
13.26,-5.2615,1.9846,-0.0624,-0.2619,2.82,1.7368
13.31,-5.2458,1.9836,-0.0624,-0.2637,2.8303,1.7369
13.36,-5.2353,1.9829,-0.0624,-0.2662,2.8451,1.7371
13.41,-5.2196,1.9819,-0.0624,-0.2678,2.8547,1.7372
13.46,-5.2091,1.9813,-0.0624,-0.2704,2.8703,1.7373
13.511,-5.1986,1.9806,-0.0624,-0.2719,2.8791,1.7374
13.561,-5.1829,1.9796,-0.0624,-0.2739,2.891,1.7375
13.611,-5.1724,1.979,-0.0624,-0.2761,2.9043,1.7375
13.661,-5.1567,1.978,-0.0624,-0.2786,2.9191,1.7377
13.712,-5.1462,1.9774,-0.0624,-0.2802,2.9287,1.7378
13.762,-5.1357,1.9767,-0.0624,-0.2827,2.9435,1.7379
13.812,-5.12,1.9757,-0.0624,-0.2843,2.9531,1.738
13.862,-5.1095,1.9751,-0.0624,-0.2869,2.9686,1.738
13.912,-5.0938,1.9741,-0.0624,-0.2887,2.979,1.7381
13.963,-5.0833,1.9734,-0.0624,-0.2913,2.9945,1.7383
14.013,-5.0728,1.9728,-0.0624,-0.2927,3.0026,1.7384
14.063,-5.0571,1.9718,-0.0624,-0.2952,3.0174,1.7385
14.113,-5.0466,1.9711,-0.0624,-0.2968,3.027,1.7386
14.163,-5.0362,1.9705,-0.0624,-0.2993,3.0418,1.7388
14.214,-5.0204,1.9695,-0.0624,-0.3011,3.0522,1.7389
14.264,-5.01,1.9688,-0.0624,-0.3036,3.067,1.739
14.314,-4.9942,1.9679,-0.0624,-0.3054,3.0773,1.739
14.364,-4.9838,1.9672,-0.0624,-0.308,3.0929,1.7391
14.414,-4.9733,1.9666,-0.0624,-0.3094,3.101,1.7391
14.465,-4.9576,1.9656,-0.0624,-0.3119,3.1158,1.7394
14.515,-4.9471,1.9649,-0.0624,-0.3137,3.1261,1.7394
14.565,-4.9314,1.9639,-0.0624,-0.3162,3.1409,1.7395
14.615,-4.9209,1.9633,-0.0624,-0.3178,3.1505,1.7396
14.665,-4.9104,1.9626,-0.0624,-0.3203,3.1653,1.7397
14.716,-4.8947,1.9616,-0.0624,-0.3221,3.1757,1.7397
14.766,-4.8842,1.961,-0.0624,-0.3247,3.1912,1.7398
14.816,-4.8685,1.96,-0.0624,-0.3265,3.2015,1.7399
14.866,-4.858,1.9594,-0.0624,-0.3288,3.2148,1.74
14.916,-4.8475,1.9587,-0.0624,-0.3304,3.2245,1.7402
14.967,-4.8318,1.9577,-0.0624,-0.333,3.2392,1.7403
15.017,-4.8213,1.9571,-0.0624,-0.3346,3.2489,1.7405
15.067,-4.8109,1.9564,-0.0624,-0.3371,3.2636,1.7405
15.117,-4.7951,1.9554,-0.0624,-0.3389,3.274,1.7407
15.167,-4.7847,1.9548,-0.0624,-0.3416,3.2895,1.7408
15.218,-4.7689,1.9538,-0.0624,-0.3433,3.2999,1.7409
15.268,-4.7585,1.9531,-0.0624,-0.3456,3.3132,1.7409
15.318,-4.748,1.9525,-0.0624,-0.3473,3.3228,1.741
15.368,-4.7323,1.9515,-0.0624,-0.3498,3.3376,1.7411
15.419,-4.7218,1.9508,-0.0624,-0.3524,3.3523,1.7412
15.469,-4.7061,1.9499,-0.0624,-0.3541,3.3627,1.7413
15.519,-4.6956,1.9492,-0.0624,-0.3558,3.3723,1.7413
15.569,-4.6851,1.9486,-0.0624,-0.3585,3.3878,1.7414
15.619,-4.6694,1.9476,-0.0624,-0.3612,3.4033,1.7415
15.67,-4.6589,1.9469,-0.0624,-0.3626,3.4115,1.7415
15.72,-4.6432,1.9459,-0.0624,-0.3651,3.4263,1.7417
15.77,-4.6327,1.9453,-0.0624,-0.3669,3.4366,1.7418
15.82,-4.6222,1.9446,-0.0624,-0.3694,3.4514,1.7419
15.87,-4.6065,1.9436,-0.0624,-0.3711,3.461,1.7419
15.921,-4.596,1.943,-0.0624,-0.3737,3.4758,1.742
15.971,-4.5803,1.942,-0.0624,-0.3754,3.4861,1.7421
16.021,-4.5698,1.9414,-0.0624,-0.3781,3.5016,1.7422
16.071,-4.5593,1.9407,-0.0624,-0.3799,3.512,1.7423
16.122,-4.5436,1.9397,-0.0624,-0.3822,3.5253,1.7424
16.172,-4.5331,1.9391,-0.0624,-0.3839,3.5349,1.7425
16.222,-4.5227,1.9384,-0.0624,-0.3865,3.5497,1.7426
16.272,-4.5069,1.9374,-0.0624,-0.3881,3.5593,1.7426
16.322,-4.4965,1.9368,-0.0624,-0.3907,3.5741,1.7427
16.373,-4.4807,1.9358,-0.0624,-0.3925,3.5844,1.7427
16.423,-4.4703,1.9351,-0.0624,-0.3952,3.5999,1.7428
16.473,-4.4598,1.9345,-0.0624,-0.397,3.6103,1.7428
16.523,-4.4441,1.9335,-0.0624,-0.3993,3.6236,1.743
16.573,-4.4336,1.9328,-0.0624,-0.401,3.6332,1.7431
16.624,-4.4179,1.9319,-0.0624,-0.4035,3.6479,1.7433
16.674,-4.4074,1.9312,-0.0624,-0.4053,3.6583,1.7433
16.724,-4.3969,1.9306,-0.0624,-0.4079,3.6731,1.7434
16.774,-4.3812,1.9296,-0.0624,-0.4096,3.6827,1.7434
16.824,-4.3707,1.9289,-0.0624,-0.4123,3.6982,1.7435
16.875,-4.355,1.9279,-0.0624,-0.4141,3.7085,1.7436
16.925,-4.3445,1.9273,-0.0624,-0.4164,3.7218,1.7438
16.975,-4.334,1.9266,-0.0624,-0.4182,3.7322,1.7439
17.025,-4.3183,1.9256,-0.0624,-0.4208,3.7469,1.744
17.075,-4.3078,1.925,-0.0624,-0.4225,3.7566,1.7441
17.126,-4.2974,1.9243,-0.0624,-0.4251,3.7713,1.7442
17.176,-4.2816,1.9234,-0.0624,-0.4268,3.7809,1.7442
17.226,-4.2712,1.9227,-0.0624,-0.4295,3.7964,1.7443
17.276,-4.2554,1.9217,-0.0624,-0.4313,3.8068,1.7443
17.327,-4.245,1.9211,-0.0624,-0.434,3.8223,1.7444
17.377,-4.2345,1.9204,-0.0624,-0.4354,3.8304,1.7444
17.427,-4.2188,1.9194,-0.0624,-0.438,3.8452,1.7444
17.477,-4.2083,1.9188,-0.0624,-0.4397,3.8548,1.7446
17.527,-4.1926,1.9178,-0.0624,-0.4423,3.8696,1.7447
17.578,-4.1821,1.9171,-0.0624,-0.4449,3.8844,1.7448
17.628,-4.1716,1.9165,-0.0624,-0.4467,3.8947,1.7449
17.678,-4.1559,1.9155,-0.0624,-0.4485,3.905,1.7449
17.728,-4.1454,1.9148,-0.0624,-0.4513,3.9205,1.7451
17.779,-4.1297,1.9139,-0.0624,-0.4527,3.9287,1.7451
17.829,-4.1192,1.9132,-0.0624,-0.4553,3.9434,1.7454
17.879,-4.1087,1.9126,-0.0624,-0.4579,3.9582,1.7455
17.929,-4.093,1.9116,-0.0624,-0.4597,3.9686,1.7456
17.979,-4.0825,1.9109,-0.0624,-0.4614,3.9782,1.7458
18.03,-4.0668,1.9099,-0.0624,-0.464,3.9929,1.7458
18.08,-4.0563,1.9093,-0.0624,-0.4668,4.0084,1.7459
18.13,-4.0458,1.9086,-0.0624,-0.4686,4.0188,1.746
18.18,-4.0301,1.9076,-0.0624,-0.471,4.0321,1.746
18.23,-4.0196,1.907,-0.0624,-0.4728,4.0424,1.7462
18.281,-4.0092,1.9063,-0.0624,-0.4754,4.0572,1.7463
18.331,-3.9934,1.9054,-0.0624,-0.4771,4.0668,1.7464
18.381,-3.983,1.9047,-0.0624,-0.4797,4.0815,1.7467
18.431,-3.9672,1.9037,-0.0624,-0.4814,4.0911,1.7468
18.481,-3.9568,1.9031,-0.0624,-0.4833,4.1015,1.7469
18.532,-3.9463,1.9024,-0.0624,-0.486,4.117,1.747
18.582,-3.9306,1.9014,-0.0624,-0.4888,4.1325,1.7471
18.632,-3.9201,1.9008,-0.0624,-0.4903,4.1406,1.7472
18.682,-3.9044,1.8998,-0.0624,-0.4929,4.1554,1.7473
18.732,-3.8939,1.8991,-0.0624,-0.4946,4.165,1.7473
18.783,-3.8834,1.8985,-0.0624,-0.4972,4.1798,1.7474
18.833,-3.8677,1.8975,-0.0624,-0.4991,4.1901,1.7475
18.883,-3.8572,1.8968,-0.0624,-0.5017,4.2049,1.7476
18.933,-3.8415,1.8959,-0.0624,-0.5036,4.2152,1.7477
18.983,-3.831,1.8952,-0.0624,-0.5063,4.2307,1.7479
19.034,-3.8205,1.8946,-0.0624,-0.5078,4.2388,1.748
19.084,-3.8048,1.8936,-0.0624,-0.5104,4.2536,1.7481
19.134,-3.7943,1.8929,-0.0624,-0.5123,4.2639,1.7482
19.184,-3.7786,1.8919,-0.0624,-0.5149,4.2787,1.7483
19.235,-3.7681,1.8913,-0.0624,-0.5167,4.2883,1.7484
19.285,-3.7577,1.8906,-0.0624,-0.5193,4.303,1.7484
19.335,-3.7419,1.8896,-0.0624,-0.5212,4.3134,1.7485
19.385,-3.7315,1.889,-0.0624,-0.5239,4.3289,1.7486
19.436,-3.7157,1.888,-0.0624,-0.5258,4.3392,1.7487
19.486,-3.7053,1.8874,-0.0624,-0.5282,4.3525,1.7489
19.536,-3.6948,1.8867,-0.0624,-0.5299,4.3621,1.749
19.586,-3.6791,1.8857,-0.0624,-0.5326,4.3769,1.7492
19.637,-3.6686,1.8851,-0.0624,-0.5343,4.3865,1.7494
19.687,-3.6581,1.8844,-0.0624,-0.537,4.4012,1.7495
19.737,-3.6424,1.8834,-0.0624,-0.5398,4.4167,1.7496
19.787,-3.6319,1.8828,-0.0624,-0.5416,4.427,1.7497
19.837,-3.6162,1.8818,-0.0624,-0.5435,4.4374,1.7498
19.888,-3.6057,1.8811,-0.0624,-0.5459,4.4507,1.75
19.938,-3.5952,1.8805,-0.0624,-0.5477,4.4603,1.75
19.988,-3.5795,1.8795,-0.0624,-0.5503,4.475,1.7501
20.038,-3.569,1.8789,-0.0624,-0.553,4.4898,1.7502
20.089,-3.5533,1.8779,-0.0624,-0.5549,4.5001,1.7503
20.139,-3.5428,1.8772,-0.0624,-0.5576,4.5149,1.7504
20.189,-3.5323,1.8766,-0.0624,-0.5594,4.5252,1.7504
20.239,-3.5166,1.8756,-0.0624,-0.5623,4.5407,1.7506
20.289,-3.5061,1.8749,-0.0624,-0.5637,4.5488,1.7506
20.34,-3.4904,1.8739,-0.0624,-0.5664,4.5636,1.7508
20.39,-3.4799,1.8733,-0.0624,-0.5683,4.5739,1.751
20.44,-3.4695,1.8726,-0.0624,-0.57,4.5835,1.7511
20.49,-3.4537,1.8717,-0.0624,-0.5727,4.5982,1.7512
20.54,-3.4433,1.871,-0.0624,-0.5754,4.613,1.7514
20.591,-3.4328,1.8703,-0.0624,-0.5773,4.6233,1.7514
20.641,-3.4171,1.8694,-0.0624,-0.5801,4.6388,1.7514
20.691,-3.4066,1.8687,-0.0624,-0.582,4.6492,1.7515
20.741,-3.3909,1.8677,-0.0624,-0.5845,4.6624,1.7517
20.791,-3.3804,1.8671,-0.0624,-0.5862,4.672,1.7517
20.842,-3.3699,1.8664,-0.0624,-0.5889,4.6868,1.7518
20.892,-3.3542,1.8654,-0.0624,-0.5907,4.6964,1.7519
20.942,-3.3437,1.8648,-0.0624,-0.5934,4.7111,1.7521
20.992,-3.328,1.8638,-0.0624,-0.5953,4.7215,1.7521
21.042,-3.3175,1.8631,-0.0624,-0.5981,4.7369,1.7521
21.093,-3.307,1.8625,-0.0624,-0.6,4.7473,1.7521
21.143,-3.2913,1.8615,-0.0624,-0.6024,4.7606,1.7523
21.193,-3.2808,1.8609,-0.0624,-0.6042,4.7701,1.7524
21.243,-3.2651,1.8599,-0.0624,-0.6069,4.7849,1.7525
21.293,-3.2546,1.8592,-0.0624,-0.6088,4.7952,1.7526
21.344,-3.2442,1.8586,-0.0624,-0.6115,4.81,1.7527
21.394,-3.2284,1.8576,-0.0624,-0.6133,4.8196,1.7528
21.444,-3.218,1.8569,-0.0624,-0.6161,4.8351,1.7529
21.494,-3.2022,1.8559,-0.0624,-0.618,4.8454,1.753
21.545,-3.1918,1.8553,-0.0624,-0.6205,4.8587,1.753
21.595,-3.1813,1.8546,-0.0624,-0.6224,4.869,1.753
21.645,-3.1656,1.8537,-0.0624,-0.6251,4.8837,1.7531
21.695,-3.1551,1.853,-0.0624,-0.6269,4.8933,1.7531
21.745,-3.1446,1.8523,-0.0624,-0.6286,4.9029,1.7532
21.796,-3.1289,1.8514,-0.0624,-0.6314,4.9177,1.7534
21.846,-3.1184,1.8507,-0.0624,-0.6342,4.9332,1.7537
21.896,-3.1079,1.8501,-0.0624,-0.6361,4.9435,1.7538
21.946,-3.0922,1.8491,-0.0624,-0.639,4.959,1.7538
21.997,-3.0817,1.8484,-0.0624,-0.6405,4.9671,1.7539
22.047,-3.066,1.8474,-0.0624,-0.6432,4.9818,1.7541
22.097,-3.0555,1.8468,-0.0624,-0.645,4.9914,1.7542
22.147,-3.045,1.8461,-0.0624,-0.6477,5.0062,1.7543
22.197,-3.0293,1.8451,-0.0624,-0.6497,5.0165,1.7544
22.248,-3.0188,1.8445,-0.0624,-0.6524,5.0312,1.7545
22.298,-3.0031,1.8435,-0.0624,-0.6543,5.0416,1.7545
22.348,-2.9926,1.8429,-0.0624,-0.6572,5.057,1.7546
22.398,-2.9822,1.8422,-0.0624,-0.6587,5.0651,1.7546
22.449,-2.9664,1.8412,-0.0624,-0.6614,5.0799,1.7547
22.499,-2.956,1.8406,-0.0624,-0.6634,5.0902,1.7548
22.549,-2.9455,1.8399,-0.0624,-0.6661,5.105,1.7549
22.6,-2.9298,1.8389,-0.0624,-0.6679,5.1146,1.7549
22.65,-2.9193,1.8383,-0.0624,-0.6706,5.1293,1.7551
22.7,-2.9036,1.8373,-0.0624,-0.6726,5.1396,1.7552
22.75,-2.8931,1.8366,-0.0624,-0.6755,5.1551,1.7554
22.8,-2.8826,1.836,-0.0624,-0.6774,5.1654,1.7554
22.851,-2.8669,1.835,-0.0624,-0.6799,5.1787,1.7555
22.901,-2.8564,1.8343,-0.0624,-0.6817,5.1883,1.7556
22.951,-2.8407,1.8334,-0.0624,-0.6844,5.203,1.7558
23.001,-2.8302,1.8327,-0.0624,-0.6862,5.2126,1.7559
23.051,-2.8197,1.8321,-0.0624,-0.689,5.2273,1.756
23.102,-2.804,1.8311,-0.0624,-0.6909,5.2377,1.7561
23.152,-2.7935,1.8304,-0.0624,-0.6938,5.2532,1.7562
23.202,-2.7778,1.8294,-0.0624,-0.6957,5.2635,1.7562
23.252,-2.7673,1.8288,-0.0624,-0.6982,5.2767,1.7563
23.302,-2.7569,1.8281,-0.0624,-0.7,5.2863,1.7564
23.353,-2.7411,1.8271,-0.0624,-0.7028,5.3011,1.7566
23.403,-2.7307,1.8265,-0.0624,-0.7047,5.3114,1.7566
23.453,-2.7149,1.8255,-0.0624,-0.7075,5.3261,1.7568
23.503,-2.7045,1.8249,-0.0624,-0.7093,5.3357,1.7569
23.553,-2.694,1.8242,-0.0624,-0.7122,5.3512,1.7572
23.604,-2.6783,1.8232,-0.0624,-0.7151,5.3667,1.7573
23.654,-2.6678,1.8226,-0.0624,-0.7167,5.3748,1.7574
23.704,-2.6573,1.8219,-0.0624,-0.7195,5.3895,1.7576
23.754,-2.6416,1.8209,-0.0624,-0.7214,5.3998,1.7577
23.804,-2.6311,1.8203,-0.0624,-0.7232,5.4094,1.7578
23.855,-2.6154,1.8193,-0.0624,-0.726,5.4241,1.7577
23.905,-2.6049,1.8186,-0.0624,-0.7288,5.4389,1.7579
23.955,-2.5944,1.818,-0.0624,-0.7308,5.4492,1.758
24.005,-2.5787,1.817,-0.0624,-0.7337,5.4647,1.7581
24.056,-2.5682,1.8163,-0.0624,-0.7356,5.475,1.7582
24.106,-2.5525,1.8154,-0.0624,-0.7382,5.4883,1.7584
24.156,-2.542,1.8147,-0.0624,-0.74,5.4978,1.7585
24.206,-2.5315,1.8141,-0.0624,-0.7428,5.5126,1.7586
24.256,-2.5158,1.8131,-0.0624,-0.7446,5.5221,1.7587
24.307,-2.5053,1.8124,-0.0624,-0.7474,5.5369,1.7589
24.357,-2.4896,1.8114,-0.0624,-0.7494,5.5472,1.7589
24.407,-2.4791,1.8108,-0.0624,-0.7523,5.5627,1.759
24.457,-2.4687,1.8101,-0.0624,-0.7543,5.573,1.7591
24.507,-2.4529,1.8091,-0.0624,-0.7568,5.5862,1.7592
24.558,-2.4425,1.8085,-0.0624,-0.7586,5.5958,1.7593
24.608,-2.4267,1.8075,-0.0624,-0.7614,5.6106,1.7594
24.658,-2.4163,1.8069,-0.0624,-0.7634,5.6209,1.7595
24.708,-2.4058,1.8062,-0.0624,-0.7662,5.6356,1.7596
24.758,-2.3901,1.8052,-0.0624,-0.7681,5.6452,1.7597
24.809,-2.3796,1.8046,-0.0624,-0.771,5.6606,1.7598
24.859,-2.3691,1.8039,-0.0624,-0.773,5.671,1.7598
24.909,-2.3534,1.8029,-0.0624,-0.7755,5.6842,1.7599
24.959,-2.3429,1.8023,-0.0624,-0.7775,5.6945,1.7601
25.009,-2.3272,1.8013,-0.0624,-0.7803,5.7093,1.7601
25.06,-2.3167,1.8006,-0.0624,-0.7822,5.7188,1.7601
25.11,-2.3062,1.8,-0.0624,-0.785,5.7336,1.7603
25.16,-2.2905,1.799,-0.0624,-0.7868,5.7431,1.7604
25.21,-2.28,1.7983,-0.0624,-0.7898,5.7586,1.7606
25.26,-2.2643,1.7974,-0.0624,-0.7918,5.7689,1.7607
25.311,-2.2538,1.7967,-0.0624,-0.7947,5.7844,1.7609
25.361,-2.2434,1.7961,-0.0624,-0.7963,5.7925,1.7609
25.411,-2.2276,1.7951,-0.0624,-0.7991,5.8072,1.761
25.461,-2.2172,1.7944,-0.0624,-0.801,5.8168,1.7611
25.511,-2.2014,1.7934,-0.0624,-0.8038,5.8315,1.7612
25.562,-2.191,1.7928,-0.0624,-0.8058,5.8418,1.7613
25.612,-2.1805,1.7921,-0.0624,-0.8086,5.8566,1.7615
25.662,-2.1648,1.7911,-0.0624,-0.8106,5.8669,1.7615
25.712,-2.1543,1.7905,-0.0624,-0.8136,5.8823,1.7616
25.763,-2.1386,1.7895,-0.0624,-0.8152,5.8904,1.7617
25.813,-2.1281,1.7889,-0.0624,-0.818,5.9052,1.7618
25.863,-2.1176,1.7882,-0.0624,-0.8209,5.9199,1.7621
25.913,-2.1019,1.7872,-0.0624,-0.8229,5.9302,1.7622
25.963,-2.0914,1.7866,-0.0624,-0.8247,5.9398,1.7623
26.014,-2.0809,1.7859,-0.0624,-0.8276,5.9545,1.7623
26.064,-2.0652,1.7849,-0.0624,-0.8306,5.97,1.7626
26.114,-2.0547,1.7843,-0.0624,-0.8326,5.9803,1.7627
26.164,-2.039,1.7833,-0.0624,-0.8352,5.9935,1.7627
26.214,-2.0285,1.7826,-0.0624,-0.8372,6.0038,1.7628
26.265,-2.018,1.782,-0.0624,-0.839,6.0134,1.7628
26.315,-2.0023,1.781,-0.0624,-0.8419,6.0281,1.7629
26.365,-1.9918,1.7803,-0.0624,-0.8448,6.0428,1.763
26.415,-1.9761,1.7794,-0.0624,-0.8466,6.0524,1.7632
26.466,-1.9656,1.7787,-0.0624,-0.8496,6.0679,1.7633
26.516,-1.9552,1.7781,-0.0624,-0.8516,6.0782,1.7634
26.566,-1.9394,1.7771,-0.0624,-0.8547,6.0936,1.7636
26.616,-1.929,1.7764,-0.0624,-0.8562,6.1017,1.7637
26.666,-1.9132,1.7754,-0.0624,-0.8591,6.1165,1.7638
26.717,-1.9028,1.7748,-0.0624,-0.861,6.126,1.7639
26.767,-1.8923,1.7741,-0.0624,-0.8639,6.1408,1.764
26.817,-1.8766,1.7732,-0.0624,-0.8659,6.1511,1.7641
26.867,-1.8661,1.7725,-0.0624,-0.8688,6.1658,1.7642
26.918,-1.8504,1.7715,-0.0624,-0.8708,6.1761,1.7642
26.968,-1.8399,1.7709,-0.0624,-0.8738,6.1915,1.7644
27.018,-1.8294,1.7702,-0.0624,-0.8754,6.1996,1.7644
27.068,-1.8137,1.7692,-0.0624,-0.8783,6.2144,1.7645
27.118,-1.8032,1.7686,-0.0624,-0.8803,6.2247,1.7646
27.169,-1.7927,1.7679,-0.0624,-0.8832,6.2394,1.7648
27.219,-1.777,1.7669,-0.0624,-0.8851,6.2489,1.7649
27.269,-1.7665,1.7663,-0.0624,-0.888,6.2637,1.7651
27.319,-1.7508,1.7653,-0.0624,-0.89,6.274,1.7652
27.369,-1.7403,1.7646,-0.0624,-0.893,6.2894,1.7653
27.42,-1.7299,1.764,-0.0624,-0.8951,6.2997,1.7653
27.47,-1.7141,1.763,-0.0624,-0.8977,6.313,1.7654
27.52,-1.7037,1.7624,-0.0624,-0.8996,6.3225,1.7654
27.57,-1.6879,1.7614,-0.0624,-0.9025,6.3372,1.7655
27.62,-1.6775,1.7607,-0.0624,-0.9044,6.3468,1.7656
27.671,-1.667,1.7601,-0.0624,-0.9073,6.3615,1.7657
27.721,-1.6513,1.7591,-0.0624,-0.9093,6.3718,1.7658
27.771,-1.6408,1.7584,-0.0624,-0.9123,6.3873,1.766
27.821,-1.6251,1.7574,-0.0624,-0.9144,6.3976,1.7661
27.871,-1.6146,1.7568,-0.0624,-0.917,6.4108,1.7661
27.922,-1.6041,1.7561,-0.0624,-0.9189,6.4204,1.7662
27.972,-1.5884,1.7552,-0.0624,-0.9218,6.4351,1.7663
28.022,-1.5779,1.7545,-0.0624,-0.9247,6.4498,1.7665
28.072,-1.5622,1.7535,-0.0624,-0.9268,6.4601,1.7665
28.122,-1.5517,1.7529,-0.0624,-0.9287,6.4697,1.7666
28.173,-1.5412,1.7522,-0.0624,-0.9317,6.4851,1.7667
28.223,-1.5255,1.7512,-0.0624,-0.9338,6.4954,1.7668
28.273,-1.515,1.7506,-0.0624,-0.9364,6.5087,1.7669
28.323,-1.5045,1.7499,-0.0624,-0.9393,6.5234,1.767
28.373,-1.4888,1.7489,-0.0624,-0.9414,6.5337,1.7671
28.424,-1.4783,1.7483,-0.0624,-0.9433,6.5432,1.7672
28.474,-1.4626,1.7473,-0.0624,-0.9462,6.558,1.7673
28.524,-1.4521,1.7466,-0.0624,-0.9491,6.5727,1.7674
28.574,-1.4417,1.746,-0.0624,-0.9512,6.583,1.7675
28.624,-1.4259,1.745,-0.0624,-0.9543,6.5984,1.7675
28.675,-1.4155,1.7444,-0.0624,-0.9563,6.6087,1.7676
28.725,-1.3997,1.7434,-0.0624,-0.9579,6.6168,1.7676
28.775,-1.3893,1.7427,-0.0624,-0.9609,6.6315,1.7677
28.825,-1.3788,1.7421,-0.0624,-0.9628,6.6411,1.7678
28.876,-1.3631,1.7411,-0.0624,-0.9657,6.6558,1.7679
28.926,-1.3526,1.7404,-0.0624,-0.9686,6.6705,1.768
28.976,-1.3369,1.7394,-0.0624,-0.9707,6.6808,1.7681
29.027,-1.3264,1.7388,-0.0624,-0.9738,6.6962,1.7683
29.077,-1.3159,1.7381,-0.0624,-0.9758,6.7065,1.7684
29.127,-1.3002,1.7372,-0.0624,-0.9785,6.7198,1.7685
29.177,-1.2897,1.7365,-0.0624,-0.9804,6.7293,1.7685
29.228,-1.274,1.7355,-0.0624,-0.9834,6.744,1.7686
29.278,-1.2635,1.7349,-0.0624,-0.9854,6.7543,1.7687
29.328,-1.253,1.7342,-0.0624,-0.9884,6.769,1.7688
29.378,-1.2373,1.7332,-0.0624,-0.9903,6.7786,1.7689
29.428,-1.2268,1.7326,-0.0624,-0.9934,6.794,1.769
29.479,-1.2164,1.7319,-0.0624,-0.9955,6.8043,1.7691
29.529,-1.2006,1.7309,-0.0624,-0.9981,6.8176,1.7691
29.579,-1.1902,1.7303,-0.0624,-1.0002,6.8279,1.7693
29.629,-1.1744,1.7293,-0.0624,-1.0032,6.8426,1.7694
29.68,-1.164,1.7286,-0.0624,-1.0051,6.8521,1.7695
29.73,-1.1535,1.728,-0.0624,-1.008,6.8668,1.7697
29.78,-1.1378,1.727,-0.0624,-1.01,6.8764,1.7697
29.83,-1.1273,1.7264,-0.0624,-1.0131,6.8918,1.7699
29.88,-1.1116,1.7254,-0.0624,-1.0152,6.9021,1.77
29.93,-1.1011,1.7247,-0.0624,-1.0183,6.9176,1.7702
29.981,-1.0906,1.7241,-0.0624,-1.0199,6.9256,1.7703
30.031,-1.0749,1.7231,-0.0624,-1.0229,6.9403,1.7704
30.081,-1.0644,1.7224,-0.0624,-1.0248,6.9499,1.7705
30.131,-1.0487,1.7214,-0.0624,-1.0278,6.9646,1.7706
30.182,-1.0382,1.7208,-0.0624,-1.0299,6.9749,1.7707
30.232,-1.0277,1.7201,-0.0624,-1.0329,6.9896,1.7708
30.282,-1.012,1.7192,-0.0624,-1.0349,6.9999,1.7709
30.332,-1.0015,1.7185,-0.0624,-1.0381,7.0153,1.7709
30.382,-0.9858,1.7175,-0.0624,-1.0397,7.0234,1.771
30.433,-0.9753,1.7169,-0.0624,-1.0427,7.0381,1.771
30.483,-0.9648,1.7162,-0.0624,-1.0457,7.0528,1.7711
30.533,-0.9491,1.7152,-0.0624,-1.0478,7.0631,1.7712
30.583,-0.9386,1.7146,-0.0624,-1.0497,7.0727,1.7713
30.633,-0.9282,1.7139,-0.0624,-1.0527,7.0873,1.7714
30.684,-0.9124,1.7129,-0.0624,-1.0548,7.0976,1.7714
30.734,-0.902,1.7123,-0.0624,-1.0579,7.1131,1.7716
30.784,-0.8862,1.7113,-0.0624,-1.0606,7.1263,1.7718
30.834,-0.8758,1.7106,-0.0624,-1.0627,7.1366,1.7719
30.884,-0.8653,1.71,-0.0624,-1.0647,7.1461,1.772
30.935,-0.8496,1.709,-0.0624,-1.0677,7.1608,1.7721
30.985,-0.8391,1.7084,-0.0624,-1.0707,7.1755,1.7722
31.035,-0.8234,1.7074,-0.0624,-1.0726,7.1851,1.7722
31.085,-0.8129,1.7067,-0.0624,-1.0758,7.2005,1.7724
31.135,-0.8024,1.7061,-0.0624,-1.0779,7.2108,1.7724
31.186,-0.7867,1.7051,-0.0624,-1.081,7.2262,1.7726
31.236,-0.7762,1.7044,-0.0624,-1.0827,7.2343,1.7727
31.286,-0.7605,1.7034,-0.0624,-1.0857,7.249,1.7728
31.336,-0.75,1.7028,-0.0624,-1.0876,7.2586,1.7729
31.386,-0.7395,1.7021,-0.0624,-1.0907,7.2733,1.773
31.437,-0.7238,1.7012,-0.0624,-1.0928,7.2836,1.773
31.487,-0.7133,1.7005,-0.0624,-1.0958,7.2982,1.7732
31.537,-0.6976,1.6995,-0.0624,-1.0979,7.3085,1.7733
31.587,-0.6871,1.6989,-0.0624,-1.1011,7.324,1.7733
31.637,-0.6767,1.6982,-0.0624,-1.1027,7.332,1.7735
31.688,-0.6609,1.6972,-0.0624,-1.1057,7.3467,1.7735
31.738,-0.6505,1.6966,-0.0624,-1.1078,7.357,1.7737
31.788,-0.64,1.6959,-0.0624,-1.1109,7.3717,1.7738
31.838,-0.6243,1.6949,-0.0624,-1.1128,7.3813,1.7738
31.888,-0.6138,1.6943,-0.0624,-1.1159,7.396,1.7739
31.939,-0.5981,1.6933,-0.0624,-1.118,7.4062,1.774
31.989,-0.5876,1.6926,-0.0624,-1.1212,7.4217,1.7741
32.039,-0.5771,1.692,-0.0624,-1.1233,7.4319,1.7742
32.089,-0.5614,1.691,-0.0624,-1.126,7.4452,1.7743
32.139,-0.5509,1.6904,-0.0624,-1.128,7.4547,1.7744
32.19,-0.5352,1.6894,-0.0624,-1.131,7.4694,1.7744
32.24,-0.5247,1.6887,-0.0624,-1.133,7.479,1.7745
32.29,-0.5142,1.6881,-0.0624,-1.136,7.4936,1.7746
32.34,-0.4985,1.6871,-0.0624,-1.1381,7.5039,1.7746
32.39,-0.488,1.6864,-0.0624,-1.1413,7.5194,1.7747
32.441,-0.4723,1.6854,-0.0624,-1.1435,7.5296,1.7748
32.491,-0.4618,1.6848,-0.0624,-1.1462,7.5429,1.7749
32.541,-0.4513,1.6841,-0.0624,-1.1482,7.5524,1.775
32.591,-0.4356,1.6832,-0.0624,-1.1512,7.5671,1.7751
32.641,-0.4251,1.6825,-0.0624,-1.1533,7.5774,1.7751
32.692,-0.4147,1.6818,-0.0624,-1.1564,7.5921,1.7751
32.742,-0.3989,1.6809,-0.0624,-1.1584,7.6016,1.7752
32.792,-0.3885,1.6802,-0.0624,-1.1616,7.617,1.7754
32.842,-0.3727,1.6792,-0.0624,-1.1637,7.6273,1.7756
32.892,-0.3623,1.6786,-0.0624,-1.1664,7.6405,1.7757
32.943,-0.3518,1.6779,-0.0624,-1.1695,7.6552,1.7759
32.993,-0.3361,1.6769,-0.0624,-1.1716,7.6655,1.776
33.043,-0.3256,1.6763,-0.0624,-1.1736,7.675,1.7761
33.093,-0.3099,1.6753,-0.0624,-1.1767,7.6897,1.7763
33.143,-0.2994,1.6746,-0.0624,-1.1787,7.6993,1.7764
33.194,-0.2889,1.674,-0.0624,-1.1819,7.7147,1.7765
33.244,-0.2732,1.673,-0.0624,-1.1851,7.7301,1.7766
33.294,-0.2627,1.6724,-0.0624,-1.1873,7.7404,1.7766
33.344,-0.247,1.6714,-0.0624,-1.19,7.7536,1.7767
33.394,-0.2365,1.6707,-0.0624,-1.192,7.7631,1.7768
33.445,-0.226,1.6701,-0.0624,-1.1951,7.7778,1.7768
33.495,-0.2103,1.6691,-0.0624,-1.1971,7.7874,1.7769
33.545,-0.1998,1.6684,-0.0624,-1.2001,7.802,1.777
33.595,-0.1894,1.6678,-0.0624,-1.2023,7.8123,1.7771
33.646,-0.1736,1.6668,-0.0624,-1.2055,7.8277,1.7772
33.696,-0.1632,1.6661,-0.0624,-1.2077,7.838,1.7774
33.746,-0.1474,1.6652,-0.0624,-1.2104,7.8512,1.7775
33.796,-0.137,1.6645,-0.0624,-1.2124,7.8608,1.7776
33.847,-0.1265,1.6639,-0.0624,-1.2155,7.8755,1.7778
33.897,-0.1108,1.6629,-0.0624,-1.2177,7.8857,1.778
33.947,-0.1003,1.6622,-0.0624,-1.2208,7.9004,1.7781
33.997,-0.0846,1.6612,-0.0624,-1.2228,7.9099,1.7781
34.048,-0.0741,1.6606,-0.0624,-1.226,7.9254,1.7783
34.098,-0.0636,1.6599,-0.0624,-1.2282,7.9356,1.7783
34.148,-0.0479,1.6589,-0.0624,-1.231,7.9488,1.7785
34.198,-0.0374,1.6583,-0.0624,-1.2331,7.9591,1.7786
34.249,-0.0217,1.6573,-0.0624,-1.2362,7.9738,1.7787
34.299,-0.0112,1.6567,-0.0624,-1.2382,7.9833,1.7787
34.349,-0.0007,1.656,-0.0624,-1.2413,7.998,1.7788
34.399,0.015,1.655,-0.0624,-1.2433,8.0076,1.7789
34.45,0.0255,1.6544,-0.0624,-1.2466,8.023,1.779
34.5,0.0412,1.6534,-0.0624,-1.2488,8.0332,1.7792
34.55,0.0517,1.6527,-0.0624,-1.252,8.0486,1.7793
34.6,0.0622,1.6521,-0.0624,-1.2537,8.0567,1.7794
34.65,0.0779,1.6511,-0.0624,-1.2568,8.0714,1.7796
34.701,0.0884,1.6504,-0.0624,-1.2589,8.0809,1.7796
34.751,0.1041,1.6495,-0.0624,-1.262,8.0956,1.7798
34.801,0.1146,1.6488,-0.0624,-1.2642,8.1059,1.7798
34.851,0.125,1.6481,-0.0624,-1.2673,8.1206,1.78
34.902,0.1408,1.6472,-0.0624,-1.2695,8.1308,1.7801
34.952,0.1512,1.6465,-0.0624,-1.2727,8.1462,1.7803
35.002,0.1617,1.6459,-0.0624,-1.2744,8.1543,1.7804
35.052,0.1774,1.6449,-0.0624,-1.2776,8.169,1.7806
35.102,0.1879,1.6442,-0.0624,-1.2798,8.1792,1.7807
35.153,0.2036,1.6432,-0.0624,-1.2829,8.1939,1.7809
35.203,0.2141,1.6426,-0.0624,-1.2849,8.2034,1.781
35.253,0.2246,1.6419,-0.0624,-1.288,8.2181,1.7811
35.303,0.2403,1.6409,-0.0624,-1.2902,8.2284,1.7812
35.353,0.2508,1.6403,-0.0624,-1.2935,8.2438,1.7813
35.404,0.2665,1.6393,-0.0624,-1.2963,8.257,1.7815
35.454,0.277,1.6387,-0.0624,-1.2985,8.2673,1.7816
35.504,0.2875,1.638,-0.0624,-1.3006,8.2768,1.7817
35.554,0.3032,1.637,-0.0624,-1.3037,8.2915,1.7818
35.605,0.3137,1.6364,-0.0624,-1.3058,8.301,1.7818
35.655,0.3294,1.6354,-0.0624,-1.3089,8.3157,1.7819
35.705,0.3399,1.6347,-0.0624,-1.3122,8.3311,1.7821
35.755,0.3503,1.6341,-0.0624,-1.3144,8.3413,1.7822
35.805,0.3661,1.6331,-0.0624,-1.3177,8.3567,1.7823
35.856,0.3765,1.6324,-0.0624,-1.3195,8.3648,1.7823
35.906,0.3923,1.6315,-0.0624,-1.3226,8.3795,1.7824
35.956,0.4027,1.6308,-0.0624,-1.3246,8.389,1.7825
36.006,0.4132,1.6301,-0.0624,-1.3278,8.4037,1.7827
36.056,0.4289,1.6292,-0.0624,-1.33,8.4139,1.7828
36.107,0.4394,1.6285,-0.0624,-1.3332,8.4286,1.7829
36.157,0.4499,1.6279,-0.0624,-1.3354,8.4388,1.783
36.207,0.4656,1.6269,-0.0624,-1.3387,8.4542,1.783
36.257,0.4761,1.6262,-0.0624,-1.3404,8.4623,1.783
36.307,0.4918,1.6252,-0.0624,-1.3436,8.477,1.7832
36.358,0.5023,1.6246,-0.0624,-1.3458,8.4872,1.7833
36.408,0.5128,1.6239,-0.0624,-1.349,8.5019,1.7833
36.458,0.5285,1.6229,-0.0624,-1.351,8.5114,1.7834
36.508,0.539,1.6223,-0.0624,-1.3542,8.5261,1.7835
36.558,0.5547,1.6213,-0.0624,-1.3564,8.5364,1.7836
36.609,0.5652,1.6207,-0.0624,-1.3597,8.5517,1.7837
36.659,0.5757,1.62,-0.0624,-1.362,8.562,1.7837
36.709,0.5914,1.619,-0.0624,-1.3648,8.5752,1.7838
36.759,0.6019,1.6184,-0.0624,-1.3669,8.5847,1.7838
36.809,0.6176,1.6174,-0.0624,-1.37,8.5994,1.7839
36.86,0.6281,1.6167,-0.0624,-1.3721,8.6089,1.784
36.91,0.6385,1.6161,-0.0624,-1.3753,8.6236,1.7842
36.96,0.6543,1.6151,-0.0624,-1.3775,8.6338,1.7843
37.01,0.6647,1.6144,-0.0624,-1.3808,8.6492,1.7845
37.06,0.6804,1.6135,-0.0624,-1.3831,8.6595,1.7846
37.111,0.6909,1.6128,-0.0624,-1.3859,8.6727,1.7847
37.161,0.7014,1.6121,-0.0624,-1.388,8.6822,1.7848
37.211,0.7171,1.6112,-0.0624,-1.3912,8.6969,1.7849
37.262,0.7276,1.6105,-0.0624,-1.3934,8.7071,1.785
37.312,0.7381,1.6099,-0.0624,-1.3966,8.7218,1.7852
37.362,0.7538,1.6089,-0.0624,-1.3987,8.7313,1.7853
37.412,0.7643,1.6082,-0.0624,-1.402,8.7467,1.7854
37.462,0.78,1.6072,-0.0624,-1.4043,8.757,1.7855
37.513,0.7905,1.6066,-0.0624,-1.4072,8.7702,1.7857
37.563,0.801,1.6059,-0.0624,-1.4094,8.7804,1.7858
37.613,0.8167,1.6049,-0.0624,-1.4126,8.7951,1.7859
37.663,0.8272,1.6043,-0.0624,-1.4147,8.8046,1.786
37.714,0.8429,1.6033,-0.0624,-1.4179,8.8193,1.7861
37.764,0.8534,1.6027,-0.0624,-1.42,8.8288,1.7863
37.814,0.8638,1.602,-0.0624,-1.4233,8.8442,1.7864
37.864,0.8796,1.601,-0.0624,-1.4267,8.8595,1.7865
37.915,0.89,1.6004,-0.0624,-1.4289,8.8698,1.7865
37.965,0.9058,1.5994,-0.0624,-1.4307,8.8779,1.7865
38.015,0.9162,1.5987,-0.0624,-1.4339,8.8925,1.7867
38.065,0.9267,1.5981,-0.0624,-1.4371,8.9072,1.7868
38.116,0.9424,1.5971,-0.0624,-1.4392,8.9167,1.7869
38.166,0.9529,1.5964,-0.0624,-1.4424,8.9313,1.787
38.216,0.9686,1.5955,-0.0624,-1.4447,8.9416,1.787
38.266,0.9791,1.5948,-0.0624,-1.4481,8.957,1.7871
38.316,0.9896,1.5941,-0.0624,-1.4503,8.9672,1.7872
38.367,1.0053,1.5932,-0.0624,-1.4532,8.9804,1.7873
38.417,1.0158,1.5925,-0.0624,-1.4553,8.9899,1.7874
38.467,1.0263,1.5919,-0.0624,-1.4586,9.0046,1.7875
38.517,1.042,1.5909,-0.0624,-1.4608,9.0148,1.7876
38.567,1.0525,1.5902,-0.0624,-1.464,9.0295,1.7877
38.618,1.0682,1.5892,-0.0624,-1.4661,9.039,1.7878
38.668,1.0787,1.5886,-0.0624,-1.4695,9.0544,1.7878
38.718,1.0892,1.5879,-0.0624,-1.4718,9.0646,1.7879
38.768,1.1049,1.5869,-0.0624,-1.4747,9.0778,1.7881
38.819,1.1154,1.5863,-0.0624,-1.477,9.0881,1.7882
38.869,1.1311,1.5853,-0.0624,-1.4802,9.1027,1.7883
38.919,1.1416,1.5847,-0.0624,-1.4823,9.1123,1.7885
38.969,1.152,1.584,-0.0624,-1.4855,9.1269,1.7886
39.02,1.1677,1.583,-0.0624,-1.4877,9.1364,1.7886
39.07,1.1782,1.5824,-0.0624,-1.4911,9.1518,1.7888
39.12,1.1939,1.5814,-0.0624,-1.4933,9.162,1.7888
39.17,1.2044,1.5807,-0.0624,-1.4967,9.1774,1.789
39.221,1.2149,1.5801,-0.0624,-1.4985,9.1855,1.7891
39.271,1.2306,1.5791,-0.0624,-1.5018,9.2001,1.7892
39.321,1.2411,1.5784,-0.0624,-1.5039,9.2096,1.7893
39.371,1.2568,1.5775,-0.0624,-1.5071,9.2243,1.7893
39.421,1.2673,1.5768,-0.0624,-1.5094,9.2345,1.7894
39.472,1.2778,1.5761,-0.0624,-1.5127,9.2492,1.7895
39.522,1.2935,1.5752,-0.0624,-1.5149,9.2594,1.7896
39.572,1.304,1.5745,-0.0624,-1.5184,9.2748,1.7897
39.622,1.3145,1.5739,-0.0624,-1.5202,9.2829,1.7897
39.673,1.3302,1.5729,-0.0624,-1.5234,9.2975,1.7899
39.723,1.3407,1.5722,-0.0624,-1.5257,9.3077,1.79
39.773,1.3564,1.5712,-0.0624,-1.529,9.3224,1.7901
39.823,1.3669,1.5706,-0.0624,-1.5311,9.3319,1.7902
39.873,1.3773,1.5699,-0.0624,-1.5343,9.3465,1.7903
39.924,1.3931,1.5689,-0.0624,-1.5366,9.3568,1.7904
39.974,1.4035,1.5683,-0.0624,-1.5401,9.3722,1.7905
40.024,1.414,1.5676,-0.0624,-1.5424,9.3824,1.7906
40.074,1.4297,1.5667,-0.0624,-1.5442,9.3905,1.7906
40.125,1.4402,1.566,-0.0624,-1.5474,9.4051,1.7908
40.175,1.4507,1.5653,-0.0624,-1.5507,9.4197,1.7909
40.225,1.4664,1.5644,-0.0624,-1.5528,9.4293,1.791
40.275,1.4769,1.5637,-0.0624,-1.5561,9.4439,1.7912
40.326,1.4926,1.5627,-0.0624,-1.5584,9.4541,1.7913
40.376,1.5031,1.5621,-0.0624,-1.5618,9.4695,1.7915
40.426,1.5136,1.5614,-0.0624,-1.5641,9.4797,1.7916
40.476,1.5293,1.5604,-0.0624,-1.5671,9.4929,1.7917
40.526,1.5398,1.5598,-0.0624,-1.5692,9.5024,1.7917
40.577,1.5503,1.5591,-0.0624,-1.5725,9.5171,1.7916
40.627,1.566,1.5581,-0.0624,-1.5748,9.5273,1.7917
40.677,1.5765,1.5575,-0.0624,-1.577,9.5368,1.7918
40.727,1.5869,1.5568,-0.0624,-1.5803,9.5515,1.7919
40.778,1.6027,1.5559,-0.0624,-1.5837,9.5668,1.792
40.828,1.6131,1.5552,-0.0624,-1.586,9.5771,1.7921
40.878,1.6289,1.5542,-0.0624,-1.589,9.5902,1.7923
40.928,1.6393,1.5536,-0.0624,-1.5913,9.6005,1.7923
40.978,1.6498,1.5529,-0.0624,-1.5934,9.61,1.7924
41.029,1.6655,1.5519,-0.0624,-1.5967,9.6246,1.7925
41.079,1.676,1.5513,-0.0624,-1.6,9.6393,1.7926
41.129,1.6917,1.5503,-0.0624,-1.6022,9.6488,1.7927
41.179,1.7022,1.5496,-0.0624,-1.6056,9.6641,1.7929
41.229,1.7127,1.549,-0.0624,-1.6079,9.6744,1.793
41.28,1.7284,1.548,-0.0624,-1.6114,9.6897,1.793
41.33,1.7389,1.5474,-0.0624,-1.6132,9.6978,1.7931
41.38,1.7546,1.5464,-0.0624,-1.6165,9.7124,1.7931
41.43,1.7651,1.5457,-0.0624,-1.6187,9.7219,1.7932
41.48,1.7756,1.5451,-0.0624,-1.622,9.7366,1.7934
41.531,1.7913,1.5441,-0.0624,-1.6243,9.7468,1.7935
41.581,1.8018,1.5434,-0.0624,-1.6276,9.7614,1.7936
41.631,1.8122,1.5428,-0.0624,-1.63,9.7717,1.7937
41.681,1.828,1.5418,-0.0624,-1.6334,9.787,1.7937
41.732,1.8384,1.5411,-0.0624,-1.6353,9.7951,1.7939
41.782,1.8542,1.5402,-0.0624,-1.6386,9.8097,1.7939
41.832,1.8646,1.5395,-0.0624,-1.6409,9.8199,1.7941
41.882,1.8751,1.5388,-0.0624,-1.6442,9.8346,1.7943
41.933,1.8908,1.5379,-0.0624,-1.6464,9.8441,1.7943
41.983,1.9013,1.5372,-0.0624,-1.6497,9.8587,1.7945
42.033,1.917,1.5362,-0.0624,-1.652,9.8689,1.7946
42.083,1.9275,1.5356,-0.0624,-1.6555,9.8843,1.7949
42.133,1.938,1.5349,-0.0624,-1.6579,9.8945,1.7951
42.184,1.9537,1.5339,-0.0624,-1.6609,9.9077,1.7952
42.234,1.9642,1.5333,-0.0624,-1.6631,9.9172,1.7953
42.284,1.9799,1.5323,-0.0624,-1.6664,9.9318,1.7954
42.334,1.9904,1.5316,-0.0624,-1.6686,9.9413,1.7955
42.385,2.0009,1.531,-0.0624,-1.6719,9.956,1.7956
42.435,2.0166,1.53,-0.0624,-1.6743,9.9662,1.7957
42.485,2.0271,1.5294,-0.0624,-1.6778,9.9815,1.7959
42.535,2.0428,1.5284,-0.0624,-1.6801,9.9918,1.796
42.585,2.0533,1.5277,-0.0624,-1.6831,10.0049,1.796
42.636,2.0638,1.5271,-0.0624,-1.6853,10.0144,1.796
42.686,2.0795,1.5261,-0.0624,-1.6887,10.0291,1.7961
42.736,2.09,1.5254,-0.0624,-1.691,10.0393,1.7962
42.786,2.1004,1.5248,-0.0624,-1.6944,10.0539,1.7964
42.837,2.1162,1.5238,-0.0624,-1.6965,10.0634,1.7964
42.887,2.1266,1.5231,-0.0624,-1.7001,10.0788,1.7965
42.937,2.1371,1.5225,-0.0624,-1.7024,10.089,1.7965
42.987,2.1528,1.5215,-0.0624,-1.7054,10.1022,1.7968
43.037,2.1633,1.5208,-0.0624,-1.7078,10.1124,1.7968
43.088,2.179,1.5199,-0.0624,-1.7111,10.127,1.7969
43.138,2.1895,1.5192,-0.0624,-1.7133,10.1365,1.797
43.188,2.2,1.5186,-0.0624,-1.7167,10.1511,1.7971
43.238,2.2157,1.5176,-0.0624,-1.7189,10.1606,1.7971
43.289,2.2262,1.5169,-0.0624,-1.7224,10.176,1.7972
43.339,2.2419,1.5159,-0.0624,-1.7248,10.1862,1.7972
43.389,2.2524,1.5153,-0.0624,-1.7283,10.2016,1.7973
43.439,2.2629,1.5146,-0.0624,-1.7302,10.2096,1.7973
43.49,2.2786,1.5136,-0.0624,-1.7335,10.2242,1.7974
43.54,2.2891,1.513,-0.0624,-1.7357,10.2337,1.7975
43.59,2.3048,1.512,-0.0624,-1.7391,10.2483,1.7976
43.64,2.3153,1.5114,-0.0624,-1.7415,10.2586,1.7977
43.691,2.3257,1.5107,-0.0624,-1.7448,10.2732,1.7978
43.741,2.3415,1.5097,-0.0624,-1.7472,10.2834,1.7979
43.791,2.3519,1.5091,-0.0624,-1.7507,10.2988,1.7981
43.841,2.3677,1.5081,-0.0624,-1.7526,10.3068,1.7981
43.892,2.3781,1.5074,-0.0624,-1.756,10.3214,1.7983
43.942,2.3886,1.5068,-0.0624,-1.7594,10.336,1.7984
43.992,2.4043,1.5058,-0.0624,-1.7617,10.3463,1.7985
44.042,2.4148,1.5051,-0.0624,-1.7639,10.3558,1.7985
44.092,2.4253,1.5045,-0.0624,-1.7673,10.3704,1.7987
44.142,2.441,1.5035,-0.0624,-1.7709,10.3857,1.7988
44.193,2.4515,1.5028,-0.0624,-1.7733,10.3959,1.7989
44.243,2.4672,1.5019,-0.0624,-1.7763,10.4091,1.799
44.293,2.4777,1.5012,-0.0624,-1.7787,10.4193,1.7991
44.343,2.4882,1.5006,-0.0624,-1.7821,10.4339,1.7993
44.393,2.5039,1.4996,-0.0624,-1.7843,10.4434,1.7994
44.444,2.5144,1.4989,-0.0624,-1.7877,10.458,1.7994
44.494,2.5301,1.4979,-0.0624,-1.7899,10.4675,1.7996
44.544,2.5406,1.4973,-0.0624,-1.7935,10.4829,1.7997
44.594,2.5511,1.4966,-0.0624,-1.7959,10.4931,1.7998
44.644,2.5668,1.4956,-0.0624,-1.7982,10.5033,1.8
44.695,2.5773,1.495,-0.0624,-1.8013,10.5165,1.8001
44.745,2.593,1.494,-0.0624,-1.8047,10.5311,1.8002
44.795,2.6035,1.4934,-0.0624,-1.8069,10.5406,1.8004
44.845,2.6139,1.4927,-0.0624,-1.8104,10.5552,1.8005
44.895,2.6297,1.4917,-0.0624,-1.8127,10.5654,1.8005
44.946,2.6401,1.4911,-0.0624,-1.8162,10.58,1.8006
44.996,2.6558,1.4901,-0.0624,-1.8186,10.5902,1.8007
45.046,2.6663,1.4894,-0.0624,-1.8221,10.6056,1.8009
45.096,2.6768,1.4888,-0.0624,-1.824,10.6136,1.8011
45.146,2.6925,1.4878,-0.0624,-1.8274,10.6282,1.8012
45.197,2.703,1.4871,-0.0624,-1.8298,10.6384,1.8012
45.247,2.7135,1.4865,-0.0624,-1.8333,10.653,1.8012
45.297,2.7292,1.4855,-0.0624,-1.8355,10.6625,1.8013
45.347,2.7397,1.4848,-0.0624,-1.8389,10.6771,1.8015
45.398,2.7554,1.4839,-0.0624,-1.8413,10.6873,1.8016
45.448,2.7659,1.4832,-0.0624,-1.8449,10.7027,1.8018
45.498,2.7764,1.4826,-0.0624,-1.8473,10.7129,1.8018
45.548,2.7921,1.4816,-0.0624,-1.8504,10.726,1.8021
45.598,2.8026,1.4809,-0.0624,-1.8527,10.7355,1.8022
45.649,2.8183,1.4799,-0.0624,-1.8561,10.7501,1.8023
45.699,2.8288,1.4793,-0.0624,-1.8583,10.7596,1.8024
45.749,2.8392,1.4786,-0.0624,-1.8618,10.7742,1.8026
45.799,2.855,1.4776,-0.0624,-1.8642,10.7844,1.8026
45.85,2.8654,1.477,-0.0624,-1.8678,10.7998,1.8028
45.9,2.8812,1.476,-0.0624,-1.8702,10.81,1.8029
45.95,2.8916,1.4754,-0.0624,-1.8733,10.8231,1.803
46.0,2.9021,1.4747,-0.0624,-1.8756,10.8326,1.8031
46.05,2.9178,1.4737,-0.0624,-1.879,10.8472,1.8033
46.101,2.9283,1.4731,-0.0624,-1.8815,10.8574,1.8034
46.151,2.944,1.4721,-0.0624,-1.8849,10.872,1.8036
46.201,2.9545,1.4714,-0.0624,-1.8872,10.8815,1.8037
46.251,2.965,1.4708,-0.0624,-1.8908,10.8968,1.8038
46.301,2.9807,1.4698,-0.0624,-1.8932,10.907,1.8039
46.352,2.9912,1.4691,-0.0624,-1.8963,10.9202,1.8041
46.402,3.0017,1.4685,-0.0624,-1.8988,10.9304,1.8042
46.452,3.0174,1.4675,-0.0624,-1.9022,10.945,1.8044
46.502,3.0279,1.4668,-0.0624,-1.9045,10.9545,1.8045
46.552,3.0436,1.4659,-0.0624,-1.908,10.9691,1.8046
46.603,3.0541,1.4652,-0.0624,-1.9115,10.9837,1.8048
46.653,3.0646,1.4646,-0.0624,-1.9139,10.9939,1.8049
46.703,3.0803,1.4636,-0.0624,-1.9163,11.0041,1.8049
46.753,3.0908,1.4629,-0.0624,-1.92,11.0194,1.805
46.803,3.1065,1.4619,-0.0624,-1.9219,11.0274,1.8051
46.854,3.117,1.4613,-0.0624,-1.9254,11.042,1.8052
46.904,3.1274,1.4606,-0.0624,-1.9289,11.0566,1.8053
46.954,3.1432,1.4596,-0.0624,-1.9311,11.0661,1.8055
47.004,3.1536,1.459,-0.0624,-1.9346,11.0807,1.8055
47.055,3.1693,1.458,-0.0624,-1.9371,11.0909,1.8056
47.105,3.1798,1.4574,-0.0624,-1.9407,11.1062,1.8058
47.155,3.1903,1.4567,-0.0624,-1.9432,11.1164,1.8059
47.206,3.206,1.4557,-0.0624,-1.9463,11.1295,1.806
47.256,3.2165,1.4551,-0.0624,-1.9486,11.139,1.806
47.306,3.2322,1.4541,-0.0624,-1.9521,11.1536,1.8061
47.357,3.2427,1.4534,-0.0624,-1.9545,11.1638,1.8063
47.407,3.2532,1.4528,-0.0624,-1.958,11.1784,1.8065
47.457,3.2689,1.4518,-0.0624,-1.9603,11.1879,1.8065
47.507,3.2794,1.4511,-0.0624,-1.964,11.2032,1.8066
47.558,3.2899,1.4505,-0.0624,-1.9664,11.2134,1.8067
47.608,3.3056,1.4495,-0.0624,-1.9696,11.2265,1.8069
47.658,3.3161,1.4488,-0.0624,-1.9721,11.2368,1.807
47.708,3.3318,1.4479,-0.0624,-1.9756,11.2513,1.8072
47.759,3.3423,1.4472,-0.0624,-1.9779,11.2608,1.8073
47.809,3.3527,1.4466,-0.0624,-1.9814,11.2754,1.8074
47.859,3.3685,1.4456,-0.0624,-1.9837,11.2849,1.8075
47.909,3.3789,1.4449,-0.0624,-1.9873,11.3002,1.8076
47.96,3.3947,1.4439,-0.0624,-1.9898,11.3104,1.8078
48.01,3.4051,1.4433,-0.0624,-1.9935,11.3257,1.8079
48.06,3.4156,1.4426,-0.0624,-1.9954,11.3337,1.8079
48.11,3.4313,1.4417,-0.0624,-1.999,11.3483,1.808
48.161,3.4418,1.441,-0.0624,-2.0013,11.3578,1.8082
48.211,3.4575,1.44,-0.0624,-2.0048,11.3724,1.8083
48.261,3.468,1.4394,-0.0624,-2.0073,11.3826,1.8083
48.311,3.4785,1.4387,-0.0624,-2.0108,11.3971,1.8085
48.362,3.4942,1.4377,-0.0624,-2.0133,11.4073,1.8085
48.412,3.5047,1.4371,-0.0624,-2.017,11.4227,1.8086
48.462,3.5204,1.4361,-0.0624,-2.0202,11.4358,1.8087
48.512,3.5309,1.4354,-0.0624,-2.0225,11.4452,1.8088
48.562,3.5414,1.4348,-0.0624,-2.026,11.4598,1.8089
48.613,3.5571,1.4338,-0.0624,-2.0285,11.47,1.809
48.663,3.5676,1.4331,-0.0624,-2.0308,11.4795,1.809
48.713,3.5833,1.4322,-0.0624,-2.0343,11.4941,1.8091
48.764,3.5938,1.4315,-0.0624,-2.038,11.5094,1.8092
48.814,3.6043,1.4309,-0.0624,-2.0405,11.5196,1.8093
48.864,3.62,1.4299,-0.0624,-2.0437,11.5327,1.8093
48.914,3.6305,1.4292,-0.0624,-2.0462,11.5429,1.8093
48.964,3.6462,1.4282,-0.0624,-2.0497,11.5575,1.8095
49.015,3.6566,1.4276,-0.0624,-2.052,11.567,1.8096
49.065,3.6671,1.4269,-0.0624,-2.0556,11.5815,1.8098
49.115,3.6828,1.4259,-0.0624,-2.0579,11.591,1.8099
49.165,3.6933,1.4253,-0.0624,-2.0616,11.6063,1.81
49.215,3.7038,1.4246,-0.0624,-2.0641,11.6165,1.8101
49.266,3.7195,1.4237,-0.0624,-2.0678,11.6318,1.8103
49.316,3.73,1.423,-0.0624,-2.0698,11.6398,1.8104
49.366,3.7457,1.422,-0.0624,-2.0734,11.6544,1.8105
49.416,3.7562,1.4214,-0.0624,-2.0757,11.6639,1.8106
49.466,3.7667,1.4207,-0.0624,-2.0792,11.6784,1.8108
49.517,3.7824,1.4197,-0.0624,-2.0817,11.6886,1.8109
49.567,3.7929,1.4191,-0.0624,-2.0853,11.7032,1.8111
49.617,3.8086,1.4181,-0.0624,-2.0878,11.7134,1.8112
49.667,3.8191,1.4174,-0.0624,-2.0915,11.7287,1.8113
49.718,3.8296,1.4168,-0.0624,-2.0935,11.7367,1.8114
49.768,3.8453,1.4158,-0.0624,-2.0971,11.7513,1.8116
49.818,3.8558,1.4151,-0.0624,-2.0996,11.7615,1.8117
49.868,3.8715,1.4142,-0.0624,-2.1032,11.776,1.8119
49.918,3.882,1.4135,-0.0624,-2.1055,11.7855,1.812
49.969,3.8924,1.4129,-0.0624,-2.1091,11.8001,1.8122
50.019,3.9082,1.4119,-0.0624,-2.1116,11.8103,1.8122
50.069,3.9186,1.4112,-0.0624,-2.1154,11.8256,1.8124
50.119,3.9291,1.4106,-0.0624,-2.1179,11.8358,1.8125
50.17,3.9448,1.4096,-0.0624,-2.1211,11.8489,1.8126
50.22,3.9553,1.4089,-0.0624,-2.1234,11.8583,1.8126
50.27,3.971,1.4079,-0.0624,-2.127,11.8729,1.8126
50.32,3.9815,1.4073,-0.0624,-2.1294,11.8824,1.8127
50.37,3.992,1.4066,-0.0624,-2.133,11.8969,1.8128
50.421,4.0077,1.4057,-0.0624,-2.1367,11.9122,1.8131
50.471,4.0182,1.405,-0.0624,-2.1393,11.9224,1.8132
50.521,4.0339,1.404,-0.0624,-2.1418,11.9326,1.8133
50.571,4.0444,1.4034,-0.0624,-2.145,11.9457,1.8135
50.622,4.0549,1.4027,-0.0624,-2.1474,11.9552,1.8135
50.672,4.0706,1.4017,-0.0624,-2.151,11.9697,1.8136
50.722,4.0811,1.4011,-0.0624,-2.1546,11.9843,1.8137
50.772,4.0968,1.4001,-0.0624,-2.1571,11.9945,1.8138
50.822,4.1073,1.3994,-0.0624,-2.1594,12.0039,1.8139
50.873,4.1178,1.3988,-0.0624,-2.1632,12.0192,1.8141
50.923,4.1335,1.3978,-0.0624,-2.167,12.0345,1.8141
50.973,4.144,1.3971,-0.0624,-2.169,12.0425,1.8142
51.023,4.1597,1.3962,-0.0624,-2.1726,12.0571,1.8143
51.074,4.1701,1.3955,-0.0624,-2.1752,12.0673,1.8144
51.124,4.1806,1.3949,-0.0624,-2.1788,12.0818,1.8146
51.174,4.1963,1.3939,-0.0624,-2.1811,12.0913,1.8146
51.224,4.2068,1.3932,-0.0624,-2.1848,12.1058,1.8146
51.274,4.2173,1.3926,-0.0624,-2.1873,12.116,1.8148
51.325,4.233,1.3916,-0.0624,-2.1911,12.1313,1.8149
51.375,4.2435,1.3909,-0.0624,-2.1936,12.1415,1.815
51.425,4.2592,1.3899,-0.0624,-2.1969,12.1546,1.815
51.475,4.2697,1.3893,-0.0624,-2.1993,12.1641,1.815
51.526,4.2802,1.3886,-0.0624,-2.2029,12.1786,1.8152
51.576,4.2959,1.3877,-0.0624,-2.2053,12.1881,1.8153
51.626,4.3064,1.387,-0.0624,-2.2089,12.2026,1.8154
51.676,4.3221,1.386,-0.0624,-2.2114,12.2128,1.8155
51.726,4.3326,1.3854,-0.0624,-2.2152,12.2281,1.8156
51.777,4.3431,1.3847,-0.0624,-2.2178,12.2383,1.8156
51.827,4.3588,1.3837,-0.0624,-2.2211,12.2514,1.8158
51.877,4.3693,1.3831,-0.0624,-2.2234,12.2608,1.8158
51.927,4.385,1.3821,-0.0624,-2.2271,12.2754,1.8159
51.978,4.3955,1.3814,-0.0624,-2.2296,12.2856,1.8159
52.028,4.4059,1.3808,-0.0624,-2.2333,12.3001,1.816
52.078,4.4217,1.3798,-0.0624,-2.2356,12.3096,1.8161
52.128,4.4321,1.3791,-0.0624,-2.2395,12.3249,1.8162
52.179,4.4479,1.3782,-0.0624,-2.242,12.3351,1.8162
52.229,4.4583,1.3775,-0.0624,-2.2453,12.3482,1.8164
52.279,4.4688,1.3769,-0.0624,-2.2478,12.3583,1.8165
52.329,4.4845,1.3759,-0.0624,-2.2515,12.3729,1.8167
52.379,4.495,1.3752,-0.0624,-2.2539,12.3823,1.8168
52.43,4.5055,1.3746,-0.0624,-2.2575,12.3969,1.8168
52.48,4.5212,1.3736,-0.0624,-2.2599,12.4064,1.8169
52.53,4.5317,1.3729,-0.0624,-2.2637,12.4216,1.8171
52.58,4.5474,1.3719,-0.0624,-2.2663,12.4318,1.8171
52.631,4.5579,1.3713,-0.0624,-2.2701,12.4471,1.8174
52.681,4.5684,1.3706,-0.0624,-2.2721,12.4551,1.8174
52.731,4.5841,1.3697,-0.0624,-2.2758,12.4696,1.8175
52.781,4.5946,1.369,-0.0624,-2.2782,12.4791,1.8176
52.831,4.6103,1.368,-0.0624,-2.2819,12.4936,1.8177
52.882,4.6208,1.3674,-0.0624,-2.2855,12.5082,1.8179
52.932,4.6313,1.3667,-0.0624,-2.2881,12.5184,1.818
52.982,4.647,1.3657,-0.0624,-2.2907,12.5285,1.8181
53.032,4.6574,1.3651,-0.0624,-2.2945,12.5438,1.8182
53.082,4.6732,1.3641,-0.0624,-2.2978,12.5569,1.8182
53.133,4.6836,1.3634,-0.0624,-2.3002,12.5663,1.8182
53.183,4.6941,1.3628,-0.0624,-2.3039,12.5809,1.8184
53.233,4.7098,1.3618,-0.0624,-2.3065,12.5911,1.8184
53.283,4.7203,1.3611,-0.0624,-2.3101,12.6056,1.8184
53.333,4.736,1.3602,-0.0624,-2.3125,12.6151,1.8185
53.384,4.7465,1.3595,-0.0624,-2.3164,12.6303,1.8186
53.434,4.757,1.3589,-0.0624,-2.319,12.6405,1.8187
53.484,4.7727,1.3579,-0.0624,-2.3223,12.6536,1.8187
53.534,4.7832,1.3572,-0.0624,-2.3248,12.6638,1.8187
53.584,4.7989,1.3562,-0.0624,-2.3285,12.6783,1.8188
53.635,4.8094,1.3556,-0.0624,-2.3309,12.6878,1.8189
53.685,4.8199,1.3549,-0.0624,-2.3346,12.7023,1.8191
53.735,4.8356,1.3539,-0.0624,-2.337,12.7118,1.8191
53.785,4.8461,1.3533,-0.0624,-2.3409,12.727,1.8193
53.835,4.8566,1.3526,-0.0624,-2.3435,12.7372,1.8194
53.886,4.8723,1.3517,-0.0624,-2.3473,12.7525,1.8195
53.936,4.8828,1.351,-0.0624,-2.3494,12.7605,1.8196
53.986,4.8985,1.35,-0.0624,-2.3531,12.775,1.8197
54.036,4.909,1.3494,-0.0624,-2.3555,12.7845,1.8198
54.086,4.9194,1.3487,-0.0624,-2.3592,12.799,1.8198
54.137,4.9352,1.3477,-0.0624,-2.3617,12.8092,1.8199
54.187,4.9456,1.3471,-0.0624,-2.3654,12.8237,1.8199
54.237,4.9614,1.3461,-0.0624,-2.368,12.8339,1.82
54.287,4.9718,1.3454,-0.0624,-2.3719,12.8491,1.8202
54.338,4.9823,1.3448,-0.0624,-2.374,12.8571,1.8203
54.388,4.998,1.3438,-0.0624,-2.3777,12.8717,1.8204
54.438,5.0085,1.3431,-0.0624,-2.3803,12.8819,1.8205
54.488,5.0242,1.3422,-0.0624,-2.384,12.8964,1.8207
54.538,5.0347,1.3415,-0.0624,-2.3864,12.9058,1.8206
54.589,5.0452,1.3409,-0.0624,-2.3901,12.9204,1.8208
54.639,5.0609,1.3399,-0.0624,-2.3927,12.9305,1.8208
54.689,5.0714,1.3392,-0.0624,-2.3966,12.9458,1.8209
54.739,5.0871,1.3382,-0.0624,-2.3992,12.956,1.821
54.79,5.0976,1.3376,-0.0624,-2.4025,12.9691,1.8212
54.84,5.1081,1.3369,-0.0624,-2.4049,12.9785,1.8213
54.89,5.1238,1.3359,-0.0624,-2.4087,12.993,1.8215
54.94,5.1343,1.3353,-0.0624,-2.4111,13.0025,1.8216
54.99,5.1447,1.3346,-0.0624,-2.4148,13.017,1.8217
55.041,5.1605,1.3337,-0.0624,-2.4174,13.0272,1.8218
55.091,5.1709,1.333,-0.0624,-2.4213,13.0424,1.8219
55.141,5.1867,1.332,-0.0624,-2.4239,13.0526,1.8221
55.191,5.1971,1.3314,-0.0624,-2.4273,13.0657,1.8221
55.241,5.2076,1.3307,-0.0624,-2.4297,13.0751,1.8222
55.292,5.2233,1.3297,-0.0624,-2.4334,13.0897,1.8224
55.342,5.2338,1.3291,-0.0624,-2.4372,13.1042,1.8225
55.392,5.2495,1.3281,-0.0624,-2.4398,13.1143,1.8226
55.442,5.26,1.3274,-0.0624,-2.4422,13.1238,1.8227
55.492,5.2705,1.3268,-0.0624,-2.4462,13.139,1.8228
55.543,5.2862,1.3258,-0.0624,-2.4501,13.1543,1.823
55.593,5.2967,1.3252,-0.0624,-2.4521,13.1623,1.823
55.643,5.3124,1.3242,-0.0624,-2.4559,13.1768,1.8231
55.693,5.3229,1.3235,-0.0624,-2.4585,13.187,1.8232
55.744,5.3334,1.3229,-0.0624,-2.4622,13.2015,1.8234
55.794,5.3491,1.3219,-0.0624,-2.4647,13.2109,1.8234
55.844,5.3596,1.3212,-0.0624,-2.4684,13.2255,1.8236
55.894,5.3753,1.3202,-0.0624,-2.4711,13.2356,1.8236
55.944,5.3858,1.3196,-0.0624,-2.475,13.2509,1.8239
55.995,5.3963,1.3189,-0.0624,-2.4776,13.261,1.8239
56.045,5.412,1.318,-0.0624,-2.481,13.2741,1.8241
56.095,5.4218,1.3173,-0.0618,-2.4835,13.2836,1.825
56.145,5.4274,1.317,-0.0493,-2.4855,13.291,1.8486
56.196,5.4322,1.3169,-0.0157,-2.486,13.2927,1.8696
56.246,5.4355,1.3168,0.007,-2.4874,13.297,1.9023
56.296,5.4405,1.317,0.0416,-2.4885,13.3,1.9254
56.346,5.4439,1.3171,0.0648,-2.4902,13.3044,1.9605
56.396,5.4474,1.3174,0.0883,-2.4914,13.3073,1.9841
56.447,5.4526,1.318,0.1236,-2.4931,13.311,2.0145
56.497,5.456,1.3184,0.1472,-2.4944,13.3136,2.0365
56.547,5.4612,1.3193,0.1826,-2.4964,13.3176,2.0704
56.597,5.4646,1.3199,0.2061,-2.498,13.3204,2.0939
56.648,5.468,1.3207,0.2295,-2.5003,13.3243,2.1273
56.698,5.4729,1.3219,0.2641,-2.5018,13.3267,2.1489
56.748,5.476,1.3228,0.2867,-2.5045,13.3307,2.183
56.798,5.4806,1.3242,0.3201,-2.5063,13.3332,2.2054
56.848,5.4836,1.3252,0.3424,-2.5087,13.3364,2.2341
56.899,5.4865,1.3263,0.3646,-2.5107,13.3389,2.2564
56.949,5.4909,1.328,0.3979,-2.5136,13.3423,2.2884
56.999,5.4938,1.3293,0.4201,-2.5155,13.3445,2.3092
57.049,5.4966,1.3306,0.4423,-2.5186,13.3478,2.3411
57.099,5.5009,1.3327,0.4756,-2.5206,13.3499,2.362
57.15,5.5037,1.3342,0.4978,-2.524,13.3532,2.3954
57.2,5.5078,1.3365,0.5311,-2.5264,13.3553,2.4177
57.25,5.5105,1.3381,0.5533,-2.5299,13.3584,2.4512
57.301,5.5132,1.3398,0.5755,-2.5318,13.36,2.4687
57.351,5.5172,1.3425,0.6093,-2.5356,13.3629,2.501
57.401,5.5199,1.3445,0.6321,-2.5382,13.3648,2.5223
57.451,5.5241,1.3476,0.6672,-2.5426,13.3679,2.5559
57.501,5.5269,1.3499,0.691,-2.5474,13.371,2.5903
57.552,5.5298,1.3523,0.7154,-2.5511,13.3732,2.6149
57.602,5.534,1.3561,0.7527,-2.555,13.3755,2.64
57.652,5.5369,1.3589,0.7779,-2.5612,13.3788,2.6778
57.702,5.5414,1.3635,0.8157,-2.5647,13.3805,2.6977
57.753,5.5445,1.3669,0.8409,-2.5715,13.3836,2.7338
57.803,5.5477,1.3705,0.8661,-2.5789,13.3867,2.7699
57.853,5.5525,1.3763,0.9039,-2.5843,13.3887,2.7952
57.903,5.5557,1.3805,0.9291,-2.5895,13.3906,2.8187
57.954,5.5608,1.3873,0.967,-2.5981,13.3933,2.8549
58.004,5.5642,1.3922,0.9922,-2.6076,13.396,2.893
58.054,5.5677,1.3973,1.0175,-2.6143,13.3976,2.9184
58.104,5.5732,1.4056,1.0557,-2.6231,13.3995,2.9513
58.154,5.577,1.4115,1.0808,-2.6303,13.4008,2.9763
58.205,5.5824,1.4215,1.1168,-2.6411,13.4025,3.0106
58.255,5.5858,1.4287,1.1393,-2.6483,13.4034,3.0313
58.305,5.5891,1.4361,1.1601,-2.6599,13.4045,3.0605
58.355,5.594,1.4477,1.1885,-2.6676,13.4051,3.0779
58.405,5.5971,1.4557,1.2057,-2.6804,13.4058,3.1033
58.456,5.6002,1.4639,1.2213,-2.6892,13.4061,3.1184
58.507,5.6046,1.4765,1.2426,-2.7025,13.4063,3.1391
58.557,5.6075,1.4851,1.2554,-2.7096,13.4063,-3.1345
58.607,5.6117,1.4983,1.2724,-2.7227,13.4061,-3.1185
58.657,5.6144,1.5072,1.2826,-2.7314,13.4059,-3.1091
58.707,5.6171,1.5163,1.2918,-2.7449,13.4054,-3.096
58.758,5.6209,1.5301,1.3044,-2.7544,13.4049,-3.0877
58.808,5.6234,1.5395,1.312,-2.7681,13.4041,-3.0769
58.858,5.6271,1.5536,1.3223,-2.7778,13.4034,-3.07
58.908,5.6295,1.5631,1.3285,-2.7925,13.4023,-3.0607
58.958,5.6318,1.5727,1.334,-2.8002,13.4017,-3.0563
59.009,5.6353,1.5871,1.3415,-2.8143,13.4004,-3.0492
59.059,5.6375,1.5968,1.3459,-2.8242,13.3995,-3.0447
59.109,5.6408,1.6113,1.3514,-2.8385,13.3981,-3.0393
59.159,5.6429,1.621,1.3547,-2.8478,13.3971,-3.0362
59.209,5.6451,1.6308,1.3577,-2.8621,13.3956,-3.0319
59.26,5.6482,1.6456,1.3618,-2.8722,13.3944,-3.029
59.31,5.6503,1.6555,1.3644,-2.8873,13.3927,-3.0251
59.36,5.6534,1.6703,1.3678,-2.8975,13.3915,-3.0227
59.41,5.6554,1.6803,1.3699,-2.9105,13.3899,-3.0199
59.46,5.6575,1.6903,1.3719,-2.92,13.3888,-3.018
59.511,5.6605,1.7053,1.3746,-2.9345,13.3869,-3.0152
59.561,5.6625,1.7153,1.3762,-2.944,13.3857,-3.0136
59.611,5.6644,1.7254,1.3778,-2.9586,13.3838,-3.0114
59.661,5.6674,1.7405,1.3799,-2.9688,13.3825,-3.0099
59.711,5.6693,1.7507,1.3812,-2.9842,13.3804,-3.008
59.762,5.6722,1.7658,1.3829,-2.9944,13.379,-3.0067
59.812,5.6741,1.776,1.384,-3.0076,13.3772,-3.0052
59.862,5.6761,1.7862,1.385,-3.0172,13.3759,-3.0043
59.912,5.6789,1.8014,1.3864,-3.0318,13.3739,-3.0028
59.963,5.6808,1.8117,1.3873,-3.0465,13.3718,-3.0013
60.013,5.6837,1.827,1.3886,-3.0568,13.3704,-3.0004
60.063,5.6855,1.8372,1.3894,-3.0716,13.3683,-2.9992
60.113,5.6874,1.8475,1.3901,-3.0819,13.3668,-2.9984
60.163,5.6902,1.8629,1.391,-3.0974,13.3645,-2.9974
60.214,5.6921,1.8731,1.3916,-3.1055,13.3634,-2.9969
60.264,5.6949,1.8886,1.3924,-3.1202,13.3612,-2.996
60.314,5.6967,1.8988,1.3929,-3.1306,13.3597,-2.9955
60.364,5.6986,1.9091,1.3933,-3.1454,13.3575,-2.9948
60.414,5.7013,1.9246,1.3939,-3.155,13.3561,-2.9944
60.465,5.7032,1.9349,1.3942,-3.1697,13.3539,-2.9939
60.515,5.7059,1.9503,1.3947,-3.1801,13.3523,-2.9934
60.566,5.7078,1.9606,1.3949,-3.1956,13.35,-2.993
60.616,5.7096,1.9709,1.3952,-3.206,13.3485,-2.9926
60.666,5.7123,1.9864,1.3955,-3.2193,13.3465,-2.9922
60.717,5.7142,1.9967,1.3958,-3.2289,13.345,-2.9919
60.767,5.7169,2.0122,1.396,-3.2437,13.3428,-2.9915
60.817,5.7187,2.0225,1.3962,-3.2533,13.3413,-2.9913
60.867,5.7205,2.0328,1.3963,-3.2681,13.3391,-2.991
60.917,5.7233,2.0483,1.3965,-3.2785,13.3375,-2.9907
60.968,5.7251,2.0587,1.3966,-3.2941,13.3351,-2.9905
61.018,5.7269,2.069,1.3967,-3.3044,13.3336,-2.9904
61.068,5.7296,2.0845,1.3969,-3.3178,13.3315,-2.9903
61.118,5.7314,2.0948,1.397,-3.3274,13.3301,-2.99
61.168,5.7342,2.1103,1.3971,-3.3422,13.3278,-2.9899
61.219,5.736,2.1207,1.3971,-3.3526,13.3262,-2.9897
61.269,5.7378,2.131,1.3972,-3.3674,13.3239,-2.9895
61.319,5.7405,2.1465,1.3973,-3.377,13.3225,-2.9894
61.369,5.7423,2.1568,1.3973,-3.3926,13.3201,-2.9891
61.419,5.745,2.1723,1.3974,-3.4029,13.3185,-2.989
61.47,5.7468,2.1827,1.3975,-3.4163,13.3164,-2.9889
61.52,5.7487,2.193,1.3975,-3.4267,13.3148,-2.9888
61.57,5.7514,2.2085,1.3976,-3.4415,13.3125,-2.9887
61.62,5.7532,2.2188,1.3976,-3.4511,13.3111,-2.9886
61.671,5.7559,2.2344,1.3977,-3.4659,13.3088,-2.9883
61.721,5.7577,2.2447,1.3977,-3.4755,13.3073,-2.9882
61.771,5.7595,2.255,1.3977,-3.4911,13.3049,-2.9881
61.821,5.7622,2.2705,1.3978,-3.5067,13.3025,-2.9879
61.872,5.764,2.2809,1.3978,-3.517,13.3009,-2.9878
61.922,5.7667,2.2964,1.3978,-3.5252,13.2996,-2.9876
61.972,5.7685,2.3067,1.3978,-3.54,13.2973,-2.9874
62.022,5.7703,2.3171,1.3979,-3.5548,13.295,-2.9873
62.072,5.7731,2.3326,1.3979,-3.5645,13.2935,-2.9872
62.123,5.7749,2.3429,1.3979,-3.5793,13.2912,-2.9871
62.173,5.7767,2.3533,1.3979,-3.5897,13.2896,-2.987
62.223,5.7794,2.3688,1.3979,-3.6052,13.2871,-2.9868
62.273,5.7812,2.3791,1.3979,-3.6156,13.2855,-2.9867
62.323,5.7839,2.3946,1.398,-3.6237,13.2843,-2.9866
62.374,5.7857,2.405,1.398,-3.6386,13.2819,-2.9865
62.424,5.7875,2.4153,1.398,-3.6534,13.2796,-2.9864
62.474,5.7902,2.4308,1.398,-3.6637,13.278,-2.9863
62.524,5.792,2.4412,1.398,-3.6786,13.2757,-2.9862
62.574,5.7947,2.4567,1.398,-3.6882,13.2742,-2.9861
62.625,5.7965,2.467,1.398,-3.7038,13.2717,-2.986
62.675,5.7983,2.4774,1.398,-3.7141,13.2701,-2.9859
62.725,5.801,2.4929,1.398,-3.7275,13.268,-2.9858
62.775,5.8028,2.5032,1.398,-3.7378,13.2664,-2.9857
62.825,5.8056,2.5187,1.398,-3.7527,13.264,-2.9855
62.876,5.8074,2.5291,1.398,-3.7623,13.2625,-2.9854
62.926,5.8092,2.5394,1.3981,-3.7771,13.2602,-2.9853
62.976,5.8119,2.5549,1.3981,-3.7867,13.2587,-2.9853
63.026,5.8137,2.5653,1.3981,-3.8023,13.2562,-2.9851
63.076,5.8164,2.5808,1.3981,-3.8127,13.2546,-2.985
63.127,5.8182,2.5911,1.3981,-3.8282,13.2521,-2.9848
63.177,5.82,2.6015,1.3981,-3.8364,13.2508,-2.9849
63.227,5.8227,2.617,1.3981,-3.8512,13.2485,-2.9848
63.278,5.8245,2.6273,1.3981,-3.8608,13.247,-2.9847
63.328,5.8263,2.6377,1.3981,-3.8756,13.2446,-2.9846
63.378,5.829,2.6532,1.3981,-3.886,13.243,-2.9844
63.428,5.8308,2.6636,1.3981,-3.9008,13.2406,-2.9843
63.478,5.8335,2.6791,1.3981,-3.9112,13.239,-2.9842
63.529,5.8353,2.6894,1.3981,-3.9267,13.2365,-2.984
63.579,5.8371,2.6998,1.3981,-3.9349,13.2352,-2.984
63.629,5.8398,2.7153,1.3981,-3.9497,13.2329,-2.9839
63.679,5.8416,2.7256,1.3981,-3.9601,13.2312,-2.9838
63.73,5.8443,2.7411,1.3981,-3.9749,13.2289,-2.9838
63.78,5.8462,2.7515,1.3981,-3.9845,13.2273,-2.9837
63.83,5.848,2.7618,1.3981,-3.9993,13.225,-2.9836
63.88,5.8507,2.7773,1.3981,-4.0097,13.2233,-2.9835
63.93,5.8525,2.7877,1.3981,-4.0252,13.2209,-2.9834
63.981,5.8552,2.8032,1.3981,-4.0341,13.2194,-2.9833
64.031,5.857,2.8135,1.3981,-4.0489,13.2171,-2.9832
64.081,5.8588,2.8239,1.3981,-4.0586,13.2155,-2.9832
64.131,5.8615,2.8394,1.3981,-4.0734,13.2132,-2.983
64.181,5.8633,2.8497,1.3981,-4.083,13.2116,-2.9829
64.232,5.866,2.8653,1.3981,-4.0978,13.2093,-2.9828
64.282,5.8678,2.8756,1.3981,-4.1082,13.2076,-2.9827
64.332,5.8696,2.8859,1.3981,-4.1237,13.2051,-2.9825
64.382,5.8723,2.9015,1.3981,-4.1341,13.2034,-2.9824
64.433,5.8741,2.9118,1.3981,-4.1474,13.2013,-2.9823
64.483,5.8759,2.9221,1.3981,-4.1622,13.1989,-2.9823
64.533,5.8786,2.9377,1.3981,-4.1719,13.1974,-2.9822
64.583,5.8804,2.948,1.3981,-4.1867,13.195,-2.9821
64.633,5.8831,2.9635,1.3981,-4.1971,13.1933,-2.982
64.684,5.8849,2.9739,1.3981,-4.2119,13.1909,-2.9819
64.734,5.8868,2.9842,1.3981,-4.2222,13.1893,-2.9819
64.784,5.8895,2.9997,1.3981,-4.2378,13.1868,-2.9818
64.834,5.8913,3.0101,1.3981,-4.2459,13.1854,-2.9817
64.885,5.894,3.0256,1.3981,-4.2607,13.1831,-2.9817
64.935,5.8958,3.0359,1.3981,-4.2711,13.1814,-2.9816
64.985,5.8976,3.0463,1.3981,-4.2859,13.179,-2.9815
65.035,5.9003,3.0618,1.3981,-4.2955,13.1774,-2.9815
65.085,5.9021,3.0721,1.3981,-4.3103,13.1751,-2.9814
65.136,5.9048,3.0876,1.3981,-4.3207,13.1734,-2.9813
65.186,5.9066,3.098,1.3981,-4.3363,13.1709,-2.9811
65.236,5.9084,3.1083,1.3981,-4.3466,13.1692,-2.981
65.286,5.9111,3.1238,1.3981,-4.3599,13.167,-2.9809
65.337,5.9129,3.1342,1.3981,-4.3696,13.1655,-2.9807
65.387,5.9156,3.1497,1.3981,-4.3844,13.1631,-2.9807
65.437,5.9174,3.1601,1.3981,-4.394,13.1615,-2.9807
65.487,5.9192,3.1704,1.3981,-4.4088,13.1591,-2.9804
65.537,5.9219,3.1859,1.3981,-4.4192,13.1574,-2.9803
65.588,5.9237,3.1963,1.3981,-4.4347,13.1549,-2.9802
65.638,5.9255,3.2066,1.3981,-4.4451,13.1532,-2.9801
65.688,5.9282,3.2221,1.3981,-4.4584,13.151,-2.9801
65.738,5.9301,3.2325,1.3981,-4.468,13.1495,-2.9799
65.788,5.9328,3.248,1.3981,-4.4828,13.147,-2.9798
65.838,5.9346,3.2583,1.3981,-4.4932,13.1453,-2.9796
65.889,5.9364,3.2687,1.3981,-4.508,13.1429,-2.9795
65.939,5.9391,3.2842,1.3981,-4.5176,13.1413,-2.9794
65.989,5.9409,3.2945,1.3981,-4.5332,13.1388,-2.9792
66.039,5.9436,3.31,1.3981,-4.5435,13.1371,-2.9791
66.09,5.9454,3.3204,1.3981,-4.5568,13.1349,-2.9791
66.14,5.9472,3.3307,1.3981,-4.5672,13.1332,-2.9791
66.19,5.9499,3.3462,1.3981,-4.582,13.1308,-2.979
66.24,5.9517,3.3566,1.3981,-4.5916,13.1292,-2.9789
66.29,5.9544,3.3721,1.3981,-4.6064,13.1268,-2.9788
66.341,5.9562,3.3824,1.3981,-4.6161,13.1252,-2.9787
66.391,5.958,3.3928,1.3981,-4.6316,13.1227,-2.9787
66.441,5.9607,3.4083,1.3981,-4.6471,13.1201,-2.9786
66.491,5.9625,3.4186,1.3981,-4.6575,13.1184,-2.9785
66.541,5.9652,3.4342,1.3981,-4.6656,13.1171,-2.9785
66.592,5.967,3.4445,1.3981,-4.6804,13.1146,-2.9783
66.642,5.9688,3.4548,1.3981,-4.6901,13.113,-2.9782
66.692,5.9715,3.4704,1.3981,-4.7049,13.1106,-2.9781
66.742,5.9734,3.4807,1.3981,-4.7197,13.1081,-2.9779
66.792,5.9752,3.4911,1.3981,-4.73,13.1064,-2.9779
66.843,5.9779,3.5066,1.3981,-4.7404,13.1047,-2.9778
66.893,5.9797,3.5169,1.3981,-4.7559,13.1022,-2.9777
66.943,5.9824,3.5324,1.3981,-4.7692,13.1,-2.9777
66.993,5.9842,3.5428,1.3981,-4.7789,13.0984,-2.9776
67.043,5.986,3.5531,1.3981,-4.7937,13.0959,-2.9775
67.094,5.9887,3.5686,1.3981,-4.804,13.0942,-2.9774
67.144,5.9905,3.579,1.3981,-4.8188,13.0917,-2.9773
67.194,5.9932,3.5945,1.3981,-4.8284,13.0901,-2.9772
67.244,5.995,3.6048,1.3981,-4.844,13.0876,-2.9771
67.294,5.9968,3.6152,1.3981,-4.8543,13.0859,-2.977
67.345,5.9995,3.6307,1.3981,-4.8676,13.0836,-2.9769
67.395,6.0013,3.641,1.3981,-4.878,13.0819,-2.9767
67.445,6.004,3.6566,1.3981,-4.8928,13.0795,-2.9767
67.495,6.0058,3.6669,1.3981,-4.9024,13.0779,-2.9766
67.546,6.0076,3.6772,1.3981,-4.9172,13.0754,-2.9766
67.596,6.0103,3.6928,1.3981,-4.9268,13.0738,-2.9765
67.646,6.0121,3.7031,1.3981,-4.9424,13.0712,-2.9765
67.696,6.0149,3.7186,1.3981,-4.9527,13.0695,-2.9765
67.746,6.0167,3.729,1.3981,-4.9683,13.0669,-2.9764
67.797,6.0185,3.7393,1.3981,-4.9764,13.0655,-2.9763
67.847,6.0212,3.7548,1.3981,-4.9912,13.0631,-2.9762
67.897,6.023,3.7652,1.3981,-5.0008,13.0615,-2.9762
67.947,6.0248,3.7755,1.3981,-5.0156,13.059,-2.9761
67.997,6.0275,3.791,1.3981,-5.026,13.0573,-2.9761
68.048,6.0293,3.8014,1.3981,-5.0408,13.0548,-2.9759
68.098,6.032,3.8169,1.3981,-5.0511,13.0531,-2.9759
68.148,6.0338,3.8272,1.3981,-5.0666,13.0505,-2.9759
68.198,6.0356,3.8376,1.3981,-5.0748,13.0491,-2.9759
68.248,6.0383,3.8531,1.3981,-5.0896,13.0466,-2.9757
68.299,6.0401,3.8634,1.3981,-5.0999,13.0449,-2.9756
68.349,6.0428,3.8789,1.3981,-5.1147,13.0424,-2.9754
68.399,6.0446,3.8893,1.3981,-5.1243,13.0408,-2.9753
68.449,6.0464,3.8996,1.3981,-5.1391,13.0383,-2.9752
68.5,6.0491,3.9151,1.3981,-5.1495,13.0366,-2.9751
68.55,6.0509,3.9255,1.3981,-5.165,13.034,-2.975
68.6,6.0536,3.941,1.3981,-5.1754,13.0322,-2.9749
68.65,6.0554,3.9514,1.3981,-5.1887,13.03,-2.9749
68.701,6.0573,3.9617,1.3981,-5.1983,13.0284,-2.9748
68.751,6.06,3.9772,1.3981,-5.2131,13.0259,-2.9747
68.801,6.0618,3.9876,1.3981,-5.2227,13.0242,-2.9747
68.851,6.0636,3.9979,1.3981,-5.2375,13.0218,-2.9744
68.901,6.0663,4.0134,1.3981,-5.253,13.0191,-2.9745
68.952,6.0681,4.0238,1.3981,-5.2634,13.0174,-2.9745
69.002,6.0708,4.0393,1.3981,-5.2737,13.0156,-2.9744
69.052,6.0726,4.0496,1.3981,-5.287,13.0134,-2.9742
69.102,6.0744,4.06,1.3981,-5.3018,13.0109,-2.974
69.153,6.0771,4.0755,1.3981,-5.3115,13.0093,-2.974
69.203,6.0789,4.0858,1.3981,-5.3262,13.0068,-2.9738
69.253,6.0816,4.1013,1.3981,-5.3366,13.005,-2.9738
69.303,6.0834,4.1117,1.3981,-5.3462,13.0034,-2.9737
69.353,6.0852,4.122,1.3981,-5.3617,13.0007,-2.9736
69.404,6.0879,4.1375,1.3981,-5.3773,12.9981,-2.9734
69.454,6.0897,4.1479,1.3981,-5.3854,12.9967,-2.9733
69.504,6.0924,4.1634,1.3981,-5.4002,12.9942,-2.9732
69.554,6.0942,4.1737,1.3981,-5.4105,12.9925,-2.9731
69.604,6.096,4.1841,1.3981,-5.4253,12.9899,-2.973
69.655,6.0987,4.1996,1.3981,-5.4349,12.9883,-2.973
69.705,6.1006,4.2099,1.3981,-5.4497,12.9858,-2.9727
69.755,6.1033,4.2255,1.3981,-5.4601,12.984,-2.9726
69.805,6.1051,4.2358,1.3981,-5.4756,12.9814,-2.9724
69.855,6.1069,4.2462,1.3981,-5.4859,12.9796,-2.9723
69.906,6.1096,4.2617,1.3981,-5.4993,12.9773,-2.9723
69.956,6.1114,4.272,1.3981,-5.5089,12.9757,-2.9723
70.006,6.1132,4.2824,1.3981,-5.5237,12.9732,-2.9722
70.056,6.1159,4.2979,1.3981,-5.5333,12.9715,-2.9722
70.106,6.1177,4.3082,1.3981,-5.548,12.969,-2.972
70.157,6.1204,4.3237,1.3981,-5.5584,12.9672,-2.972
70.207,6.1222,4.3341,1.3981,-5.5739,12.9645,-2.9719
70.257,6.124,4.3444,1.3981,-5.5843,12.9628,-2.9718
70.308,6.1267,4.3599,1.3981,-5.5976,12.9605,-2.9716
70.358,6.1285,4.3703,1.3981,-5.6072,12.9588,-2.9717
70.408,6.1312,4.3858,1.3981,-5.622,12.9563,-2.9714
70.458,6.133,4.3961,1.3981,-5.6323,12.9545,-2.9714
70.508,6.1348,4.4065,1.3981,-5.6471,12.952,-2.9712
70.559,6.1375,4.422,1.3981,-5.6567,12.9503,-2.9711
70.609,6.1393,4.4323,1.3981,-5.6722,12.9477,-2.9711
70.659,6.1421,4.4479,1.3981,-5.6826,12.9459,-2.9709
70.709,6.1439,4.4582,1.3981,-5.6959,12.9436,-2.9708
70.76,6.1457,4.4685,1.3981,-5.7062,12.9418,-2.9706
70.81,6.1484,4.4841,1.3981,-5.721,12.9392,-2.9705
70.86,6.1502,4.4944,1.3981,-5.7306,12.9376,-2.9703
70.91,6.1529,4.5099,1.3981,-5.7454,12.935,-2.9702
70.96,6.1547,4.5203,1.3981,-5.755,12.9334,-2.9702
71.011,6.1565,4.5306,1.3981,-5.7705,12.9307,-2.9699
71.061,6.1592,4.5461,1.3981,-5.786,12.928,-2.9698
71.111,6.161,4.5565,1.3981,-5.7964,12.9262,-2.9697
71.161,6.1628,4.5668,1.3981,-5.8045,12.9248,-2.9696
71.211,6.1655,4.5823,1.3981,-5.8193,12.9222,-2.9694
71.262,6.1673,4.5927,1.3981,-5.8289,12.9205,-2.9694
71.312,6.17,4.6082,1.3981,-5.8437,12.918,-2.9693
71.362,6.1718,4.6185,1.3981,-5.854,12.9162,-2.9692
71.412,6.1736,4.6289,1.3981,-5.8688,12.9136,-2.9691
71.462,6.1763,4.6444,1.3981,-5.8791,12.9118,-2.969
71.513,6.1781,4.6547,1.3981,-5.8947,12.9091,-2.9689
71.563,6.1808,4.6702,1.3981,-5.908,12.9068,-2.9688
71.613,6.1826,4.6806,1.3981,-5.9176,12.9051,-2.9687
71.663,6.1845,4.6909,1.3981,-5.9323,12.9025,-2.9686
71.713,6.1872,4.7065,1.3981,-5.9427,12.9007,-2.9685
71.764,6.189,4.7168,1.3981,-5.9523,12.899,-2.9684
71.814,6.1917,4.7323,1.3981,-5.9671,12.8964,-2.9683
71.864,6.1935,4.7427,1.3981,-5.9826,12.8937,-2.9681
71.914,6.1953,4.753,1.3981,-5.9929,12.8919,-2.968
71.965,6.198,4.7685,1.3981,-6.0062,12.8896,-2.968
72.015,6.1998,4.7789,1.3981,-6.0166,12.8878,-2.9679
72.065,6.2025,4.7944,1.3981,-6.0313,12.8852,-2.9678
72.115,6.2043,4.8047,1.3981,-6.0409,12.8835,-2.9677
72.165,6.2061,4.8151,1.3981,-6.0557,12.8809,-2.9676
72.216,6.2088,4.8306,1.3981,-6.0653,12.8792,-2.9675
72.267,6.2106,4.8409,1.3981,-6.0808,12.8765,-2.9675
72.317,6.2124,4.8513,1.3981,-6.0912,12.8746,-2.9674
72.367,6.2151,4.8668,1.3981,-6.1,12.8731,-2.9673
72.418,6.2169,4.8771,1.3981,-6.1148,12.8705,-2.9672
72.468,6.2196,4.8926,1.3981,-6.1296,12.8679,-2.967
72.518,6.2214,4.903,1.3981,-6.1392,12.8662,-2.967
72.568,6.2232,4.9133,1.3981,-6.1539,12.8636,-2.9669
72.618,6.2259,4.9288,1.3981,-6.1643,12.8618,-2.9669
72.669,6.2278,4.9392,1.3981,-6.1791,12.8591,-2.9666
72.719,6.2296,4.9495,1.3981,-6.1894,12.8573,-2.9665
72.769,6.2323,4.965,1.3981,-6.2049,12.8546,-2.9664
72.819,6.2341,4.9754,1.3981,-6.213,12.8531,-2.9663
72.869,6.2368,4.9909,1.3981,-6.2278,12.8505,-2.9661
72.92,6.2386,5.0013,1.3981,-6.2381,12.8487,-2.966
72.97,6.2404,5.0116,1.3981,-6.2529,12.8461,-2.9659
73.02,6.2431,5.0271,1.3981,-6.2625,12.8444,-2.9658
73.07,6.2449,5.0375,1.3981,-6.2773,12.8417,-2.9656
73.12,6.2476,5.053,1.3981,-6.2876,12.8399,-2.9655
73.171,6.2494,5.0633,1.3981,-6.3031,12.8371,-2.9653
73.221,6.2512,5.0737,1.3981,-6.3135,12.8353,-2.9652
73.271,6.2539,5.0892,1.3981,-6.3267,12.8329,-2.9651
73.322,6.2557,5.0995,1.3981,-6.3363,12.8312,-2.9651
73.372,6.2584,5.115,1.3981,-6.3511,12.8286,-2.965
73.422,6.2602,5.1254,1.3981,-6.3607,12.8269,-2.9649
73.472,6.262,5.1357,1.3981,-6.3755,12.8242,-2.9647
73.522,6.2647,5.1512,1.3981,-6.3858,12.8224,-2.9647
73.573,6.2665,5.1616,1.3981,-6.4013,12.8196,-2.9645
73.623,6.2692,5.1771,1.3981,-6.4117,12.8178,-2.9644
73.673,6.2711,5.1874,1.3981,-6.4249,12.8154,-2.9643
73.723,6.2729,5.1978,1.3981,-6.4345,12.8137,-2.9642
73.773,6.2756,5.2133,1.3981,-6.4493,12.811,-2.964
73.824,6.2774,5.2236,1.3981,-6.4596,12.8092,-2.964
73.874,6.2801,5.2392,1.3981,-6.4744,12.8065,-2.9638
73.924,6.2819,5.2495,1.3981,-6.484,12.8048,-2.9637
73.974,6.2837,5.2598,1.3981,-6.4995,12.802,-2.9635
74.024,6.2864,5.2754,1.3981,-6.5098,12.8001,-2.9634
74.075,6.2882,5.2857,1.3981,-6.5231,12.7977,-2.9633
74.125,6.29,5.296,1.3981,-6.5379,12.7951,-2.9631
74.175,6.2927,5.3116,1.3981,-6.5482,12.7932,-2.9629
74.226,6.2945,5.3219,1.3981,-6.5578,12.7915,-2.9628
74.276,6.2972,5.3374,1.3981,-6.5726,12.7888,-2.9627
74.326,6.299,5.3478,1.3981,-6.5822,12.7871,-2.9627
74.377,6.3008,5.3581,1.3981,-6.5977,12.7843,-2.9625
74.427,6.3035,5.3736,1.3981,-6.6132,12.7815,-2.9624
74.477,6.3053,5.384,1.3981,-6.6235,12.7796,-2.9623
74.527,6.308,5.3995,1.3981,-6.6316,12.7781,-2.9623
74.578,6.3098,5.4098,1.3981,-6.6464,12.7754,-2.9621
74.628,6.3116,5.4202,1.3981,-6.6611,12.7728,-2.9621
74.678,6.3141,5.4346,1.3997,-6.6707,12.771,-2.9608
74.728,6.3149,5.4392,1.4161,-6.6763,12.7699,-2.9358
74.779,6.3156,5.4438,1.4494,-6.6794,12.7692,-2.9136
74.829,6.3159,5.447,1.4716,-6.6841,12.7681,-2.8801
74.879,6.3162,5.4501,1.4938,-6.6871,12.7672,-2.8578
74.929,6.3165,5.4548,1.5271,-6.691,12.766,-2.8291
74.979,6.3166,5.458,1.5493,-6.6938,12.7651,-2.8084
75.03,6.3166,5.4627,1.5826,-6.698,12.7636,-2.7765
75.08,6.3165,5.4659,1.6048,-6.7009,12.7625,-2.7542
75.13,6.3164,5.469,1.6271,-6.7051,12.7607,-2.7222
75.18,6.3161,5.4737,1.6604,-6.7078,12.7595,-2.7016
75.231,6.3157,5.4768,1.6826,-6.712,12.7574,-2.668
75.281,6.3154,5.48,1.7048,-6.7148,12.756,-2.6457
75.331,6.3146,5.4846,1.7381,-6.7183,12.754,-2.6171
75.382,6.3141,5.4877,1.7603,-6.721,12.7524,-2.5949
75.432,6.3131,5.4924,1.7936,-6.7248,12.75,-2.563
75.482,6.3124,5.4954,1.8158,-6.7273,12.7484,-2.5422
75.532,6.3116,5.4985,1.838,-6.731,12.7458,-2.5103
75.582,6.3103,5.503,1.8713,-6.7333,12.7441,-2.4896
75.633,6.3093,5.506,1.8935,-6.7371,12.7412,-2.4562
75.683,6.3078,5.5105,1.9268,-6.7395,12.7392,-2.4339
75.733,6.3066,5.5134,1.9491,-6.743,12.736,-2.4004
75.783,6.3054,5.5163,1.9713,-6.7448,12.7344,-2.3829
75.834,6.3035,5.5207,2.0046,-6.7481,12.7313,-2.3509
75.884,6.3022,5.5235,2.0268,-6.7501,12.7292,-2.3301
75.934,6.3,5.5277,2.0601,-6.7532,12.7258,-2.2981
75.984,6.2985,5.5305,2.0824,-6.7561,12.7224,-2.2661
76.034,6.297,5.5332,2.1047,-6.7581,12.72,-2.2437
76.084,6.2945,5.5371,2.1383,-6.7601,12.7175,-2.2211
76.135,6.2929,5.5397,2.1608,-6.7629,12.7137,-2.1871
76.185,6.2903,5.5435,2.1948,-6.7643,12.7117,-2.1691
76.235,6.2885,5.546,2.2178,-6.7668,12.708,-2.1362
76.285,6.2867,5.5485,2.2411,-6.7691,12.7041,-2.1026
76.336,6.2838,5.5523,2.2768,-6.7707,12.7014,-2.0785
76.386,6.2819,5.5548,2.3013,-6.7722,12.6988,-2.0558
76.436,6.2789,5.5587,2.3391,-6.7745,12.6942,-2.0198
76.486,6.2766,5.5613,2.3649,-6.7769,12.6891,-1.9809
76.536,6.2741,5.564,2.391,-6.7785,12.6852,-1.9545
76.587,6.2697,5.5682,2.431,-6.7805,12.6801,-1.9199
76.637,6.2665,5.5711,2.4582,-6.7821,12.6758,-1.8927
76.687,6.2629,5.574,2.4858,-6.7842,12.6691,-1.853
76.737,6.2569,5.5787,2.5279,-6.7855,12.6645,-1.8268
76.787,6.2526,5.5818,2.5562,-6.7874,12.6569,-1.7863
76.838,6.2455,5.5865,2.5986,-6.7885,12.6517,-1.7599
76.888,6.2404,5.5896,2.6269,-6.79,12.6428,-1.7176
76.938,6.2351,5.5927,2.6549,-6.7909,12.6365,-1.6895
76.988,6.2265,5.5973,2.6966,-6.7919,12.6266,-1.6479
77.038,6.2206,5.6003,2.724,-6.7923,12.6213,-1.6265
77.089,6.2111,5.6047,2.7636,-6.7927,12.6109,-1.5887
77.139,6.2043,5.6075,2.7887,-6.7928,12.604,-1.5656
77.189,6.1971,5.6101,2.8122,-6.7926,12.5929,-1.5325
77.239,6.1858,5.6138,2.8447,-6.7922,12.5849,-1.5111
77.29,6.1779,5.6162,2.8641,-6.7914,12.5731,-1.4839
77.34,6.1658,5.6196,2.8897,-6.7906,12.5647,-1.4669
77.39,6.1575,5.6217,2.9049,-6.7891,12.5518,-1.4443
77.44,6.149,5.6238,2.9187,-6.7882,12.5449,-1.4338
77.49,6.1362,5.6267,2.9366,-6.7864,12.5322,-1.4168
77.541,6.1275,5.6286,2.9471,-6.785,12.5232,-1.4064
77.591,6.1187,5.6304,2.9567,-6.7827,12.5101,-1.393
77.641,6.1053,5.6329,2.9698,-6.7812,12.5016,-1.3848
77.691,6.0961,5.6346,2.9778,-6.7786,12.4883,-1.3734
77.741,6.0823,5.6369,2.9886,-6.7767,12.479,-1.3661
77.792,6.0729,5.6383,2.9952,-6.7737,12.4649,-1.3563
77.842,6.0635,5.6397,3.0012,-6.7716,12.4554,-1.3503
77.892,6.0491,5.6417,3.0094,-6.7688,12.4431,-1.3434
77.942,6.0395,5.643,3.0145,-6.7668,12.4343,-1.3386
77.992,6.025,5.6449,3.0215,-6.7635,12.4206,-1.3318
78.043,6.0152,5.6461,3.0258,-6.7613,12.4116,-1.3278
78.093,6.0054,5.6472,3.0297,-6.7578,12.3978,-1.322
78.143,5.9906,5.6489,3.0352,-6.7553,12.3881,-1.3183
78.193,5.9807,5.6499,3.0387,-6.7515,12.3735,-1.3129
78.244,5.9657,5.6514,3.0436,-6.7489,12.3637,-1.3096
78.294,5.9556,5.6524,3.0467,-6.7455,12.3511,-1.3054
78.344,5.9455,5.6534,3.0496,-6.7431,12.342,-1.3027
78.394,5.9303,5.6547,3.0536,-6.7392,12.328,-1.2988
78.444,5.9201,5.6556,3.056,-6.7364,12.3181,-1.2963
78.495,5.9047,5.6569,3.0592,-6.7324,12.304,-1.2932
78.545,5.8945,5.6578,3.0612,-6.7298,12.2949,-1.2913
78.595,5.8842,5.6586,3.0629,-6.7255,12.28,-1.2885
78.645,5.8688,5.6598,3.0653,-6.7212,12.2652,-1.2861
78.695,5.8585,5.6606,3.0667,-6.7189,12.2573,-1.2849
78.746,5.8481,5.6613,3.068,-6.716,12.2474,-1.2836
78.796,5.8326,5.6625,3.0697,-6.7118,12.2332,-1.2817
78.846,5.8223,5.6632,3.0708,-6.709,12.224,-1.2806
78.896,5.8067,5.6643,3.0722,-6.7048,12.2098,-1.2792
78.947,5.7963,5.665,3.073,-6.7005,12.1955,-1.2779
78.997,5.786,5.6657,3.0738,-6.6975,12.1856,-1.2769
79.047,5.7704,5.6668,3.0748,-6.6929,12.1706,-1.2757
79.097,5.76,5.6675,3.0755,-6.6899,12.1606,-1.2749
79.148,5.7443,5.6685,3.0763,-6.6875,12.1528,-1.2745
79.198,5.7339,5.6692,3.0768,-6.6831,12.1385,-1.2737
79.248,5.7235,5.6698,3.0773,-6.6788,12.1242,-1.2728
79.299,5.7078,5.6708,3.0779,-6.6759,12.115,-1.2724
79.349,5.6974,5.6715,3.0782,-6.6715,12.1007,-1.2717
79.399,5.6817,5.6725,3.0787,-6.6684,12.0907,-1.2713
79.449,5.6713,5.6732,3.079,-6.6638,12.0757,-1.2708
79.499,5.6609,5.6738,3.0792,-6.6607,12.0657,-1.2705
79.55,5.6452,5.6748,3.0796,-6.6567,12.0528,-1.2702
79.6,5.6347,5.6754,3.0797,-6.6538,12.0435,-1.27
79.65,5.6191,5.6764,3.08,-6.6494,12.0292,-1.2696
79.7,5.6086,5.677,3.0802,-6.6463,12.0192,-1.2693
79.75,5.5981,5.6777,3.0803,-6.6418,12.0049,-1.269
79.801,5.5825,5.6786,3.0805,-6.6389,11.9956,-1.2688
79.851,5.572,5.6793,3.0807,-6.6343,11.9806,-1.2685
79.901,5.5563,5.6802,3.0808,-6.6311,11.9706,-1.2683
79.952,5.5458,5.6809,3.0809,-6.6271,11.9577,-1.268
80.002,5.5354,5.6815,3.081,-6.624,11.9477,-1.2678
80.052,5.5197,5.6825,3.0811,-6.6195,11.9334,-1.2674
80.102,5.5092,5.6831,3.0812,-6.6166,11.9241,-1.2673
80.153,5.4987,5.6837,3.0813,-6.6121,11.9098,-1.2671
80.203,5.483,5.6847,3.0814,-6.6092,11.9005,-1.2669
80.253,5.4725,5.6853,3.0814,-6.6045,11.8855,-1.2666
80.303,5.4568,5.6863,3.0815,-6.6014,11.8755,-1.2665
80.353,5.4464,5.6869,3.0816,-6.5966,11.8605,-1.2664
80.404,5.4359,5.6875,3.0816,-6.5942,11.8526,-1.2663
80.454,5.4202,5.6885,3.0817,-6.5897,11.8383,-1.2661
80.504,5.4097,5.6891,3.0817,-6.5867,11.829,-1.2659
80.554,5.394,5.69,3.0818,-6.5822,11.8147,-1.2657
80.605,5.3835,5.6907,3.0819,-6.5777,11.8004,-1.2656
80.655,5.373,5.6913,3.0819,-6.5746,11.7904,-1.2655
80.705,5.3573,5.6922,3.0819,-6.5714,11.7804,-1.2654
80.755,5.3468,5.6928,3.082,-6.5667,11.7654,-1.2652
80.805,5.3311,5.6938,3.082,-6.5642,11.7575,-1.2651
80.856,5.3206,5.6944,3.082,-6.5597,11.7432,-1.2649
80.906,5.3102,5.695,3.082,-6.5565,11.7332,-1.2649
80.956,5.2944,5.696,3.0821,-6.552,11.7189,-1.2647
81.006,5.284,5.6966,3.0821,-6.5491,11.7096,-1.2647
81.057,5.2682,5.6975,3.0821,-6.5446,11.6953,-1.2645
81.107,5.2578,5.6982,3.0821,-6.5414,11.6853,-1.2643
81.157,5.2473,5.6988,3.0821,-6.5366,11.6703,-1.2641
81.207,5.2316,5.6997,3.0822,-6.5326,11.6574,-1.264
81.257,5.2211,5.7003,3.0822,-6.5294,11.6474,-1.2638
81.308,5.2106,5.701,3.0822,-6.5249,11.6331,-1.2636
81.358,5.1949,5.7019,3.0822,-6.5219,11.6238,-1.2635
81.408,5.1844,5.7025,3.0822,-6.5174,11.6095,-1.2634
81.458,5.1687,5.7035,3.0822,-6.5144,11.6003,-1.2634
81.509,5.1582,5.7041,3.0822,-6.5097,11.5852,-1.2632
81.559,5.1477,5.7047,3.0822,-6.5065,11.5752,-1.2631
81.609,5.132,5.7056,3.0822,-6.5017,11.5602,-1.263
81.659,5.1215,5.7063,3.0822,-6.4992,11.5524,-1.2629
81.71,5.1058,5.7072,3.0822,-6.4947,11.5381,-1.2627
81.76,5.0953,5.7078,3.0822,-6.4917,11.5288,-1.2627
81.81,5.0848,5.7084,3.0823,-6.4872,11.5145,-1.2626
81.86,5.0691,5.7094,3.0823,-6.484,11.5045,-1.2625
81.911,5.0586,5.71,3.0823,-6.4794,11.4902,-1.2624
81.961,5.0429,5.7109,3.0823,-6.4762,11.4802,-1.2622
82.011,5.0324,5.7115,3.0823,-6.4714,11.4652,-1.262
82.061,5.022,5.7122,3.0823,-6.4689,11.4573,-1.262
82.112,5.0062,5.7131,3.0823,-6.4644,11.443,-1.2618
82.162,4.9958,5.7137,3.0823,-6.4612,11.433,-1.2617
82.212,4.98,5.7147,3.0823,-6.4566,11.4187,-1.2617
82.262,4.9695,5.7153,3.0823,-6.4537,11.4095,-1.2616
82.312,4.9591,5.7159,3.0823,-6.4491,11.3952,-1.2615
82.363,4.9433,5.7168,3.0823,-6.4459,11.3852,-1.2614
82.413,4.9329,5.7175,3.0823,-6.4411,11.3702,-1.2612
82.463,4.9171,5.7184,3.0823,-6.4379,11.3602,-1.2611
82.513,4.9067,5.719,3.0823,-6.4338,11.3473,-1.261
82.564,4.8962,5.7196,3.0823,-6.4308,11.338,-1.2609
82.614,4.8805,5.7206,3.0823,-6.4262,11.3237,-1.2607
82.664,4.87,5.7212,3.0823,-6.4233,11.3144,-1.2606
82.714,4.8595,5.7218,3.0823,-6.4187,11.3002,-1.2605
82.764,4.8438,5.7228,3.0823,-6.4155,11.2902,-1.2605
82.815,4.8333,5.7234,3.0823,-6.4107,11.2752,-1.2603
82.865,4.8176,5.7243,3.0823,-6.4074,11.2652,-1.2603
82.915,4.8071,5.7249,3.0823,-6.4033,11.2523,-1.26
82.965,4.7966,5.7256,3.0823,-6.3987,11.238,-1.2598
83.015,4.7809,5.7265,3.0823,-6.3958,11.2288,-1.2597
83.065,4.7704,5.7271,3.0823,-6.3925,11.2188,-1.2597
83.116,4.7547,5.728,3.0823,-6.3879,11.2045,-1.2595
83.166,4.7442,5.7287,3.0823,-6.385,11.1952,-1.2595
83.216,4.7337,5.7293,3.0823,-6.3801,11.1802,-1.2593
83.266,4.718,5.7302,3.0823,-6.3769,11.1702,-1.2592
83.317,4.7075,5.7308,3.0823,-6.3728,11.1574,-1.2591
83.367,4.697,5.7315,3.0823,-6.3682,11.1431,-1.2589
83.417,4.6813,5.7324,3.0823,-6.365,11.1331,-1.2589
83.467,4.6708,5.733,3.0823,-6.3603,11.1188,-1.2588
83.518,4.6551,5.734,3.0823,-6.3574,11.1095,-1.2587
83.568,4.6446,5.7346,3.0823,-6.3527,11.0953,-1.2585
83.618,4.6289,5.7355,3.0823,-6.3495,11.0853,-1.2584
83.669,4.6184,5.7361,3.0823,-6.3447,11.0703,-1.2582
83.719,4.6079,5.7368,3.0823,-6.3414,11.0603,-1.2581
83.769,4.5922,5.7377,3.0823,-6.3373,11.0474,-1.2581
83.819,4.5817,5.7383,3.0823,-6.3343,11.0382,-1.258
83.869,4.5713,5.7389,3.0823,-6.3297,11.0239,-1.2579
83.92,4.5555,5.7399,3.0823,-6.3267,11.0146,-1.2578
83.97,4.545,5.7405,3.0823,-6.3221,11.0003,-1.2576
84.02,4.5293,5.7414,3.0823,-6.3188,10.9904,-1.2575
84.07,4.5188,5.742,3.0823,-6.314,10.9754,-1.2573
84.12,4.5084,5.7427,3.0823,-6.3107,10.9654,-1.2573
84.171,4.4926,5.7436,3.0823,-6.3066,10.9525,-1.2572
84.221,4.4822,5.7442,3.0823,-6.3036,10.9433,-1.2571
84.271,4.4664,5.7452,3.0823,-6.2989,10.929,-1.2571
84.321,4.456,5.7458,3.0823,-6.2957,10.919,-1.2569
84.371,4.4455,5.7464,3.0823,-6.2911,10.9048,-1.2568
84.422,4.4298,5.7473,3.0823,-6.288,10.8955,-1.2568
84.472,4.4193,5.748,3.0823,-6.2832,10.8805,-1.2566
84.522,4.4035,5.7489,3.0823,-6.2799,10.8705,-1.2566
84.572,4.3931,5.7495,3.0823,-6.2758,10.8577,-1.2564
84.623,4.3826,5.7501,3.0823,-6.2725,10.8477,-1.2564
84.673,4.3669,5.7511,3.0823,-6.2679,10.8334,-1.2562
84.723,4.3564,5.7517,3.0823,-6.2649,10.8242,-1.2561
84.773,4.3407,5.7526,3.0823,-6.2602,10.8099,-1.256
84.823,4.3302,5.7532,3.0823,-6.2572,10.8006,-1.2558
84.874,4.3197,5.7539,3.0823,-6.2523,10.7856,-1.2557
84.924,4.304,5.7548,3.0823,-6.2491,10.7757,-1.2557
84.974,4.2935,5.7554,3.0823,-6.2442,10.7607,-1.2556
85.024,4.283,5.756,3.0823,-6.2416,10.7528,-1.2555
85.074,4.2673,5.757,3.0823,-6.237,10.7386,-1.2554
85.125,4.2568,5.7576,3.0823,-6.2339,10.7293,-1.2552
85.175,4.2411,5.7585,3.0823,-6.2293,10.7151,-1.2551
85.225,4.2306,5.7592,3.0823,-6.226,10.7051,-1.255
85.275,4.2201,5.7598,3.0823,-6.2214,10.6908,-1.2549
85.325,4.2044,5.7607,3.0823,-6.2181,10.6808,-1.2549
85.376,4.1939,5.7613,3.0823,-6.2132,10.6659,-1.2548
85.426,4.1782,5.7623,3.0823,-6.2106,10.658,-1.2548
85.476,4.1677,5.7629,3.0823,-6.206,10.6438,-1.2546
85.526,4.1572,5.7635,3.0823,-6.2013,10.6295,-1.2545
85.576,4.1415,5.7644,3.0823,-6.1981,10.6195,-1.2543
85.627,4.131,5.7651,3.0823,-6.1934,10.6053,-1.2543
85.677,4.1153,5.766,3.0823,-6.1903,10.596,-1.2542
85.727,4.1048,5.7666,3.0823,-6.1854,10.581,-1.2541
85.777,4.0943,5.7672,3.0823,-6.1822,10.5711,-1.254
85.827,4.0786,5.7682,3.0823,-6.178,10.5582,-1.2539
85.878,4.0681,5.7688,3.0823,-6.1747,10.5483,-1.2538
85.928,4.0577,5.7694,3.0823,-6.17,10.534,-1.2537
85.978,4.0419,5.7704,3.0823,-6.167,10.5247,-1.2536
86.028,4.0315,5.771,3.0823,-6.1623,10.5105,-1.2535
86.078,4.0157,5.7719,3.0823,-6.1593,10.5012,-1.2535
86.129,4.0052,5.7725,3.0823,-6.1543,10.4863,-1.2533
86.179,3.9948,5.7731,3.0823,-6.1511,10.4763,-1.2532
86.229,3.979,5.7741,3.0823,-6.1461,10.4613,-1.2531
86.279,3.9686,5.7747,3.0823,-6.1436,10.4535,-1.253
86.329,3.9528,5.7756,3.0823,-6.1389,10.4392,-1.2529
86.38,3.9424,5.7763,3.0823,-6.1358,10.43,-1.2529
86.43,3.9319,5.7769,3.0823,-6.1311,10.4157,-1.2528
86.48,3.9162,5.7778,3.0823,-6.1279,10.4058,-1.2527
86.53,3.9057,5.7784,3.0823,-6.1232,10.3915,-1.2525
86.58,3.89,5.7794,3.0823,-6.1199,10.3815,-1.2524
86.631,3.8795,5.78,3.0823,-6.1149,10.3666,-1.2523
86.681,3.869,5.7806,3.0823,-6.1124,10.3587,-1.2522
86.731,3.8533,5.7815,3.0823,-6.1077,10.3445,-1.2521
86.781,3.8428,5.7822,3.0823,-6.1044,10.3345,-1.252
86.831,3.8323,5.7828,3.0823,-6.0997,10.3203,-1.2519
86.882,3.8166,5.7837,3.0823,-6.0966,10.311,-1.2519
86.932,3.8061,5.7843,3.0823,-6.0919,10.2968,-1.2518
86.982,3.7904,5.7853,3.0823,-6.0886,10.2868,-1.2517
87.032,3.7799,5.7859,3.0823,-6.0837,10.2719,-1.2515
87.083,3.7694,5.7865,3.0823,-6.0804,10.2619,-1.2514
87.133,3.7537,5.7875,3.0823,-6.0761,10.2491,-1.2512
87.183,3.7432,5.7881,3.0823,-6.0731,10.2398,-1.2511
87.233,3.7275,5.789,3.0823,-6.0684,10.2256,-1.2509
87.283,3.717,5.7896,3.0823,-6.0653,10.2163,-1.2508
87.334,3.7065,5.7903,3.0823,-6.0606,10.2021,-1.2507
87.384,3.6908,5.7912,3.0823,-6.0573,10.1921,-1.2506
87.434,3.6803,5.7918,3.0823,-6.0523,10.1772,-1.2505
87.484,3.6646,5.7927,3.0823,-6.049,10.1672,-1.2504
87.534,3.6541,5.7934,3.0823,-6.0448,10.1544,-1.2503
87.585,3.6436,5.794,3.0823,-6.0417,10.1451,-1.2503
87.635,3.6279,5.7949,3.0823,-6.037,10.1309,-1.2502
87.685,3.6174,5.7955,3.0823,-6.0337,10.1209,-1.25
87.735,3.607,5.7962,3.0823,-6.0289,10.1067,-1.2498
87.786,3.5912,5.7971,3.0823,-6.0258,10.0974,-1.2497
87.836,3.5807,5.7977,3.0823,-6.0209,10.0825,-1.2496
87.886,3.565,5.7987,3.0823,-6.0159,10.0676,-1.2494
87.936,3.5545,5.7993,3.0823,-6.0133,10.0597,-1.2494
87.986,3.5388,5.8002,3.0823,-6.0086,10.0455,-1.2493
88.037,3.5283,5.8008,3.0823,-6.0052,10.0355,-1.2493
88.087,3.5179,5.8015,3.0823,-6.0005,10.0213,-1.2492
88.137,3.5021,5.8024,3.0823,-5.9974,10.0121,-1.2491
88.187,3.4917,5.803,3.0823,-5.9927,9.9978,-1.2491
88.237,3.4812,5.8036,3.0823,-5.9894,9.9879,-1.2491
88.288,3.4654,5.8046,3.0823,-5.9844,9.9729,-1.249
88.338,3.455,5.8052,3.0823,-5.9811,9.963,-1.2489
88.388,3.4392,5.8061,3.0823,-5.9768,9.9502,-1.2488
88.438,3.4288,5.8067,3.0823,-5.9737,9.9409,-1.2487
88.489,3.4183,5.8074,3.0823,-5.9689,9.9267,-1.2487
88.539,3.4026,5.8083,3.0823,-5.9659,9.9174,-1.2486
88.589,3.3921,5.8089,3.0823,-5.9611,9.9032,-1.2485
88.639,3.3764,5.8099,3.0823,-5.9578,9.8932,-1.2485
88.689,3.3659,5.8105,3.0823,-5.9528,9.8783,-1.2484
88.74,3.3554,5.8111,3.0823,-5.9495,9.8683,-1.2482
88.79,3.3397,5.812,3.0823,-5.9452,9.8555,-1.2482
88.84,3.3292,5.8127,3.0823,-5.9421,9.8463,-1.2481
88.89,3.3135,5.8136,3.0823,-5.9373,9.8321,-1.248
88.94,3.303,5.8142,3.0823,-5.934,9.8221,-1.2479
88.991,3.2925,5.8148,3.0823,-5.9292,9.8079,-1.2478
89.041,3.2768,5.8158,3.0823,-5.9261,9.7986,-1.2476
89.091,3.2663,5.8164,3.0823,-5.9211,9.7837,-1.2476
89.141,3.2558,5.817,3.0823,-5.9178,9.7738,-1.2475
89.192,3.2401,5.8179,3.0823,-5.9135,9.761,-1.2474
89.242,3.2296,5.8186,3.0823,-5.9102,9.751,-1.2473
89.292,3.2139,5.8195,3.0823,-5.9054,9.7368,-1.2472
89.342,3.2034,5.8201,3.0823,-5.9023,9.7275,-1.2471
89.392,3.1929,5.8207,3.0823,-5.8975,9.7133,-1.2471
89.443,3.1772,5.8217,3.0823,-5.8944,9.7041,-1.247
89.493,3.1667,5.8223,3.0823,-5.8894,9.6891,-1.2468
89.543,3.151,5.8232,3.0823,-5.8861,9.6792,-1.2468
89.593,3.1405,5.8239,3.0823,-5.8811,9.6642,-1.2467
89.644,3.13,5.8245,3.0823,-5.8784,9.6564,-1.2466
89.694,3.1143,5.8254,3.0823,-5.8737,9.6422,-1.2465
89.744,3.1038,5.826,3.0823,-5.8706,9.633,-1.2464
89.794,3.0881,5.827,3.0823,-5.8658,9.6188,-1.2461
89.844,3.0776,5.8276,3.0823,-5.861,9.6045,-1.246
89.895,3.0672,5.8282,3.0823,-5.8576,9.5946,-1.2459
89.945,3.0514,5.8291,3.0823,-5.8543,9.5846,-1.2458
89.995,3.0409,5.8298,3.0823,-5.8493,9.5697,-1.2457
90.045,3.0252,5.8307,3.0823,-5.8466,9.5619,-1.2456
90.095,3.0147,5.8313,3.0823,-5.8418,9.5477,-1.2455
90.146,3.0043,5.8319,3.0823,-5.837,9.5335,-1.2454
90.196,2.9885,5.8329,3.0823,-5.8337,9.5235,-1.2453
90.246,2.9781,5.8335,3.0823,-5.8306,9.5143,-1.2452
90.296,2.9676,5.8341,3.0823,-5.8258,9.5001,-1.2451
90.347,2.9519,5.8351,3.0823,-5.8224,9.4901,-1.245
90.397,2.9414,5.8357,3.0823,-5.8174,9.4752,-1.2448
90.447,2.9256,5.8366,3.0823,-5.813,9.4624,-1.2448
90.497,2.9152,5.8372,3.0823,-5.8097,9.4525,-1.2447
90.548,2.9047,5.8379,3.0823,-5.8049,9.4383,-1.2445
90.598,2.889,5.8388,3.0823,-5.8017,9.429,-1.2444
90.648,2.8785,5.8394,3.0823,-5.7969,9.4148,-1.2442
90.698,2.8628,5.8403,3.0823,-5.7938,9.4056,-1.2441
90.748,2.8523,5.841,3.0823,-5.7887,9.3907,-1.2439
90.799,2.8418,5.8416,3.0823,-5.7854,9.3807,-1.2438
90.849,2.8261,5.8425,3.0823,-5.7803,9.3658,-1.2437
90.899,2.8156,5.8431,3.0823,-5.7777,9.358,-1.2437
90.949,2.7999,5.8441,3.0823,-5.7728,9.3438,-1.2435
91.0,2.7894,5.8447,3.0823,-5.7697,9.3346,-1.2435
91.05,2.7789,5.8453,3.0823,-5.7649,9.3203,-1.2434
91.1,2.7632,5.8463,3.0823,-5.7615,9.3104,-1.2433
91.15,2.7527,5.8469,3.0823,-5.7567,9.2962,-1.2433
91.2,2.737,5.8478,3.0823,-5.7533,9.2863,-1.2431
91.251,2.7265,5.8484,3.0823,-5.7482,9.2713,-1.243
91.301,2.716,5.8491,3.0823,-5.7456,9.2635,-1.243
91.351,2.7003,5.85,3.0823,-5.7407,9.2493,-1.2429
91.401,2.6898,5.8506,3.0823,-5.7374,9.2394,-1.2427
91.451,2.6741,5.8515,3.0823,-5.7325,9.2252,-1.2427
91.502,2.6636,5.8522,3.0823,-5.7294,9.216,-1.2426
91.552,2.6531,5.8528,3.0823,-5.7246,9.2018,-1.2424
91.605,2.6374,5.8537,3.0823,-5.7212,9.1918,-1.2423
91.655,2.6269,5.8543,3.0823,-5.7161,9.1769,-1.2423
91.705,2.6112,5.8553,3.0823,-5.7117,9.1641,-1.2422
91.756,2.6007,5.8559,3.0823,-5.7083,9.1542,-1.2421
91.806,2.5902,5.8565,3.0823,-5.7052,9.145,-1.2421
91.856,2.5745,5.8575,3.0823,-5.7003,9.1308,-1.2421
91.906,2.564,5.8581,3.0823,-5.6955,9.1166,-1.2419
91.957,2.5483,5.859,3.0823,-5.6924,9.1074,-1.2419
92.007,2.5378,5.8596,3.0823,-5.6873,9.0925,-1.2418
92.057,2.5274,5.8603,3.0823,-5.6839,9.0825,-1.2418
92.107,2.5116,5.8612,3.0823,-5.6788,9.0676,-1.2417
92.157,2.5011,5.8618,3.0823,-5.6761,9.0598,-1.2417
92.208,2.4854,5.8627,3.0823,-5.6713,9.0456,-1.2415
92.258,2.4749,5.8634,3.0823,-5.6681,9.0364,-1.2414
92.308,2.4645,5.864,3.0823,-5.6633,9.0222,-1.2413
92.358,2.4487,5.8649,3.0823,-5.6599,9.0123,-1.2412
92.409,2.4383,5.8655,3.0823,-5.655,8.9981,-1.2412
92.459,2.4225,5.8665,3.0823,-5.6516,8.9881,-1.2411
92.509,2.4121,5.8671,3.0823,-5.6465,8.9732,-1.2409
92.559,2.4016,5.8677,3.0823,-5.6438,8.9654,-1.2409
92.61,2.3858,5.8687,3.0823,-5.639,8.9512,-1.2407
92.66,2.3754,5.8693,3.0823,-5.6356,8.9413,-1.2407
92.71,2.3649,5.8699,3.0823,-5.6307,8.9271,-1.2407
92.76,2.3492,5.8708,3.0823,-5.6276,8.9179,-1.2406
92.811,2.3387,5.8715,3.0823,-5.6227,8.9037,-1.2405
92.861,2.323,5.8724,3.0823,-5.6193,8.8938,-1.2404
92.911,2.3125,5.873,3.0823,-5.6142,8.8789,-1.2402
92.961,2.302,5.8736,3.0823,-5.6108,8.8689,-1.2401
93.011,2.2863,5.8746,3.0823,-5.6064,8.8562,-1.2399
93.062,2.2758,5.8752,3.0823,-5.6032,8.8469,-1.2398
93.112,2.2601,5.8761,3.0823,-5.5983,8.8328,-1.2397
93.162,2.2496,5.8767,3.0823,-5.5952,8.8235,-1.2396
93.212,2.2391,5.8774,3.0823,-5.5903,8.8094,-1.2395
93.263,2.2234,5.8783,3.0823,-5.5869,8.7994,-1.2394
93.313,2.2129,5.8789,3.0823,-5.5818,8.7845,-1.2392
93.363,2.1972,5.8799,3.0823,-5.5783,8.7746,-1.2391
93.413,2.1867,5.8805,3.0823,-5.5739,8.7618,-1.2389
93.463,2.1762,5.8811,3.0823,-5.5708,8.7526,-1.2388
93.514,2.1605,5.882,3.0823,-5.5659,8.7384,-1.2387
93.564,2.15,5.8827,3.0823,-5.5624,8.7285,-1.2386
93.614,2.1343,5.8836,3.0823,-5.5576,8.7143,-1.2385
93.664,2.1238,5.8842,3.0823,-5.5544,8.7051,-1.2384
93.714,2.1133,5.8848,3.0823,-5.5492,8.6902,-1.2384
93.765,2.0976,5.8858,3.0823,-5.5458,8.6803,-1.2382
93.815,2.0871,5.8864,3.0823,-5.5414,8.6675,-1.2381
93.865,2.0766,5.887,3.0823,-5.5365,8.6534,-1.2381
93.915,2.0609,5.8879,3.0823,-5.5331,8.6434,-1.238
93.965,2.0504,5.8886,3.0823,-5.5299,8.6342,-1.238
94.016,2.0347,5.8895,3.0823,-5.525,8.6201,-1.2379
94.066,2.0242,5.8901,3.0823,-5.5218,8.6108,-1.2378
94.116,2.0138,5.8907,3.0823,-5.5166,8.596,-1.2377
94.166,1.998,5.8917,3.0823,-5.5115,8.5811,-1.2374
94.217,1.9876,5.8923,3.0823,-5.5081,8.5711,-1.2373
94.267,1.9718,5.8932,3.0823,-5.5036,8.5584,-1.2373
94.317,1.9613,5.8939,3.0823,-5.5004,8.5492,-1.2372
94.368,1.9509,5.8945,3.0823,-5.4973,8.54,-1.2372
94.418,1.9351,5.8954,3.0823,-5.4923,8.5258,-1.237
94.468,1.9247,5.896,3.0823,-5.4874,8.5116,-1.2369
94.518,1.9089,5.897,3.0823,-5.484,8.5017,-1.2369
94.568,1.8985,5.8976,3.0823,-5.4788,8.4868,-1.2367
94.619,1.888,5.8982,3.0823,-5.4754,8.4769,-1.2366
94.669,1.8723,5.8991,3.0823,-5.471,8.4641,-1.2365
94.719,1.8618,5.8998,3.0823,-5.4678,8.4549,-1.2364
94.769,1.8461,5.9007,3.0823,-5.4628,8.4408,-1.2364
94.82,1.8356,5.9013,3.0823,-5.4594,8.4308,-1.2364
94.87,1.8251,5.9019,3.0823,-5.4545,8.4167,-1.2362
94.92,1.8094,5.9029,3.0823,-5.4513,8.4075,-1.2361
94.97,1.7989,5.9035,3.0823,-5.4461,8.3926,-1.2361
95.021,1.7884,5.9041,3.0823,-5.4426,8.3827,-1.236
95.071,1.7727,5.9051,3.0823,-5.4382,8.3699,-1.2359
95.121,1.7622,5.9057,3.0823,-5.4347,8.36,-1.2358
95.171,1.7465,5.9066,3.0823,-5.4298,8.3458,-1.2357
95.221,1.736,5.9072,3.0823,-5.4266,8.3366,-1.2355
95.272,1.7255,5.9079,3.0823,-5.4217,8.3225,-1.2353
95.322,1.7098,5.9088,3.0823,-5.4185,8.3133,-1.2352
95.372,1.6993,5.9094,3.0823,-5.4133,8.2984,-1.2352
95.422,1.6836,5.9103,3.0823,-5.4098,8.2885,-1.2351
95.472,1.6731,5.911,3.0823,-5.4046,8.2736,-1.2349
95.523,1.6626,5.9116,3.0823,-5.4019,8.2658,-1.2349
95.573,1.6469,5.9125,3.0823,-5.397,8.2517,-1.2347
95.623,1.6364,5.9131,3.0823,-5.3937,8.2425,-1.2347
95.673,1.6207,5.9141,3.0823,-5.3888,8.2283,-1.2346
95.724,1.6102,5.9147,3.0823,-5.3853,8.2184,-1.2345
95.774,1.5997,5.9153,3.0823,-5.3804,8.2042,-1.2345
95.824,1.584,5.9163,3.0823,-5.3769,8.1943,-1.2344
95.874,1.5735,5.9169,3.0823,-5.3717,8.1794,-1.2344
95.924,1.5578,5.9178,3.0823,-5.369,8.1717,-1.2343
95.975,1.5473,5.9184,3.0823,-5.364,8.1575,-1.2341
96.025,1.5368,5.9191,3.0823,-5.3606,8.1476,-1.234
96.075,1.5211,5.92,3.0823,-5.3556,8.1334,-1.2339
96.125,1.5106,5.9206,3.0823,-5.3524,8.1242,-1.2338
96.175,1.5002,5.9212,3.0823,-5.3474,8.1101,-1.2338
96.226,1.4844,5.9222,3.0823,-5.344,8.1002,-1.2337
96.276,1.474,5.9228,3.0823,-5.3387,8.0853,-1.2335
96.326,1.4582,5.9237,3.0823,-5.3343,8.0726,-1.2334
96.376,1.4478,5.9243,3.0823,-5.3308,8.0627,-1.2333
96.427,1.4373,5.925,3.0823,-5.3276,8.0535,-1.2333
96.477,1.4215,5.9259,3.0823,-5.3226,8.0393,-1.2331
96.527,1.4111,5.9265,3.0823,-5.3176,8.0251,-1.233
96.577,1.3953,5.9275,3.0823,-5.3144,8.016,-1.2329
96.628,1.3849,5.9281,3.0823,-5.3092,8.0011,-1.2329
96.678,1.3744,5.9287,3.0823,-5.3057,7.9912,-1.2329
96.728,1.3587,5.9296,3.0823,-5.3005,7.9763,-1.2327
96.778,1.3482,5.9303,3.0823,-5.2977,7.9685,-1.2326
96.828,1.3325,5.9312,3.0823,-5.2928,7.9544,-1.2325
96.879,1.322,5.9318,3.0823,-5.2895,7.9452,-1.2324
96.929,1.3115,5.9324,3.0823,-5.2845,7.931,-1.2323
96.979,1.2958,5.9334,3.0823,-5.2811,7.9211,-1.2323
97.03,1.2853,5.934,3.0823,-5.2761,7.907,-1.2322
97.08,1.2696,5.9349,3.0823,-5.2726,7.8971,-1.2321
97.13,1.2591,5.9355,3.0823,-5.2674,7.8822,-1.232
97.18,1.2486,5.9362,3.0823,-5.2646,7.8745,-1.232
97.23,1.2329,5.9371,3.0823,-5.2596,7.8603,-1.2319
97.281,1.2224,5.9377,3.0823,-5.2561,7.8504,-1.2319
97.331,1.2119,5.9383,3.0823,-5.2512,7.8363,-1.2318
97.381,1.1962,5.9393,3.0823,-5.2479,7.8271,-1.2317
97.431,1.1857,5.9399,3.0823,-5.2429,7.8129,-1.2315
97.482,1.17,5.9408,3.0823,-5.2394,7.803,-1.2314
97.532,1.1595,5.9415,3.0823,-5.2342,7.7882,-1.2312
97.582,1.149,5.9421,3.0823,-5.2307,7.7783,-1.2311
97.632,1.1333,5.943,3.0823,-5.2262,7.7655,-1.231
97.683,1.1228,5.9436,3.0823,-5.2229,7.7563,-1.231
97.733,1.1071,5.9446,3.0823,-5.2179,7.7422,-1.2309
97.783,1.0966,5.9452,3.0823,-5.2147,7.733,-1.2308
97.833,1.0861,5.9458,3.0823,-5.2097,7.7189,-1.2307
97.883,1.0704,5.9467,3.0823,-5.2062,7.709,-1.2307
97.934,1.0599,5.9474,3.0823,-5.2009,7.6941,-1.2305
97.984,1.0442,5.9483,3.0823,-5.1974,7.6842,-1.2304
98.034,1.0337,5.9489,3.0823,-5.1929,7.6715,-1.2303
98.085,1.0232,5.9495,3.0823,-5.1897,7.6623,-1.2303
98.135,1.0075,5.9505,3.0823,-5.1846,7.6482,-1.2301
98.186,0.997,5.9511,3.0823,-5.1796,7.634,-1.23
98.236,0.9813,5.952,3.0823,-5.1761,7.6241,-1.2298
98.286,0.9708,5.9527,3.0823,-5.1729,7.615,-1.2298
98.336,0.9604,5.9533,3.0823,-5.1676,7.6001,-1.2297
98.386,0.9446,5.9542,3.0823,-5.1623,7.5853,-1.2296
98.437,0.9342,5.9548,3.0823,-5.1596,7.5775,-1.2295
98.487,0.9184,5.9558,3.0823,-5.1545,7.5634,-1.2293
98.537,0.908,5.9564,3.0823,-5.151,7.5535,-1.2293
98.587,0.8975,5.957,3.0823,-5.146,7.5393,-1.2292
98.638,0.8817,5.9579,3.0823,-5.1427,7.5301,-1.2292
98.688,0.8713,5.9586,3.0823,-5.1377,7.516,-1.2291
98.738,0.8608,5.9592,3.0823,-5.1342,7.5061,-1.229
98.788,0.8451,5.9601,3.0823,-5.1289,7.4913,-1.2289
98.839,0.8346,5.9607,3.0823,-5.1254,7.4814,-1.2289
98.889,0.8189,5.9617,3.0823,-5.1209,7.4687,-1.2288
98.939,0.8084,5.9623,3.0823,-5.1176,7.4595,-1.2287
98.989,0.7979,5.9629,3.0823,-5.1126,7.4454,-1.2285
99.04,0.7822,5.9638,3.0823,-5.1093,7.4362,-1.2284
99.09,0.7717,5.9645,3.0823,-5.1042,7.422,-1.2283
99.14,0.756,5.9654,3.0823,-5.1007,7.4121,-1.2282
99.191,0.7455,5.966,3.0823,-5.0954,7.3973,-1.228
99.241,0.735,5.9666,3.0823,-5.0919,7.3874,-1.2279
99.291,0.7193,5.9676,3.0823,-5.0874,7.3747,-1.2278
99.341,0.7088,5.9682,3.0823,-5.0841,7.3655,-1.2277
99.392,0.6931,5.9691,3.0823,-5.079,7.3514,-1.2276
99.442,0.6826,5.9698,3.0823,-5.0755,7.3415,-1.2275
99.492,0.6721,5.9704,3.0823,-5.0704,7.3274,-1.2275
99.542,0.6564,5.9713,3.0823,-5.0672,7.3182,-1.2275
99.593,0.6459,5.9719,3.0823,-5.0619,7.3034,-1.2273
99.643,0.6302,5.9729,3.0823,-5.0583,7.2935,-1.2273
99.693,0.6197,5.9735,3.0823,-5.0538,7.2808,-1.2272
99.743,0.6092,5.9741,3.0823,-5.0502,7.2709,-1.2271
99.794,0.5935,5.975,3.0823,-5.0452,7.2568,-1.227
99.844,0.583,5.9757,3.0823,-5.0419,7.2476,-1.2269
99.894,0.5673,5.9766,3.0823,-5.0368,7.2335,-1.2269
99.944,0.5568,5.9772,3.0823,-5.0336,7.2243,-1.2267
99.994,0.5463,5.9778,3.0823,-5.0282,7.2095,-1.2265
100.045,0.5306,5.9788,3.0823,-5.0229,7.1946,-1.2264
100.095,0.5201,5.9794,3.0823,-5.0194,7.1848,-1.2263
100.145,0.5044,5.9803,3.0823,-5.0166,7.177,-1.2263
100.195,0.4939,5.981,3.0823,-5.0115,7.1629,-1.2261
100.246,0.4834,5.9816,3.0823,-5.0082,7.1537,-1.2261
100.296,0.4677,5.9825,3.0823,-5.0032,7.1396,-1.2259
100.346,0.4572,5.9831,3.0823,-4.9981,7.1255,-1.2258
100.396,0.4468,5.9838,3.0823,-4.9945,7.1156,-1.2257
100.446,0.431,5.9847,3.0823,-4.991,7.1057,-1.2255
100.497,0.4206,5.9853,3.0823,-4.9857,7.0909,-1.2253
100.547,0.4048,5.9862,3.0823,-4.9811,7.0782,-1.2251
100.597,0.3944,5.9869,3.0823,-4.9778,7.069,-1.2251
100.649,0.3839,5.9875,3.0823,-4.9727,7.0549,-1.225
100.699,0.3682,5.9884,3.0823,-4.9691,7.045,-1.2249
100.75,0.3577,5.989,3.0823,-4.964,7.0309,-1.2247
100.8,0.3419,5.99,3.0823,-4.9607,7.0217,-1.2246
100.85,0.3315,5.9906,3.0823,-4.9554,7.0069,-1.2245
100.9,0.321,5.9912,3.0823,-4.9518,6.997,-1.2244
100.95,0.3053,5.9922,3.0823,-4.9472,6.9843,-1.2242
101.001,0.2948,5.9928,3.0823,-4.9437,6.9745,-1.2241
101.051,0.2791,5.9937,3.0823,-4.9386,6.9604,-1.2239
101.101,0.2686,5.9943,3.0823,-4.9353,6.9512,-1.2239
101.151,0.2581,5.995,3.0823,-4.9302,6.9371,-1.2237
101.202,0.2424,5.9959,3.0823,-4.9268,6.9279,-1.2237
101.252,0.2319,5.9965,3.0823,-4.9215,6.9131,-1.2236
101.302,0.2162,5.9974,3.0823,-4.9179,6.9032,-1.2235
101.352,0.2057,5.9981,3.0823,-4.9126,6.8884,-1.2234
101.403,0.1952,5.9987,3.0823,-4.9097,6.8807,-1.2233
101.453,0.1795,5.9996,3.0823,-4.9046,6.8666,-1.2232
101.503,0.169,6.0002,3.0823,-4.9013,6.8574,-1.2232
101.553,0.1533,6.0012,3.0823,-4.8962,6.8433,-1.2231
101.604,0.1428,6.0018,3.0823,-4.8926,6.8334,-1.2231
101.654,0.1323,6.0024,3.0823,-4.8875,6.8193,-1.2229
101.704,0.1166,6.0034,3.0823,-4.8839,6.8094,-1.2229
101.754,0.1061,6.004,3.0823,-4.8786,6.7946,-1.2227
101.805,0.0904,6.0049,3.0823,-4.8758,6.7869,-1.2226
101.855,0.0799,6.0055,3.0823,-4.8706,6.7728,-1.2224
101.905,0.0694,6.0062,3.0823,-4.8655,6.7587,-1.2222
101.955,0.0537,6.0071,3.0823,-4.8619,6.7488,-1.2221
102.005,0.0432,6.0077,3.0823,-4.8586,6.7397,-1.222
102.056,0.0327,6.0083,3.0823,-4.8535,6.7256,-1.2218
102.106,0.017,6.0093,3.0823,-4.8481,6.7108,-1.2217
102.156,0.0065,6.0099,3.0823,-4.8445,6.7009,-1.2216
102.206,-0.0092,6.0108,3.0823,-4.8399,6.6882,-1.2215
102.256,-0.0197,6.0114,3.0823,-4.8363,6.6783,-1.2214
102.307,-0.0301,6.0121,3.0823,-4.8329,6.6692,-1.2214
102.357,-0.0459,6.013,3.0823,-4.8278,6.6551,-1.2213
102.407,-0.0564,6.0136,3.0823,-4.8227,6.641,-1.2212
102.457,-0.0721,6.0146,3.0823,-4.8193,6.6318,-1.2211
102.508,-0.0826,6.0152,3.0823,-4.8139,6.617,-1.2209
102.558,-0.093,6.0158,3.0823,-4.8103,6.6072,-1.2208
102.608,-0.1088,6.0167,3.0823,-4.8049,6.5924,-1.2207
102.658,-0.1192,6.0174,3.0823,-4.8021,6.5846,-1.2207
102.708,-0.135,6.0183,3.0823,-4.797,6.5705,-1.2206
102.759,-0.1454,6.0189,3.0823,-4.7936,6.5614,-1.2206
102.809,-0.1559,6.0195,3.0823,-4.7885,6.5473,-1.2204
102.859,-0.1716,6.0205,3.0823,-4.7849,6.5374,-1.2203
102.909,-0.1821,6.0211,3.0823,-4.7797,6.5233,-1.2203
102.96,-0.1926,6.0217,3.0823,-4.7761,6.5135,-1.2202
103.01,-0.2083,6.0226,3.0823,-4.7707,6.4987,-1.22
103.06,-0.2188,6.0233,3.0823,-4.7679,6.4909,-1.22
103.11,-0.2345,6.0242,3.0823,-4.7627,6.4769,-1.2199
103.161,-0.245,6.0248,3.0823,-4.7591,6.467,-1.2198
103.211,-0.2555,6.0254,3.0823,-4.7539,6.4529,-1.2197
103.261,-0.2712,6.0264,3.0823,-4.7506,6.4438,-1.2196
103.311,-0.2817,6.027,3.0823,-4.7454,6.4297,-1.2195
103.362,-0.2974,6.0279,3.0823,-4.7418,6.4198,-1.2195
103.412,-0.3079,6.0286,3.0823,-4.7364,6.405,-1.2194
103.462,-0.3184,6.0292,3.0823,-4.7328,6.3952,-1.2194
103.512,-0.3341,6.0301,3.0823,-4.7281,6.3825,-1.2192
103.563,-0.3446,6.0307,3.0823,-4.7248,6.3733,-1.2191
103.613,-0.3603,6.0317,3.0823,-4.7196,6.3593,-1.219
103.663,-0.3708,6.0323,3.0823,-4.7162,6.3501,-1.2189
103.713,-0.3813,6.0329,3.0823,-4.7111,6.336,-1.2188
103.764,-0.397,6.0338,3.0823,-4.7074,6.3262,-1.2187
103.814,-0.4075,6.0345,3.0823,-4.702,6.3114,-1.2187
103.864,-0.4232,6.0354,3.0823,-4.6984,6.3015,-1.2187
103.914,-0.4337,6.036,3.0823,-4.6937,6.2889,-1.2186
103.964,-0.4442,6.0366,3.0823,-4.6904,6.2797,-1.2184
104.015,-0.4599,6.0376,3.0823,-4.6852,6.2656,-1.2184
104.065,-0.4704,6.0382,3.0823,-4.68,6.2516,-1.2182
104.115,-0.4861,6.0391,3.0823,-4.6764,6.2417,-1.2181
104.165,-0.4966,6.0398,3.0823,-4.673,6.2325,-1.2179
104.216,-0.5071,6.0404,3.0823,-4.6676,6.2178,-1.2179
104.266,-0.5228,6.0413,3.0823,-4.6639,6.2079,-1.2177
104.316,-0.5333,6.0419,3.0823,-4.6593,6.1952,-1.2176
104.366,-0.5437,6.0426,3.0823,-4.6541,6.1812,-1.2175
104.416,-0.5595,6.0435,3.0823,-4.6497,6.1692,-1.2173
104.467,-0.5699,6.0441,3.0823,-4.6471,6.1622,-1.2172
104.517,-0.5804,6.0447,3.0823,-4.6419,6.1481,-1.2171
104.569,-0.5962,6.0457,3.0823,-4.6385,6.139,-1.217
104.619,-0.6066,6.0463,3.0823,-4.6349,6.1291,-1.217
104.669,-0.6171,6.0469,3.0823,-4.6294,6.1143,-1.2168
104.72,-0.6328,6.0478,3.0823,-4.6239,6.0996,-1.2166
104.77,-0.6433,6.0485,3.0823,-4.6211,6.0918,-1.2165
104.82,-0.659,6.0494,3.0823,-4.6159,6.0778,-1.2165
104.87,-0.6695,6.05,3.0823,-4.6125,6.0686,-1.2164
104.92,-0.68,6.0506,3.0823,-4.6073,6.0545,-1.2162
104.972,-0.6957,6.0516,3.0823,-4.6036,6.0447,-1.2161
105.022,-0.7062,6.0522,3.0823,-4.5977,6.0285,-1.216
105.072,-0.7219,6.0531,3.0823,-4.5948,6.0208,-1.2159
105.123,-0.7324,6.0538,3.0823,-4.5893,6.006,-1.2158
105.173,-0.7429,6.0544,3.0823,-4.5864,5.9983,-1.2157
105.223,-0.7586,6.0553,3.0823,-4.5812,5.9842,-1.2156
105.273,-0.7691,6.0559,3.0823,-4.5776,5.9744,-1.2156
105.324,-0.7848,6.0569,3.0823,-4.5724,5.9603,-1.2155
105.374,-0.7953,6.0575,3.0823,-4.569,5.9512,-1.2154
105.424,-0.8058,6.0581,3.0823,-4.5638,5.9371,-1.2153
105.474,-0.8215,6.059,3.0823,-4.5601,5.9273,-1.2152
105.525,-0.832,6.0597,3.0823,-4.5546,5.9125,-1.2153
105.575,-0.8477,6.0606,3.0823,-4.5499,5.8998,-1.2151
105.625,-0.8582,6.0612,3.0823,-4.5463,5.89,-1.215
105.675,-0.8687,6.0618,3.0823,-4.5429,5.8809,-1.2149
105.726,-0.8844,6.0628,3.0823,-4.5376,5.8668,-1.2148
105.776,-0.8949,6.0634,3.0823,-4.5324,5.8527,-1.2147
105.826,-0.9106,6.0643,3.0823,-4.529,5.8436,-1.2147
105.876,-0.9211,6.065,3.0823,-4.5235,5.8288,-1.2146
105.926,-0.9316,6.0656,3.0823,-4.5199,5.819,-1.2145
105.977,-0.9473,6.0665,3.0823,-4.5162,5.8092,-1.2144
106.027,-0.9578,6.0671,3.0823,-4.5115,5.7965,-1.2142
106.077,-0.9735,6.0681,3.0823,-4.5062,5.7825,-1.2141
106.127,-0.984,6.0687,3.0823,-4.5028,5.7733,-1.214
106.178,-0.9944,6.0693,3.0823,-4.4976,5.7593,-1.2138
106.228,-1.0102,6.0702,3.0823,-4.4939,5.7494,-1.2137
106.278,-1.0207,6.0709,3.0823,-4.4887,5.7354,-1.2135
106.328,-1.0311,6.0715,3.0823,-4.485,5.7255,-1.2134
106.378,-1.0469,6.0724,3.0823,-4.4795,5.7108,-1.2133
106.429,-1.0573,6.073,3.0823,-4.4766,5.7031,-1.2132
106.479,-1.0731,6.074,3.0823,-4.4714,5.689,-1.213
106.529,-1.0835,6.0746,3.0823,-4.4677,5.6792,-1.213
106.58,-1.094,6.0752,3.0823,-4.4643,5.67,-1.2129
106.63,-1.1097,6.0762,3.0823,-4.459,5.656,-1.2128
106.68,-1.1202,6.0768,3.0823,-4.4538,5.6419,-1.2127
106.731,-1.1359,6.0777,3.0823,-4.4501,5.6321,-1.2127
106.781,-1.1464,6.0783,3.0823,-4.4446,5.6174,-1.2126
106.831,-1.1569,6.079,3.0823,-4.4409,5.6075,-1.2125
106.881,-1.1726,6.0799,3.0823,-4.4361,5.5949,-1.2124
106.932,-1.1831,6.0805,3.0823,-4.4327,5.5857,-1.2123
106.982,-1.1988,6.0814,3.0823,-4.4275,5.5717,-1.2123
107.032,-1.2093,6.0821,3.0823,-4.424,5.5626,-1.2122
107.082,-1.2198,6.0827,3.0823,-4.4188,5.5485,-1.212
107.133,-1.2355,6.0836,3.0823,-4.4151,5.5387,-1.2119
107.183,-1.246,6.0842,3.0823,-4.4096,5.5239,-1.2118
107.233,-1.2617,6.0852,3.0823,-4.4059,5.5141,-1.2118
107.283,-1.2722,6.0858,3.0823,-4.4011,5.5015,-1.2117
107.333,-1.2827,6.0864,3.0823,-4.3977,5.4923,-1.2116
107.384,-1.2984,6.0874,3.0823,-4.3924,5.4783,-1.2115
107.434,-1.3089,6.088,3.0823,-4.3887,5.4685,-1.2114
107.484,-1.3246,6.0889,3.0823,-4.3834,5.4544,-1.2113
107.534,-1.3351,6.0895,3.0823,-4.38,5.4453,-1.2113
107.585,-1.3456,6.0902,3.0823,-4.3745,5.4306,-1.2111
107.635,-1.3613,6.0911,3.0823,-4.3708,5.4207,-1.211
107.685,-1.3718,6.0917,3.0823,-4.366,5.4081,-1.2109
107.735,-1.3823,6.0923,3.0823,-4.3623,5.3983,-1.2108
107.786,-1.398,6.0933,3.0823,-4.357,5.3842,-1.2107
107.836,-1.4085,6.0939,3.0823,-4.3536,5.3751,-1.2107
107.886,-1.4242,6.0948,3.0823,-4.3483,5.3611,-1.2105
107.936,-1.4347,6.0954,3.0823,-4.3449,5.3519,-1.2105
107.987,-1.4452,6.0961,3.0823,-4.3393,5.3372,-1.2105
108.037,-1.4609,6.097,3.0823,-4.3343,5.3239,-1.2103
108.087,-1.4714,6.0976,3.0823,-4.3301,5.3126,-1.2102
108.137,-1.4871,6.0986,3.0823,-4.3253,5.3,-1.2101
108.187,-1.4976,6.0992,3.0823,-4.3219,5.2909,-1.21
108.238,-1.508,6.0998,3.0823,-4.3166,5.2769,-1.2098
108.288,-1.5238,6.1007,3.0823,-4.3131,5.2677,-1.2097
108.338,-1.5342,6.1014,3.0823,-4.3078,5.2537,-1.2097
108.388,-1.55,6.1023,3.0823,-4.3041,5.2439,-1.2096
108.438,-1.5605,6.1029,3.0823,-4.2986,5.2291,-1.2093
108.489,-1.5709,6.1035,3.0823,-4.2948,5.2193,-1.2093
108.539,-1.5867,6.1045,3.0823,-4.2901,5.2067,-1.2092
108.589,-1.5971,6.1051,3.0823,-4.2866,5.1976,-1.2092
108.639,-1.6129,6.106,3.0823,-4.2813,5.1836,-1.209
108.689,-1.6233,6.1066,3.0823,-4.2776,5.1737,-1.209
108.74,-1.6338,6.1073,3.0823,-4.2723,5.1597,-1.2089
108.791,-1.6495,6.1082,3.0823,-4.2688,5.1506,-1.2087
108.841,-1.66,6.1088,3.0823,-4.2632,5.1359,-1.2087
108.892,-1.6757,6.1098,3.0823,-4.2595,5.126,-1.2086
108.942,-1.6862,6.1104,3.0823,-4.2547,5.1134,-1.2085
108.992,-1.6967,6.111,3.0823,-4.251,5.1036,-1.2084
109.042,-1.7124,6.1119,3.0823,-4.2457,5.0896,-1.2082
109.092,-1.7229,6.1126,3.0823,-4.2422,5.0805,-1.2082
109.143,-1.7334,6.1132,3.0823,-4.2369,5.0664,-1.2081
109.193,-1.7491,6.1141,3.0823,-4.2335,5.0573,-1.2081
109.243,-1.7596,6.1147,3.0823,-4.2279,5.0426,-1.2079
109.293,-1.7753,6.1157,3.0823,-4.2241,5.0328,-1.2078
109.344,-1.7858,6.1163,3.0823,-4.2186,5.018,-1.2077
109.394,-1.7963,6.1169,3.0823,-4.2156,5.0103,-1.2077
109.444,-1.812,6.1178,3.0823,-4.2103,4.9963,-1.2076
109.494,-1.8225,6.1185,3.0823,-4.2068,4.9872,-1.2075
109.544,-1.8382,6.1194,3.0823,-4.2015,4.9732,-1.2073
109.595,-1.8487,6.12,3.0823,-4.1978,4.9634,-1.2072
109.645,-1.8592,6.1206,3.0823,-4.1924,4.9493,-1.207
109.695,-1.8749,6.1216,3.0823,-4.1887,4.9395,-1.2069
109.745,-1.8801,6.1219,3.0823,-4.1855,4.9311,-1.2069
109.796,-1.8959,6.1228,3.0823,-4.1802,4.9171,-1.2068
109.846,-1.9063,6.1234,3.0823,-4.1764,4.9073,-1.2067
109.896,-1.9221,6.1244,3.0823,-4.1711,4.8933,-1.2066
109.946,-1.9325,6.125,3.0823,-4.1676,4.8842,-1.2065
109.997,-1.943,6.1256,3.0823,-4.1623,4.8702,-1.2063
110.047,-1.9588,6.1266,3.0823,-4.1588,4.861,-1.2061
110.097,-1.9692,6.1272,3.0823,-4.1532,4.8463,-1.2059
110.147,-1.985,6.1281,3.0823,-4.1494,4.8365,-1.2059
110.198,-1.9954,6.1287,3.0823,-4.1438,4.8218,-1.2057
110.248,-2.0059,6.1294,3.0823,-4.1408,4.8141,-1.2057
110.298,-2.0216,6.1303,3.0823,-4.1355,4.8001,-1.2056
110.348,-2.0321,6.1309,3.0823,-4.132,4.791,-1.2055
110.399,-2.0478,6.1318,3.0823,-4.1266,4.777,-1.2053
110.449,-2.0583,6.1325,3.0823,-4.1213,4.763,-1.2052
110.499,-2.0688,6.1331,3.0823,-4.1175,4.7532,-1.2052
110.549,-2.0845,6.134,3.0823,-4.1138,4.7434,-1.2051
110.599,-2.095,6.1346,3.0823,-4.1081,4.7286,-1.205
110.65,-2.1107,6.1356,3.0823,-4.1033,4.716,-1.2049
110.7,-2.1212,6.1362,3.0823,-4.0998,4.7069,-1.2049
110.75,-2.1317,6.1368,3.0823,-4.0945,4.6929,-1.2048
110.8,-2.1474,6.1378,3.0823,-4.0907,4.6831,-1.2048
110.851,-2.1579,6.1384,3.0823,-4.0872,4.674,-1.2046
110.901,-2.1736,6.1393,3.0823,-4.0818,4.66,-1.2045
110.951,-2.1841,6.1399,3.0823,-4.0762,4.6453,-1.2043
111.001,-2.1946,6.1406,3.0823,-4.0724,4.6355,-1.2043
111.051,-2.2103,6.1415,3.0823,-4.0676,4.6229,-1.2042
111.102,-2.2208,6.1421,3.0823,-4.0638,4.6131,-1.2041
111.152,-2.2313,6.1427,3.0823,-4.0585,4.5991,-1.2039
111.202,-2.247,6.1437,3.0823,-4.055,4.59,-1.2038
111.252,-2.2575,6.1443,3.0823,-4.0496,4.576,-1.2038
111.302,-2.2732,6.1452,3.0823,-4.0461,4.5669,-1.2036
111.353,-2.2837,6.1458,3.0823,-4.0404,4.5522,-1.2035
111.403,-2.2942,6.1465,3.0823,-4.0366,4.5424,-1.2034
111.453,-2.3099,6.1474,3.0823,-4.031,4.5277,-1.2032
111.503,-2.3204,6.148,3.0823,-4.028,4.52,-1.2032
111.554,-2.3361,6.1489,3.0823,-4.0226,4.506,-1.2031
111.604,-2.3466,6.1496,3.0823,-4.0191,4.4969,-1.203
111.654,-2.3571,6.1502,3.0823,-4.0137,4.4829,-1.2029
111.704,-2.3728,6.1511,3.0823,-4.01,4.4731,-1.2029
111.755,-2.3833,6.1517,3.0823,-4.0046,4.4591,-1.2028
111.805,-2.399,6.1527,3.0823,-4.0008,4.4493,-1.2027
111.855,-2.4095,6.1533,3.0823,-3.9951,4.4346,-1.2025
111.905,-2.4199,6.1539,3.0823,-3.9921,4.4269,-1.2025
111.955,-2.4357,6.1549,3.0823,-3.9867,4.4129,-1.2024
112.006,-2.4461,6.1555,3.0823,-3.983,4.4031,-1.2022
112.056,-2.4619,6.1564,3.0823,-3.9776,4.3891,-1.2021
112.106,-2.4723,6.157,3.0823,-3.974,4.38,-1.202
112.157,-2.4828,6.1577,3.0823,-3.9686,4.3661,-1.2017
112.207,-2.4986,6.1586,3.0823,-3.9648,4.3563,-1.2017
112.257,-2.509,6.1592,3.0823,-3.9592,4.3416,-1.2015
112.307,-2.5195,6.1598,3.0823,-3.9554,4.3318,-1.2015
112.358,-2.5352,6.1608,3.0823,-3.9505,4.3192,-1.2014
112.408,-2.5457,6.1614,3.0823,-3.947,4.3101,-1.2013
112.458,-2.5614,6.1623,3.0823,-3.9416,4.2961,-1.2012
112.508,-2.5719,6.1629,3.0823,-3.938,4.287,-1.2012
112.559,-2.5824,6.1636,3.0823,-3.9326,4.273,-1.2011
112.609,-2.5981,6.1645,3.0823,-3.9269,4.2584,-1.2008
112.659,-2.6086,6.1651,3.0823,-3.9231,4.2486,-1.2007
112.709,-2.6243,6.1661,3.0823,-3.9193,4.2388,-1.2007
112.759,-2.6348,6.1667,3.0823,-3.9144,4.2262,-1.2006
112.81,-2.6453,6.1673,3.0823,-3.9109,4.2171,-1.2005
112.86,-2.661,6.1682,3.0823,-3.9055,4.2031,-1.2003
112.91,-2.6715,6.1689,3.0823,-3.9017,4.1933,-1.2002
112.96,-2.6872,6.1698,3.0823,-3.8963,4.1793,-1.2003
113.01,-2.6977,6.1704,3.0823,-3.8927,4.1703,-1.2002
113.061,-2.7082,6.171,3.0823,-3.887,4.1556,-1.2
113.111,-2.7239,6.172,3.0823,-3.8813,4.1409,-1.1999
113.161,-2.7344,6.1726,3.0823,-3.8783,4.1332,-1.1999
113.211,-2.7501,6.1735,3.0823,-3.8729,4.1192,-1.1999
113.261,-2.7606,6.1741,3.0823,-3.8691,4.1094,-1.1998
113.312,-2.7711,6.1748,3.0823,-3.8655,4.1004,-1.1997
113.362,-2.7868,6.1757,3.0823,-3.8601,4.0864,-1.1997
113.412,-2.7973,6.1763,3.0823,-3.8547,4.0724,-1.1995
113.462,-2.813,6.1773,3.0823,-3.8508,4.0626,-1.1994
113.513,-2.8235,6.1779,3.0823,-3.8451,4.0479,-1.1993
113.563,-2.834,6.1785,3.0823,-3.8413,4.0382,-1.1992
113.613,-2.8497,6.1794,3.0823,-3.8364,4.0256,-1.1991
113.663,-2.8602,6.1801,3.0823,-3.8329,4.0165,-1.199
113.713,-2.8706,6.1807,3.0823,-3.8274,4.0025,-1.1989
113.764,-2.8864,6.1816,3.0823,-3.8239,3.9934,-1.1988
113.814,-2.8968,6.1822,3.0823,-3.8184,3.9795,-1.1987
113.864,-2.9126,6.1832,3.0823,-3.8146,3.9697,-1.1986
113.914,-2.9231,6.1838,3.0823,-3.8089,3.955,-1.1984
113.964,-2.9335,6.1844,3.0823,-3.8051,3.9452,-1.1983
114.015,-2.9493,6.1853,3.0823,-3.8002,3.9327,-1.1982
114.065,-2.9597,6.186,3.0823,-3.7966,3.9236,-1.1981
114.115,-2.9755,6.1869,3.0823,-3.7911,3.9096,-1.198
114.165,-2.9859,6.1875,3.0823,-3.7873,3.8998,-1.1979
114.215,-2.9964,6.1881,3.0823,-3.7818,3.8859,-1.1978
114.266,-3.0121,6.1891,3.0823,-3.7783,3.8768,-1.1978
114.316,-3.0226,6.1897,3.0823,-3.7726,3.8621,-1.1977
114.366,-3.0384,6.1906,3.0823,-3.7687,3.8523,-1.1976
114.416,-3.0488,6.1913,3.0823,-3.7638,3.8398,-1.1976
114.467,-3.0593,6.1919,3.0823,-3.76,3.83,-1.1975
114.517,-3.075,6.1928,3.0823,-3.7545,3.816,-1.1974
114.567,-3.0855,6.1934,3.0823,-3.751,3.8069,-1.1972
114.617,-3.1012,6.1944,3.0823,-3.7455,3.793,-1.197
114.668,-3.1117,6.195,3.0823,-3.7419,3.7839,-1.197
114.718,-3.1222,6.1956,3.0823,-3.7362,3.7692,-1.1969
114.768,-3.1379,6.1965,3.0823,-3.7323,3.7595,-1.1968
114.818,-3.1484,6.1972,3.0823,-3.7266,3.7448,-1.1967
114.869,-3.1589,6.1978,3.0823,-3.7236,3.7371,-1.1967
114.919,-3.1746,6.1987,3.0823,-3.7181,3.7232,-1.1966
114.969,-3.1851,6.1993,3.0823,-3.7145,3.7141,-1.1965
115.019,-3.1956,6.2,3.0823,-3.709,3.7001,-1.1964
115.07,-3.2113,6.2009,3.0823,-3.7052,3.6903,-1.1963
115.12,-3.2218,6.2015,3.0823,-3.6997,3.6764,-1.1962
115.17,-3.2375,6.2025,3.0823,-3.6959,3.6666,-1.1961
115.22,-3.248,6.2031,3.0823,-3.6901,3.652,-1.1959
115.271,-3.2585,6.2037,3.0823,-3.6871,3.6443,-1.1958
115.321,-3.2742,6.2046,3.0823,-3.6816,3.6303,-1.1957
115.371,-3.2847,6.2053,3.0823,-3.6777,3.6206,-1.1956
115.421,-3.3004,6.2062,3.0823,-3.6722,3.6066,-1.1954
115.471,-3.3109,6.2068,3.0823,-3.6687,3.5975,-1.1953
115.522,-3.3214,6.2074,3.0823,-3.6632,3.5836,-1.1952
115.572,-3.3371,6.2084,3.0823,-3.6593,3.5738,-1.1951
115.622,-3.3476,6.209,3.0823,-3.6535,3.5592,-1.1949
115.672,-3.3633,6.2099,3.0823,-3.6497,3.5494,-1.1949
115.723,-3.3738,6.2105,3.0823,-3.6447,3.5368,-1.1949
115.773,-3.3842,6.2112,3.0823,-3.6411,3.5278,-1.1948
115.823,-3.4,6.2121,3.0823,-3.6356,3.5138,-1.1946
115.873,-3.4104,6.2127,3.0823,-3.6301,3.4999,-1.1945
115.923,-3.4262,6.2137,3.0823,-3.6265,3.4908,-1.1944
115.974,-3.4366,6.2143,3.0823,-3.6207,3.4761,-1.1942
116.024,-3.4471,6.2149,3.0823,-3.6169,3.4664,-1.1941
116.074,-3.4629,6.2158,3.0823,-3.613,3.4566,-1.1941
116.124,-3.4733,6.2165,3.0823,-3.608,3.4441,-1.194
116.175,-3.4838,6.2171,3.0823,-3.6045,3.435,-1.1939
116.225,-3.4995,6.218,3.0823,-3.5989,3.4211,-1.1938
116.275,-3.51,6.2186,3.0823,-3.5934,3.4071,-1.1937
116.325,-3.5257,6.2196,3.0823,-3.5895,3.3973,-1.1936
116.376,-3.5362,6.2202,3.0823,-3.584,3.3834,-1.1935
116.426,-3.5467,6.2208,3.0823,-3.5802,3.3736,-1.1934
116.476,-3.5624,6.2217,3.0823,-3.5743,3.359,-1.1933
116.526,-3.5729,6.2224,3.0823,-3.5713,3.3513,-1.1933
116.577,-3.5886,6.2233,3.0823,-3.5658,3.3374,-1.1931
116.627,-3.5991,6.2239,3.0823,-3.5619,3.3276,-1.1931
116.677,-3.6096,6.2245,3.0823,-3.5564,3.3137,-1.193
116.727,-3.6253,6.2255,3.0823,-3.5528,3.3046,-1.1929
116.778,-3.6358,6.2261,3.0823,-3.5472,3.2907,-1.1927
116.828,-3.6515,6.227,3.0823,-3.5434,3.2809,-1.1926
116.878,-3.662,6.2277,3.0823,-3.5375,3.2663,-1.1924
116.928,-3.6725,6.2283,3.0823,-3.5337,3.2565,-1.1924
116.979,-3.6882,6.2292,3.0823,-3.5287,3.244,-1.1923
117.029,-3.6987,6.2298,3.0823,-3.5251,3.2349,-1.1923
117.079,-3.7144,6.2308,3.0823,-3.5195,3.221,-1.1922
117.129,-3.7249,6.2314,3.0823,-3.5159,3.2119,-1.192
117.179,-3.7354,6.232,3.0823,-3.5104,3.198,-1.192
117.23,-3.7511,6.2329,3.0823,-3.5057,3.1861,-1.1919
117.28,-3.7616,6.2336,3.0823,-3.5007,3.1736,-1.1918
117.33,-3.7773,6.2345,3.0823,-3.4968,3.1638,-1.1917
117.38,-3.7878,6.2351,3.0823,-3.4918,3.1513,-1.1915
117.431,-3.7983,6.2357,3.0823,-3.4882,3.1422,-1.1914
117.481,-3.814,6.2367,3.0823,-3.4826,3.1283,-1.1913
117.531,-3.8245,6.2373,3.0823,-3.4787,3.1186,-1.1912
117.581,-3.8349,6.2379,3.0823,-3.4732,3.1046,-1.1911
117.631,-3.8507,6.2389,3.0823,-3.4696,3.0956,-1.1909
117.682,-3.8612,6.2395,3.0823,-3.4637,3.0809,-1.1907
117.732,-3.8769,6.2404,3.0823,-3.4598,3.0712,-1.1906
117.782,-3.8874,6.241,3.0823,-3.4548,3.0587,-1.1905
117.832,-3.8978,6.2417,3.0823,-3.4492,3.0447,-1.1902
117.882,-3.9136,6.2426,3.0823,-3.4453,3.035,-1.1902
117.933,-3.924,6.2432,3.0823,-3.4417,3.0259,-1.1901
117.983,-3.9398,6.2441,3.0823,-3.4361,3.012,-1.19
118.033,-3.9502,6.2448,3.0823,-3.4325,3.003,-1.1899
118.083,-3.9607,6.2454,3.0823,-3.4267,2.9883,-1.1899
118.133,-3.9764,6.2463,3.0823,-3.4208,2.9737,-1.1898
118.184,-3.9869,6.2469,3.0823,-3.4169,2.964,-1.1896
118.234,-4.0027,6.2479,3.0823,-3.4138,2.9563,-1.1896
118.284,-4.0131,6.2485,3.0823,-3.4083,2.9424,-1.1895
118.334,-4.0236,6.2491,3.0823,-3.4027,2.9285,-1.1893
118.384,-4.0393,6.2501,3.0823,-3.399,2.9194,-1.1893
118.435,-4.0498,6.2507,3.0823,-3.3935,2.9055,-1.1892
118.485,-4.0655,6.2516,3.0823,-3.3895,2.8957,-1.1891
118.535,-4.076,6.2522,3.0823,-3.3837,2.8811,-1.1889
118.585,-4.0865,6.2529,3.0823,-3.3798,2.8714,-1.1887
118.635,-4.1022,6.2538,3.0823,-3.3747,2.8589,-1.1887
118.686,-4.1127,6.2544,3.0823,-3.3711,2.8498,-1.1886
118.736,-4.1232,6.255,3.0823,-3.3655,2.8359,-1.1885
118.786,-4.1389,6.256,3.0823,-3.3616,2.8262,-1.1885
118.836,-4.1494,6.2566,3.0823,-3.356,2.8122,-1.1884
118.887,-4.1651,6.2575,3.0823,-3.3523,2.8032,-1.1882
118.937,-4.1756,6.2581,3.0823,-3.3465,2.7886,-1.1881
118.987,-4.1861,6.2588,3.0823,-3.3425,2.7788,-1.188
119.037,-4.2018,6.2597,3.0823,-3.3375,2.7663,-1.1879
119.087,-4.2123,6.2603,3.0823,-3.3336,2.7566,-1.1878
119.138,-4.228,6.2613,3.0823,-3.328,2.7427,-1.1877
119.188,-4.2385,6.2619,3.0823,-3.3243,2.7336,-1.1876
119.238,-4.249,6.2625,3.0823,-3.3187,2.7197,-1.1875
119.288,-4.2647,6.2634,3.0823,-3.3151,2.7107,-1.1875
119.339,-4.2752,6.2641,3.0823,-3.3092,2.6961,-1.1873
119.389,-4.2909,6.265,3.0823,-3.3052,2.6863,-1.1872
119.439,-4.3014,6.2656,3.0823,-3.2994,2.6717,-1.1871
119.49,-4.3119,6.2662,3.0823,-3.2963,2.6641,-1.187
119.54,-4.3276,6.2672,3.0823,-3.2906,2.6502,-1.1869
119.59,-4.3381,6.2678,3.0823,-3.287,2.6411,-1.1869
119.64,-4.3538,6.2687,3.0823,-3.2814,2.6272,-1.1868
119.69,-4.3643,6.2693,3.0823,-3.2774,2.6175,-1.1867
119.741,-4.3747,6.27,3.0823,-3.2718,2.6036,-1.1865
119.791,-4.3905,6.2709,3.0823,-3.2679,2.5938,-1.1865
119.841,-4.401,6.2715,3.0823,-3.262,2.5792,-1.1864
119.891,-4.4167,6.2725,3.0823,-3.2589,2.5716,-1.1864
119.941,-4.4272,6.2731,3.0823,-3.2533,2.5577,-1.1863
119.992,-4.4376,6.2737,3.0823,-3.2476,2.5438,-1.1862
120.042,-4.4534,6.2746,3.0823,-3.2437,2.534,-1.1861
120.092,-4.4638,6.2753,3.0823,-3.24,2.525,-1.1861
120.142,-4.4743,6.2759,3.0823,-3.2344,2.5111,-1.186
120.194,-4.49,6.2768,3.0823,-3.2305,2.5014,-1.1858
120.244,-4.5005,6.2774,3.0823,-3.2245,2.4868,-1.1857
120.294,-4.5162,6.2784,3.0823,-3.2195,2.4743,-1.1856
120.344,-4.5267,6.279,3.0823,-3.2155,2.4645,-1.1856
120.394,-4.5372,6.2796,3.0823,-3.2099,2.4506,-1.1855
120.445,-4.5529,6.2805,3.0823,-3.2062,2.4416,-1.1855
120.495,-4.5634,6.2812,3.0823,-3.2006,2.4277,-1.1853
120.545,-4.5791,6.2821,3.0823,-3.1969,2.4187,-1.1852
120.595,-4.5896,6.2827,3.0823,-3.191,2.4041,-1.1851
120.645,-4.6001,6.2833,3.0823,-3.1871,2.3943,-1.185
120.696,-4.6158,6.2843,3.0823,-3.1811,2.3798,-1.1849
120.746,-4.6263,6.2849,3.0823,-3.178,2.3721,-1.1849
120.796,-4.642,6.2858,3.0823,-3.1724,2.3582,-1.1848
120.846,-4.6525,6.2865,3.0823,-3.1687,2.3492,-1.1847
120.897,-4.663,6.2871,3.0823,-3.1631,2.3353,-1.1844
120.947,-4.6787,6.288,3.0823,-3.1591,2.3256,-1.1843
120.997,-4.6892,6.2886,3.0823,-3.1534,2.3117,-1.1841
121.047,-4.7049,6.2896,3.0823,-3.1495,2.3019,-1.1841
121.097,-4.7154,6.2902,3.0823,-3.1435,2.2874,-1.184
121.148,-4.7259,6.2908,3.0823,-3.1404,2.2797,-1.1839
121.198,-4.7416,6.2917,3.0823,-3.1348,2.2658,-1.1837
121.248,-4.7521,6.2924,3.0823,-3.1308,2.2561,-1.1836
121.298,-4.7678,6.2933,3.0823,-3.1251,2.2422,-1.1835
121.349,-4.7783,6.2939,3.0823,-3.1215,2.2332,-1.1834
121.399,-4.7888,6.2945,3.0823,-3.1158,2.2193,-1.1833
121.449,-4.8045,6.2955,3.0823,-3.1118,2.2096,-1.1833
121.499,-4.815,6.2961,3.0823,-3.1059,2.195,-1.1832
121.55,-4.8255,6.2967,3.0823,-3.1019,2.1853,-1.183
121.6,-4.8412,6.2977,3.0823,-3.0968,2.1728,-1.1829
121.65,-4.8517,6.2983,3.0823,-3.0931,2.1637,-1.1828
121.7,-4.8674,6.2992,3.0823,-3.0874,2.1499,-1.1828
121.751,-4.8779,6.2998,3.0823,-3.0837,2.1408,-1.1828
121.801,-4.8883,6.3005,3.0823,-3.0781,2.127,-1.1827
121.851,-4.9041,6.3014,3.0823,-3.0741,2.1172,-1.1826
121.901,-4.9145,6.302,3.0823,-3.0681,2.1027,-1.1825
121.951,-4.9303,6.3029,3.0823,-3.0642,2.0929,-1.1824
122.002,-4.9408,6.3036,3.0823,-3.059,2.0804,-1.1823
122.052,-4.9512,6.3042,3.0823,-3.0553,2.0714,-1.1822
122.102,-4.967,6.3051,3.0823,-3.0497,2.0575,-1.1821
122.152,-4.9774,6.3057,3.0823,-3.0457,2.0478,-1.182
122.203,-4.9932,6.3067,3.0823,-3.04,2.0339,-1.1819
122.253,-5.0036,6.3073,3.0823,-3.0363,2.0249,-1.1818
122.303,-5.0141,6.3079,3.0823,-3.0303,2.0103,-1.1817
122.353,-5.0298,6.3089,3.0823,-3.0243,1.9958,-1.1815
122.404,-5.0403,6.3095,3.0823,-3.0212,1.9881,-1.1814
122.454,-5.056,6.3104,3.0823,-3.0155,1.9743,-1.1812
122.504,-5.0665,6.311,3.0823,-3.0115,1.9646,-1.181
122.554,-5.077,6.3117,3.0823,-3.0058,1.9507,-1.1809
122.604,-5.0927,6.3126,3.0823,-3.0021,1.9417,-1.1809
122.654,-5.1032,6.3132,3.0823,-2.9964,1.9278,-1.1808
122.705,-5.1137,6.3138,3.0823,-2.9924,1.9181,-1.1807
122.755,-5.1294,6.3148,3.0823,-2.9864,1.9035,-1.1806
122.805,-5.1399,6.3154,3.0823,-2.9824,1.8938,-1.1805
122.855,-5.1556,6.3163,3.0823,-2.9773,1.8813,-1.1803
122.906,-5.1661,6.3169,3.0823,-2.9736,1.8723,-1.1802
122.956,-5.1766,6.3176,3.0823,-2.9679,1.8584,-1.1801
123.006,-5.1923,6.3185,3.0823,-2.9642,1.8494,-1.1801
123.056,-5.2028,6.3191,3.0823,-2.9585,1.8355,-1.18
123.106,-5.2185,6.3201,3.0823,-2.9545,1.8258,-1.1799
123.157,-5.229,6.3207,3.0823,-2.9485,1.8113,-1.1798
123.207,-5.2395,6.3213,3.0823,-2.9445,1.8016,-1.1797
123.257,-5.2552,6.3222,3.0823,-2.9393,1.7891,-1.1797
123.307,-5.2657,6.3229,3.0823,-2.9356,1.7801,-1.1796
123.357,-5.2814,6.3238,3.0823,-2.9299,1.7662,-1.1794
123.408,-5.2919,6.3244,3.0823,-2.9259,1.7565,-1.1793
123.458,-5.3024,6.325,3.0823,-2.9201,1.7426,-1.1792
123.508,-5.3181,6.326,3.0823,-2.9164,1.7336,-1.1791
123.558,-5.3286,6.3266,3.0823,-2.9104,1.7191,-1.179
123.608,-5.3443,6.3275,3.0823,-2.9064,1.7094,-1.1789
123.659,-5.3548,6.3281,3.0823,-2.9012,1.6969,-1.1789
123.709,-5.3653,6.3288,3.0823,-2.8972,1.6872,-1.1787
123.759,-5.381,6.3297,3.0823,-2.8915,1.6733,-1.1787
123.81,-5.3915,6.3303,3.0823,-2.8878,1.6643,-1.1786
123.86,-5.4019,6.3309,3.0823,-2.882,1.6504,-1.1785
123.91,-5.4177,6.3319,3.0823,-2.8783,1.6414,-1.1785
123.96,-5.4281,6.3325,3.0823,-2.8723,1.6269,-1.1783
124.011,-5.4439,6.3334,3.0823,-2.8683,1.6172,-1.1783
124.061,-5.4543,6.334,3.0823,-2.8623,1.6026,-1.1782
124.111,-5.4648,6.3347,3.0823,-2.8591,1.595,-1.1781
124.161,-5.4806,6.3356,3.0823,-2.8534,1.5811,-1.178
124.211,-5.491,6.3362,3.0823,-2.8496,1.5721,-1.178
124.262,-5.5015,6.3368,3.0823,-2.8439,1.5583,-1.1778
124.312,-5.5172,6.3378,3.0823,-2.8399,1.5486,-1.1778
124.362,-5.5277,6.3384,3.0823,-2.8341,1.5347,-1.1777
124.412,-5.5434,6.3393,3.0823,-2.8301,1.525,-1.1776
124.463,-5.5539,6.34,3.0823,-2.8241,1.5105,-1.1775
124.513,-5.5644,6.3406,3.0823,-2.8209,1.5029,-1.1774
124.563,-5.5801,6.3415,3.0823,-2.8151,1.489,-1.1773
124.613,-5.5906,6.3421,3.0823,-2.8111,1.4793,-1.1773
124.663,-5.6063,6.3431,3.0823,-2.8054,1.4655,-1.1772
124.714,-5.6168,6.3437,3.0823,-2.8016,1.4565,-1.1771
124.764,-5.6273,6.3443,3.0823,-2.7959,1.4426,-1.1769
124.814,-5.643,6.3452,3.0823,-2.7918,1.4329,-1.1769
124.864,-5.6535,6.3459,3.0823,-2.7858,1.4184,-1.1767
124.915,-5.6692,6.3468,3.0823,-2.7818,1.4087,-1.1767
124.965,-5.6797,6.3474,3.0823,-2.7766,1.3962,-1.1765
125.015,-5.6902,6.348,3.0823,-2.7728,1.3872,-1.1765
125.066,-5.7059,6.349,3.0823,-2.7671,1.3734,-1.1764
125.116,-5.7164,6.3496,3.0823,-2.7633,1.3643,-1.1762
125.166,-5.7321,6.3505,3.0823,-2.7576,1.3505,-1.1761
125.216,-5.7426,6.3512,3.0823,-2.7515,1.336,-1.176
125.266,-5.7531,6.3518,3.0823,-2.7475,1.3263,-1.1759
125.317,-5.7688,6.3527,3.0823,-2.7434,1.3166,-1.1757
125.367,-5.7793,6.3533,3.0823,-2.7382,1.3041,-1.1756
125.417,-5.7898,6.354,3.0823,-2.7325,1.2903,-1.1755
125.467,-5.8055,6.3549,3.0823,-2.7287,1.2813,-1.1754
125.518,-5.816,6.3555,3.0823,-2.7229,1.2674,-1.1751
125.568,-5.8317,6.3564,3.0823,-2.7189,1.2577,-1.175
125.618,-5.8422,6.3571,3.0823,-2.7131,1.2439,-1.1749
125.668,-5.8526,6.3577,3.0823,-2.709,1.2342,-1.1749
125.719,-5.8684,6.3586,3.0823,-2.703,1.2197,-1.1746
125.769,-5.8788,6.3592,3.0823,-2.6998,1.2121,-1.1746
125.819,-5.8946,6.3602,3.0823,-2.694,1.1982,-1.1744
125.869,-5.9051,6.3608,3.0823,-2.6899,1.1886,-1.1744
125.919,-5.9155,6.3614,3.0823,-2.6841,1.1747,-1.1742
125.97,-5.9313,6.3624,3.0823,-2.6804,1.1657,-1.174
126.02,-5.9417,6.363,3.0823,-2.6746,1.1519,-1.1739
126.07,-5.9575,6.3639,3.0823,-2.6705,1.1422,-1.1739
126.12,-5.9679,6.3645,3.0823,-2.6644,1.1277,-1.1737
126.17,-5.9784,6.3652,3.0823,-2.6604,1.118,-1.1737
126.221,-5.9941,6.3661,3.0823,-2.6551,1.1055,-1.1736
126.271,-6.0046,6.3667,3.0823,-2.6514,1.0966,-1.1736
126.321,-6.0204,6.3676,3.0823,-2.6456,1.0827,-1.1734
126.371,-6.0308,6.3683,3.0823,-2.6418,1.0737,-1.1733
126.421,-6.0413,6.3689,3.0823,-2.636,1.0599,-1.1732
126.472,-6.057,6.3698,3.0823,-2.6319,1.0502,-1.1731
126.522,-6.0675,6.3704,3.0823,-2.6258,1.0357,-1.1728
126.572,-6.078,6.3711,3.0823,-2.6218,1.026,-1.1727
126.622,-6.0937,6.372,3.0823,-2.6165,1.0136,-1.1727
126.673,-6.1042,6.3726,3.0823,-2.6127,1.0046,-1.1726
126.723,-6.1199,6.3736,3.0823,-2.6069,0.9908,-1.1725
126.773,-6.1304,6.3742,3.0823,-2.6028,0.9811,-1.1725
126.824,-6.1409,6.3748,3.0823,-2.597,0.9673,-1.1724
126.874,-6.1566,6.3757,3.0823,-2.5932,0.9583,-1.1723
126.924,-6.1671,6.3764,3.0823,-2.5871,0.9438,-1.1722
126.974,-6.1828,6.3773,3.0823,-2.5831,0.9341,-1.1721
127.025,-6.1933,6.3779,3.0823,-2.5778,0.9216,-1.172
127.075,-6.2038,6.3785,3.0823,-2.5737,0.912,-1.1719
127.125,-6.2195,6.3795,3.0823,-2.5679,0.8981,-1.1718
127.175,-6.23,6.3801,3.0823,-2.5641,0.8892,-1.1717
127.226,-6.2457,6.381,3.0823,-2.5583,0.8753,-1.1716
127.276,-6.2562,6.3816,3.0823,-2.5545,0.8664,-1.1716
127.326,-6.2667,6.3823,3.0823,-2.5484,0.8518,-1.1715
127.376,-6.2824,6.3832,3.0823,-2.5423,0.8373,-1.1715
127.427,-6.2929,6.3838,3.0823,-2.5382,0.8277,-1.1713
127.477,-6.3086,6.3848,3.0823,-2.5329,0.8152,-1.1711
127.527,-6.3191,6.3854,3.0823,-2.5291,0.8062,-1.171
127.577,-6.3296,6.386,3.0823,-2.5233,0.7924,-1.1709
127.627,-6.3453,6.3869,3.0823,-2.5195,0.7834,-1.1708
127.678,-6.3558,6.3876,3.0823,-2.5137,0.7696,-1.1707
127.728,-6.3715,6.3885,3.0823,-2.5096,0.76,-1.1706
127.778,-6.382,6.3891,3.0823,-2.5034,0.7455,-1.1705
127.828,-6.3924,6.3897,3.0823,-2.4993,0.7358,-1.1704
127.878,-6.4082,6.3907,3.0823,-2.4941,0.7234,-1.1703
127.929,-6.4186,6.3913,3.0823,-2.4903,0.7144,-1.1702
127.979,-6.4291,6.3919,3.0823,-2.4844,0.7006,-1.1701
128.03,-6.4449,6.3928,3.0823,-2.4803,0.6909,-1.17
128.08,-6.4553,6.3935,3.0823,-2.4745,0.6771,-1.1699
128.13,-6.4711,6.3944,3.0823,-2.4707,0.6681,-1.1698
128.18,-6.4815,6.395,3.0823,-2.4645,0.6536,-1.1696
128.231,-6.492,6.3956,3.0823,-2.4604,0.6439,-1.1696
128.281,-6.5077,6.3966,3.0823,-2.4551,0.6315,-1.1694
128.331,-6.5182,6.3972,3.0823,-2.451,0.6218,-1.1693
128.381,-6.5339,6.3981,3.0823,-2.4452,0.608,-1.1692
128.431,-6.5444,6.3988,3.0823,-2.4414,0.5991,-1.1691
128.482,-6.5549,6.3994,3.0823,-2.4355,0.5853,-1.169
128.532,-6.5706,6.4003,3.0823,-2.4317,0.5763,-1.1691
128.582,-6.5811,6.4009,3.0823,-2.4255,0.5618,-1.169
128.632,-6.5968,6.4019,3.0823,-2.4214,0.5521,-1.169
128.682,-6.6073,6.4025,3.0823,-2.4153,0.5376,-1.1689
128.733,-6.6178,6.4031,3.0823,-2.412,0.53,-1.1688
128.783,-6.6335,6.404,3.0823,-2.4062,0.5162,-1.1687
128.833,-6.644,6.4047,3.0823,-2.4024,0.5073,-1.1686
128.883,-6.6597,6.4056,3.0823,-2.3965,0.4935,-1.1686
128.934,-6.6702,6.4062,3.0823,-2.3924,0.4838,-1.1685
128.984,-6.6807,6.4068,3.0823,-2.3865,0.47,-1.1684
129.034,-6.6964,6.4078,3.0823,-2.3824,0.4603,-1.1683
129.084,-6.7069,6.4084,3.0823,-2.3762,0.4458,-1.1682
129.134,-6.7226,6.4093,3.0823,-2.373,0.4383,-1.1682
129.185,-6.7331,6.41,3.0823,-2.3671,0.4245,-1.1681
129.235,-6.7436,6.4106,3.0823,-2.3612,0.4107,-1.168
129.285,-6.7593,6.4115,3.0823,-2.3571,0.401,-1.1679
129.335,-6.7698,6.4121,3.0823,-2.3533,0.392,-1.1678
129.385,-6.7803,6.4128,3.0823,-2.3474,0.3782,-1.1677
129.436,-6.796,6.4137,3.0823,-2.3433,0.3686,-1.1676
129.486,-6.8065,6.4143,3.0823,-2.3371,0.3541,-1.1675
129.536,-6.8222,6.4152,3.0823,-2.3318,0.3417,-1.1673
129.586,-6.8327,6.4159,3.0823,-2.3277,0.332,-1.1673
129.637,-6.8432,6.4165,3.0823,-2.3239,0.323,-1.1672
129.687,-6.8589,6.4174,3.0823,-2.318,0.3092,-1.1671
129.737,-6.8694,6.418,3.0823,-2.3121,0.2955,-1.167
129.787,-6.8851,6.419,3.0823,-2.3082,0.2865,-1.1669
129.838,-6.8956,6.4196,3.0823,-2.302,0.272,-1.1668
129.888,-6.906,6.4202,3.0823,-2.2979,0.2624,-1.1667
129.938,-6.9218,6.4212,3.0823,-2.2917,0.2479,-1.1667
129.988,-6.9322,6.4218,3.0823,-2.2885,0.2403,-1.1666
130.039,-6.948,6.4227,3.0823,-2.2826,0.2265,-1.1665
130.089,-6.9584,6.4233,3.0823,-2.2787,0.2175,-1.1665
130.139,-6.9689,6.424,3.0823,-2.2728,0.2037,-1.1664
130.189,-6.9847,6.4249,3.0823,-2.2687,0.1941,-1.1663
130.24,-6.9951,6.4255,3.0823,-2.2628,0.1803,-1.1661
130.29,-7.0109,6.4264,3.0823,-2.2587,0.1706,-1.166
130.34,-7.0213,6.4271,3.0823,-2.2525,0.1562,-1.166
130.39,-7.0318,6.4277,3.0823,-2.2492,0.1486,-1.1659
130.441,-7.0475,6.4286,3.0823,-2.2433,0.1348,-1.1658
130.491,-7.058,6.4292,3.0823,-2.2392,0.1251,-1.1657
130.541,-7.0685,6.4299,3.0823,-2.2333,0.1114,-1.1656
130.591,-7.0842,6.4308,3.0823,-2.2294,0.1024,-1.1655
130.642,-7.0947,6.4314,3.0823,-2.2235,0.0886,-1.1654
130.692,-7.1104,6.4324,3.0823,-2.2194,0.079,-1.1654
130.742,-7.1209,6.433,3.0823,-2.2132,0.0645,-1.1653
130.792,-7.1314,6.4336,3.0823,-2.209,0.0548,-1.1652
130.843,-7.1471,6.4345,3.0823,-2.2037,0.0424,-1.1651
130.893,-7.1576,6.4352,3.0823,-2.1998,0.0335,-1.165
130.943,-7.172,6.436,3.0841,-2.1941,0.0201,-1.1629
130.993,-7.1767,6.4362,3.1001,-2.1924,0.0164,-1.1482
131.044,-7.1799,6.4363,3.1225,-2.1907,0.0128,-1.1159
131.094,-7.1848,6.4364,3.1566,-2.1893,0.01,-1.0931
131.144,-7.1882,6.4363,3.1796,-2.187,0.0057,-1.0584
131.194,-7.1933,6.436,3.2145,-2.1854,0.003,-1.035
131.245,-7.1967,6.4357,3.238,-2.1833,-0.0004,-1.0046
131.295,-7.2002,6.4353,3.2616,-2.1818,-0.0029,-0.9827
131.345,-7.2055,6.4347,3.2973,-2.1792,-0.0066,-0.9486
131.395,-7.209,6.4342,3.3211,-2.1765,-0.0102,-0.9146
131.445,-7.2142,6.4334,3.3568,-2.1746,-0.0127,-0.8908
131.496,-7.2177,6.4327,3.3805,-2.1727,-0.015,-0.8687
131.546,-7.221,6.432,3.4041,-2.1696,-0.0186,-0.8332
131.596,-7.226,6.4309,3.439,-2.1664,-0.022,-0.7982
131.646,-7.2292,6.43,3.4621,-2.1647,-0.0238,-0.7801
131.696,-7.2338,6.4285,3.496,-2.1615,-0.0269,-0.7475
131.747,-7.2367,6.4273,3.5182,-2.1587,-0.0294,-0.7204
131.797,-7.2397,6.4261,3.5404,-2.1564,-0.0314,-0.6997
131.847,-7.2426,6.4249,3.5626,-2.1547,-0.0328,-0.6838
131.897,-7.2468,6.4229,3.5959,-2.1512,-0.0356,-0.6519
131.948,-7.2496,6.4215,3.6181,-2.1486,-0.0375,-0.6295
131.998,-7.2524,6.42,3.6403,-2.1448,-0.0403,-0.596
132.048,-7.2565,6.4177,3.6737,-2.1422,-0.042,-0.5737
132.099,-7.2592,6.4161,3.6959,-2.1388,-0.0441,-0.5451
132.149,-7.2633,6.4135,3.7293,-2.1362,-0.0457,-0.5244
132.199,-7.266,6.4116,3.7517,-2.1321,-0.048,-0.4922
132.249,-7.2689,6.4096,3.7743,-2.1275,-0.0504,-0.4597
132.3,-7.2732,6.4063,3.8084,-2.1242,-0.052,-0.4368
132.35,-7.2762,6.4039,3.8313,-2.1189,-0.0544,-0.4038
132.4,-7.2808,6.4,3.8664,-2.115,-0.0561,-0.3803
132.45,-7.2839,6.3972,3.8901,-2.1086,-0.0585,-0.3446
132.5,-7.287,6.3942,3.9141,-2.1052,-0.0597,-0.3255
132.551,-7.2917,6.3894,3.9506,-2.1005,-0.0613,-0.3013
132.601,-7.2949,6.386,3.9752,-2.0934,-0.0634,-0.266
132.651,-7.2981,6.3824,4.0002,-2.0884,-0.0647,-0.2427
132.701,-7.3029,6.3767,4.038,-2.0805,-0.0666,-0.2066
132.752,-7.3062,6.3725,4.0632,-2.0751,-0.0676,-0.1832
132.802,-7.3095,6.3681,4.0884,-2.0659,-0.0692,-0.1453
132.852,-7.3146,6.3611,4.1262,-2.0596,-0.0701,-0.1201
132.902,-7.3181,6.3561,4.1514,-2.0495,-0.0712,-0.082
132.952,-7.3234,6.348,-2.0938,-2.0441,-0.0716,-0.062
133.003,-7.3272,6.3421,-2.0687,-2.0338,-0.0721,-0.026
133.053,-7.3309,6.3357,-2.0441,-2.0268,-0.0722,-0.0032
133.103,-7.3361,6.3253,-2.0088,-2.0158,-0.0721,0.0305
133.153,-7.3394,6.318,-1.9869,-2.0043,-0.0716,0.0613
133.204,-7.3427,6.3105,-1.967,-1.9961,-0.071,0.0808
133.254,-7.3474,6.2987,-1.9399,-1.9834,-0.0699,0.1075
133.304,-7.3505,6.2906,-1.9235,-1.9748,-0.0689,0.1231
133.354,-7.3549,6.2781,-1.9018,-1.9635,-0.0674,0.1414
133.404,-7.3578,6.2695,-1.8887,-1.9552,-0.0662,0.1535
133.455,-7.3606,6.2608,-1.8769,-1.9423,-0.0641,0.1701
133.505,-7.3647,6.2475,-1.8608,-1.9331,-0.0625,0.1806
133.555,-7.3674,6.2384,-1.851,-1.9199,-0.06,0.1943
133.606,-7.3712,6.2247,-1.8381,-1.9113,-0.0583,0.2023
133.656,-7.3737,6.2154,-1.8303,-1.8972,-0.0553,0.214
133.709,-7.3762,6.206,-1.8232,-1.8877,-0.0532,0.221
133.759,-7.3798,6.1918,-1.8136,-1.8754,-0.0504,0.2294
133.809,-7.3821,6.1822,-1.8077,-1.8659,-0.0481,0.2353
133.86,-7.3856,6.1678,-1.8,-1.8521,-0.0448,0.2426
133.91,-7.3878,6.1581,-1.7954,-1.8431,-0.0426,0.247
133.96,-7.3911,6.1434,-1.7895,-1.8292,-0.039,0.2528
134.011,-7.3933,6.1337,-1.7861,-1.8202,-0.0367,0.2561
134.061,-7.3954,6.1239,-1.7831,-1.8055,-0.0328,0.2606
134.111,-7.3985,6.1091,-1.779,-1.7957,-0.0302,0.2635
134.161,-7.4006,6.0992,-1.7765,-1.781,-0.0262,0.2673
134.212,-7.4027,6.0893,-1.7742,-1.7733,-0.024,0.2691
134.262,-7.4057,6.0744,-1.771,-1.7592,-0.0201,0.2723
134.312,-7.4077,6.0644,-1.769,-1.7501,-0.0176,0.2742
134.363,-7.4107,6.0494,-1.7664,-1.7359,-0.0136,0.2769
134.413,-7.4127,6.0393,-1.7648,-1.7261,-0.0108,0.2786
134.463,-7.4147,6.0292,-1.7633,-1.7119,-0.0067,0.2808
134.513,-7.4176,6.0141,-1.7612,-1.697,-0.0024,0.283
134.563,-7.4196,6.004,-1.7599,-1.6871,0.0005,0.2843
134.614,-7.4225,5.9888,-1.7582,-1.6743,0.0042,0.2858
134.664,-7.4244,5.9786,-1.7572,-1.6651,0.007,0.2869
134.714,-7.4263,5.9685,-1.7562,-1.6509,0.0112,0.2883
134.764,-7.4292,5.9532,-1.7549,-1.6409,0.0141,0.2892
134.815,-7.431,5.943,-1.7541,-1.6317,0.0169,0.29
134.865,-7.4329,5.9328,-1.7533,-1.6175,0.0211,0.2912
134.915,-7.4358,5.9174,-1.7522,-1.6075,0.0241,0.2919
134.965,-7.4377,5.9071,-1.7516,-1.5925,0.0286,0.293
135.015,-7.4405,5.8917,-1.7507,-1.5825,0.0316,0.2937
135.066,-7.4423,5.8815,-1.7502,-1.5697,0.0355,0.2944
135.116,-7.4442,5.8712,-1.7497,-1.5604,0.0383,0.295
135.166,-7.447,5.8557,-1.749,-1.5462,0.0427,0.2958
135.216,-7.4488,5.8455,-1.7486,-1.5369,0.0455,0.2963
135.266,-7.4507,5.8352,-1.7482,-1.5226,0.0499,0.297
135.317,-7.4534,5.8197,-1.7476,-1.5076,0.0545,0.2978
135.367,-7.4553,5.8094,-1.7472,-1.4976,0.0575,0.2981
135.417,-7.458,5.794,-1.7467,-1.4876,0.0606,0.2985
135.467,-7.4599,5.7837,-1.7465,-1.4747,0.0646,0.2989
135.517,-7.4617,5.7734,-1.7462,-1.4654,0.0674,0.2992
135.568,-7.4644,5.7579,-1.7459,-1.4511,0.0719,0.2997
135.618,-7.4663,5.7476,-1.7456,-1.4369,0.0763,0.3
135.668,-7.469,5.7321,-1.7454,-1.4268,0.0794,0.3003
135.718,-7.4708,5.7218,-1.7452,-1.4125,0.0838,0.3006
135.768,-7.4726,5.7115,-1.745,-1.4025,0.0869,0.3008
135.819,-7.4753,5.696,-1.7448,-1.3875,0.0916,0.3011
135.869,-7.4772,5.6856,-1.7447,-1.3796,0.094,0.3013
135.919,-7.4799,5.6701,-1.7445,-1.3653,0.0985,0.3016
135.969,-7.4817,5.6598,-1.7444,-1.3553,0.1016,0.3018
136.019,-7.4835,5.6495,-1.7443,-1.341,0.106,0.302
136.07,-7.4862,5.634,-1.7442,-1.3317,0.1089,0.3022
136.12,-7.488,5.6236,-1.7441,-1.3174,0.1134,0.3023
136.17,-7.4898,5.6133,-1.7441,-1.3074,0.1165,0.3025
136.22,-7.4926,5.5978,-1.744,-1.2924,0.1212,0.3026
136.27,-7.4944,5.5875,-1.7439,-1.2823,0.1243,0.3028
136.321,-7.4971,5.572,-1.7439,-1.2695,0.1284,0.303
136.371,-7.4989,5.5616,-1.7438,-1.2602,0.1313,0.3031
136.421,-7.5007,5.5513,-1.7438,-1.2459,0.1358,0.3033
136.471,-7.5034,5.5358,-1.7437,-1.2366,0.1387,0.3034
136.521,-7.5052,5.5255,-1.7437,-1.2222,0.1431,0.3036
136.572,-7.5079,5.5099,-1.7437,-1.2122,0.1463,0.3037
136.622,-7.5097,5.4996,-1.7436,-1.1972,0.151,0.3038
136.672,-7.5115,5.4893,-1.7436,-1.1872,0.1541,0.3038
136.722,-7.5142,5.4738,-1.7436,-1.1743,0.1582,0.304
136.772,-7.516,5.4634,-1.7435,-1.165,0.1611,0.3041
136.823,-7.5187,5.4479,-1.7435,-1.1507,0.1656,0.3042
136.873,-7.5205,5.4376,-1.7435,-1.1407,0.1687,0.3043
136.923,-7.5223,5.4272,-1.7435,-1.1264,0.1732,0.3045
136.973,-7.525,5.4117,-1.7435,-1.1171,0.1761,0.3046
137.024,-7.5269,5.4014,-1.7434,-1.1021,0.1809,0.3048
137.074,-7.5296,5.3859,-1.7434,-1.092,0.184,0.3049
137.124,-7.5314,5.3755,-1.7434,-1.0792,0.1881,0.3051
137.174,-7.5332,5.3652,-1.7434,-1.0692,0.1912,0.3051
137.225,-7.5359,5.3497,-1.7434,-1.0549,0.1957,0.3052
137.275,-7.5377,5.3393,-1.7434,-1.0456,0.1987,0.3053
137.325,-7.5404,5.3238,-1.7434,-1.0313,0.2032,0.3054
137.375,-7.5422,5.3135,-1.7434,-1.022,0.2061,0.3055
137.426,-7.544,5.3031,-1.7434,-1.0069,0.2108,0.3057
137.476,-7.5467,5.2876,-1.7433,-0.9969,0.214,0.3057
137.526,-7.5485,5.2773,-1.7433,-0.9819,0.2187,0.3057
137.577,-7.5503,5.2669,-1.7433,-0.974,0.2212,0.3058
137.627,-7.553,5.2514,-1.7433,-0.9597,0.2257,0.3059
137.677,-7.5548,5.2411,-1.7433,-0.9504,0.2287,0.306
137.727,-7.5575,5.2255,-1.7433,-0.9361,0.2332,0.3062
137.777,-7.5593,5.2152,-1.7433,-0.9218,0.2377,0.3064
137.828,-7.5611,5.2049,-1.7433,-0.9118,0.2409,0.3065
137.878,-7.5638,5.1893,-1.7433,-0.9018,0.2441,0.3066
137.928,-7.5656,5.179,-1.7433,-0.8868,0.2488,0.3067
137.978,-7.5683,5.1635,-1.7433,-0.8789,0.2513,0.3068
138.029,-7.5701,5.1531,-1.7433,-0.8646,0.2558,0.3069
138.079,-7.5719,5.1428,-1.7433,-0.8503,0.2604,0.307
138.129,-7.5746,5.1273,-1.7433,-0.8403,0.2635,0.307
138.179,-7.5764,5.1169,-1.7433,-0.826,0.2681,0.3072
138.229,-7.5791,5.1014,-1.7433,-0.8167,0.271,0.3073
138.28,-7.5809,5.0911,-1.7433,-0.8017,0.2758,0.3074
138.33,-7.5827,5.0807,-1.7433,-0.7917,0.279,0.3075
138.38,-7.5854,5.0652,-1.7433,-0.7788,0.283,0.3075
138.43,-7.5872,5.0549,-1.7433,-0.7688,0.2862,0.3076
138.481,-7.5899,5.0393,-1.7433,-0.7545,0.2908,0.3077
138.531,-7.5917,5.029,-1.7433,-0.7453,0.2937,0.3077
138.581,-7.5935,5.0187,-1.7433,-0.731,0.2983,0.308
138.631,-7.5962,5.0031,-1.7433,-0.7217,0.3012,0.308
138.681,-7.598,4.9928,-1.7433,-0.7067,0.306,0.3081
138.732,-7.5998,4.9825,-1.7433,-0.6967,0.3092,0.3082
138.782,-7.6026,4.9669,-1.7433,-0.6816,0.314,0.3083
138.832,-7.6044,4.9566,-1.7433,-0.6738,0.3165,0.3083
138.882,-7.6071,4.9411,-1.7433,-0.6595,0.321,0.3084
138.932,-7.6089,4.9307,-1.7433,-0.6502,0.324,0.3084
138.983,-7.6107,4.9204,-1.7433,-0.6359,0.3285,0.3085
139.033,-7.6134,4.9049,-1.7433,-0.6259,0.3317,0.3086
139.083,-7.6152,4.8945,-1.7433,-0.6116,0.3363,0.3088
139.133,-7.6179,4.879,-1.7433,-0.6016,0.3395,0.3088
139.184,-7.6197,4.8687,-1.7433,-0.5866,0.3443,0.3089
139.234,-7.6215,4.8583,-1.7433,-0.5787,0.3468,0.309
139.284,-7.6242,4.8428,-1.7433,-0.5645,0.3513,0.309
139.334,-7.626,4.8325,-1.7433,-0.5545,0.3545,0.3091
139.384,-7.6287,4.8169,-1.7433,-0.5402,0.3591,0.3093
139.435,-7.6305,4.8066,-1.7433,-0.5309,0.362,0.3094
139.485,-7.6323,4.7963,-1.7433,-0.5166,0.3666,0.3095
139.535,-7.635,4.7807,-1.7433,-0.5066,0.3698,0.3096
139.585,-7.6368,4.7704,-1.7433,-0.4916,0.3746,0.3097
139.635,-7.6395,4.7549,-1.7433,-0.4816,0.3778,0.3098
139.686,-7.6413,4.7445,-1.7433,-0.4687,0.3819,0.3099
139.736,-7.6431,4.7342,-1.7433,-0.4594,0.3849,0.31
139.786,-7.6458,4.7187,-1.7433,-0.4452,0.3895,0.3101
139.836,-7.6476,4.7083,-1.7433,-0.4359,0.3925,0.3102
139.886,-7.6494,4.698,-1.7433,-0.4216,0.397,0.3103
139.937,-7.6521,4.6825,-1.7433,-0.4116,0.4002,0.3105
139.987,-7.6539,4.6721,-1.7433,-0.3966,0.4051,0.3105
140.037,-7.6566,4.6566,-1.7433,-0.3866,0.4083,0.3106
140.087,-7.6584,4.6463,-1.7433,-0.3737,0.4124,0.3107
140.137,-7.6602,4.6359,-1.7433,-0.3595,0.417,0.3109
140.188,-7.6629,4.6204,-1.7433,-0.3502,0.42,0.311
140.238,-7.6647,4.6101,-1.7433,-0.3359,0.4246,0.3111
140.288,-7.6674,4.5945,-1.7433,-0.3259,0.4278,0.3112
140.338,-7.6692,4.5842,-1.7433,-0.3166,0.4308,0.3113
140.388,-7.671,4.5739,-1.7433,-0.3016,0.4356,0.3113
140.439,-7.6737,4.5583,-1.7433,-0.2866,0.4404,0.3114
140.489,-7.6755,4.548,-1.7433,-0.2788,0.4429,0.3114
140.539,-7.6782,4.5325,-1.7433,-0.2645,0.4475,0.3115
140.589,-7.68,4.5221,-1.7433,-0.2545,0.4507,0.3116
140.64,-7.6818,4.5118,-1.7433,-0.2402,0.4553,0.3118
140.69,-7.6845,4.4963,-1.7433,-0.231,0.4583,0.3118
140.74,-7.6863,4.4859,-1.7433,-0.2167,0.4629,0.3119
140.79,-7.689,4.4704,-1.7433,-0.2067,0.4662,0.312
140.841,-7.6908,4.4601,-1.7433,-0.1917,0.471,0.3121
140.891,-7.6926,4.4497,-1.7433,-0.181,0.4745,0.3122
140.941,-7.6953,4.4342,-1.7433,-0.1689,0.4784,0.3124
140.992,-7.6972,4.4239,-1.7433,-0.1596,0.4814,0.3125
141.043,-7.699,4.4135,-1.7433,-0.1453,0.486,0.3125
141.093,-7.7017,4.398,-1.7433,-0.136,0.489,0.3126
141.143,-7.7035,4.3877,-1.7433,-0.1218,0.4936,0.3128
141.193,-7.7062,4.3721,-1.7433,-0.1118,0.4968,0.3129
141.243,-7.708,4.3618,-1.7433,-0.0968,0.5017,0.3131
141.294,-7.7098,4.3515,-1.7433,-0.0868,0.5049,0.3131
141.344,-7.7125,4.3359,-1.7433,-0.0739,0.5091,0.3133
141.394,-7.7143,4.3256,-1.7433,-0.0647,0.5121,0.3134
141.444,-7.717,4.3101,-1.7433,-0.0504,0.5167,0.3135
141.494,-7.7188,4.2997,-1.7433,-0.0404,0.5199,0.3136
141.545,-7.7206,4.2894,-1.7433,-0.0261,0.5246,0.3137
141.595,-7.7233,4.2739,-1.7433,-0.0169,0.5276,0.3138
141.645,-7.7251,4.2635,-1.7433,-0.0019,0.5324,0.3139
141.695,-7.7278,4.248,-1.7433,0.0081,0.5357,0.314
141.746,-7.7296,4.2377,-1.7433,0.0209,0.5398,0.3142
141.796,-7.7314,4.2273,-1.7433,0.0309,0.5431,0.3144
141.846,-7.7341,4.2118,-1.7433,0.0452,0.5477,0.3145
141.896,-7.7359,4.2015,-1.7433,0.0545,0.5507,0.3145
141.946,-7.7386,4.186,-1.7433,0.0687,0.5554,0.3146
141.997,-7.7404,4.1756,-1.7433,0.078,0.5584,0.3148
142.047,-7.7422,4.1653,-1.7433,0.093,0.5633,0.3149
142.097,-7.7449,4.1497,-1.7433,0.1079,0.5682,0.3151
142.147,-7.7467,4.1394,-1.7433,0.1179,0.5714,0.3151
142.197,-7.7494,4.1239,-1.7433,0.1258,0.574,0.3153
142.247,-7.7512,4.1135,-1.7433,0.14,0.5786,0.3155
142.298,-7.753,4.1032,-1.7433,0.1493,0.5816,0.3156
142.348,-7.7557,4.0877,-1.7433,0.1636,0.5863,0.3157
142.398,-7.7575,4.0773,-1.7433,0.1778,0.591,0.3159
142.448,-7.7593,4.067,-1.7433,0.1878,0.5942,0.316
142.499,-7.762,4.0515,-1.7433,0.2028,0.5991,0.316
142.549,-7.7638,4.0411,-1.7433,0.2127,0.6024,0.316
142.599,-7.7665,4.0256,-1.7433,0.2256,0.6066,0.3161
142.649,-7.7683,4.0153,-1.7433,0.2348,0.6096,0.3162
142.7,-7.7701,4.0049,-1.7433,0.2491,0.6143,0.3163
142.751,-7.7728,3.9894,-1.7433,0.2591,0.6175,0.3164
142.801,-7.7746,3.9791,-1.7433,0.2733,0.6222,0.3165
142.851,-7.7773,3.9636,-1.7433,0.2826,0.6252,0.3166
142.901,-7.7791,3.9532,-1.7433,0.2976,0.6301,0.3166
142.952,-7.7809,3.9429,-1.7433,0.3075,0.6334,0.3167
143.002,-7.7836,3.9273,-1.7433,0.3204,0.6376,0.3168
143.052,-7.7854,3.917,-1.7433,0.3304,0.6409,0.3168
143.102,-7.7881,3.9015,-1.7433,0.3446,0.6456,0.3169
143.153,-7.7899,3.8911,-1.7433,0.3539,0.6486,0.3171
143.203,-7.7917,3.8808,-1.7433,0.3681,0.6533,0.3172
143.253,-7.7944,3.8653,-1.7433,0.3774,0.6563,0.3173
143.303,-7.7963,3.8549,-1.7433,0.3923,0.6612,0.3173
143.353,-7.799,3.8394,-1.7433,0.4023,0.6645,0.3174
143.404,-7.8008,3.8291,-1.7433,0.4173,0.6694,0.3176
143.454,-7.8026,3.8187,-1.7433,0.4251,0.672,0.3178
143.504,-7.8053,3.8032,-1.7433,0.4394,0.6767,0.3179
143.554,-7.8071,3.7929,-1.7433,0.4486,0.6797,0.3181
143.605,-7.8098,3.7774,-1.7433,0.4629,0.6844,0.3182
143.655,-7.8116,3.767,-1.7433,0.4729,0.6877,0.3183
143.705,-7.8134,3.7567,-1.7433,0.4871,0.6924,0.3184
143.755,-7.8161,3.7411,-1.7433,0.4971,0.6957,0.3185
143.805,-7.8179,3.7308,-1.7433,0.512,0.7006,0.3185
143.856,-7.8197,3.7205,-1.7433,0.5199,0.7032,0.3186
143.906,-7.8224,3.7049,-1.7433,0.5341,0.7079,0.3186
143.956,-7.8242,3.6946,-1.7433,0.5441,0.7112,0.3187
144.006,-7.8269,3.6791,-1.7433,0.5583,0.7159,0.3189
144.057,-7.8287,3.6687,-1.7433,0.5676,0.719,0.3189
144.107,-7.8305,3.6584,-1.7433,0.5818,0.7237,0.3191
144.157,-7.8332,3.6429,-1.7433,0.5918,0.727,0.3192
144.207,-7.835,3.6325,-1.7433,0.6068,0.7319,0.3194
144.258,-7.8377,3.617,-1.7433,0.6196,0.7361,0.3195
144.308,-7.8395,3.6067,-1.7433,0.6295,0.7394,0.3195
144.358,-7.8413,3.5963,-1.7433,0.6388,0.7425,0.3196
144.409,-7.844,3.5808,-1.7433,0.653,0.7472,0.3197
144.459,-7.8458,3.5705,-1.7433,0.6673,0.7519,0.32
144.509,-7.8485,3.555,-1.7433,0.6765,0.755,0.32
144.559,-7.8503,3.5446,-1.7433,0.6915,0.76,0.3201
144.61,-7.8521,3.5343,-1.7433,0.7014,0.7633,0.3201
144.66,-7.8548,3.5187,-1.7433,0.7114,0.7666,0.3202
144.71,-7.8566,3.5084,-1.7433,0.7242,0.7708,0.3203
144.76,-7.8593,3.4929,-1.7433,0.7385,0.7755,0.3205
144.81,-7.8611,3.4825,-1.7433,0.7477,0.7786,0.3205
144.86,-7.8629,3.4722,-1.7433,0.7619,0.7833,0.3207
144.911,-7.8656,3.4567,-1.7433,0.7719,0.7867,0.3208
144.961,-7.8674,3.4463,-1.7433,0.7861,0.7914,0.3208
145.011,-7.8701,3.4308,-1.7433,0.7961,0.7947,0.321
145.061,-7.8719,3.4205,-1.7433,0.8111,0.7997,0.321
145.111,-7.8737,3.4101,-1.7433,0.8189,0.8023,0.3211
145.162,-7.8764,3.3946,-1.7433,0.8331,0.807,0.3212
145.212,-7.8782,3.3843,-1.7433,0.8431,0.8103,0.3213
145.262,-7.88,3.3739,-1.7433,0.8573,0.8151,0.3214
145.312,-7.8827,3.3584,-1.7433,0.8666,0.8181,0.3214
145.362,-7.8845,3.3481,-1.7433,0.8808,0.8229,0.3215
145.413,-7.8872,3.3326,-1.7433,0.8908,0.8262,0.3216
145.463,-7.889,3.3222,-1.7433,0.9057,0.8312,0.3217
145.513,-7.8908,3.3119,-1.7433,0.9157,0.8345,0.3218
145.563,-7.8936,3.2963,-1.7433,0.9285,0.8388,0.3219
145.613,-7.8954,3.286,-1.7433,0.9377,0.8418,0.3219
145.663,-7.8981,3.2705,-1.7433,0.9519,0.8466,0.3219
145.714,-7.8999,3.2601,-1.7433,0.9612,0.8497,0.322
145.764,-7.9017,3.2498,-1.7433,0.9754,0.8544,0.3221
145.814,-7.9044,3.2343,-1.7433,0.9854,0.8577,0.3222
145.865,-7.9062,3.2239,-1.7433,1.0003,0.8627,0.3223
145.915,-7.9089,3.2084,-1.7433,1.0103,0.8661,0.3224
145.965,-7.9107,3.1981,-1.7433,1.0231,0.8703,0.3225
146.015,-7.9125,3.1877,-1.7433,1.0323,0.8734,0.3227
146.065,-7.9152,3.1722,-1.7433,1.0466,0.8782,0.3228
146.116,-7.917,3.1619,-1.7433,1.0565,0.8815,0.3227
146.166,-7.9188,3.1515,-1.7433,1.0707,0.8863,0.3228
146.216,-7.9215,3.136,-1.7433,1.08,0.8894,0.323
146.266,-7.9233,3.1257,-1.7433,1.0949,0.8944,0.3231
146.317,-7.926,3.1102,-1.7433,1.1049,0.8977,0.3232
146.367,-7.9278,3.0998,-1.7433,1.1177,0.902,0.3233
146.417,-7.9296,3.0895,-1.7433,1.1276,0.9053,0.3234
146.467,-7.9323,3.0739,-1.7433,1.1419,0.9101,0.3235
146.517,-7.9341,3.0636,-1.7433,1.1511,0.9132,0.3236
146.568,-7.9368,3.0481,-1.7433,1.1653,0.918,0.3237
146.618,-7.9386,3.0377,-1.7433,1.1746,0.9211,0.3237
146.668,-7.9404,3.0274,-1.7433,1.1895,0.9261,0.3239
146.718,-7.9431,3.0119,-1.7433,1.2044,0.9311,0.324
146.768,-7.9449,3.0015,-1.7433,1.2144,0.9344,0.3242
146.819,-7.9476,2.986,-1.7433,1.2222,0.9371,0.3243
146.869,-7.9494,2.9757,-1.7433,1.2364,0.9418,0.3244
146.919,-7.9512,2.9653,-1.7433,1.2506,0.9466,0.3246
146.969,-7.9539,2.9498,-1.7433,1.2599,0.9497,0.3246
147.019,-7.9557,2.9395,-1.7433,1.2741,0.9545,0.3247
147.07,-7.9584,2.924,-1.7433,1.2841,0.9579,0.3249
147.12,-7.9602,2.9136,-1.7433,1.299,0.9629,0.325
147.17,-7.962,2.9033,-1.7433,1.3089,0.9663,0.3251
147.222,-7.9647,2.8877,-1.7433,1.3217,0.9706,0.3252
147.272,-7.9665,2.8774,-1.7433,1.331,0.9737,0.3253
147.322,-7.9692,2.8619,-1.7433,1.3452,0.9785,0.3253
147.372,-7.971,2.8515,-1.7433,1.3551,0.9818,0.3254
147.423,-7.9728,2.8412,-1.7433,1.3693,0.9866,0.3255
147.473,-7.9755,2.8257,-1.7433,1.3786,0.9897,0.3255
147.523,-7.9773,2.8153,-1.7433,1.3935,0.9948,0.3256
147.573,-7.9791,2.805,-1.7433,1.4034,0.9981,0.3257
147.624,-7.9818,2.7895,-1.7433,1.4162,1.0025,0.3259
147.674,-7.9836,2.7791,-1.7433,1.4262,1.0058,0.3259
147.724,-7.9863,2.7636,-1.7433,1.4404,1.0106,0.326
147.774,-7.9881,2.7533,-1.7433,1.4496,1.0137,0.3261
147.825,-7.9899,2.7429,-1.7433,1.4638,1.0186,0.3261
147.875,-7.9927,2.7274,-1.7433,1.4731,1.0217,0.3263
147.925,-7.9945,2.7171,-1.7433,1.488,1.0267,0.3264
147.975,-7.9972,2.7016,-1.7433,1.4979,1.0301,0.3265
148.026,-7.999,2.6912,-1.7433,1.5129,1.0351,0.3266
148.076,-8.0008,2.6809,-1.7433,1.5207,1.0378,0.3267
148.126,-8.0035,2.6653,-1.7433,1.5349,1.0426,0.3267
148.176,-8.0053,2.655,-1.7433,1.5441,1.0457,0.3269
148.227,-8.008,2.6395,-1.7433,1.5583,1.0506,0.3271
148.277,-8.0098,2.6291,-1.7433,1.5683,1.0539,0.3272
148.327,-8.0116,2.6188,-1.7433,1.5825,1.0587,0.3273
148.377,-8.0143,2.6033,-1.7433,1.5924,1.0621,0.3273
148.428,-8.0161,2.5929,-1.7433,1.6073,1.0672,0.3275
148.478,-8.0188,2.5774,-1.7433,1.6151,1.0698,0.3276
148.528,-8.0206,2.5671,-1.7433,1.6293,1.0747,0.3277
148.578,-8.0224,2.5567,-1.7433,1.6435,1.0795,0.3279
148.628,-8.0251,2.5412,-1.7433,1.6535,1.0829,0.3279
148.679,-8.0269,2.5309,-1.7433,1.6677,1.0877,0.328
148.729,-8.0296,2.5154,-1.7433,1.6769,1.0909,0.328
148.779,-8.0314,2.505,-1.7433,1.6918,1.0959,0.3282
148.829,-8.0332,2.4947,-1.7433,1.7018,1.0993,0.3283
148.88,-8.0359,2.4792,-1.7433,1.7145,1.1037,0.3284
148.93,-8.0377,2.4688,-1.7433,1.7245,1.1071,0.3285
148.98,-8.0395,2.4585,-1.7433,1.7387,1.1119,0.3287
149.03,-8.0422,2.4429,-1.7433,1.7479,1.115,0.3288
149.08,-8.044,2.4326,-1.7433,1.7621,1.1199,0.3289
149.131,-8.0467,2.4171,-1.7433,1.7713,1.123,0.329
149.181,-8.0485,2.4067,-1.7433,1.7862,1.1281,0.3291
149.231,-8.0503,2.3964,-1.7433,1.7962,1.1315,0.3293
149.281,-8.053,2.3809,-1.7433,1.8111,1.1366,0.3294
149.331,-8.0548,2.3705,-1.7433,1.8189,1.1393,0.3295
149.382,-8.0575,2.355,-1.7433,1.8331,1.1441,0.3296
149.432,-8.0593,2.3447,-1.7433,1.8423,1.1473,0.3297
149.482,-8.0611,2.3343,-1.7433,1.8565,1.1521,0.3298
