t,truth_x,truth_y,truth_yaw,est_x,est_y,est_yaw
0.0,-8.1099,2.2885,-1.7027,0.0,0.0,0.0234
0.05,-8.1099,2.2885,-1.7011,0.0,0.0,0.0308
0.101,-8.1103,2.2861,-1.6683,0.0021,0.0001,0.0653
0.151,-8.1108,2.282,-1.6431,0.0047,0.0004,0.0833
0.201,-8.1112,2.2764,-1.6179,0.0118,0.0012,0.1194
0.251,-8.1115,2.2675,-1.58,0.019,0.0022,0.1502
0.301,-8.1115,2.2614,-1.5547,0.0279,0.0037,0.1865
0.352,-8.1112,2.252,-1.5167,0.0337,0.0048,0.21
0.402,-8.1107,2.2455,-1.4914,0.0426,0.0068,0.2463
0.452,-8.1101,2.2389,-1.4662,0.0484,0.0083,0.2697
0.502,-8.1088,2.2288,-1.4285,0.0559,0.0104,0.3003
0.552,-8.1077,2.222,-1.4037,0.0633,0.0128,0.3305
0.603,-8.1058,2.2118,-1.3667,0.0719,0.0159,0.3658
0.653,-8.1044,2.2051,-1.3422,0.0774,0.018,0.3886
0.703,-8.1029,2.1984,-1.3179,0.0858,0.0216,0.4232
0.753,-8.1004,2.1887,-1.2823,0.0904,0.0236,0.4419
0.803,-8.0987,2.1825,-1.259,0.099,0.0278,0.4769
0.854,-8.0967,2.1764,-1.2362,0.105,0.031,0.5012
0.904,-8.0935,2.1675,-1.2028,0.1129,0.0354,0.533
0.954,-8.0911,2.1616,-1.1806,0.118,0.0384,0.5537
1.004,-8.0874,2.1529,-1.1473,0.1257,0.0433,0.5856
1.054,-8.0848,2.1472,-1.1251,0.1294,0.0458,0.6016
1.105,-8.082,2.1416,-1.1029,0.1369,0.051,0.6334
1.155,-8.0776,2.1332,-1.0696,0.143,0.0556,0.6605
1.205,-8.0745,2.1277,-1.0474,0.1501,0.0612,0.6925
1.255,-8.0697,2.1196,-1.0141,0.1546,0.065,0.7132
1.306,-8.0663,2.1143,-0.9918,0.1614,0.071,0.7451
1.356,-8.0628,2.109,-0.9696,0.1647,0.074,0.761
1.406,-8.0573,2.1013,-0.9363,0.1712,0.0803,0.7928
1.456,-8.0535,2.0963,-0.9141,0.1766,0.0859,0.82
1.506,-8.0476,2.0889,-0.8808,0.1827,0.0925,0.8518
1.557,-8.0435,2.084,-0.8584,0.1865,0.097,0.8727
1.607,-8.0392,2.0791,-0.8359,0.1925,0.1045,0.9052
1.657,-8.0321,2.0714,-0.8015,0.1962,0.1092,0.925
1.707,-8.027,2.0661,-0.7783,0.2027,0.1184,0.9601
1.757,-8.0215,2.0607,-0.7545,0.2071,0.125,0.9842
1.808,-8.0127,2.0523,-0.7179,0.2135,0.135,1.0194
1.858,-8.0064,2.0465,-0.6929,0.2177,0.1421,1.0428
1.908,-7.9961,2.0373,-0.6549,0.2243,0.154,1.0792
1.958,-7.9887,2.031,-0.6294,0.2275,0.1603,1.0974
2.008,-7.9807,2.0246,-0.604,0.2343,0.1744,1.1356
2.059,-7.9678,2.0149,-0.5659,0.241,0.1895,1.1739
2.109,-7.9586,2.0085,-0.5405,0.2456,0.201,1.2011
2.159,-7.9437,1.999,-0.5025,0.2495,0.2116,1.2248
2.209,-7.9332,1.9928,-0.4771,0.2552,0.2284,1.261
2.26,-7.9221,1.9866,-0.4518,0.258,0.2375,1.2791
2.31,-7.9046,1.9776,-0.414,0.2632,0.2561,1.3152
2.36,-7.8923,1.9718,-0.389,0.2679,0.2757,1.3508
2.41,-7.8726,1.9637,-0.3532,0.2716,0.2932,1.3797
2.46,-7.8588,1.9586,-0.3311,0.2741,0.307,1.4001
2.51,-7.8444,1.9538,-0.311,0.2776,0.3293,1.4284
2.561,-7.822,1.947,-0.2832,0.2806,0.3522,1.4545
2.611,-7.8065,1.9426,-0.2661,0.2819,0.3639,1.4664
2.661,-7.7825,1.9363,-0.2432,0.2842,0.3881,1.4883
2.711,-7.766,1.9324,-0.2291,0.2857,0.409,1.5052
2.761,-7.7492,1.9286,-0.2162,0.2872,0.4343,1.5232
2.812,-7.7234,1.9231,-0.1983,0.2879,0.4509,1.5341
2.862,-7.7059,1.9197,-0.1873,0.2887,0.4768,1.5495
2.912,-7.6881,1.9164,-0.1771,0.289,0.4926,1.5581
2.962,-7.6608,1.9117,-0.1623,0.2892,0.5205,1.573
3.012,-7.6423,1.9087,-0.1528,0.289,0.5394,1.5823
3.063,-7.6141,1.9046,-0.1397,0.2886,0.5666,1.5946
3.113,-7.595,1.902,-0.1318,0.2881,0.5844,1.6019
3.163,-7.5758,1.8995,-0.1247,0.2871,0.6122,1.6119
3.213,-7.5467,1.896,-0.115,0.2866,0.6261,1.6164
3.264,-7.5271,1.8938,-0.1093,0.2851,0.6555,1.6251
3.314,-7.4975,1.8906,-0.1017,0.2838,0.6782,1.6309
3.364,-7.4776,1.8886,-0.0972,0.2821,0.7066,1.6373
3.414,-7.4576,1.8867,-0.0931,0.2808,0.7252,1.6411
3.464,-7.4275,1.884,-0.0875,0.2787,0.7539,1.6465
3.514,-7.4074,1.8823,-0.084,0.2777,0.7682,1.649
3.565,-7.3772,1.8798,-0.0797,0.2754,0.7971,1.6533
3.615,-7.3569,1.8782,-0.0772,0.2733,0.8218,1.6564
3.665,-7.3367,1.8767,-0.075,0.2708,0.8508,1.6597
3.715,-7.3062,1.8744,-0.0718,0.2691,0.8697,1.6617
3.766,-7.2858,1.873,-0.0699,0.2664,0.8989,1.6645
3.816,-7.2551,1.8709,-0.0673,0.2646,0.9179,1.6661
3.866,-7.2346,1.8695,-0.0657,0.2622,0.9428,1.6682
3.916,-7.2141,1.8681,-0.0642,0.2598,0.9677,1.67
3.966,-7.1832,1.8662,-0.0622,0.2569,0.9971,1.672
4.017,-7.1626,1.8649,-0.061,0.2549,1.0161,1.6732
4.067,-7.142,1.8637,-0.0597,0.2519,1.0456,1.6752
4.117,-7.1109,1.8618,-0.0578,0.2502,1.0617,1.6762
4.167,-7.0902,1.8607,-0.0567,0.2469,1.0927,1.678
4.217,-7.0591,1.8589,-0.0553,0.2445,1.1148,1.6791
4.268,-7.0383,1.8578,-0.0544,0.2413,1.1444,1.6804
4.318,-7.0175,1.8566,-0.0536,0.2392,1.1636,1.6812
4.368,-6.9863,1.855,-0.0526,0.2359,1.1932,1.6823
4.418,-6.9655,1.8539,-0.052,0.2342,1.208,1.6828
4.468,-6.9342,1.8523,-0.0512,0.2309,1.2376,1.6836
4.519,-6.9133,1.8512,-0.0508,0.2274,1.2687,1.6844
4.569,-6.8924,1.8502,-0.0503,0.2247,1.2924,1.685
4.619,-6.8611,1.8486,-0.0498,0.2225,1.3117,1.6854
4.669,-6.8402,1.8476,-0.0494,0.219,1.3414,1.686
4.719,-6.8089,1.846,-0.0489,0.2156,1.3711,1.6866
4.769,-6.788,1.845,-0.0486,0.2139,1.3859,1.6869
4.82,-6.7671,1.844,-0.0484,0.2104,1.4156,1.6873
4.87,-6.7358,1.8425,-0.048,0.2074,1.4409,1.6877
4.92,-6.7149,1.8415,-0.0477,0.2052,1.4602,1.688
4.97,-6.6835,1.84,-0.0474,0.2017,1.4899,1.6884
5.02,-6.6626,1.839,-0.0472,0.1982,1.5196,1.6888
5.07,-6.6417,1.838,-0.0471,0.1959,1.5389,1.6891
5.121,-6.6103,1.8365,-0.0468,0.1929,1.5642,1.6893
5.171,-6.5893,1.8355,-0.0466,0.1899,1.5895,1.6896
5.221,-6.5684,1.8346,-0.0465,0.1876,1.6088,1.6899
5.271,-6.537,1.8331,-0.0463,0.184,1.6386,1.6902
5.321,-6.516,1.8321,-0.0461,0.1804,1.6683,1.6904
5.372,-6.4846,1.8307,-0.046,0.1785,1.6846,1.6906
5.422,-6.4636,1.8297,-0.0459,0.1747,1.7159,1.6908
5.472,-6.4427,1.8288,-0.0458,0.172,1.7382,1.691
5.522,-6.4113,1.8273,-0.0456,0.1684,1.768,1.6912
5.572,-6.3903,1.8264,-0.0456,0.1661,1.7873,1.6914
5.622,-6.3588,1.8249,-0.0455,0.1625,1.8171,1.6916
5.673,-6.3379,1.824,-0.0454,0.1607,1.8319,1.6917
5.723,-6.3169,1.823,-0.0454,0.157,1.8617,1.6919
5.773,-6.2855,1.8216,-0.0453,0.154,1.887,1.692
5.823,-6.2645,1.8207,-0.0453,0.1503,1.9168,1.6922
5.874,-6.233,1.8192,-0.0452,0.148,1.9361,1.6923
5.924,-6.2121,1.8183,-0.0452,0.1443,1.9659,1.6925
5.974,-6.1911,1.8173,-0.0451,0.1425,1.9808,1.6926
6.024,-6.1597,1.8159,-0.0451,0.1389,2.0105,1.6928
6.074,-6.1387,1.815,-0.045,0.1358,2.0358,1.6929
6.125,-6.1177,1.814,-0.045,0.1321,2.0656,1.693
6.175,-6.0863,1.8126,-0.045,0.1297,2.085,1.6931
6.225,-6.0653,1.8117,-0.045,0.1261,2.1147,1.6933
6.275,-6.0338,1.8102,-0.0449,0.1239,2.1326,1.6934
6.325,-6.0129,1.8093,-0.0449,0.12,2.1638,1.6935
6.375,-5.9919,1.8084,-0.0449,0.1175,2.1847,1.6936
6.426,-5.9604,1.807,-0.0449,0.1138,2.2145,1.6938
6.476,-5.9394,1.806,-0.0449,0.1114,2.2338,1.6939
6.526,-5.908,1.8046,-0.0448,0.1077,2.2636,1.6941
6.576,-5.887,1.8037,-0.0448,0.1059,2.2784,1.6941
6.626,-5.866,1.8027,-0.0448,0.102,2.3097,1.6943
6.677,-5.8346,1.8013,-0.0448,0.099,2.3335,1.6944
6.727,-5.8136,1.8004,-0.0448,0.0953,2.3633,1.6945
6.777,-5.7821,1.799,-0.0448,0.0929,2.3826,1.6945
6.827,-5.7611,1.798,-0.0448,0.0892,2.4124,1.6947
6.877,-5.7402,1.7971,-0.0448,0.0874,2.4273,1.6948
6.928,-5.7087,1.7957,-0.0447,0.0837,2.457,1.6949
6.978,-5.6877,1.7947,-0.0447,0.0805,2.4824,1.695
7.028,-5.6563,1.7933,-0.0447,0.0768,2.5121,1.6951
7.078,-5.6353,1.7924,-0.0447,0.0744,2.5315,1.6952
7.129,-5.6143,1.7914,-0.0447,0.0707,2.5612,1.6953
7.179,-5.5828,1.79,-0.0447,0.0682,2.5806,1.6954
7.229,-5.5619,1.7891,-0.0447,0.0651,2.6059,1.6955
7.279,-5.5409,1.7882,-0.0447,0.0613,2.6356,1.6956
7.329,-5.5094,1.7867,-0.0447,0.0582,2.661,1.6956
7.38,-5.4884,1.7858,-0.0447,0.0557,2.6803,1.6957
7.43,-5.457,1.7844,-0.0447,0.052,2.7101,1.6958
7.48,-5.436,1.7835,-0.0447,0.0482,2.7398,1.6959
7.53,-5.415,1.7825,-0.0447,0.046,2.7577,1.696
7.58,-5.3835,1.7811,-0.0447,0.0421,2.7889,1.6961
7.63,-5.3626,1.7802,-0.0447,0.0394,2.8098,1.6962
7.681,-5.3311,1.7788,-0.0447,0.0357,2.8395,1.6963
7.731,-5.3101,1.7778,-0.0447,0.0332,2.8589,1.6964
7.781,-5.2891,1.7769,-0.0447,0.0295,2.8886,1.6965
7.831,-5.2577,1.7755,-0.0447,0.0276,2.9035,1.6966
7.882,-5.2367,1.7746,-0.0447,0.0237,2.9348,1.6967
7.932,-5.2157,1.7736,-0.0447,0.0206,2.9586,1.6967
7.982,-5.1842,1.7722,-0.0447,0.0182,2.9779,1.6968
8.032,-5.1633,1.7713,-0.0447,0.0144,3.0077,1.697
8.082,-5.1318,1.7699,-0.0447,0.0125,3.0226,1.697
8.133,-5.1108,1.7689,-0.0447,0.0087,3.0523,1.6971
8.183,-5.0898,1.768,-0.0447,0.005,3.0821,1.6972
8.233,-5.0584,1.7666,-0.0447,0.0018,3.1074,1.6973
8.283,-5.0374,1.7656,-0.0447,-0.002,3.1372,1.6974
8.333,-5.0059,1.7642,-0.0447,-0.0045,3.1565,1.6975
8.384,-4.9849,1.7633,-0.0447,-0.0068,3.1743,1.6976
8.434,-4.964,1.7624,-0.0447,-0.0108,3.2056,1.6977
8.484,-4.9325,1.761,-0.0447,-0.014,3.2309,1.6978
8.534,-4.9115,1.76,-0.0447,-0.0172,3.2562,1.6979
8.584,-4.8905,1.7591,-0.0447,-0.021,3.2859,1.6981
8.635,-4.8591,1.7577,-0.0447,-0.0235,3.3053,1.6982
8.685,-4.8381,1.7567,-0.0447,-0.0273,3.335,1.6983
8.735,-4.8066,1.7553,-0.0447,-0.0294,3.3514,1.6984
8.785,-4.7856,1.7544,-0.0447,-0.0334,3.3827,1.6985
8.835,-4.7647,1.7535,-0.0447,-0.0363,3.405,1.6987
8.886,-4.7332,1.752,-0.0447,-0.0401,3.4347,1.6988
8.936,-4.7122,1.7511,-0.0447,-0.0426,3.4541,1.6988
8.986,-4.6807,1.7497,-0.0447,-0.0464,3.4838,1.699
9.036,-4.6598,1.7488,-0.0447,-0.0484,3.4987,1.6991
9.086,-4.6388,1.7478,-0.0447,-0.0522,3.5284,1.6992
9.137,-4.6073,1.7464,-0.0447,-0.0555,3.5537,1.6993
9.187,-4.5863,1.7455,-0.0447,-0.0593,3.5835,1.6994
9.237,-4.5549,1.7441,-0.0447,-0.0618,3.6028,1.6994
9.287,-4.5339,1.7431,-0.0447,-0.0657,3.6326,1.6995
9.338,-4.5129,1.7422,-0.0447,-0.0676,3.6475,1.6996
9.388,-4.4814,1.7408,-0.0447,-0.0714,3.6772,1.6997
9.438,-4.4605,1.7399,-0.0447,-0.0747,3.7025,1.6998
9.488,-4.4395,1.7389,-0.0447,-0.0786,3.7322,1.6999
9.538,-4.408,1.7375,-0.0447,-0.0811,3.7516,1.7
9.589,-4.387,1.7366,-0.0447,-0.085,3.7813,1.7001
9.639,-4.3556,1.7352,-0.0447,-0.0873,3.7992,1.7002
9.689,-4.3346,1.7342,-0.0447,-0.0913,3.8304,1.7003
9.739,-4.3136,1.7333,-0.0447,-0.0941,3.8512,1.7004
9.789,-4.2821,1.7319,-0.0447,-0.0979,3.881,1.7005
9.84,-4.2612,1.7309,-0.0447,-0.1005,3.9003,1.7005
9.89,-4.2297,1.7295,-0.0447,-0.1043,3.9301,1.7006
9.94,-4.2087,1.7286,-0.0447,-0.1063,3.945,1.7007
9.99,-4.1877,1.7277,-0.0447,-0.1104,3.9762,1.7008
10.041,-4.1563,1.7263,-0.0447,-0.1135,4.0,1.7009
10.091,-4.1353,1.7253,-0.0447,-0.1174,4.0297,1.701
10.141,-4.1038,1.7239,-0.0447,-0.1199,4.0491,1.701
10.191,-4.0828,1.723,-0.0447,-0.1238,4.0788,1.7011
10.241,-4.0619,1.722,-0.0447,-0.1257,4.0937,1.7012
10.292,-4.0304,1.7206,-0.0447,-0.1296,4.1234,1.7013
10.342,-4.0094,1.7197,-0.0447,-0.133,4.1487,1.7014
10.392,-3.9779,1.7183,-0.0447,-0.1369,4.1785,1.7016
10.442,-3.957,1.7174,-0.0447,-0.1394,4.1978,1.7016
10.492,-3.936,1.7164,-0.0447,-0.1433,4.2275,1.7017
10.543,-3.9045,1.715,-0.0447,-0.1472,4.2573,1.7018
10.593,-3.8835,1.7141,-0.0447,-0.1492,4.2721,1.7019
10.643,-3.8626,1.7131,-0.0447,-0.1531,4.3019,1.702
10.693,-3.8311,1.7117,-0.0447,-0.1565,4.3272,1.7021
10.744,-3.8101,1.7108,-0.0447,-0.1604,4.3569,1.7022
10.794,-3.7786,1.7094,-0.0447,-0.163,4.3762,1.7023
10.844,-3.7577,1.7084,-0.0447,-0.1669,4.406,1.7024
10.894,-3.7367,1.7075,-0.0447,-0.1693,4.4238,1.7025
10.944,-3.7052,1.7061,-0.0447,-0.1734,4.4551,1.7027
10.995,-3.6842,1.7052,-0.0447,-0.1762,4.4759,1.7028
11.045,-3.6528,1.7038,-0.0447,-0.1801,4.5056,1.7029
11.095,-3.6318,1.7028,-0.0447,-0.1827,4.5249,1.703
11.145,-3.6108,1.7019,-0.0447,-0.1866,4.5547,1.703
11.195,-3.5793,1.7005,-0.0447,-0.1886,4.5695,1.7031
11.245,-3.5584,1.6995,-0.0447,-0.1928,4.6008,1.7032
11.296,-3.5269,1.6981,-0.0447,-0.1959,4.6246,1.7033
11.346,-3.5059,1.6972,-0.0447,-0.1999,4.6543,1.7035
11.396,-3.4849,1.6963,-0.0447,-0.2025,4.6736,1.7035
11.446,-3.4535,1.6948,-0.0447,-0.2065,4.7034,1.7036
11.496,-3.4325,1.6939,-0.0447,-0.2084,4.7182,1.7037
11.547,-3.401,1.6925,-0.0447,-0.2124,4.748,1.7038
11.597,-3.38,1.6916,-0.0447,-0.2158,4.7732,1.7039
11.647,-3.3591,1.6906,-0.0447,-0.2198,4.803,1.704
11.697,-3.3276,1.6892,-0.0447,-0.2224,4.8223,1.704
11.747,-3.3066,1.6883,-0.0447,-0.2264,4.852,1.7042
11.798,-3.2856,1.6873,-0.0447,-0.2289,4.8714,1.7042
11.848,-3.2542,1.6859,-0.0447,-0.2323,4.8966,1.7043
11.898,-3.2332,1.685,-0.0447,-0.2357,4.9219,1.7044
11.948,-3.2017,1.6836,-0.0447,-0.2397,4.9516,1.7045
11.999,-3.1807,1.6827,-0.0447,-0.2423,4.971,1.7046
12.049,-3.1598,1.6817,-0.0447,-0.2463,5.0007,1.7046
12.099,-3.1283,1.6803,-0.0447,-0.2485,5.0171,1.7047
12.149,-3.1073,1.6794,-0.0447,-0.2527,5.0483,1.7048
12.199,-3.0758,1.678,-0.0447,-0.2558,5.0706,1.7049
12.25,-3.0549,1.677,-0.0447,-0.2598,5.1003,1.7051
12.3,-3.0339,1.6761,-0.0447,-0.2624,5.1196,1.7051
12.35,-3.0024,1.6747,-0.0447,-0.2664,5.1494,1.7052
12.4,-2.9814,1.6738,-0.0447,-0.2684,5.1642,1.7053
12.451,-2.95,1.6723,-0.0447,-0.2724,5.1939,1.7054
12.501,-2.929,1.6714,-0.0447,-0.2759,5.2192,1.7055
12.551,-2.908,1.6705,-0.0447,-0.2799,5.2489,1.7056
12.601,-2.8765,1.6691,-0.0447,-0.2825,5.2683,1.7057
12.651,-2.8556,1.6681,-0.0447,-0.2865,5.298,1.7058
12.702,-2.8241,1.6667,-0.0447,-0.2886,5.3129,1.7058
12.752,-2.8031,1.6658,-0.0447,-0.2926,5.3426,1.7059
12.802,-2.7821,1.6648,-0.0447,-0.2966,5.3723,1.7061
12.852,-2.7507,1.6634,-0.0447,-0.3001,5.3976,1.7062
12.902,-2.7297,1.6625,-0.0447,-0.3027,5.4169,1.7062
12.953,-2.7087,1.6616,-0.0447,-0.3068,5.4466,1.7064
13.003,-2.6772,1.6602,-0.0447,-0.3092,5.4645,1.7064
13.053,-2.6563,1.6592,-0.0447,-0.3129,5.4912,1.7065
13.103,-2.6248,1.6578,-0.0447,-0.3169,5.5209,1.7067
13.153,-2.6038,1.6569,-0.0447,-0.3204,5.5462,1.7067
13.204,-2.5828,1.6559,-0.0447,-0.323,5.5655,1.7068
13.254,-2.5514,1.6545,-0.0447,-0.3271,5.5952,1.7069
13.304,-2.5304,1.6536,-0.0447,-0.3312,5.625,1.707
13.354,-2.4989,1.6522,-0.0447,-0.3334,5.6413,1.7071
13.404,-2.4779,1.6513,-0.0447,-0.3377,5.6725,1.7072
13.454,-2.457,1.6503,-0.0447,-0.3407,5.6948,1.7073
13.505,-2.4255,1.6489,-0.0447,-0.3448,5.7245,1.7074
13.555,-2.4045,1.648,-0.0447,-0.3475,5.7439,1.7075
13.605,-2.3731,1.6466,-0.0447,-0.3516,5.7736,1.7076
13.655,-2.3521,1.6456,-0.0447,-0.3536,5.7884,1.7077
13.706,-2.3311,1.6447,-0.0447,-0.3577,5.8181,1.7078
13.756,-2.2996,1.6433,-0.0447,-0.3612,5.8434,1.7079
13.806,-2.2786,1.6423,-0.0447,-0.3653,5.8731,1.708
13.856,-2.2472,1.6409,-0.0447,-0.368,5.8924,1.7081
13.906,-2.2262,1.64,-0.0447,-0.3721,5.9222,1.7082
13.957,-2.2052,1.6391,-0.0447,-0.3741,5.937,1.7083
14.007,-2.1738,1.6377,-0.0447,-0.3782,5.9667,1.7084
14.057,-2.1528,1.6367,-0.0447,-0.3817,5.992,1.7085
14.107,-2.1318,1.6358,-0.0447,-0.3859,6.0217,1.7087
14.157,-2.1003,1.6344,-0.0447,-0.3885,6.041,1.7087
14.208,-2.0793,1.6334,-0.0447,-0.3927,6.0707,1.7088
14.258,-2.0479,1.632,-0.0447,-0.3951,6.0886,1.7088
14.308,-2.0269,1.6311,-0.0447,-0.3995,6.1198,1.7089
14.358,-2.0059,1.6302,-0.0447,-0.4024,6.1406,1.709
14.409,-1.9744,1.6287,-0.0447,-0.4065,6.1703,1.7091
14.459,-1.9535,1.6278,-0.0447,-0.4092,6.1896,1.7092
14.509,-1.922,1.6264,-0.0447,-0.4133,6.2193,1.7093
14.559,-1.901,1.6255,-0.0447,-0.4154,6.2342,1.7094
14.609,-1.88,1.6245,-0.0447,-0.4198,6.2654,1.7095
14.66,-1.8486,1.6231,-0.0447,-0.4231,6.2891,1.7096
14.71,-1.8276,1.6222,-0.0447,-0.4272,6.3188,1.7098
14.76,-1.7961,1.6208,-0.0447,-0.4299,6.3382,1.7098
14.81,-1.7751,1.6198,-0.0447,-0.4341,6.3679,1.7099
14.861,-1.7542,1.6189,-0.0447,-0.4362,6.3827,1.71
14.911,-1.7227,1.6175,-0.0447,-0.4403,6.4124,1.7101
14.961,-1.7017,1.6166,-0.0447,-0.4439,6.4377,1.7102
15.011,-1.6703,1.6152,-0.0447,-0.448,6.4674,1.7103
15.061,-1.6493,1.6142,-0.0447,-0.4508,6.4867,1.7104
15.112,-1.6283,1.6133,-0.0447,-0.4549,6.5164,1.7105
15.162,-1.5968,1.6119,-0.0447,-0.4577,6.5357,1.7106
15.212,-1.5758,1.6109,-0.0447,-0.4612,6.561,1.7107
15.262,-1.5549,1.61,-0.0447,-0.4648,6.5862,1.7108
15.312,-1.5234,1.6086,-0.0447,-0.469,6.6159,1.7109
15.363,-1.5024,1.6077,-0.0447,-0.4717,6.6352,1.711
15.413,-1.471,1.6062,-0.0447,-0.4759,6.6649,1.7112
15.463,-1.45,1.6053,-0.0447,-0.4801,6.6946,1.7113
15.513,-1.429,1.6044,-0.0447,-0.4826,6.7125,1.7114
15.563,-1.3975,1.603,-0.0447,-0.487,6.7437,1.7115
15.614,-1.3765,1.602,-0.0447,-0.49,6.7645,1.7116
15.664,-1.3451,1.6006,-0.0447,-0.4942,6.7942,1.7117
15.714,-1.3241,1.5997,-0.0447,-0.4969,6.8135,1.7118
15.764,-1.3031,1.5987,-0.0447,-0.5011,6.8432,1.7119
15.815,-1.2717,1.5973,-0.0447,-0.5032,6.858,1.712
15.865,-1.2507,1.5964,-0.0447,-0.5077,6.8892,1.7121
15.915,-1.2192,1.595,-0.0447,-0.511,6.913,1.7122
15.965,-1.1982,1.5941,-0.0447,-0.5153,6.9427,1.7123
16.015,-1.1772,1.5931,-0.0447,-0.518,6.962,1.7124
16.065,-1.1458,1.5917,-0.0447,-0.5223,6.9917,1.7125
16.116,-1.1248,1.5908,-0.0447,-0.5244,7.0065,1.7126
16.166,-1.0933,1.5894,-0.0447,-0.5286,7.0362,1.7127
16.216,-1.0723,1.5884,-0.0447,-0.5322,7.0615,1.7128
16.266,-1.0514,1.5875,-0.0447,-0.5365,7.0912,1.713
16.316,-1.0199,1.5861,-0.0447,-0.5392,7.1105,1.713
16.367,-0.9989,1.5851,-0.0447,-0.5435,7.1402,1.7131
16.417,-0.9779,1.5842,-0.0447,-0.5463,7.1595,1.7132
16.467,-0.9465,1.5828,-0.0447,-0.5499,7.1847,1.7133
16.517,-0.9255,1.5819,-0.0447,-0.5535,7.2099,1.7134
16.567,-0.894,1.5805,-0.0447,-0.5578,7.2396,1.7135
16.618,-0.873,1.5795,-0.0447,-0.5605,7.2589,1.7136
16.668,-0.8521,1.5786,-0.0447,-0.5648,7.2886,1.7137
16.718,-0.8206,1.5772,-0.0447,-0.5672,7.305,1.7137
16.768,-0.7996,1.5762,-0.0447,-0.5717,7.3361,1.7139
16.818,-0.7682,1.5748,-0.0447,-0.5749,7.3584,1.7139
16.868,-0.7472,1.5739,-0.0447,-0.5791,7.3881,1.7141
16.919,-0.7262,1.573,-0.0447,-0.5819,7.4074,1.7141
16.969,-0.6947,1.5716,-0.0447,-0.5862,7.4371,1.7143
17.019,-0.6737,1.5706,-0.0447,-0.5884,7.4519,1.7143
17.069,-0.6423,1.5692,-0.0447,-0.5927,7.4816,1.7144
17.12,-0.6213,1.5683,-0.0447,-0.5963,7.5069,1.7145
17.17,-0.6003,1.5673,-0.0447,-0.6006,7.5366,1.7146
17.22,-0.5689,1.5659,-0.0447,-0.6034,7.5559,1.7147
17.27,-0.5479,1.565,-0.0447,-0.6077,7.5856,1.7148
17.32,-0.5269,1.5641,-0.0447,-0.6099,7.6004,1.7148
17.371,-0.4954,1.5626,-0.0447,-0.6142,7.6301,1.7149
17.421,-0.4744,1.5617,-0.0447,-0.6178,7.6553,1.7151
17.471,-0.443,1.5603,-0.0447,-0.6221,7.685,1.7152
17.521,-0.422,1.5594,-0.0447,-0.6249,7.7043,1.7153
17.571,-0.401,1.5584,-0.0447,-0.6293,7.734,1.7154
17.622,-0.3696,1.557,-0.0447,-0.6319,7.7518,1.7155
17.672,-0.3486,1.5561,-0.0447,-0.6364,7.783,1.7156
17.722,-0.3171,1.5547,-0.0447,-0.6394,7.8038,1.7157
17.772,-0.2961,1.5537,-0.0447,-0.6438,7.8334,1.7158
17.822,-0.2751,1.5528,-0.0447,-0.6466,7.8527,1.7158
17.873,-0.2437,1.5514,-0.0447,-0.6509,7.8824,1.716
17.923,-0.2227,1.5505,-0.0447,-0.6553,7.9121,1.7161
17.973,-0.1912,1.5491,-0.0447,-0.6577,7.9284,1.7162
18.023,-0.1703,1.5481,-0.0447,-0.6622,7.9596,1.7163
18.073,-0.1493,1.5472,-0.0447,-0.6655,7.9819,1.7163
18.124,-0.1178,1.5458,-0.0447,-0.6698,8.0115,1.7164
18.174,-0.0968,1.5448,-0.0447,-0.6727,8.0308,1.7165
18.224,-0.0654,1.5434,-0.0447,-0.677,8.0605,1.7167
18.274,-0.0444,1.5425,-0.0447,-0.6792,8.0754,1.7168
18.324,-0.0234,1.5415,-0.0447,-0.6836,8.105,1.7168
18.375,0.0081,1.5401,-0.0447,-0.6873,8.1303,1.717
18.425,0.0291,1.5392,-0.0447,-0.6916,8.16,1.717
18.475,0.05,1.5383,-0.0447,-0.6945,8.1792,1.7171
18.525,0.0815,1.5369,-0.0447,-0.6989,8.2089,1.7172
18.575,0.1025,1.5359,-0.0447,-0.7011,8.2238,1.7173
18.625,0.1339,1.5345,-0.0447,-0.7054,8.2534,1.7173
18.676,0.1549,1.5336,-0.0447,-0.7092,8.2787,1.7174
18.726,0.1759,1.5326,-0.0447,-0.7135,8.3083,1.7176
18.776,0.2074,1.5312,-0.0447,-0.7164,8.3276,1.7176
18.827,0.2284,1.5303,-0.0447,-0.7208,8.3573,1.7177
18.877,0.2598,1.5289,-0.0447,-0.7234,8.3751,1.7178
18.927,0.2808,1.528,-0.0447,-0.728,8.4063,1.7179
18.978,0.3018,1.527,-0.0447,-0.7311,8.4271,1.718
19.028,0.3332,1.5256,-0.0447,-0.7355,8.4567,1.7181
19.078,0.3542,1.5247,-0.0447,-0.7384,8.476,1.7182
19.128,0.3857,1.5233,-0.0447,-0.7428,8.5057,1.7183
19.178,0.4067,1.5223,-0.0447,-0.745,8.5205,1.7184
19.229,0.4277,1.5214,-0.0447,-0.7496,8.5517,1.7185
19.279,0.4591,1.52,-0.0447,-0.7532,8.5754,1.7186
19.329,0.4801,1.519,-0.0447,-0.7576,8.6051,1.7187
19.379,0.5011,1.5181,-0.0447,-0.7605,8.6244,1.7188
19.429,0.5325,1.5167,-0.0447,-0.7649,8.6541,1.7189
19.48,0.5535,1.5158,-0.0447,-0.7671,8.6689,1.719
19.53,0.585,1.5144,-0.0447,-0.7715,8.6986,1.7191
19.58,0.606,1.5134,-0.0447,-0.7753,8.7238,1.7192
19.63,0.627,1.5125,-0.0447,-0.7797,8.7535,1.7193
19.68,0.6584,1.5111,-0.0447,-0.7826,8.7727,1.7194
19.731,0.6794,1.5101,-0.0447,-0.7871,8.8024,1.7195
19.781,0.7109,1.5087,-0.0447,-0.79,8.8217,1.7196
19.831,0.7318,1.5078,-0.0447,-0.7937,8.8469,1.7198
19.881,0.7528,1.5069,-0.0447,-0.7975,8.8721,1.7199
19.931,0.7843,1.5055,-0.0447,-0.802,8.9018,1.72
19.982,0.8053,1.5045,-0.0447,-0.8049,8.9211,1.7201
20.032,0.8367,1.5031,-0.0447,-0.8093,8.9507,1.7202
20.082,0.8577,1.5022,-0.0447,-0.8118,8.9671,1.7203
20.132,0.8787,1.5012,-0.0447,-0.8165,8.9982,1.7204
20.182,0.9102,1.4998,-0.0447,-0.8212,9.0294,1.7205
20.233,0.9312,1.4989,-0.0447,-0.8243,9.0501,1.7205
20.283,0.9626,1.4975,-0.0447,-0.8272,9.0694,1.7206
20.333,0.9836,1.4965,-0.0447,-0.8317,9.0991,1.7207
20.383,1.0046,1.4956,-0.0447,-0.8362,9.1287,1.7208
20.433,1.036,1.4942,-0.0447,-0.8384,9.1436,1.7209
20.484,1.057,1.4933,-0.0447,-0.8431,9.1747,1.721
20.534,1.078,1.4923,-0.0447,-0.8467,9.1984,1.7211
20.584,1.1095,1.4909,-0.0447,-0.8512,9.2281,1.7212
20.634,1.1305,1.49,-0.0447,-0.8542,9.2474,1.7213
20.684,1.1619,1.4886,-0.0447,-0.8587,9.277,1.7214
20.735,1.1829,1.4876,-0.0447,-0.8609,9.2919,1.7214
20.785,1.2039,1.4867,-0.0447,-0.8654,9.3215,1.7215
20.835,1.2353,1.4853,-0.0447,-0.8692,9.3467,1.7216
20.885,1.2563,1.4844,-0.0447,-0.8737,9.3764,1.7217
20.935,1.2878,1.4829,-0.0447,-0.8767,9.3957,1.7218
20.985,1.3088,1.482,-0.0447,-0.8812,9.4253,1.7219
21.036,1.3298,1.4811,-0.0447,-0.8841,9.4446,1.722
21.086,1.3612,1.4797,-0.0447,-0.888,9.4698,1.7221
21.136,1.3822,1.4787,-0.0447,-0.8918,9.495,1.7221
21.186,1.4137,1.4773,-0.0447,-0.8963,9.5247,1.7222
21.237,1.4346,1.4764,-0.0447,-0.8993,9.544,1.7223
21.287,1.4556,1.4754,-0.0447,-0.9038,9.5736,1.7224
21.337,1.4871,1.474,-0.0447,-0.9063,9.5899,1.7225
21.387,1.5081,1.4731,-0.0447,-0.9111,9.6211,1.7226
21.437,1.5395,1.4717,-0.0447,-0.9145,9.6433,1.7226
21.488,1.5605,1.4708,-0.0447,-0.919,9.673,1.7228
21.538,1.5815,1.4698,-0.0447,-0.9219,9.6922,1.7228
21.588,1.613,1.4684,-0.0447,-0.9265,9.7219,1.7229
21.638,1.6339,1.4675,-0.0447,-0.9288,9.7367,1.723
21.688,1.6549,1.4665,-0.0447,-0.9333,9.7664,1.7231
21.739,1.6864,1.4651,-0.0447,-0.9372,9.7916,1.7232
21.789,1.7074,1.4642,-0.0447,-0.9417,9.8212,1.7233
21.839,1.7388,1.4628,-0.0447,-0.9447,9.8405,1.7233
21.889,1.7598,1.4619,-0.0447,-0.9493,9.8702,1.7234
21.939,1.7808,1.4609,-0.0447,-0.9515,9.885,1.7235
21.99,1.8123,1.4595,-0.0447,-0.9561,9.9146,1.7236
22.04,1.8332,1.4586,-0.0447,-0.96,9.9398,1.7237
22.09,1.8647,1.4572,-0.0447,-0.9646,9.9695,1.7238
22.14,1.8857,1.4562,-0.0447,-0.9675,9.9888,1.7239
22.19,1.9067,1.4553,-0.0447,-0.9721,10.0184,1.724
22.24,1.9381,1.4539,-0.0447,-0.9749,10.0362,1.7241
22.291,1.9591,1.4529,-0.0447,-0.9797,10.0673,1.7242
22.341,1.9906,1.4515,-0.0447,-0.9829,10.0881,1.7243
22.391,2.0116,1.4506,-0.0447,-0.9875,10.1177,1.7244
22.441,2.0326,1.4497,-0.0447,-0.9905,10.137,1.7245
22.491,2.064,1.4483,-0.0447,-0.995,10.1666,1.7246
22.542,2.085,1.4473,-0.0447,-0.9973,10.1815,1.7247
22.592,2.106,1.4464,-0.0447,-1.0022,10.2126,1.7248
22.642,2.1374,1.445,-0.0447,-1.007,10.2437,1.725
22.692,2.1584,1.444,-0.0447,-1.0105,10.2659,1.7251
22.742,2.1899,1.4426,-0.0447,-1.0135,10.2852,1.7252
22.793,2.2109,1.4417,-0.0447,-1.0181,10.3149,1.7253
22.843,2.2319,1.4408,-0.0447,-1.0227,10.3445,1.7255
22.893,2.2633,1.4393,-0.0447,-1.025,10.3593,1.7256
22.943,2.2843,1.4384,-0.0447,-1.0296,10.389,1.7257
22.993,2.3158,1.437,-0.0447,-1.0336,10.4142,1.7257
23.043,2.3367,1.4361,-0.0447,-1.0366,10.4334,1.7258
23.094,2.3577,1.4351,-0.0447,-1.0412,10.4631,1.726
23.144,2.3892,1.4337,-0.0447,-1.0459,10.4927,1.7261
23.194,2.4102,1.4328,-0.0447,-1.0482,10.5075,1.7262
23.244,2.4416,1.4314,-0.0447,-1.0528,10.5372,1.7263
23.294,2.4626,1.4304,-0.0447,-1.0568,10.5624,1.7264
23.345,2.4836,1.4295,-0.0447,-1.0614,10.592,1.7265
23.395,2.5151,1.4281,-0.0447,-1.0644,10.6113,1.7266
23.445,2.536,1.4272,-0.0447,-1.0691,10.6409,1.7266
23.495,2.5675,1.4258,-0.0447,-1.0719,10.6587,1.7267
23.545,2.5885,1.4248,-0.0447,-1.0768,10.6898,1.7268
23.596,2.6095,1.4239,-0.0447,-1.08,10.7105,1.7269
23.646,2.6409,1.4225,-0.0447,-1.0847,10.7402,1.7271
23.696,2.6619,1.4215,-0.0447,-1.0877,10.7594,1.7272
23.746,2.6829,1.4206,-0.0447,-1.0924,10.7891,1.7273
23.797,2.7144,1.4192,-0.0447,-1.0948,10.8039,1.7273
23.847,2.7353,1.4183,-0.0447,-1.0997,10.835,1.7275
23.897,2.7668,1.4168,-0.0447,-1.1034,10.8587,1.7275
23.947,2.7878,1.4159,-0.0447,-1.1081,10.8883,1.7277
23.997,2.8088,1.415,-0.0447,-1.1112,10.9076,1.7277
24.048,2.8402,1.4136,-0.0447,-1.1158,10.9372,1.7279
24.098,2.8612,1.4126,-0.0447,-1.1182,10.952,1.7279
24.148,2.8927,1.4112,-0.0447,-1.1229,10.9817,1.7281
24.198,2.9137,1.4103,-0.0447,-1.1269,11.0069,1.7281
24.249,2.9346,1.4093,-0.0447,-1.1316,11.0365,1.7283
24.299,2.9661,1.4079,-0.0447,-1.1346,11.0557,1.7283
24.349,2.9871,1.407,-0.0447,-1.1393,11.0854,1.7285
24.399,3.0186,1.4056,-0.0447,-1.1424,11.1046,1.7285
24.449,3.0395,1.4047,-0.0447,-1.1464,11.1298,1.7286
24.499,3.0605,1.4037,-0.0447,-1.1504,11.155,1.7287
24.55,3.092,1.4023,-0.0447,-1.1551,11.1846,1.7288
24.6,3.113,1.4014,-0.0447,-1.1582,11.2039,1.7289
24.65,3.1444,1.4,-0.0447,-1.1629,11.2335,1.729
24.7,3.1654,1.399,-0.0447,-1.1655,11.2498,1.7291
24.751,3.1864,1.3981,-0.0447,-1.1705,11.2809,1.7292
24.801,3.2179,1.3967,-0.0447,-1.1741,11.3031,1.7293
24.851,3.2388,1.3958,-0.0447,-1.1788,11.3328,1.7294
24.901,3.2598,1.3948,-0.0447,-1.1819,11.352,1.7295
24.951,3.2913,1.3934,-0.0447,-1.1866,11.3816,1.7296
25.002,3.3123,1.3925,-0.0447,-1.189,11.3964,1.7296
25.052,3.3437,1.3911,-0.0447,-1.1937,11.4261,1.7298
25.102,3.3647,1.3901,-0.0447,-1.1987,11.4572,1.7299
25.152,3.3857,1.3892,-0.0447,-1.2025,11.4809,1.73
25.202,3.4172,1.3878,-0.0447,-1.2056,11.5001,1.7301
25.252,3.4381,1.3868,-0.0447,-1.2104,11.5297,1.7302
25.303,3.4696,1.3854,-0.0447,-1.2151,11.5594,1.7303
25.353,3.4906,1.3845,-0.0447,-1.2175,11.5742,1.7303
25.403,3.5116,1.3836,-0.0447,-1.2223,11.6038,1.7304
25.453,3.543,1.3822,-0.0447,-1.2263,11.629,1.7305
25.503,3.564,1.3812,-0.0447,-1.2311,11.6586,1.7307
25.554,3.5955,1.3798,-0.0447,-1.2342,11.6778,1.7307
25.604,3.6165,1.3789,-0.0447,-1.239,11.7074,1.7308
25.654,3.6374,1.3779,-0.0447,-1.2421,11.7267,1.7309
25.704,3.6689,1.3765,-0.0447,-1.2462,11.7519,1.731
25.754,3.6899,1.3756,-0.0447,-1.2502,11.777,1.731
25.805,3.7109,1.3747,-0.0447,-1.255,11.8067,1.7312
25.855,3.7423,1.3732,-0.0447,-1.2581,11.8259,1.7313
25.905,3.7633,1.3723,-0.0447,-1.2629,11.8555,1.7313
25.955,3.7948,1.3709,-0.0447,-1.2656,11.8718,1.7314
26.005,3.8158,1.37,-0.0447,-1.2706,11.9029,1.7315
26.055,3.8367,1.369,-0.0447,-1.2742,11.9251,1.7316
26.106,3.8682,1.3676,-0.0447,-1.279,11.9547,1.7317
26.156,3.8892,1.3667,-0.0447,-1.2821,11.974,1.7318
26.206,3.9207,1.3653,-0.0447,-1.287,12.0036,1.7319
26.256,3.9416,1.3643,-0.0447,-1.2894,12.0184,1.732
26.307,3.9626,1.3634,-0.0447,-1.2942,12.048,1.7321
26.357,3.9941,1.362,-0.0447,-1.2983,12.0732,1.7322
26.407,4.0151,1.3611,-0.0447,-1.3031,12.1028,1.7323
26.457,4.0465,1.3597,-0.0447,-1.3062,12.122,1.7324
26.507,4.0675,1.3587,-0.0447,-1.3111,12.1516,1.7326
26.558,4.0885,1.3578,-0.0447,-1.3135,12.1664,1.7326
26.608,4.12,1.3564,-0.0447,-1.3183,12.196,1.7327
26.658,4.1409,1.3554,-0.0447,-1.3224,12.2212,1.7328
26.708,4.1724,1.354,-0.0447,-1.3273,12.2508,1.733
26.758,4.1934,1.3531,-0.0447,-1.3304,12.2701,1.733
26.809,4.2144,1.3522,-0.0447,-1.3353,12.2997,1.7331
26.859,4.2458,1.3507,-0.0447,-1.3382,12.3174,1.7332
26.909,4.2668,1.3498,-0.0447,-1.3433,12.3485,1.7333
26.959,4.2878,1.3489,-0.0447,-1.3467,12.3692,1.7334
27.009,4.3193,1.3475,-0.0447,-1.3515,12.3988,1.7335
27.06,4.3402,1.3465,-0.0447,-1.3547,12.4181,1.7336
27.11,4.3717,1.3451,-0.0447,-1.3595,12.4477,1.7337
27.16,4.3927,1.3442,-0.0447,-1.362,12.4625,1.7337
27.21,4.4137,1.3432,-0.0447,-1.3671,12.4936,1.7338
27.261,4.4451,1.3418,-0.0447,-1.371,12.5173,1.7339
27.311,4.4661,1.3409,-0.0447,-1.3759,12.5469,1.734
27.361,4.4976,1.3395,-0.0447,-1.379,12.5661,1.7341
27.411,4.5186,1.3386,-0.0447,-1.3839,12.5957,1.7342
27.461,4.5395,1.3376,-0.0447,-1.3863,12.6105,1.7343
27.512,4.571,1.3362,-0.0447,-1.3912,12.6401,1.7344
27.562,4.592,1.3353,-0.0447,-1.3961,12.6697,1.7345
27.612,4.6235,1.3339,-0.0447,-1.4003,12.6949,1.7346
27.665,4.6444,1.3329,-0.0447,-1.4035,12.7141,1.7347
27.715,4.6654,1.332,-0.0447,-1.4084,12.7437,1.7348
27.765,4.6969,1.3306,-0.0447,-1.4133,12.7733,1.7349
27.816,4.7179,1.3296,-0.0447,-1.4157,12.7881,1.735
27.866,4.7493,1.3282,-0.0447,-1.4206,12.8177,1.7351
27.916,4.7703,1.3273,-0.0447,-1.4248,12.8428,1.7352
27.966,4.7913,1.3264,-0.0447,-1.4297,12.8724,1.7353
28.017,4.8228,1.325,-0.0447,-1.4329,12.8917,1.7353
28.067,4.8437,1.324,-0.0447,-1.4378,12.9213,1.7354
28.117,4.8752,1.3226,-0.0447,-1.4407,12.939,1.7355
28.167,4.8962,1.3217,-0.0447,-1.4459,12.9701,1.7356
28.217,4.9172,1.3207,-0.0447,-1.4494,12.9908,1.7357
28.267,4.9486,1.3193,-0.0447,-1.4543,13.0204,1.7358
28.318,4.9696,1.3184,-0.0447,-1.4575,13.0396,1.7359
28.368,5.0011,1.317,-0.0447,-1.4624,13.0692,1.736
28.418,5.0221,1.3161,-0.0447,-1.4649,13.084,1.7361
28.468,5.043,1.3151,-0.0447,-1.4701,13.1151,1.7362
28.519,5.0745,1.3137,-0.0447,-1.474,13.1388,1.7363
28.569,5.0955,1.3128,-0.0447,-1.479,13.1684,1.7364
28.619,5.1165,1.3118,-0.0447,-1.4822,13.1876,1.7365
28.669,5.1479,1.3104,-0.0447,-1.4871,13.2172,1.7366
28.719,5.1689,1.3095,-0.0447,-1.4896,13.232,1.7367
28.77,5.2004,1.3081,-0.0447,-1.4946,13.2616,1.7368
28.82,5.2214,1.3071,-0.0447,-1.4988,13.2867,1.7369
28.87,5.2423,1.3062,-0.0447,-1.5037,13.3163,1.737
28.92,5.2738,1.3048,-0.0447,-1.507,13.3355,1.737
28.97,5.2948,1.3039,-0.0447,-1.5119,13.3651,1.7371
29.02,5.3263,1.3025,-0.0447,-1.5152,13.3844,1.7372
29.071,5.3472,1.3015,-0.0447,-1.5194,13.4095,1.7373
29.121,5.3682,1.3006,-0.0447,-1.5236,13.4346,1.7374
29.171,5.3997,1.2992,-0.0447,-1.5286,13.4642,1.7375
29.221,5.4207,1.2982,-0.0447,-1.5318,13.4835,1.7376
29.271,5.4497,1.2971,-0.0444,-1.5365,13.5111,1.738
29.321,5.4601,1.2967,-0.0379,-1.5391,13.5265,1.7425
29.372,5.4668,1.2965,-0.0173,-1.5404,13.5328,1.7732
29.422,5.4764,1.2965,0.0169,-1.5424,13.5416,1.8077
29.472,5.4827,1.2967,0.0402,-1.544,13.5478,1.8313
29.522,5.4923,1.2972,0.0757,-1.5455,13.5534,1.8534
29.572,5.4986,1.2977,0.0999,-1.5482,13.562,1.888
29.623,5.5049,1.2983,0.1242,-1.5511,13.5706,1.9231
29.673,5.5143,1.2995,0.1611,-1.5527,13.5749,1.9407
29.723,5.5204,1.3005,0.1856,-1.5562,13.5836,1.9776
29.773,5.5266,1.3016,0.21,-1.5591,13.5902,2.0055
29.823,5.5356,1.3036,0.2462,-1.563,13.5983,2.0399
29.874,5.5414,1.3051,0.27,-1.5657,13.6035,2.0619
29.924,5.55,1.3076,0.3053,-1.57,13.6113,2.0957
29.974,5.5557,1.3095,0.3289,-1.5723,13.6152,2.1126
30.024,5.5613,1.3115,0.3524,-1.5771,13.6229,2.1464
30.074,5.5697,1.3147,0.3878,-1.5813,13.6292,2.1751
30.125,5.5751,1.317,0.4114,-1.5865,13.6366,2.2089
30.175,5.5833,1.3207,0.4468,-1.59,13.6413,2.231
30.225,5.5886,1.3233,0.4704,-1.5956,13.6483,2.2649
30.275,5.5939,1.3261,0.4941,-1.5994,13.6528,2.2869
30.325,5.6016,1.3304,0.5296,-1.6044,13.6585,2.3158
30.375,5.6067,1.3335,0.5532,-1.6096,13.664,2.3446
30.426,5.6142,1.3382,0.5889,-1.616,13.6704,2.3787
30.476,5.6191,1.3416,0.613,-1.6204,13.6745,2.4013
30.526,5.6241,1.3452,0.6379,-1.6278,13.6811,2.4372
30.576,5.6319,1.3513,0.6757,-1.6322,13.6849,2.457
30.626,5.6374,1.3557,0.7009,-1.6414,13.6921,2.495
30.677,5.6431,1.3606,0.7261,-1.6485,13.6975,2.5221
30.727,5.652,1.3688,0.7639,-1.6589,13.7047,2.5582
30.777,5.6582,1.3747,0.7891,-1.6659,13.7092,2.5816
30.827,5.6678,1.3846,0.827,-1.678,13.7166,2.6178
30.877,5.6745,1.3918,0.8523,-1.6845,13.7203,2.6359
30.928,5.6814,1.3995,0.8776,-1.6981,13.7277,2.6722
30.978,5.6922,1.4119,0.9156,-1.7104,13.7337,2.7031
31.028,5.6997,1.4208,0.941,-1.7258,13.7407,2.7394
31.078,5.7109,1.4352,0.9789,-1.7365,13.7451,2.7629
31.128,5.7184,1.4454,1.0041,-1.7537,13.7517,2.7991
31.179,5.7258,1.4562,1.0294,-1.7626,13.7549,2.8171
31.229,5.7368,1.4732,1.0672,-1.7814,13.7609,2.8533
31.279,5.7439,1.4852,1.0921,-1.798,13.7656,2.8834
31.329,5.7543,1.5045,1.1269,-1.8188,13.7708,2.9163
31.379,5.7609,1.5179,1.1483,-1.8327,13.7739,2.9362
31.43,5.7675,1.532,1.168,-1.8551,13.7783,2.9638
31.48,5.777,1.5538,1.1952,-1.8688,13.7807,2.9793
31.53,5.7831,1.5689,1.212,-1.8898,13.784,3.0009
31.58,5.7916,1.5924,1.2345,-1.9103,13.7867,3.0192
31.631,5.7971,1.6084,1.2484,-1.9349,13.7896,3.0389
31.681,5.8025,1.6249,1.2612,-1.9512,13.7912,3.0507
31.731,5.8103,1.6501,1.2788,-1.9768,13.7933,3.0674
31.781,5.8154,1.6672,1.2898,-1.9897,13.7942,3.0753
31.831,5.8203,1.6846,1.2998,-2.0172,13.7959,3.0903
31.882,5.8275,1.7111,1.3137,-2.0451,13.7972,3.1041
31.932,5.8321,1.7291,1.3225,-2.0652,13.7978,3.1135
31.982,5.8389,1.7567,1.3354,-2.0828,13.7983,3.1216
32.032,5.8433,1.7753,1.3436,-2.1102,13.7987,3.1331
32.082,5.8476,1.7942,1.351,-2.124,13.7988,3.1384
32.132,5.8539,1.8227,1.3611,-2.1518,13.7987,-3.1351
32.183,5.8579,1.8419,1.3672,-2.1798,13.7985,-3.1264
32.233,5.8638,1.871,1.3754,-2.2038,13.798,-3.1198
32.283,5.8676,1.8905,1.3803,-2.2222,13.7976,-3.1153
32.333,5.8713,1.9102,1.3848,-2.2508,13.7968,-3.1089
32.383,5.8768,1.9398,1.3909,-2.2794,13.7957,-3.1031
32.434,5.8804,1.9596,1.3947,-2.2938,13.7952,-3.1005
32.484,5.8856,1.9896,1.3995,-2.3227,13.7939,-3.0958
32.534,5.8891,2.0096,1.4022,-2.3474,13.7928,-3.0926
32.584,5.8925,2.0297,1.4045,-2.3765,13.7913,-3.0895
32.635,5.8975,2.0599,1.4074,-2.3954,13.7903,-3.0876
32.685,5.9008,2.0801,1.4092,-2.4246,13.7887,-3.0849
32.735,5.9041,2.1003,1.4109,-2.4422,13.7877,-3.0835
32.785,5.909,2.1307,1.4134,-2.4729,13.7858,-3.0809
32.835,5.9122,2.151,1.415,-2.4935,13.7846,-3.0792
32.886,5.9169,2.1815,1.4173,-2.5229,13.7827,-3.077
32.936,5.9201,2.2018,1.4187,-2.542,13.7815,-3.0756
32.986,5.9232,2.2222,1.42,-2.5715,13.7795,-3.0737
33.036,5.9278,2.2529,1.4218,-2.5862,13.7785,-3.0728
33.086,5.9309,2.2733,1.423,-2.6172,13.7763,-3.0708
33.137,5.9354,2.3041,1.4247,-2.6408,13.7746,-3.0694
33.187,5.9384,2.3247,1.4258,-2.6704,13.7725,-3.0679
33.237,5.9414,2.3452,1.4267,-2.6897,13.771,-3.067
33.287,5.9459,2.3761,1.428,-2.7194,13.7688,-3.0656
33.337,5.9488,2.3967,1.4288,-2.7342,13.7677,-3.065
33.388,5.9533,2.4277,1.4298,-2.7638,13.7654,-3.0639
33.438,5.9562,2.4484,1.4304,-2.7891,13.7634,-3.063
33.488,5.9591,2.469,1.431,-2.8188,13.761,-3.0621
33.538,5.9635,2.5,1.4318,-2.8381,13.7595,-3.0615
33.588,5.9663,2.5207,1.4323,-2.8679,13.7571,-3.0608
33.638,5.9707,2.5518,1.4328,-2.8872,13.7555,-3.0603
33.689,5.9735,2.5725,1.4331,-2.9126,13.7534,-3.0599
33.739,5.9764,2.5932,1.4334,-2.9379,13.7514,-3.0594
33.789,5.9807,2.6243,1.4338,-2.9677,13.7489,-3.0589
33.839,5.9836,2.6451,1.434,-2.987,13.7473,-3.0587
33.889,5.9864,2.6658,1.4342,-3.0168,13.7448,-3.0582
33.94,5.9907,2.6969,1.4346,-3.0332,13.7434,-3.058
33.99,5.9935,2.7176,1.4348,-3.0645,13.7408,-3.0576
34.04,5.9978,2.7488,1.4351,-3.0869,13.7389,-3.0573
34.09,6.0006,2.7695,1.4353,-3.1167,13.7364,-3.057
34.141,6.0034,2.7903,1.4355,-3.1361,13.7348,-3.0567
34.191,6.0077,2.8214,1.4357,-3.166,13.7322,-3.0564
34.241,6.0105,2.8422,1.4359,-3.1809,13.7309,-3.0562
34.291,6.0147,2.8734,1.4361,-3.2107,13.7284,-3.0559
34.341,6.0175,2.8941,1.4363,-3.242,13.7257,-3.0556
34.391,6.0203,2.9149,1.4364,-3.2659,13.7236,-3.0554
34.442,6.0246,2.9461,1.4366,-3.2853,13.7219,-3.0553
34.492,6.0274,2.9669,1.4367,-3.3152,13.7194,-3.055
34.542,6.0316,2.9981,1.4368,-3.3301,13.7181,-3.0549
34.592,6.0344,3.0189,1.4369,-3.36,13.7155,-3.0546
34.642,6.0372,3.0397,1.437,-3.3854,13.7132,-3.0545
34.693,6.0414,3.0709,1.4371,-3.4152,13.7106,-3.0543
34.743,6.0442,3.0917,1.4371,-3.4346,13.7089,-3.0542
34.793,6.047,3.1125,1.4372,-3.4645,13.7063,-3.054
34.843,6.0512,3.1437,1.4372,-3.4824,13.7047,-3.0539
34.893,6.054,3.1645,1.4373,-3.5138,13.702,-3.0538
34.943,6.0581,3.1957,1.4373,-3.5392,13.6997,-3.0536
34.994,6.0609,3.2165,1.4374,-3.5646,13.6975,-3.0535
35.044,6.0637,3.2373,1.4374,-3.5944,13.6949,-3.0533
35.094,6.0679,3.2685,1.4374,-3.6138,13.6931,-3.0532
35.144,6.0707,3.2893,1.4375,-3.6437,13.6905,-3.053
35.194,6.0749,3.3205,1.4375,-3.6601,13.689,-3.0529
35.245,6.0777,3.3413,1.4375,-3.6915,13.6862,-3.0528
35.295,6.0805,3.3621,1.4376,-3.7139,13.6842,-3.0527
35.345,6.0847,3.3933,1.4376,-3.7438,13.6816,-3.0525
35.395,6.0874,3.4141,1.4376,-3.7632,13.6798,-3.0524
35.445,6.0916,3.4453,1.4377,-3.7931,13.6772,-3.0522
35.496,6.0944,3.4661,1.4377,-3.808,13.6758,-3.0522
35.546,6.0972,3.487,1.4377,-3.8379,13.6732,-3.0521
35.596,6.1014,3.5182,1.4377,-3.8633,13.6709,-3.0519
35.646,6.1042,3.539,1.4377,-3.8932,13.6682,-3.0518
35.696,6.1083,3.5702,1.4377,-3.9126,13.6664,-3.0517
35.747,6.1111,3.591,1.4378,-3.9424,13.6637,-3.0515
35.797,6.1139,3.6118,1.4378,-3.9574,13.6624,-3.0515
35.847,6.1181,3.643,1.4378,-3.9873,13.6597,-3.0513
35.897,6.1209,3.6639,1.4378,-4.0127,13.6574,-3.0512
35.947,6.1237,3.6847,1.4378,-4.0425,13.6547,-3.0511
35.998,6.1278,3.7159,1.4378,-4.0619,13.6529,-3.051
36.048,6.1306,3.7367,1.4378,-4.0918,13.6502,-3.0509
36.098,6.1348,3.7679,1.4378,-4.1097,13.6486,-3.0508
36.148,6.1376,3.7887,1.4378,-4.1411,13.6457,-3.0506
36.199,6.1404,3.8095,1.4378,-4.162,13.6438,-3.0505
36.249,6.1445,3.8408,1.4378,-4.1919,13.6411,-3.0504
36.299,6.1473,3.8616,1.4379,-4.2113,13.6393,-3.0503
36.349,6.1515,3.8928,1.4379,-4.2412,13.6366,-3.0502
36.399,6.1543,3.9136,1.4379,-4.2561,13.6352,-3.0501
36.45,6.1571,3.9344,1.4379,-4.2875,13.6323,-3.05
36.5,6.1612,3.9656,1.4379,-4.3114,13.6301,-3.0499
36.55,6.164,3.9865,1.4379,-4.3413,13.6274,-3.0498
36.6,6.1682,4.0177,1.4379,-4.3607,13.6256,-3.0498
36.65,6.171,4.0385,1.4379,-4.3906,13.6228,-3.0497
36.701,6.1738,4.0593,1.4379,-4.4055,13.6215,-3.0496
36.751,6.1779,4.0905,1.4379,-4.4354,13.6187,-3.0495
36.801,6.1807,4.1113,1.4379,-4.4608,13.6164,-3.0493
36.851,6.1849,4.1426,1.4379,-4.4906,13.6136,-3.0492
36.901,6.1877,4.1634,1.4379,-4.51,13.6118,-3.0491
36.952,6.1905,4.1842,1.4379,-4.5399,13.609,-3.049
37.002,6.1946,4.2154,1.4379,-4.5593,13.6072,-3.0489
37.052,6.1974,4.2362,1.4379,-4.5847,13.6049,-3.0488
37.102,6.2002,4.257,1.4379,-4.6101,13.6025,-3.0487
37.152,6.2044,4.2883,1.4379,-4.64,13.5997,-3.0486
37.202,6.2072,4.3091,1.4379,-4.6594,13.5979,-3.0485
37.252,6.2113,4.3403,1.4379,-4.6893,13.5951,-3.0484
37.303,6.2141,4.3611,1.4379,-4.7191,13.5923,-3.0483
37.353,6.2169,4.3819,1.4379,-4.737,13.5906,-3.0483
37.403,6.2211,4.4132,1.4379,-4.7684,13.5877,-3.0482
37.453,6.2238,4.434,1.4379,-4.7893,13.5857,-3.0481
37.503,6.228,4.4652,1.4379,-4.8192,13.5829,-3.048
37.554,6.2308,4.486,1.4379,-4.8386,13.5811,-3.0479
37.604,6.2336,4.5068,1.4379,-4.8685,13.5783,-3.0478
37.654,6.2378,4.538,1.4379,-4.8834,13.5769,-3.0477
37.704,6.2405,4.5589,1.4379,-4.9148,13.5739,-3.0476
37.754,6.2447,4.5901,1.4379,-4.9387,13.5717,-3.0475
37.805,6.2475,4.6109,1.4379,-4.9685,13.5689,-3.0474
37.855,6.2503,4.6317,1.4379,-4.9879,13.567,-3.0474
37.905,6.2545,4.6629,1.4379,-5.0178,13.5642,-3.0472
37.955,6.2572,4.6837,1.4379,-5.0327,13.5628,-3.0472
38.005,6.26,4.7046,1.4379,-5.0626,13.56,-3.0471
38.056,6.2642,4.7358,1.4379,-5.088,13.5576,-3.0469
38.106,6.267,4.7566,1.4379,-5.1179,13.5547,-3.0468
38.156,6.2711,4.7878,1.4379,-5.1373,13.5529,-3.0468
38.206,6.2739,4.8086,1.4379,-5.1671,13.55,-3.0467
38.256,6.2767,4.8294,1.4379,-5.1865,13.5482,-3.0466
38.307,6.2809,4.8607,1.4379,-5.2119,13.5458,-3.0465
38.357,6.2837,4.8815,1.4379,-5.2373,13.5434,-3.0464
38.407,6.2878,4.9127,1.4379,-5.2672,13.5405,-3.0463
38.457,6.2906,4.9335,1.4379,-5.2866,13.5386,-3.0462
38.507,6.2934,4.9543,1.4379,-5.3165,13.5358,-3.0461
38.557,6.2976,4.9856,1.4379,-5.3329,13.5342,-3.046
38.608,6.3004,5.0064,1.4379,-5.3642,13.5312,-3.0459
38.658,6.3045,5.0376,1.4379,-5.3866,13.529,-3.0458
38.708,6.3073,5.0584,1.4379,-5.4165,13.5262,-3.0457
38.758,6.3101,5.0792,1.4379,-5.4359,13.5243,-3.0456
38.808,6.3143,5.1104,1.4379,-5.4658,13.5214,-3.0455
38.858,6.3171,5.1313,1.4379,-5.4807,13.52,-3.0455
38.909,6.3198,5.1521,1.4379,-5.5106,13.5171,-3.0454
38.959,6.324,5.1833,1.4379,-5.5359,13.5147,-3.0453
39.009,6.3268,5.2041,1.4379,-5.5658,13.5118,-3.0452
39.059,6.331,5.2353,1.4379,-5.5852,13.5099,-3.0451
39.11,6.3337,5.2562,1.4379,-5.6151,13.507,-3.045
39.16,6.3365,5.277,1.4379,-5.63,13.5056,-3.045
39.21,6.3407,5.3082,1.4379,-5.6599,13.5027,-3.0449
39.26,6.3435,5.329,1.4379,-5.6852,13.5002,-3.0448
39.31,6.3477,5.3602,1.4379,-5.7151,13.4973,-3.0447
39.361,6.3504,5.381,1.4379,-5.7345,13.4954,-3.0446
39.411,6.3532,5.4019,1.4379,-5.7644,13.4925,-3.0445
39.461,6.3574,5.4331,1.4379,-5.7823,13.4908,-3.0444
39.511,6.3599,5.4533,1.438,-5.8136,13.4877,-3.0437
39.561,6.3618,5.4699,1.4495,-5.839,13.4851,-3.0313
39.612,6.3625,5.4762,1.4715,-5.8341,13.4854,-3.0043
39.662,6.3631,5.4825,1.4937,-5.8385,13.4846,-2.9835
39.712,6.3636,5.4919,1.527,-5.8472,13.4831,-2.9517
39.762,6.3639,5.4982,1.5492,-5.856,13.4813,-2.9198
39.812,6.3639,5.5077,1.5825,-5.8609,13.4802,-2.9023
39.863,6.3638,5.514,1.6048,-5.87,13.4778,-2.8688
39.913,6.3635,5.5203,1.627,-5.8765,13.4759,-2.8449
39.963,6.3628,5.5297,1.6603,-5.8821,13.4742,-2.8242
40.013,6.3622,5.536,1.6825,-5.8905,13.4713,-2.7923
40.063,6.3614,5.5422,1.7047,-5.8989,13.4681,-2.7604
40.114,6.36,5.5516,1.738,-5.9032,13.4664,-2.7445
40.164,6.3589,5.5578,1.7602,-5.9115,13.4628,-2.7126
40.214,6.357,5.567,1.7935,-5.9183,13.4596,-2.6855
40.264,6.3555,5.5731,1.8157,-5.9264,13.4555,-2.6535
40.314,6.3539,5.5793,1.8381,-5.9315,13.4528,-2.6326
40.364,6.3512,5.5885,1.8719,-5.9394,13.4483,-2.6
40.415,6.3492,5.5947,1.8949,-5.9432,13.446,-2.5835
40.465,6.3459,5.6041,1.9303,-5.9507,13.4411,-2.5496
40.515,6.3434,5.6104,1.9545,-5.957,13.4368,-2.52
40.565,6.3408,5.6168,1.9793,-5.9643,13.4314,-2.4841
40.615,6.3364,5.6265,2.0171,-5.9689,13.4278,-2.4606
40.665,6.3333,5.6328,2.0423,-5.9758,13.4221,-2.4245
40.716,6.3283,5.6421,2.0801,-5.9799,13.4185,-2.4029
40.766,6.3248,5.6482,2.1053,-5.9867,13.412,-2.3649
40.816,6.3211,5.6543,2.1305,-5.9912,13.4076,-2.3397
40.866,6.3153,5.6631,2.1683,-5.9973,13.4011,-2.3036
40.916,6.3113,5.6689,2.1935,-6.0012,13.3967,-2.2801
40.967,6.3071,5.6746,2.2187,-6.007,13.3898,-2.244
41.017,6.3006,5.6829,2.2565,-6.0098,13.3862,-2.2259
41.067,6.296,5.6884,2.2817,-6.0155,13.3785,-2.1881
41.117,6.289,5.6965,2.3193,-6.0198,13.3724,-2.1594
41.167,6.2842,5.7019,2.344,-6.0254,13.3638,-2.124
41.218,6.2793,5.7074,2.3684,-6.0291,13.3577,-2.1012
41.268,6.271,5.7157,2.4052,-6.0347,13.3478,-2.066
41.318,6.2651,5.7212,2.4297,-6.0377,13.3423,-2.0484
41.368,6.2553,5.7294,2.4671,-6.0435,13.3307,-2.0127
41.418,6.2482,5.735,2.4921,-6.0484,13.3202,-1.9822
41.468,6.2406,5.7406,2.5172,-6.0541,13.3067,-1.9464
41.519,6.2283,5.7491,2.5547,-6.0577,13.2974,-1.9231
41.569,6.2196,5.7548,2.5798,-6.063,13.2824,-1.887
41.619,6.2054,5.7634,2.6176,-6.0663,13.272,-1.8636
41.669,6.1954,5.7691,2.6428,-6.0704,13.2579,-1.8329
41.719,6.1848,5.7747,2.668,-6.0742,13.243,-1.8021
41.77,6.1679,5.7831,2.7058,-6.0783,13.2244,-1.766
41.82,6.156,5.7887,2.731,-6.0807,13.2119,-1.7425
41.87,6.1371,5.7969,2.7683,-6.084,13.1916,-1.707
41.92,6.1237,5.8023,2.792,-6.0855,13.18,-1.6882
41.97,6.1096,5.8076,2.8144,-6.0879,13.1571,-1.6545
42.021,6.0873,5.815,2.847,-6.0891,13.1402,-1.6313
42.071,6.0717,5.8196,2.8676,-6.0903,13.117,-1.6022
42.121,6.0556,5.8239,2.8865,-6.0907,13.1016,-1.585
42.171,6.0306,5.8301,2.9121,-6.0908,13.0771,-1.561
42.222,6.0136,5.834,2.9276,-6.0906,13.0646,-1.5499
42.272,5.9873,5.8394,2.9482,-6.0899,13.0392,-1.5302
42.322,5.9695,5.8428,2.9605,-6.0885,13.012,-1.5119
42.372,5.9513,5.846,2.9717,-6.0872,12.9909,-1.4995
42.422,5.9236,5.8505,2.9869,-6.0859,12.9736,-1.4901
42.472,5.905,5.8534,2.996,-6.0836,12.9467,-1.4774
42.523,5.8766,5.8574,3.0077,-6.0809,12.9194,-1.4665
42.573,5.8576,5.8599,3.0142,-6.0794,12.9057,-1.462
42.623,5.8385,5.8623,3.0201,-6.0763,12.8781,-1.4537
42.673,5.8095,5.8657,3.0282,-6.0735,12.8544,-1.4473
42.723,5.7901,5.8678,3.0331,-6.0712,12.8363,-1.4427
42.774,5.7607,5.871,3.0398,-6.0675,12.8082,-1.4362
42.824,5.741,5.8729,3.0438,-6.0636,12.78,-1.4305
42.874,5.7211,5.8748,3.0475,-6.0609,12.7616,-1.4271
42.924,5.6912,5.8776,3.0524,-6.0574,12.7374,-1.4232
42.974,5.6711,5.8794,3.0553,-6.0538,12.7132,-1.4195
43.024,5.6509,5.8811,3.0581,-6.0493,12.6846,-1.4154
43.075,5.6205,5.8836,3.0623,-6.0464,12.666,-1.4128
43.125,5.6002,5.8852,3.065,-6.0418,12.6373,-1.4088
43.175,5.5697,5.8875,3.069,-6.0392,12.6215,-1.4067
43.225,5.5493,5.8889,3.0714,-6.0341,12.5912,-1.403
43.276,5.5288,5.8903,3.0735,-6.0304,12.5696,-1.4007
43.326,5.498,5.8924,3.0765,-6.0254,12.5406,-1.3979
43.376,5.4775,5.8937,3.0783,-6.0221,12.5217,-1.3962
43.426,5.4466,5.8956,3.0806,-6.017,12.4927,-1.3939
43.476,5.4259,5.8969,3.082,-6.0143,12.4782,-1.3928
43.526,5.4052,5.8981,3.0833,-6.0091,12.4491,-1.3909
43.577,5.3742,5.8999,3.0851,-6.0046,12.4243,-1.3894
43.627,5.3535,5.901,3.0861,-5.9992,12.3951,-1.3879
43.677,5.3224,5.9028,3.0873,-5.9957,12.3762,-1.3871
43.727,5.3016,5.9039,3.088,-5.9902,12.3469,-1.386
43.778,5.2809,5.905,3.0887,-5.9875,12.3323,-1.3854
43.828,5.2497,5.9066,3.0896,-5.982,12.3031,-1.3844
43.878,5.2289,5.9077,3.0902,-5.9773,12.2782,-1.3837
43.928,5.1976,5.9093,3.091,-5.9717,12.2489,-1.3828
43.978,5.1768,5.9103,3.0915,-5.9681,12.2298,-1.3823
44.029,5.1559,5.9114,3.0919,-5.9625,12.2005,-1.3817
44.079,5.1246,5.9129,3.0924,-5.9591,12.183,-1.3813
44.129,5.1038,5.914,3.0928,-5.9532,12.1522,-1.3806
44.179,5.0829,5.915,3.0931,-5.9492,12.1316,-1.3801
44.229,5.0515,5.9165,3.0936,-5.9436,12.1023,-1.3796
44.28,5.0306,5.9175,3.0939,-5.9399,12.0832,-1.3792
44.33,4.9992,5.919,3.0944,-5.9342,12.0539,-1.3787
44.38,4.9783,5.92,3.0947,-5.9313,12.0392,-1.3784
44.43,4.9574,5.9209,3.0949,-5.9253,12.0084,-1.3779
44.48,4.926,5.9224,3.0953,-5.9207,11.9849,-1.3776
44.531,4.9051,5.9234,3.0955,-5.915,11.9555,-1.3772
44.581,4.8842,5.9243,3.0957,-5.9112,11.9364,-1.3769
44.631,4.8528,5.9258,3.0959,-5.9054,11.907,-1.3766
44.681,4.8318,5.9267,3.0961,-5.9025,11.8923,-1.3764
44.731,4.8004,5.9282,3.0963,-5.8968,11.8629,-1.3761
44.782,4.7795,5.9291,3.0964,-5.8918,11.8379,-1.3759
44.832,4.7585,5.9301,3.0965,-5.886,11.8086,-1.3756
44.882,4.7271,5.9315,3.0966,-5.8822,11.7894,-1.3755
44.932,4.7061,5.9324,3.0967,-5.8764,11.7601,-1.3752
44.983,4.6852,5.9333,3.0968,-5.8726,11.7409,-1.3751
45.033,4.6537,5.9348,3.0969,-5.8677,11.7159,-1.3749
45.083,4.6328,5.9357,3.097,-5.8627,11.6909,-1.3747
45.133,4.6013,5.9371,3.0971,-5.8569,11.6615,-1.3745
45.183,4.5804,5.938,3.0971,-5.8531,11.6424,-1.3744
45.233,4.5594,5.939,3.0971,-5.8472,11.613,-1.3742
45.284,4.5279,5.9404,3.0972,-5.844,11.5969,-1.3741
45.334,4.507,5.9413,3.0973,-5.8378,11.566,-1.3738
45.384,4.4755,5.9427,3.0973,-5.8334,11.5439,-1.3737
45.434,4.4545,5.9436,3.0974,-5.8276,11.5145,-1.3735
45.484,4.4336,5.9445,3.0974,-5.8237,11.4954,-1.3734
45.535,4.4021,5.9459,3.0974,-5.8178,11.466,-1.3733
45.585,4.3811,5.9469,3.0975,-5.8149,11.4513,-1.3732
45.635,4.3497,5.9482,3.0975,-5.809,11.4219,-1.373
45.685,4.3287,5.9492,3.0975,-5.804,11.3969,-1.3729
45.735,4.3077,5.9501,3.0976,-5.7981,11.3675,-1.3727
45.786,4.2763,5.9515,3.0976,-5.7943,11.3484,-1.3727
45.836,4.2553,5.9524,3.0976,-5.7884,11.319,-1.3725
45.886,4.2343,5.9533,3.0976,-5.7854,11.3043,-1.3724
45.936,4.2029,5.9547,3.0977,-5.7795,11.2749,-1.3723
45.987,4.1819,5.9556,3.0977,-5.7745,11.2499,-1.3722
46.037,4.1609,5.9566,3.0977,-5.7685,11.2205,-1.3721
46.087,4.1294,5.9579,3.0977,-5.7647,11.2013,-1.372
46.137,4.1085,5.9589,3.0977,-5.7588,11.1719,-1.3719
46.188,4.077,5.9602,3.0977,-5.7552,11.1543,-1.3718
46.239,4.056,5.9612,3.0977,-5.749,11.1234,-1.3717
46.289,4.035,5.9621,3.0977,-5.7448,11.1028,-1.3716
46.34,4.0141,5.963,3.0977,-5.741,11.0837,-1.3716
46.39,3.9826,5.9644,3.0977,-5.735,11.0543,-1.3715
46.44,3.9616,5.9653,3.0978,-5.7321,11.0396,-1.3715
46.491,3.9301,5.9667,3.0978,-5.7261,11.0102,-1.3713
46.541,3.9092,5.9676,3.0978,-5.7199,10.9794,-1.3713
46.591,3.8882,5.9685,3.0978,-5.7151,10.9558,-1.3711
46.641,3.8567,5.9699,3.0978,-5.7113,10.9367,-1.3711
46.692,3.8357,5.9708,3.0978,-5.7053,10.9073,-1.371
46.742,3.8148,5.9717,3.0978,-5.7023,10.8926,-1.3709
46.792,3.7833,5.9731,3.0978,-5.6964,10.8632,-1.3708
46.842,3.7623,5.974,3.0978,-5.6913,10.8382,-1.3707
46.893,3.7309,5.9754,3.0978,-5.6853,10.8088,-1.3705
46.943,3.7099,5.9763,3.0978,-5.6815,10.7897,-1.3705
46.993,3.6889,5.9773,3.0978,-5.6755,10.7603,-1.3704
47.043,3.6574,5.9786,3.0978,-5.6719,10.7427,-1.3703
47.093,3.6364,5.9796,3.0978,-5.6656,10.7118,-1.3702
47.144,3.605,5.9809,3.0978,-5.6614,10.6912,-1.3701
47.194,3.584,5.9819,3.0978,-5.6555,10.6618,-1.37
47.244,3.563,5.9828,3.0978,-5.6516,10.6427,-1.3699
47.294,3.5315,5.9842,3.0978,-5.6456,10.6133,-1.3697
47.345,3.5106,5.9851,3.0978,-5.6426,10.5986,-1.3697
47.395,3.4791,5.9865,3.0978,-5.6363,10.5678,-1.3695
47.445,3.4581,5.9874,3.0978,-5.63,10.5369,-1.3694
47.495,3.4371,5.9883,3.0978,-5.6255,10.5149,-1.3693
47.545,3.4057,5.9897,3.0978,-5.6216,10.4958,-1.3693
47.596,3.3847,5.9906,3.0978,-5.6156,10.4664,-1.3692
47.646,3.3637,5.9915,3.0978,-5.6096,10.437,-1.3691
47.696,3.3322,5.9929,3.0978,-5.6066,10.4223,-1.369
47.746,3.3113,5.9938,3.0978,-5.6005,10.3929,-1.3689
47.797,3.2798,5.9952,3.0978,-5.5954,10.3679,-1.3688
47.847,3.2588,5.9961,3.0978,-5.5894,10.3385,-1.3687
47.898,3.2378,5.997,3.0978,-5.5855,10.3194,-1.3686
47.948,3.2064,5.9984,3.0978,-5.5795,10.29,-1.3685
47.998,3.1854,5.9993,3.0978,-5.5765,10.2753,-1.3685
48.048,3.1539,6.0007,3.0978,-5.5704,10.2459,-1.3683
48.099,3.1329,6.0016,3.0978,-5.5653,10.221,-1.3682
48.149,3.112,6.0025,3.0978,-5.5593,10.1916,-1.3681
48.199,3.0805,6.0039,3.0978,-5.5553,10.1725,-1.368
48.249,3.0595,6.0048,3.0978,-5.5493,10.1431,-1.3679
48.3,3.028,6.0062,3.0978,-5.5457,10.1255,-1.3678
48.35,3.0071,6.0071,3.0978,-5.5393,10.0946,-1.3677
48.4,2.9861,6.008,3.0978,-5.5351,10.074,-1.3676
48.45,2.9546,6.0094,3.0978,-5.529,10.0446,-1.3675
48.501,2.9336,6.0103,3.0978,-5.5251,10.0256,-1.3674
48.551,2.9126,6.0113,3.0978,-5.519,9.9962,-1.3673
48.601,2.8812,6.0126,3.0978,-5.516,9.9815,-1.3672
48.651,2.8602,6.0136,3.0978,-5.5096,9.9506,-1.3671
48.701,2.8287,6.0149,3.0978,-5.5048,9.9271,-1.367
48.751,2.8077,6.0158,3.0978,-5.4987,9.8977,-1.3669
48.802,2.7868,6.0168,3.0978,-5.4947,9.8787,-1.3668
48.852,2.7553,6.0181,3.0978,-5.4887,9.8493,-1.3666
48.902,2.7343,6.0191,3.0978,-5.4856,9.8346,-1.3666
48.952,2.7133,6.02,3.0978,-5.4795,9.8052,-1.3664
49.002,2.6819,6.0214,3.0978,-5.4744,9.7802,-1.3663
49.053,2.6609,6.0223,3.0978,-5.4683,9.7509,-1.3662
49.103,2.6399,6.0232,3.0978,-5.4643,9.7318,-1.3661
49.154,2.6084,6.0246,3.0978,-5.4606,9.7142,-1.366
49.204,2.5875,6.0255,3.0978,-5.4552,9.6877,-1.3659
49.254,2.556,6.0269,3.0978,-5.45,9.6627,-1.3658
49.304,2.535,6.0278,3.0978,-5.4439,9.6334,-1.3657
49.355,2.514,6.0287,3.0978,-5.4377,9.604,-1.3656
49.405,2.4826,6.0301,3.0978,-5.4338,9.5849,-1.3655
49.455,2.4616,6.031,3.0978,-5.4277,9.5555,-1.3654
49.505,2.4301,6.0324,3.0978,-5.4243,9.5394,-1.3654
49.556,2.4091,6.0333,3.0978,-5.4179,9.5086,-1.3653
49.606,2.3881,6.0342,3.0978,-5.4133,9.4865,-1.3652
49.656,2.3567,6.0356,3.0978,-5.4071,9.4572,-1.3651
49.706,2.3357,6.0365,3.0978,-5.4032,9.4381,-1.365
49.756,2.3147,6.0374,3.0978,-5.4001,9.4234,-1.365
49.807,2.2832,6.0388,3.0978,-5.394,9.394,-1.3648
49.857,2.2623,6.0397,3.0978,-5.3887,9.3691,-1.3647
49.907,2.2308,6.0411,3.0978,-5.3826,9.3397,-1.3646
49.957,2.2098,6.042,3.0978,-5.3786,9.3206,-1.3646
50.008,2.1888,6.0429,3.0978,-5.3725,9.2912,-1.3645
50.058,2.1574,6.0443,3.0978,-5.3685,9.2722,-1.3644
50.108,2.1364,6.0452,3.0978,-5.3632,9.2472,-1.3643
50.158,2.1049,6.0466,3.0978,-5.3571,9.2178,-1.3642
50.209,2.0839,6.0475,3.0978,-5.3519,9.1929,-1.3641
50.259,2.063,6.0485,3.0978,-5.3479,9.1738,-1.3641
50.311,2.0315,6.0498,3.0978,-5.3417,9.1444,-1.3639
50.361,2.0105,6.0508,3.0978,-5.3355,9.1151,-1.3638
50.413,1.979,6.0521,3.0978,-5.3318,9.0975,-1.3638
50.463,1.9581,6.0531,3.0978,-5.3254,9.0666,-1.3636
50.514,1.9371,6.054,3.0978,-5.321,9.0461,-1.3635
50.564,1.9056,6.0553,3.0978,-5.3149,9.0167,-1.3634
50.614,1.8846,6.0563,3.0978,-5.3109,8.9976,-1.3633
50.664,1.8532,6.0576,3.0978,-5.3047,8.9683,-1.3632
50.715,1.8322,6.0586,3.0978,-5.3016,8.9536,-1.3632
50.765,1.8112,6.0595,3.0978,-5.2951,8.9228,-1.3631
50.815,1.7797,6.0609,3.0978,-5.2901,8.8993,-1.363
50.866,1.7588,6.0618,3.0978,-5.2839,8.8699,-1.3629
50.916,1.7378,6.0627,3.0978,-5.2799,8.8509,-1.3628
50.967,1.7168,6.0636,3.0978,-5.2768,8.8362,-1.3627
51.017,1.6853,6.065,3.0978,-5.2706,8.8068,-1.3626
51.067,1.6643,6.0659,3.0978,-5.2653,8.7819,-1.3625
51.117,1.6329,6.0673,3.0978,-5.2591,8.7525,-1.3623
51.168,1.6119,6.0682,3.0978,-5.2551,8.7335,-1.3623
51.218,1.5909,6.0691,3.0978,-5.2517,8.7173,-1.3622
51.268,1.5699,6.07,3.0978,-5.2452,8.6865,-1.362
51.318,1.5385,6.0714,3.0978,-5.2405,8.6645,-1.3619
51.369,1.5175,6.0723,3.0978,-5.2343,8.6351,-1.3618
51.419,1.486,6.0737,3.0978,-5.2302,8.6161,-1.3617
51.469,1.465,6.0746,3.0978,-5.224,8.5867,-1.3616
51.519,1.4441,6.0756,3.0978,-5.2209,8.572,-1.3616
51.57,1.4126,6.0769,3.0978,-5.2147,8.5427,-1.3615
51.62,1.3916,6.0779,3.0978,-5.2094,8.5178,-1.3614
51.671,1.3601,6.0792,3.0978,-5.2031,8.4884,-1.3613
51.721,1.3392,6.0802,3.0978,-5.1991,8.4693,-1.3612
51.772,1.3182,6.0811,3.0978,-5.1928,8.44,-1.3611
51.822,1.2867,6.0824,3.0978,-5.1866,8.4107,-1.361
51.872,1.2657,6.0834,3.0978,-5.1834,8.396,-1.3609
51.923,1.2343,6.0847,3.0978,-5.1772,8.3666,-1.3608
51.973,1.2133,6.0857,3.0978,-5.1719,8.3417,-1.3607
52.024,1.1923,6.0866,3.0978,-5.1656,8.3124,-1.3606
52.075,1.1608,6.088,3.0978,-5.1616,8.2933,-1.3605
52.125,1.1398,6.0889,3.0978,-5.1553,8.264,-1.3604
52.175,1.1084,6.0903,3.0978,-5.1512,8.2449,-1.3604
52.225,1.0874,6.0912,3.0978,-5.1459,8.2199,-1.3602
52.276,1.0664,6.0921,3.0978,-5.1406,8.195,-1.3601
52.327,1.0349,6.0935,3.0978,-5.1343,8.1657,-1.36
52.377,1.014,6.0944,3.0978,-5.1302,8.1466,-1.36
52.428,0.9825,6.0958,3.0978,-5.1239,8.1173,-1.3599
52.478,0.9615,6.0967,3.0978,-5.1205,8.1011,-1.3598
52.529,0.9405,6.0976,3.0978,-5.1139,8.0703,-1.3597
52.579,0.9091,6.099,3.0978,-5.1073,8.0395,-1.3596
52.629,0.8881,6.0999,3.0978,-5.1029,8.019,-1.3596
52.68,0.8671,6.1008,3.0978,-5.0988,7.9999,-1.3595
52.73,0.8356,6.1022,3.0978,-5.0925,7.9706,-1.3594
52.78,0.8147,6.1031,3.0978,-5.0893,7.9559,-1.3594
52.831,0.7832,6.1045,3.0978,-5.083,7.9266,-1.3592
52.881,0.7622,6.1054,3.0978,-5.0777,7.9017,-1.3591
52.931,0.7412,6.1063,3.0978,-5.0714,7.8723,-1.359
52.982,0.7098,6.1077,3.0978,-5.0673,7.8533,-1.3589
53.032,0.6888,6.1086,3.0978,-5.061,7.8239,-1.3588
53.082,0.6678,6.1095,3.0978,-5.0578,7.8093,-1.3588
53.132,0.6363,6.1109,3.0978,-5.0515,7.78,-1.3587
53.183,0.6153,6.1118,3.0978,-5.0461,7.755,-1.3586
53.234,0.5839,6.1132,3.0978,-5.0398,7.7257,-1.3584
53.284,0.5629,6.1141,3.0978,-5.0357,7.7066,-1.3584
53.334,0.5419,6.1151,3.0978,-5.0294,7.6773,-1.3583
53.384,0.5104,6.1164,3.0978,-5.0256,7.6597,-1.3582
53.435,0.4895,6.1174,3.0978,-5.0189,7.6289,-1.3581
53.487,0.458,6.1187,3.0978,-5.0135,7.604,-1.358
53.537,0.437,6.1196,3.0978,-5.0082,7.5791,-1.3579
53.588,0.416,6.1206,3.0978,-5.0018,7.5498,-1.3578
53.638,0.3846,6.1219,3.0978,-4.9977,7.5307,-1.3577
53.688,0.3636,6.1229,3.0978,-4.9945,7.516,-1.3576
53.739,0.3321,6.1242,3.0978,-4.9879,7.4853,-1.3575
53.789,0.3111,6.1252,3.0978,-4.9812,7.4545,-1.3574
53.839,0.2902,6.1261,3.0978,-4.9764,7.4325,-1.3574
53.89,0.2587,6.1275,3.0978,-4.9701,7.4032,-1.3573
53.94,0.2377,6.1284,3.0978,-4.9659,7.3841,-1.3572
53.991,0.2062,6.1298,3.0978,-4.9596,7.3548,-1.3571
54.041,0.1853,6.1307,3.0978,-4.9564,7.3401,-1.357
54.091,0.1643,6.1316,3.0978,-4.95,7.3108,-1.3569
54.141,0.1328,6.133,3.0978,-4.9446,7.2859,-1.3568
54.192,0.1118,6.1339,3.0978,-4.9382,7.2566,-1.3566
54.242,0.0804,6.1353,3.0978,-4.9341,7.2375,-1.3566
54.293,0.0594,6.1362,3.0978,-4.9277,7.2082,-1.3565
54.343,0.0384,6.1371,3.0978,-4.9245,7.1935,-1.3564
54.393,0.0069,6.1385,3.0978,-4.9181,7.1642,-1.3563
54.443,-0.0141,6.1394,3.0978,-4.9127,7.1393,-1.3562
54.494,-0.0455,6.1408,3.0978,-4.9063,7.11,-1.3561
54.544,-0.0665,6.1417,3.0978,-4.9022,7.091,-1.356
54.594,-0.0875,6.1426,3.0978,-4.8958,7.0616,-1.3559
54.644,-0.119,6.144,3.0978,-4.8919,7.0441,-1.3558
54.695,-0.1399,6.1449,3.0978,-4.8852,7.0133,-1.3557
54.745,-0.1714,6.1463,3.0978,-4.8807,6.9928,-1.3556
54.795,-0.1924,6.1472,3.0978,-4.8743,6.9635,-1.3555
54.845,-0.2134,6.1481,3.0978,-4.8701,6.9444,-1.3554
54.896,-0.2448,6.1495,3.0978,-4.8637,6.9151,-1.3553
54.946,-0.2658,6.1504,3.0978,-4.8605,6.9005,-1.3552
54.997,-0.2973,6.1518,3.0978,-4.8538,6.8697,-1.3551
55.048,-0.3183,6.1527,3.0978,-4.8486,6.8462,-1.355
55.098,-0.3392,6.1536,3.0978,-4.8422,6.8169,-1.3549
55.148,-0.3707,6.155,3.0978,-4.838,6.7979,-1.3549
55.199,-0.3917,6.1559,3.0978,-4.8316,6.7686,-1.3547
55.249,-0.4127,6.1569,3.0978,-4.8284,6.7539,-1.3546
55.299,-0.4441,6.1582,3.0978,-4.822,6.7246,-1.3545
55.349,-0.4651,6.1591,3.0978,-4.8165,6.6997,-1.3544
55.4,-0.4966,6.1605,3.0978,-4.81,6.6704,-1.3543
55.45,-0.5176,6.1614,3.0978,-4.8059,6.6514,-1.3542
55.5,-0.5385,6.1624,3.0978,-4.7994,6.6221,-1.3541
55.55,-0.57,6.1637,3.0978,-4.7952,6.603,-1.354
55.6,-0.591,6.1647,3.0978,-4.7897,6.5781,-1.3539
55.651,-0.612,6.1656,3.0978,-4.7833,6.5488,-1.3538
55.702,-0.6434,6.167,3.0978,-4.7778,6.5239,-1.3538
55.753,-0.6644,6.1679,3.0978,-4.7736,6.5049,-1.3536
55.804,-0.6959,6.1693,3.0978,-4.7671,6.4756,-1.3535
55.854,-0.7169,6.1702,3.0978,-4.7636,6.4595,-1.3535
55.904,-0.7379,6.1711,3.0978,-4.7568,6.4287,-1.3534
55.954,-0.7693,6.1725,3.0978,-4.75,6.398,-1.3533
56.005,-0.7903,6.1734,3.0978,-4.7454,6.3775,-1.3532
56.055,-0.8218,6.1748,3.0978,-4.7412,6.3584,-1.3531
56.105,-0.8428,6.1757,3.0978,-4.7347,6.3291,-1.353
56.155,-0.8637,6.1766,3.0978,-4.7283,6.2998,-1.3529
56.205,-0.8952,6.178,3.0978,-4.725,6.2852,-1.3528
56.256,-0.9162,6.1789,3.0978,-4.7182,6.2544,-1.3527
56.306,-0.9477,6.1803,3.0978,-4.713,6.231,-1.3526
56.356,-0.9686,6.1812,3.0978,-4.7088,6.212,-1.3526
56.406,-0.9896,6.1821,3.0978,-4.7023,6.1827,-1.3525
56.457,-1.0211,6.1835,3.0978,-4.699,6.168,-1.3524
56.509,-1.0421,6.1844,3.0978,-4.6925,6.1388,-1.3523
56.559,-1.063,6.1853,3.0978,-4.686,6.1095,-1.3521
56.609,-1.0945,6.1867,3.0978,-4.6805,6.0846,-1.352
56.659,-1.1155,6.1876,3.0978,-4.674,6.0553,-1.3519
56.71,-1.147,6.189,3.0978,-4.6698,6.0363,-1.3518
56.76,-1.1679,6.1899,3.0978,-4.6632,6.007,-1.3517
56.81,-1.1994,6.1913,3.0978,-4.659,5.9879,-1.3516
56.86,-1.2204,6.1922,3.0978,-4.6535,5.963,-1.3515
56.91,-1.2414,6.1931,3.0978,-4.6479,5.9382,-1.3514
56.961,-1.2728,6.1945,3.0978,-4.6414,5.9089,-1.3513
57.011,-1.2938,6.1954,3.0978,-4.6371,5.8898,-1.3513
57.061,-1.3148,6.1964,3.0978,-4.6306,5.8606,-1.3512
57.111,-1.3463,6.1977,3.0978,-4.627,5.8445,-1.3511
57.162,-1.3673,6.1986,3.0978,-4.6201,5.8137,-1.351
57.212,-1.3987,6.2,3.0978,-4.6152,5.7918,-1.3509
57.262,-1.4197,6.2009,3.0978,-4.6087,5.7625,-1.3508
57.312,-1.4407,6.2019,3.0978,-4.6044,5.7435,-1.3507
57.363,-1.4722,6.2032,3.0978,-4.5979,5.7142,-1.3506
57.413,-1.4931,6.2042,3.0978,-4.5946,5.6995,-1.3505
57.463,-1.5141,6.2051,3.0978,-4.588,5.6703,-1.3504
57.514,-1.5456,6.2065,3.0978,-4.5825,5.6454,-1.3503
57.566,-1.5666,6.2074,3.0978,-4.5759,5.6161,-1.3502
57.616,-1.598,6.2088,3.0978,-4.5716,5.5971,-1.3501
57.668,-1.619,6.2097,3.0978,-4.5684,5.5824,-1.3501
57.719,-1.64,6.2106,3.0978,-4.5618,5.5532,-1.3499
57.769,-1.661,6.2115,3.0978,-4.5562,5.5283,-1.3498
57.82,-1.6924,6.2129,3.0978,-4.5496,5.499,-1.3497
57.87,-1.7134,6.2138,3.0978,-4.5453,5.48,-1.3496
57.921,-1.7449,6.2152,3.0978,-4.5388,5.4507,-1.3495
57.971,-1.7659,6.2161,3.0978,-4.5351,5.4346,-1.3495
58.021,-1.7869,6.217,3.0978,-4.5282,5.4039,-1.3494
58.071,-1.8183,6.2184,3.0978,-4.5233,5.382,-1.3493
58.122,-1.8393,6.2193,3.0978,-4.5167,5.3527,-1.3492
58.173,-1.8708,6.2207,3.0978,-4.5124,5.3337,-1.3491
58.224,-1.8918,6.2216,3.0978,-4.5058,5.3044,-1.349
58.275,-1.9127,6.2225,3.0978,-4.4992,5.2751,-1.3489
58.325,-1.9442,6.2239,3.0978,-4.4959,5.2605,-1.3489
58.376,-1.9652,6.2248,3.0978,-4.489,5.2298,-1.3487
58.426,-1.9967,6.2262,3.0978,-4.4837,5.2064,-1.3487
58.477,-2.0176,6.2271,3.0978,-4.4794,5.1873,-1.3486
58.528,-2.0386,6.228,3.0978,-4.4728,5.1581,-1.3485
58.579,-2.0701,6.2294,3.0978,-4.4662,5.1288,-1.3484
58.629,-2.0911,6.2303,3.0978,-4.4628,5.1142,-1.3484
58.68,-2.1225,6.2317,3.0978,-4.4562,5.0849,-1.3483
58.73,-2.1435,6.2326,3.0978,-4.4506,5.0601,-1.3482
58.781,-2.1645,6.2336,3.0978,-4.4463,5.041,-1.3482
58.831,-2.196,6.2349,3.0978,-4.4403,5.0147,-1.348
58.881,-2.2169,6.2358,3.0978,-4.433,4.9825,-1.3479
58.931,-2.2379,6.2368,3.0978,-4.4287,4.9635,-1.3478
58.982,-2.2694,6.2381,3.0978,-4.4231,4.9386,-1.3478
59.032,-2.2904,6.2391,3.0978,-4.4174,4.9138,-1.3477
59.082,-2.3218,6.2404,3.0978,-4.4108,4.8845,-1.3475
59.132,-2.3428,6.2414,3.0978,-4.4065,4.8655,-1.3474
59.183,-2.3638,6.2423,3.0978,-4.3998,4.8362,-1.3473
59.233,-2.3953,6.2437,3.0978,-4.3962,4.8201,-1.3472
59.284,-2.4162,6.2446,3.0978,-4.3892,4.7894,-1.3471
59.334,-2.4477,6.246,3.0978,-4.3842,4.7675,-1.347
59.384,-2.4687,6.2469,3.0978,-4.3776,4.7382,-1.3469
59.435,-2.4897,6.2478,3.0978,-4.3732,4.7192,-1.3469
59.485,-2.5211,6.2492,3.0978,-4.3699,4.7046,-1.3468
59.536,-2.5421,6.2501,3.0978,-4.3632,4.6754,-1.3467
59.586,-2.5631,6.251,3.0978,-4.3566,4.6461,-1.3466
59.636,-2.5946,6.2524,3.0978,-4.3509,4.6212,-1.3465
59.687,-2.6156,6.2533,3.0978,-4.3442,4.592,-1.3464
59.737,-2.647,6.2547,3.0978,-4.3399,4.573,-1.3464
59.787,-2.668,6.2556,3.0978,-4.3332,4.5437,-1.3462
59.837,-2.689,6.2565,3.0978,-4.3299,4.5291,-1.3462
59.888,-2.71,6.2574,3.0978,-4.3242,4.5043,-1.3461
59.938,-2.7414,6.2588,3.0978,-4.3175,4.475,-1.346
59.989,-2.7624,6.2597,3.0978,-4.3131,4.456,-1.3459
60.039,-2.7939,6.2611,3.0978,-4.3065,4.4268,-1.3457
60.089,-2.8149,6.262,3.0978,-4.3028,4.4107,-1.3457
60.14,-2.8358,6.2629,3.0978,-4.2957,4.38,-1.3455
60.191,-2.8673,6.2643,3.0978,-4.2887,4.3493,-1.3454
60.241,-2.8883,6.2652,3.0978,-4.284,4.3288,-1.3453
60.291,-2.9093,6.2662,3.0978,-4.2796,4.3098,-1.3452
60.342,-2.9407,6.2675,3.0978,-4.2729,4.2805,-1.3451
60.393,-2.9617,6.2685,3.0978,-4.2696,4.2659,-1.345
60.443,-2.9827,6.2694,3.0978,-4.2639,4.2411,-1.345
60.494,-3.0037,6.2703,3.0978,-4.2571,4.2118,-1.3448
60.544,-3.0352,6.2717,3.0978,-4.2528,4.1928,-1.3448
60.595,-3.0561,6.2726,3.0978,-4.246,4.1636,-1.3446
60.645,-3.0876,6.274,3.0978,-4.2417,4.1446,-1.3446
60.696,-3.1086,6.2749,3.0978,-4.236,4.1197,-1.3444
60.747,-3.1296,6.2758,3.0978,-4.2302,4.0949,-1.3443
60.797,-3.161,6.2772,3.0978,-4.2235,4.0657,-1.3442
60.848,-3.182,6.2781,3.0978,-4.2191,4.0467,-1.3441
60.898,-3.2135,6.2795,3.0978,-4.2124,4.0174,-1.344
60.95,-3.2345,6.2804,3.0978,-4.2056,3.9882,-1.3438
61.001,-3.2554,6.2813,3.0978,-4.2016,3.9707,-1.3438
61.051,-3.2869,6.2827,3.0978,-4.1965,3.9487,-1.3438
61.102,-3.3079,6.2836,3.0978,-4.1898,3.9195,-1.3436
61.152,-3.3394,6.285,3.0978,-4.183,3.8903,-1.3436
61.202,-3.3603,6.2859,3.0978,-4.1786,3.8713,-1.3435
61.252,-3.3813,6.2868,3.0978,-4.1718,3.842,-1.3434
61.303,-3.4128,6.2882,3.0978,-4.1685,3.8274,-1.3434
61.353,-3.4338,6.2891,3.0978,-4.1614,3.7967,-1.3432
61.403,-3.4652,6.2905,3.0978,-4.1559,3.7734,-1.3431
61.453,-3.4862,6.2914,3.0978,-4.1492,3.7441,-1.343
61.504,-3.5072,6.2923,3.0978,-4.1448,3.7251,-1.343
61.554,-3.5387,6.2937,3.0978,-4.1414,3.7105,-1.3429
61.604,-3.5597,6.2946,3.0978,-4.1346,3.6813,-1.3428
61.656,-3.5806,6.2956,3.0978,-4.1288,3.6565,-1.3427
61.706,-3.6121,6.2969,3.0978,-4.122,3.6272,-1.3426
61.758,-3.6331,6.2979,3.0978,-4.1153,3.598,-1.3425
61.808,-3.6646,6.2992,3.0978,-4.1108,3.579,-1.3424
61.858,-3.6855,6.3002,3.0978,-4.104,3.5498,-1.3423
61.909,-3.7065,6.3011,3.0978,-4.0996,3.5308,-1.3422
61.959,-3.738,6.3024,3.0978,-4.0939,3.506,-1.3422
62.009,-3.759,6.3034,3.0978,-4.0881,3.4811,-1.3421
62.059,-3.7904,6.3047,3.0978,-4.0813,3.4519,-1.342
62.11,-3.8114,6.3057,3.0978,-4.0768,3.4329,-1.3419
62.16,-3.8324,6.3066,3.0978,-4.0734,3.4183,-1.3418
62.21,-3.8639,6.308,3.0978,-4.0663,3.3876,-1.3417
62.26,-3.8848,6.3089,3.0978,-4.0591,3.357,-1.3416
62.311,-3.9163,6.3103,3.0978,-4.054,3.3351,-1.3416
62.361,-3.9373,6.3112,3.0978,-4.0472,3.3058,-1.3414
62.411,-3.9583,6.3121,3.0978,-4.0428,3.2869,-1.3413
62.461,-3.9897,6.3135,3.0978,-4.037,3.262,-1.3413
62.512,-4.0107,6.3144,3.0978,-4.0325,3.243,-1.3412
62.562,-4.0317,6.3153,3.0978,-4.0257,3.2138,-1.3411
62.612,-4.0632,6.3167,3.0978,-4.0199,3.189,-1.3409
62.662,-4.0842,6.3176,3.0978,-4.0131,3.1598,-1.3408
62.713,-4.1156,6.319,3.0978,-4.0086,3.1408,-1.3407
62.763,-4.1366,6.3199,3.0978,-4.0018,3.1116,-1.3406
62.813,-4.1576,6.3208,3.0978,-3.9983,3.097,-1.3405
62.863,-4.1891,6.3222,3.0978,-3.9915,3.0678,-1.3404
62.913,-4.21,6.3231,3.0978,-3.9857,3.0429,-1.3403
62.964,-4.2415,6.3245,3.0978,-3.9788,3.0137,-1.3402
63.014,-4.2625,6.3254,3.0978,-3.9744,2.9948,-1.34
63.064,-4.2835,6.3263,3.0978,-3.9675,2.9656,-1.34
63.114,-4.3149,6.3277,3.0978,-3.9634,2.948,-1.3399
63.164,-4.3359,6.3286,3.0978,-3.9562,2.9174,-1.3397
63.217,-4.3674,6.33,3.0978,-3.9514,2.8969,-1.3397
63.267,-4.3884,6.3309,3.0978,-3.9445,2.8677,-1.3396
63.317,-4.4093,6.3318,3.0978,-3.94,2.8487,-1.3395
63.368,-4.4408,6.3332,3.0978,-3.9331,2.8195,-1.3394
63.418,-4.4618,6.3341,3.0978,-3.9263,2.7903,-1.3393
63.468,-4.4933,6.3355,3.0978,-3.9225,2.7743,-1.3393
63.519,-4.5142,6.3364,3.0978,-3.917,2.7509,-1.3392
63.569,-4.5352,6.3374,3.0978,-3.9101,2.7217,-1.3391
63.62,-4.5667,6.3387,3.0978,-3.9056,2.7027,-1.339
63.67,-4.5877,6.3396,3.0978,-3.8987,2.6735,-1.3389
63.72,-4.6086,6.3406,3.0978,-3.8953,2.6589,-1.3389
63.77,-4.6401,6.3419,3.0978,-3.8884,2.6298,-1.3388
63.82,-4.6611,6.3429,3.0978,-3.8825,2.6049,-1.3387
63.871,-4.6926,6.3442,3.0978,-3.8756,2.5757,-1.3386
63.921,-4.7135,6.3452,3.0978,-3.8711,2.5568,-1.3385
63.972,-4.7345,6.3461,3.0978,-3.8642,2.5276,-1.3384
64.022,-4.766,6.3475,3.0978,-3.8597,2.5086,-1.3384
64.072,-4.787,6.3484,3.0978,-3.8538,2.4838,-1.3383
64.122,-4.808,6.3493,3.0978,-3.848,2.459,-1.3382
64.173,-4.8394,6.3507,3.0978,-3.841,2.4298,-1.3381
64.223,-4.8604,6.3516,3.0978,-3.8365,2.4108,-1.338
64.274,-4.8814,6.3525,3.0978,-3.8296,2.3816,-1.3379
64.324,-4.9129,6.3539,3.0978,-3.8258,2.3656,-1.3378
64.374,-4.9338,6.3548,3.0978,-3.8185,2.3349,-1.3377
64.425,-4.9653,6.3562,3.0978,-3.8113,2.3043,-1.3375
64.475,-4.9863,6.3571,3.0978,-3.8064,2.2838,-1.3374
64.527,-5.0178,6.3585,3.0978,-3.8019,2.2649,-1.3373
64.577,-5.0387,6.3594,3.0978,-3.795,2.2357,-1.3372
64.627,-5.0597,6.3603,3.0978,-3.788,2.2065,-1.3371
64.678,-5.0912,6.3617,3.0978,-3.7845,2.1919,-1.3371
64.728,-5.1122,6.3626,3.0978,-3.7772,2.1613,-1.337
64.778,-5.1436,6.364,3.0978,-3.7717,2.1379,-1.3369
64.828,-5.1646,6.3649,3.0978,-3.7647,2.1087,-1.3368
64.879,-5.1856,6.3658,3.0978,-3.7602,2.0898,-1.3368
64.929,-5.2171,6.3672,3.0978,-3.7532,2.0606,-1.3366
64.979,-5.238,6.3681,3.0978,-3.7498,2.046,-1.3366
65.03,-5.2695,6.3695,3.0978,-3.7428,2.0168,-1.3365
65.08,-5.2905,6.3704,3.0978,-3.7369,1.992,-1.3364
65.13,-5.3115,6.3713,3.0978,-3.7299,1.9628,-1.3362
65.18,-5.3429,6.3727,3.0978,-3.7254,1.9439,-1.3362
65.231,-5.3639,6.3736,3.0978,-3.7184,1.9147,-1.3361
65.281,-5.3849,6.3746,3.0978,-3.7149,1.9001,-1.336
65.332,-5.4164,6.3759,3.0978,-3.7079,1.8709,-1.3359
65.382,-5.4374,6.3769,3.0978,-3.702,1.8461,-1.3358
65.432,-5.4688,6.3782,3.0978,-3.695,1.8169,-1.3357
65.482,-5.4898,6.3791,3.0978,-3.6905,1.798,-1.3357
65.532,-5.5108,6.3801,3.0978,-3.6835,1.7688,-1.3355
65.583,-5.5423,6.3814,3.0978,-3.6796,1.7528,-1.3355
65.633,-5.5632,6.3824,3.0978,-3.6723,1.7221,-1.3353
65.683,-5.5947,6.3837,3.0978,-3.667,1.7002,-1.3352
65.734,-5.6157,6.3847,3.0978,-3.66,1.6711,-1.3351
65.784,-5.6367,6.3856,3.0978,-3.6555,1.6521,-1.3351
65.834,-5.6681,6.387,3.0978,-3.6485,1.6229,-1.3349
65.884,-5.6891,6.3879,3.0978,-3.645,1.6084,-1.3349
65.935,-5.7101,6.3888,3.0978,-3.6379,1.5792,-1.3348
65.985,-5.7416,6.3902,3.0978,-3.632,1.5544,-1.3347
66.035,-5.7625,6.3911,3.0978,-3.625,1.5252,-1.3345
66.085,-5.794,6.3925,3.0978,-3.6204,1.5063,-1.3345
66.135,-5.815,6.3934,3.0978,-3.6134,1.4771,-1.3344
66.186,-5.836,6.3943,3.0978,-3.6099,1.4625,-1.3343
66.237,-5.8674,6.3957,3.0978,-3.6028,1.4334,-1.3342
66.287,-5.8884,6.3966,3.0978,-3.5969,1.4086,-1.3341
66.337,-5.9199,6.398,3.0978,-3.5898,1.3794,-1.334
66.388,-5.9409,6.3989,3.0978,-3.5852,1.3604,-1.3339
66.438,-5.9619,6.3998,3.0978,-3.5782,1.3313,-1.3338
66.488,-5.9933,6.4012,3.0978,-3.574,1.3138,-1.3337
66.54,-6.0143,6.4021,3.0978,-3.5676,1.2875,-1.3336
66.59,-6.0353,6.403,3.0978,-3.5616,1.2628,-1.3336
66.64,-6.0668,6.4044,3.0978,-3.5546,1.2336,-1.3335
66.691,-6.0877,6.4053,3.0978,-3.55,1.2146,-1.3334
66.741,-6.1192,6.4067,3.0978,-3.5429,1.1855,-1.3333
66.791,-6.1402,6.4076,3.0978,-3.5394,1.1709,-1.3333
66.841,-6.1612,6.4085,3.0978,-3.532,1.1403,-1.3332
66.891,-6.1926,6.4099,3.0978,-3.5264,1.117,-1.3331
66.942,-6.2136,6.4108,3.0978,-3.5193,1.0878,-1.3329
66.992,-6.2451,6.4122,3.0978,-3.5147,1.0689,-1.3329
67.042,-6.2661,6.4131,3.0978,-3.5076,1.0397,-1.3327
67.092,-6.287,6.4141,3.0978,-3.5041,1.0251,-1.3327
67.142,-6.3185,6.4154,3.0978,-3.497,0.996,-1.3325
67.193,-6.3395,6.4164,3.0978,-3.491,0.9712,-1.3324
67.243,-6.371,6.4177,3.0978,-3.4839,0.942,-1.3323
67.293,-6.3919,6.4186,3.0978,-3.4793,0.9231,-1.3322
67.344,-6.4129,6.4196,3.0978,-3.4722,0.8939,-1.3321
67.394,-6.4444,6.4209,3.0978,-3.4676,0.875,-1.332
67.444,-6.4654,6.4219,3.0978,-3.4616,0.8502,-1.3319
67.494,-6.4968,6.4232,3.0978,-3.4545,0.8211,-1.3318
67.545,-6.5178,6.4242,3.0978,-3.4484,0.7963,-1.3317
67.595,-6.5388,6.4251,3.0978,-3.4413,0.7672,-1.3316
67.645,-6.5703,6.4265,3.0978,-3.4367,0.7482,-1.3315
67.696,-6.5912,6.4274,3.0978,-3.4296,0.7191,-1.3314
67.746,-6.6122,6.4283,3.0978,-3.4253,0.7016,-1.3313
67.796,-6.6437,6.4297,3.0978,-3.4178,0.671,-1.3312
67.846,-6.6647,6.4306,3.0978,-3.4128,0.6506,-1.3312
67.897,-6.6961,6.432,3.0978,-3.4057,0.6214,-1.3311
67.947,-6.7171,6.4329,3.0978,-3.4011,0.6025,-1.331
67.997,-6.7381,6.4338,3.0978,-3.394,0.5734,-1.3308
68.047,-6.7696,6.4352,3.0978,-3.3904,0.5588,-1.3308
68.098,-6.7906,6.4361,3.0978,-3.3829,0.5282,-1.3307
68.148,-6.822,6.4375,3.0978,-3.3772,0.5049,-1.3306
68.199,-6.843,6.4384,3.0978,-3.3701,0.4757,-1.3304
68.25,-6.8745,6.4398,3.0978,-3.3654,0.4568,-1.3304
68.3,-6.8955,6.4407,3.0978,-3.3583,0.4277,-1.3302
68.35,-6.9164,6.4416,3.0978,-3.3547,0.4131,-1.3302
68.401,-6.9479,6.443,3.0978,-3.3476,0.384,-1.33
68.451,-6.9689,6.4439,3.0978,-3.3415,0.3592,-1.3299
68.501,-6.9899,6.4448,3.0978,-3.3343,0.3301,-1.3298
68.552,-7.0213,6.4462,3.0978,-3.3297,0.3111,-1.3297
68.602,-7.0423,6.4471,3.0978,-3.3225,0.282,-1.3296
68.652,-7.0738,6.4485,3.0978,-3.3178,0.2631,-1.3295
68.703,-7.0948,6.4494,3.0978,-3.3117,0.2383,-1.3294
68.753,-7.1157,6.4503,3.0978,-3.3056,0.2135,-1.3293
68.803,-7.1472,6.4517,3.0978,-3.2985,0.1844,-1.3292
68.853,-7.1682,6.4526,3.0978,-3.2938,0.1655,-1.3291
68.904,-7.1977,6.4538,3.098,-3.2869,0.1373,-1.3287
68.954,-7.2085,6.4542,3.1036,-3.283,0.1217,-1.3249
69.004,-7.2154,6.4544,3.1236,-3.2812,0.1157,-1.2947
69.054,-7.2246,6.4544,3.158,-3.2786,0.107,-1.2599
69.105,-7.2305,6.4542,3.1816,-3.2766,0.101,-1.236
69.155,-7.2392,6.4537,3.218,-3.2735,0.0926,-1.201
69.205,-7.2448,6.4532,3.2428,-3.2713,0.0871,-1.1778
69.255,-7.2503,6.4526,3.2679,-3.2678,0.0788,-1.1418
69.305,-7.2585,6.4514,3.3057,-3.2659,0.0747,-1.1237
69.356,-7.264,6.4504,3.3309,-3.2617,0.0662,-1.0858
69.406,-7.2694,6.4493,3.3561,-3.2583,0.0599,-1.0569
69.456,-7.2775,6.4474,3.3939,-3.2553,0.0548,-1.0334
69.507,-7.2829,6.446,3.4191,-3.2506,0.0471,-0.9973
69.557,-7.2909,6.4435,3.457,-3.2482,0.0434,-0.9791
69.607,-7.2962,6.4417,3.4825,-3.2431,0.036,-0.9427
69.659,-7.3015,6.4398,3.5083,-3.2377,0.0288,-0.9056
69.709,-7.3095,6.4365,3.5478,-3.2329,0.0229,-0.8734
69.759,-7.3149,6.4341,3.5748,-3.2291,0.0184,-0.8482
69.809,-7.323,6.4302,3.6165,-3.223,0.0117,-0.8083
69.859,-7.3285,6.4273,3.6451,-3.2167,0.0053,-0.7671
69.91,-7.334,6.4241,3.6742,-3.2125,0.0013,-0.74
69.96,-7.342,6.4192,3.7179,-3.2068,-0.0038,-0.7045
70.01,-7.3473,6.4156,3.7469,-3.2009,-0.0087,-0.6693
70.062,-7.3527,6.4118,3.776,-3.196,-0.0125,-0.6424
70.112,-7.3613,6.4052,3.8191,-3.1876,-0.0186,-0.6012
70.162,-7.3672,6.4004,3.8478,-3.1783,-0.0248,-0.5604
70.212,-7.3765,6.3921,3.8898,-3.1725,-0.0284,-0.5384
70.265,-7.3829,6.3861,3.9174,-3.1609,-0.0352,-0.4971
70.315,-7.3926,6.3763,3.9573,-3.1518,-0.04,-0.4686
70.365,-7.3992,6.3692,3.983,-3.1387,-0.0464,-0.4319
70.415,-7.4058,6.3617,4.0082,-3.1298,-0.0505,-0.4084
70.466,-7.4158,6.3495,4.046,-3.1149,-0.0567,-0.3723
70.516,-7.4224,6.3409,4.0712,-3.1071,-0.0597,-0.3543
70.566,-7.4325,6.3268,4.109,-3.0907,-0.0655,-0.3182
70.616,-7.4393,6.3168,4.1342,-3.0761,-0.0701,-0.2875
70.666,-7.446,6.3062,4.1594,-3.0577,-0.0753,-0.2514
70.717,-7.456,6.2894,-2.086,-3.0453,-0.0784,-0.2279
70.767,-7.4626,6.2776,-2.0611,-3.0255,-0.0827,-0.1925
70.817,-7.4691,6.2652,-2.0371,-3.0152,-0.0847,-0.1754
70.867,-7.4788,6.2454,-2.0041,-2.9938,-0.0882,-0.1439
70.917,-7.4853,6.2316,-1.9837,-2.9751,-0.0907,-0.1192
70.968,-7.4951,6.2098,-1.9559,-2.952,-0.0933,-0.093
71.018,-7.5013,6.1948,-1.9387,-2.9367,-0.0946,-0.077
71.068,-7.5074,6.1791,-1.9224,-2.9124,-0.0963,-0.0538
71.118,-7.5161,6.1548,-1.8987,-2.8976,-0.097,-0.0403
71.168,-7.5217,6.1381,-1.8837,-2.8713,-0.0978,-0.0179
71.219,-7.5271,6.1211,-1.87,-2.8534,-0.098,-0.0045
71.269,-7.5349,6.095,-1.8512,-2.8275,-0.0979,0.0132
71.32,-7.5399,6.0772,-1.8398,-2.8104,-0.0977,0.0236
71.37,-7.5471,6.0501,-1.8247,-2.7836,-0.0969,0.0379
71.42,-7.5518,6.0318,-1.8156,-2.7701,-0.0963,0.0445
71.471,-7.5564,6.0132,-1.8073,-2.7415,-0.0949,0.0569
71.521,-7.563,5.985,-1.796,-2.7195,-0.0936,0.0655
71.571,-7.5673,5.966,-1.7892,-2.6917,-0.0916,0.0752
71.621,-7.5715,5.9469,-1.7831,-2.6736,-0.0902,0.0806
71.672,-7.5776,5.9181,-1.7754,-2.6455,-0.0878,0.0879
71.722,-7.5815,5.8988,-1.7709,-2.6257,-0.0861,0.0923
71.772,-7.5873,5.8696,-1.7649,-2.603,-0.0839,0.097
71.822,-7.5912,5.8501,-1.7611,-2.5788,-0.0815,0.1016
71.873,-7.5949,5.8304,-1.7577,-2.5502,-0.0785,0.1065
71.923,-7.6004,5.8008,-1.753,-2.5316,-0.0765,0.1094
71.973,-7.6041,5.781,-1.7501,-2.5144,-0.0746,0.112
72.024,-7.6076,5.7611,-1.7474,-2.4842,-0.0712,0.1161
72.074,-7.6129,5.7311,-1.7437,-2.4596,-0.0683,0.1192
72.125,-7.6164,5.7111,-1.7414,-2.435,-0.0653,0.1221
72.175,-7.6216,5.6808,-1.7382,-2.406,-0.0617,0.1252
72.226,-7.625,5.6605,-1.7362,-2.3871,-0.0593,0.127
72.276,-7.6301,5.63,-1.7336,-2.358,-0.0555,0.1296
72.326,-7.6334,5.6097,-1.732,-2.342,-0.0534,0.131
72.379,-7.6367,5.5893,-1.7305,-2.3113,-0.0494,0.1333
72.429,-7.64,5.5689,-1.7291,-2.2894,-0.0464,0.135
72.481,-7.6448,5.5382,-1.7269,-2.2601,-0.0424,0.1372
72.531,-7.648,5.5178,-1.7256,-2.2411,-0.0397,0.1385
72.582,-7.6528,5.4871,-1.7238,-2.2117,-0.0356,0.1403
72.632,-7.656,5.4665,-1.7227,-2.1971,-0.0336,0.1411
72.682,-7.6591,5.446,-1.7217,-2.1677,-0.0294,0.1426
72.732,-7.6638,5.4152,-1.7204,-2.1427,-0.0258,0.1437
72.783,-7.6668,5.3946,-1.7197,-2.1133,-0.0215,0.1448
72.833,-7.6699,5.374,-1.719,-2.0941,-0.0187,0.1455
72.883,-7.6745,5.3431,-1.7181,-2.0647,-0.0144,0.1465
72.933,-7.6776,5.3225,-1.7176,-2.0499,-0.0122,0.1469
72.983,-7.6821,5.2916,-1.7168,-2.0204,-0.0078,0.1477
73.034,-7.6852,5.2709,-1.7164,-1.9954,-0.0041,0.1484
73.084,-7.6882,5.2503,-1.7159,-1.9658,0.0004,0.1491
73.134,-7.6927,5.2193,-1.7153,-1.9467,0.0032,0.1495
73.185,-7.6957,5.1986,-1.715,-1.9171,0.0077,0.1502
73.235,-7.7002,5.1676,-1.7145,-1.8994,0.0104,0.1505
73.285,-7.7032,5.1468,-1.7142,-1.8728,0.0144,0.151
73.335,-7.7062,5.1261,-1.7139,-1.8477,0.0183,0.1514
73.385,-7.7107,5.095,-1.7135,-1.8181,0.0228,0.1519
73.436,-7.7137,5.0743,-1.7133,-1.7989,0.0257,0.1522
73.486,-7.7181,5.0432,-1.7129,-1.7693,0.0303,0.1527
73.536,-7.7211,5.0224,-1.7127,-1.7546,0.0325,0.1529
73.586,-7.724,5.0017,-1.7125,-1.7235,0.0373,0.1533
73.637,-7.7285,4.9706,-1.7122,-1.6998,0.041,0.1536
73.687,-7.7314,4.9498,-1.7121,-1.6702,0.0456,0.1539
73.737,-7.7359,4.9187,-1.7118,-1.651,0.0486,0.1541
73.787,-7.7388,4.8979,-1.7117,-1.6214,0.0532,0.1545
73.838,-7.7417,4.8772,-1.7115,-1.6066,0.0555,0.1546
73.888,-7.7462,4.846,-1.7114,-1.577,0.0601,0.1549
73.938,-7.7491,4.8253,-1.7113,-1.5518,0.064,0.1551
73.989,-7.7535,4.7941,-1.7111,-1.5222,0.0687,0.1553
74.039,-7.7564,4.7734,-1.7111,-1.503,0.0717,0.1555
74.089,-7.7594,4.7526,-1.711,-1.4734,0.0763,0.1557
74.139,-7.7638,4.7214,-1.7109,-1.4541,0.0793,0.1559
74.19,-7.7667,4.7006,-1.7108,-1.429,0.0833,0.156
74.24,-7.7696,4.6799,-1.7107,-1.4038,0.0873,0.1562
74.291,-7.774,4.6487,-1.7107,-1.3742,0.0919,0.1564
74.341,-7.7769,4.6279,-1.7106,-1.3549,0.095,0.1565
74.391,-7.7813,4.5967,-1.7105,-1.3253,0.0996,0.1567
74.442,-7.7842,4.576,-1.7105,-1.2957,0.1043,0.1569
74.493,-7.7872,4.5552,-1.7105,-1.2779,0.1071,0.1569
74.544,-7.7915,4.524,-1.7104,-1.2468,0.1121,0.1572
74.594,-7.7945,4.5032,-1.7104,-1.2261,0.1153,0.1573
74.644,-7.7988,4.472,-1.7103,-1.1965,0.12,0.1574
74.695,-7.8018,4.4512,-1.7103,-1.1772,0.1231,0.1575
74.745,-7.8061,4.42,-1.7102,-1.1476,0.1278,0.1576
74.795,-7.8091,4.3993,-1.7102,-1.1328,0.1302,0.1577
74.845,-7.812,4.3785,-1.7102,-1.1017,0.1351,0.1578
74.896,-7.8163,4.3473,-1.7102,-1.078,0.1389,0.1579
74.946,-7.8193,4.3265,-1.7101,-1.0484,0.1436,0.1581
74.996,-7.8222,4.3057,-1.7101,-1.0291,0.1467,0.1581
75.047,-7.8266,4.2745,-1.7101,-1.0143,0.149,0.1582
75.097,-7.8295,4.2537,-1.7101,-0.9847,0.1538,0.1584
75.147,-7.8324,4.2329,-1.7101,-0.9551,0.1585,0.1585
75.197,-7.8368,4.2017,-1.7101,-0.9299,0.1625,0.1586
75.248,-7.8397,4.1809,-1.71,-0.9003,0.1673,0.1587
75.298,-7.844,4.1497,-1.71,-0.881,0.1703,0.1588
75.348,-7.847,4.129,-1.71,-0.8514,0.1751,0.1589
75.398,-7.8499,4.1082,-1.71,-0.8322,0.1782,0.159
75.448,-7.8542,4.077,-1.71,-0.807,0.1822,0.159
75.499,-7.8572,4.0562,-1.71,-0.7818,0.1862,0.1591
75.55,-7.8615,4.025,-1.71,-0.7522,0.191,0.1592
75.6,-7.8644,4.0042,-1.71,-0.7329,0.1941,0.1593
75.65,-7.8673,3.9834,-1.71,-0.7033,0.1988,0.1594
75.7,-7.8717,3.9522,-1.71,-0.687,0.2015,0.1595
75.751,-7.8746,3.9314,-1.71,-0.6559,0.2065,0.1596
75.801,-7.879,3.9002,-1.7099,-0.6337,0.21,0.1597
75.851,-7.8819,3.8794,-1.7099,-0.6041,0.2148,0.1598
75.901,-7.8848,3.8586,-1.7099,-0.5848,0.2179,0.1599
75.952,-7.8892,3.8274,-1.7099,-0.5552,0.2227,0.16
76.002,-7.8921,3.8066,-1.7099,-0.5404,0.2251,0.16
76.052,-7.895,3.7858,-1.7099,-0.5108,0.2299,0.1601
76.103,-7.8994,3.7546,-1.7099,-0.4856,0.2339,0.1602
76.153,-7.9023,3.7338,-1.7099,-0.4664,0.237,0.1603
76.203,-7.9052,3.713,-1.7099,-0.4368,0.2418,0.1604
76.254,-7.9081,3.6922,-1.7099,-0.422,0.2442,0.1605
76.304,-7.9125,3.6611,-1.7099,-0.3924,0.249,0.1606
76.354,-7.9154,3.6403,-1.7099,-0.3672,0.2531,0.1607
76.405,-7.9198,3.6091,-1.7099,-0.3376,0.2579,0.1608
76.455,-7.9227,3.5883,-1.7099,-0.3183,0.261,0.1609
76.505,-7.9256,3.5675,-1.7099,-0.3035,0.2634,0.1609
76.555,-7.93,3.5363,-1.7099,-0.2724,0.2685,0.161
76.606,-7.9329,3.5155,-1.7099,-0.2413,0.2735,0.1612
76.658,-7.9372,3.4843,-1.7099,-0.2191,0.2772,0.1612
76.708,-7.9402,3.4635,-1.7099,-0.1895,0.282,0.1614
76.758,-7.9431,3.4427,-1.7099,-0.1703,0.2851,0.1615
76.809,-7.9474,3.4115,-1.7099,-0.1407,0.2899,0.1616
76.859,-7.9503,3.3907,-1.7099,-0.1259,0.2923,0.1617
76.91,-7.9533,3.3699,-1.7099,-0.0962,0.2972,0.1618
76.96,-7.9576,3.3387,-1.7099,-0.0711,0.3013,0.1619
77.011,-7.9605,3.3179,-1.7099,-0.0415,0.3061,0.162
77.062,-7.9649,3.2867,-1.7099,-0.0222,0.3093,0.1621
77.113,-7.9678,3.2659,-1.7099,0.0074,0.3141,0.1622
77.163,-7.9707,3.2451,-1.7099,0.0222,0.3165,0.1623
77.213,-7.9751,3.2139,-1.7099,0.0518,0.3214,0.1624
77.264,-7.978,3.1931,-1.7099,0.0769,0.3255,0.1625
77.314,-7.9809,3.1723,-1.7099,0.1066,0.3304,0.1626
77.365,-7.9853,3.1411,-1.7099,0.1258,0.3335,0.1626
77.415,-7.9882,3.1203,-1.7099,0.1554,0.3384,0.1627
77.465,-7.9926,3.0891,-1.7099,0.1732,0.3413,0.1628
77.515,-7.9955,3.0683,-1.7099,0.2042,0.3464,0.1629
77.566,-7.9984,3.0475,-1.7099,0.225,0.3498,0.163
77.617,-8.0027,3.0163,-1.7099,0.2546,0.3547,0.1631
77.667,-8.0057,2.9955,-1.7099,0.2738,0.3578,0.1632
77.717,-8.01,2.9644,-1.7099,0.3034,0.3627,0.1634
77.768,-8.0129,2.9436,-1.7099,0.3182,0.3652,0.1634
77.818,-8.0158,2.9228,-1.7099,0.3493,0.3703,0.1635
77.868,-8.0188,2.902,-1.7099,0.373,0.3742,0.1636
77.918,-8.0231,2.8708,-1.7099,0.3922,0.3774,0.1637
77.968,-8.026,2.85,-1.7099,0.4218,0.3823,0.1638
78.019,-8.0304,2.8188,-1.7099,0.4366,0.3847,0.1638
78.069,-8.0333,2.798,-1.7099,0.4662,0.3896,0.164
78.119,-8.0362,2.7772,-1.7099,0.4958,0.3945,0.1641
78.169,-8.0406,2.746,-1.7099,0.521,0.3987,0.1642
78.22,-8.0435,2.7252,-1.7099,0.5506,0.4036,0.1643
78.27,-8.0479,2.694,-1.7099,0.5698,0.4068,0.1644
78.32,-8.0508,2.6732,-1.7099,0.5994,0.4117,0.1645
78.37,-8.0537,2.6524,-1.7099,0.6186,0.4149,0.1646
78.421,-8.0581,2.6212,-1.7099,0.6393,0.4183,0.1646
78.471,-8.061,2.6004,-1.7099,0.6689,0.4232,0.1648
78.522,-8.0639,2.5796,-1.7099,0.6882,0.4264,0.1648
78.572,-8.0682,2.5484,-1.7099,0.7178,0.4313,0.1649
78.622,-8.0712,2.5276,-1.7099,0.7326,0.4338,0.165
78.672,-8.0741,2.5068,-1.7099,0.7636,0.439,0.1651
78.723,-8.0784,2.4756,-1.7099,0.7873,0.4429,0.1652
78.773,-8.0813,2.4548,-1.7099,0.8169,0.4479,0.1653
78.823,-8.0857,2.4236,-1.7099,0.8361,0.4511,0.1654
78.874,-8.0886,2.4028,-1.7099,0.8657,0.456,0.1656
78.924,-8.0915,2.382,-1.7099,0.8805,0.4585,0.1656
78.974,-8.0944,2.3612,-1.7099,0.9101,0.4634,0.1657
79.024,-8.0988,2.33,-1.7099,0.9353,0.4676,0.1658
79.075,-8.1014,2.3098,-1.7098,0.9648,0.4726,0.1671
79.126,-8.1034,2.2932,-1.6979,0.9841,0.4759,0.1782
79.176,-8.1042,2.2868,-1.6756,0.98,0.4755,0.2105
79.226,-8.105,2.2772,-1.6412,0.9856,0.4768,0.2319
79.277,-8.1054,2.2708,-1.6178,0.9931,0.4787,0.2604
79.329,-8.1057,2.2642,-1.5941,1.0004,0.4807,0.2894
79.38,-8.1057,2.2542,-1.5579,1.006,0.4824,0.3119
79.431,-8.1056,2.2473,-1.5333,1.0146,0.4853,0.347
79.481,-8.1052,2.2404,-1.5084,1.023,0.4885,0.3829
79.532,-8.1044,2.2298,-1.4706,1.0277,0.4904,0.4027
79.584,-8.1036,2.2228,-1.4454,1.0342,0.4933,0.4317
79.638,-8.1021,2.2124,-1.4075,1.0424,0.4971,0.4678
79.689,-8.1008,2.2054,-1.3822,1.0502,0.5012,0.5041
79.739,-8.0987,2.1951,-1.3443,1.0553,0.5041,0.5276
79.789,-8.097,2.1882,-1.3191,1.0631,0.5088,0.5638
79.839,-8.0952,2.1814,-1.2939,1.0706,0.5137,0.5999
79.89,-8.0922,2.1713,-1.2561,1.0744,0.5163,0.618
79.94,-8.0901,2.1646,-1.2309,1.0795,0.52,0.6432
79.99,-8.088,2.158,-1.2058,1.0876,0.5263,0.6846
80.041,-8.0846,2.1483,-1.1685,1.0918,0.5297,0.706
80.091,-8.0823,2.142,-1.1439,1.0966,0.5339,0.7306
80.142,-8.0798,2.1358,-1.1197,1.1022,0.539,0.7602
80.192,-8.0772,2.1298,-1.0958,1.1076,0.5443,0.7892
80.242,-8.073,2.1211,-1.0606,1.1139,0.5508,0.8227
80.293,-8.0699,2.1155,-1.0378,1.1179,0.5551,0.8439
80.344,-8.065,2.1074,-1.0042,1.1238,0.5619,0.8759
80.394,-8.0616,2.1021,-0.982,1.127,0.5657,0.8935
80.444,-8.058,2.0969,-0.9598,1.1328,0.5732,0.9269
80.495,-8.0525,2.0892,-0.9265,1.1375,0.5797,0.9556
80.545,-8.0487,2.0842,-0.9043,1.1419,0.586,0.9827
80.595,-8.0447,2.0793,-0.8821,1.1451,0.5908,1.0034
80.646,-8.0385,2.0721,-0.8486,1.1499,0.5985,1.0356
80.697,-8.0342,2.0672,-0.826,1.1523,0.6027,1.0518
80.747,-8.027,2.0597,-0.7908,1.1573,0.6116,1.0855
80.797,-8.0218,2.0546,-0.7668,1.1615,0.6197,1.1146
80.847,-8.0163,2.0493,-0.7423,1.1666,0.6304,1.15
80.898,-8.0073,2.0413,-0.7048,1.1698,0.6377,1.1733
80.948,-8.0009,2.0359,-0.6797,1.1747,0.6499,1.2094
80.998,-7.9902,2.0273,-0.642,1.1771,0.6562,1.2274
81.048,-7.9825,2.0214,-0.6168,1.1818,0.6698,1.2635
81.099,-7.9742,2.0153,-0.5916,1.1856,0.6822,1.2942
81.149,-7.9609,2.0058,-0.5536,1.1898,0.6977,1.3305
81.199,-7.9515,1.9994,-0.5284,1.1923,0.7083,1.354
81.249,-7.9414,1.9929,-0.5031,1.1959,0.7256,1.3902
81.299,-7.9254,1.9835,-0.4653,1.1978,0.7363,1.4118
81.35,-7.9141,1.9774,-0.4401,1.2006,0.756,1.4498
81.4,-7.9022,1.9713,-0.4149,1.2022,0.7697,1.4751
81.45,-7.8835,1.9626,-0.3773,1.2038,0.7899,1.5107
81.5,-7.8704,1.9572,-0.3531,1.2045,0.8036,1.5329
81.551,-7.8493,1.9493,-0.3201,1.2051,0.8255,1.5641
81.601,-7.8347,1.9443,-0.2998,1.2051,0.8369,1.5787
81.651,-7.8196,1.9396,-0.2815,1.2047,0.8612,1.6059
81.702,-7.7961,1.9328,-0.2567,1.2039,0.8802,1.6247
81.752,-7.78,1.9286,-0.2415,1.2024,0.9046,1.646
81.802,-7.7635,1.9246,-0.2276,1.2011,0.9207,1.6587
81.852,-7.7382,1.919,-0.2085,1.1987,0.9458,1.6768
81.903,-7.721,1.9154,-0.1966,1.1973,0.9585,1.6853
81.953,-7.7034,1.912,-0.1858,1.1941,0.9843,1.7005
82.003,-7.6767,1.9072,-0.171,1.1911,1.0064,1.7123
82.054,-7.6585,1.9042,-0.1619,1.1886,1.0235,1.7208
82.104,-7.6309,1.8998,-0.1496,1.1845,1.0502,1.7327
82.156,-7.6123,1.8971,-0.1418,1.1818,1.0662,1.7394
82.206,-7.5933,1.8944,-0.1344,1.1768,1.0946,1.7508
82.256,-7.5741,1.8919,-0.127,1.1733,1.1136,1.758
82.307,-7.5451,1.8884,-0.1169,1.168,1.141,1.7676
82.357,-7.5256,1.8861,-0.1107,1.1644,1.1588,1.7732
82.407,-7.4961,1.883,-0.1027,1.1586,1.1865,1.7809
82.457,-7.4763,1.881,-0.0978,1.1557,1.2004,1.7845
82.508,-7.4564,1.8791,-0.0934,1.1492,1.2297,1.7911
82.558,-7.4364,1.8772,-0.0893,1.1441,1.2521,1.7957
82.608,-7.4062,1.8746,-0.084,1.1399,1.2703,1.7991
82.659,-7.386,1.8729,-0.0808,1.1333,1.2985,1.8037
82.709,-7.3555,1.8705,-0.0768,1.1266,1.3268,1.8074
82.759,-7.3351,1.869,-0.0744,1.1232,1.3409,1.8092
82.809,-7.3147,1.8675,-0.0724,1.1173,1.3651,1.8117
82.859,-7.2841,1.8653,-0.0698,1.1102,1.3935,1.8143
82.91,-7.2636,1.8639,-0.068,1.1056,1.412,1.8159
82.96,-7.2432,1.8625,-0.0663,1.0985,1.4405,1.8184
83.01,-7.2124,1.8605,-0.064,1.0941,1.4576,1.8198
83.061,-7.1918,1.8592,-0.0626,1.0876,1.4833,1.8217
83.111,-7.161,1.8573,-0.0607,1.0813,1.5076,1.8233
83.162,-7.1403,1.856,-0.0595,1.0739,1.5362,1.8251
83.212,-7.1197,1.8548,-0.0584,1.0691,1.5548,1.8262
83.262,-7.0887,1.853,-0.0569,1.0616,1.5835,1.8277
83.312,-7.068,1.8518,-0.056,1.0578,1.5978,1.8285
83.363,-7.0472,1.8507,-0.055,1.0498,1.6279,1.8301
83.413,-7.016,1.849,-0.0537,1.0437,1.6509,1.8312
83.463,-6.9953,1.8479,-0.0529,1.036,1.6796,1.8324
83.513,-6.964,1.8463,-0.0518,1.031,1.6983,1.8331
83.564,-6.9432,1.8452,-0.0512,1.0233,1.7271,1.8341
83.614,-6.9224,1.8441,-0.0506,1.0194,1.7415,1.8345
83.665,-6.9015,1.8431,-0.0501,1.0116,1.7703,1.8354
83.715,-6.8702,1.8415,-0.0494,1.005,1.7948,1.8361
83.766,-6.8493,1.8405,-0.049,0.9971,1.8236,1.8367
83.816,-6.818,1.839,-0.0485,0.992,1.8423,1.837
83.866,-6.7971,1.8379,-0.0481,0.9841,1.8712,1.8376
83.917,-6.7657,1.8364,-0.0478,0.979,1.8899,1.8379
83.967,-6.7448,1.8354,-0.0475,0.9723,1.9144,1.8382
84.017,-6.7239,1.8344,-0.0473,0.9656,1.939,1.8386
84.068,-6.6925,1.833,-0.047,0.9577,1.9678,1.839
84.118,-6.6716,1.832,-0.0468,0.9525,1.9866,1.8392
84.171,-6.6507,1.831,-0.0466,0.9485,2.001,1.8394
84.221,-6.6193,1.8295,-0.0464,0.9402,2.0313,1.8398
84.273,-6.5984,1.8286,-0.0462,0.9318,2.0616,1.8402
84.324,-6.5774,1.8276,-0.0461,0.9258,2.0832,1.8404
84.375,-6.546,1.8262,-0.0459,0.9207,2.102,1.8406
84.426,-6.5251,1.8252,-0.0457,0.9127,2.1309,1.8408
84.477,-6.4936,1.8238,-0.0455,0.9047,2.1598,1.8411
84.527,-6.4727,1.8228,-0.0454,0.9007,2.1742,1.8412
84.578,-6.4413,1.8214,-0.0453,0.8927,2.2031,1.8415
84.628,-6.4203,1.8204,-0.0452,0.8859,2.2276,1.8417
84.679,-6.3993,1.8195,-0.0451,0.8778,2.2565,1.8419
84.729,-6.3679,1.8181,-0.045,0.8726,2.2753,1.8421
84.779,-6.3469,1.8171,-0.0449,0.8646,2.3041,1.8423
84.829,-6.3155,1.8157,-0.0448,0.8606,2.3186,1.8424
84.88,-6.2945,1.8148,-0.0447,0.8525,2.3475,1.8425
84.93,-6.2736,1.8138,-0.0447,0.8457,2.372,1.8427
84.981,-6.2421,1.8124,-0.0446,0.8376,2.4009,1.8428
85.031,-6.2211,1.8115,-0.0446,0.8324,2.4197,1.843
85.082,-6.2002,1.8106,-0.0446,0.8243,2.4486,1.8431
85.132,-6.1687,1.8092,-0.0445,0.8195,2.4659,1.8432
85.182,-6.1477,1.8082,-0.0445,0.811,2.4962,1.8433
85.232,-6.1163,1.8068,-0.0445,0.8041,2.5208,1.8434
85.284,-6.0953,1.8059,-0.0444,0.7973,2.5453,1.8436
85.335,-6.0639,1.8045,-0.0444,0.7892,2.5742,1.8437
85.385,-6.0429,1.8036,-0.0444,0.7839,2.593,1.8438
85.435,-6.0219,1.8026,-0.0444,0.7758,2.6219,1.8439
85.485,-5.9904,1.8012,-0.0443,0.7714,2.6377,1.844
85.535,-5.9695,1.8003,-0.0443,0.7629,2.6681,1.8441
85.586,-5.938,1.7989,-0.0443,0.7568,2.6897,1.8442
85.636,-5.917,1.798,-0.0443,0.7487,2.7186,1.8444
85.686,-5.8961,1.7971,-0.0443,0.7434,2.7374,1.8444
85.736,-5.8646,1.7957,-0.0442,0.7394,2.7518,1.8445
85.787,-5.8436,1.7947,-0.0442,0.7313,2.7807,1.8446
85.837,-5.8226,1.7938,-0.0442,0.7244,2.8052,1.8448
85.887,-5.7912,1.7924,-0.0442,0.7163,2.8341,1.8449
85.937,-5.7702,1.7915,-0.0442,0.7081,2.863,1.8451
85.987,-5.7387,1.7901,-0.0442,0.7029,2.8818,1.8451
86.038,-5.7177,1.7892,-0.0442,0.6947,2.9106,1.8453
86.088,-5.6968,1.7882,-0.0442,0.6907,2.9251,1.8454
86.138,-5.6653,1.7869,-0.0442,0.6838,2.9496,1.8455
86.189,-5.6443,1.7859,-0.0442,0.6756,2.9785,1.8456
86.239,-5.6129,1.7845,-0.0442,0.6675,3.0074,1.8457
86.289,-5.5919,1.7836,-0.0442,0.6622,3.0261,1.8458
86.34,-5.5709,1.7827,-0.0442,0.654,3.055,1.8459
86.39,-5.5394,1.7813,-0.0441,0.6491,3.0723,1.846
86.44,-5.5185,1.7804,-0.0441,0.6406,3.1026,1.8461
86.49,-5.4975,1.7794,-0.0441,0.6349,3.1229,1.8462
86.541,-5.466,1.778,-0.0441,0.6279,3.1474,1.8463
86.591,-5.445,1.7771,-0.0441,0.6214,3.1705,1.8464
86.641,-5.4136,1.7757,-0.0441,0.6132,3.1993,1.8465
86.692,-5.3926,1.7748,-0.0441,0.6092,3.2138,1.8466
86.742,-5.3716,1.7739,-0.0441,0.6006,3.2441,1.8466
86.793,-5.3401,1.7725,-0.0441,0.5949,3.2643,1.8467
86.843,-5.3192,1.7716,-0.0441,0.5859,3.296,1.8468
86.893,-5.2877,1.7702,-0.0441,0.5806,3.3148,1.8469
86.943,-5.2667,1.7692,-0.0441,0.5724,3.3437,1.847
86.994,-5.2457,1.7683,-0.0441,0.5683,3.3581,1.8471
87.044,-5.2143,1.7669,-0.0441,0.5601,3.387,1.8472
87.094,-5.1933,1.766,-0.0441,0.5531,3.4115,1.8473
87.15,-5.1723,1.7651,-0.0441,0.5449,3.4403,1.8474
87.202,-5.1408,1.7637,-0.0441,0.5368,3.4692,1.8475
87.252,-5.1094,1.7623,-0.0441,0.5314,3.488,1.8476
87.302,-5.0884,1.7614,-0.0441,0.5232,3.5168,1.8477
87.352,-5.0674,1.7604,-0.0441,0.5191,3.5313,1.8478
87.403,-5.0359,1.7591,-0.0441,0.5109,3.5601,1.8479
87.453,-5.015,1.7581,-0.0441,0.5039,3.5846,1.848
87.503,-4.9835,1.7567,-0.0441,0.4957,3.6135,1.8482
87.554,-4.9625,1.7558,-0.0441,0.4904,3.6322,1.8483
87.604,-4.9415,1.7549,-0.0441,0.4822,3.6611,1.8483
87.654,-4.9101,1.7535,-0.0441,0.4772,3.6784,1.8484
87.705,-4.8891,1.7526,-0.0441,0.4686,3.7087,1.8485
87.755,-4.8681,1.7517,-0.0441,0.4628,3.7289,1.8486
87.805,-4.8366,1.7503,-0.0441,0.4546,3.7577,1.8488
87.855,-4.8156,1.7493,-0.0441,0.4493,3.7765,1.8488
87.905,-4.7947,1.7484,-0.0441,0.441,3.8053,1.849
87.956,-4.7632,1.747,-0.0441,0.4369,3.8198,1.849
88.006,-4.7422,1.7461,-0.0441,0.4299,3.8443,1.8491
88.056,-4.7212,1.7452,-0.0441,0.4246,3.863,1.8492
88.108,-4.6898,1.7438,-0.0441,0.4163,3.8919,1.8493
88.159,-4.6688,1.7429,-0.0441,0.4081,3.9207,1.8494
88.21,-4.6373,1.7415,-0.0441,0.3998,3.9496,1.8496
88.262,-4.6163,1.7405,-0.0441,0.3957,3.964,1.8496
88.313,-4.5954,1.7396,-0.0441,0.3874,3.9928,1.8497
88.366,-4.5639,1.7382,-0.0441,0.3804,4.0173,1.8498
88.416,-4.5429,1.7373,-0.0441,0.375,4.0361,1.8499
88.467,-4.5219,1.7364,-0.0441,0.3668,4.0649,1.85
88.517,-4.4905,1.735,-0.0441,0.3618,4.0822,1.8501
88.57,-4.4695,1.7341,-0.0441,0.3556,4.1039,1.8502
88.625,-4.4485,1.7331,-0.0441,0.3473,4.1327,1.8503
88.676,-4.4275,1.7322,-0.0441,0.3419,4.1514,1.8503
88.726,-4.3961,1.7308,-0.0441,0.3337,4.1803,1.8504
88.776,-4.3751,1.7299,-0.0441,0.3295,4.1947,1.8505
88.826,-4.3541,1.729,-0.0441,0.3212,4.2235,1.8506
88.877,-4.3226,1.7276,-0.0441,0.3142,4.248,1.8506
88.928,-4.3016,1.7267,-0.0441,0.3059,4.2769,1.8507
88.978,-4.2807,1.7257,-0.0441,0.3005,4.2956,1.8508
89.029,-4.2492,1.7243,-0.0441,0.2951,4.3143,1.8509
89.079,-4.2282,1.7234,-0.0441,0.2881,4.3388,1.851
89.13,-4.1968,1.722,-0.0441,0.2798,4.3677,1.8511
89.18,-4.1758,1.7211,-0.0441,0.2727,4.3922,1.8512
89.231,-4.1548,1.7202,-0.0441,0.2673,4.4109,1.8513
89.281,-4.1233,1.7188,-0.0441,0.259,4.4397,1.8514
89.331,-4.1023,1.7179,-0.0441,0.2545,4.4556,1.8514
89.381,-4.0814,1.7169,-0.0441,0.2457,4.4859,1.8515
89.432,-4.0499,1.7155,-0.0441,0.2395,4.5075,1.8516
89.487,-4.0289,1.7146,-0.0441,0.2312,4.5363,1.8517
89.537,-3.9974,1.7132,-0.0441,0.2229,4.5651,1.8518
89.587,-3.9765,1.7123,-0.0441,0.2174,4.5839,1.8519
89.638,-3.945,1.7109,-0.0441,0.2091,4.6127,1.852
89.688,-3.924,1.71,-0.0441,0.205,4.6271,1.852
89.738,-3.903,1.7091,-0.0441,0.1962,4.6574,1.8522
89.789,-3.8716,1.7077,-0.0441,0.1896,4.6804,1.8523
89.84,-3.8506,1.7068,-0.0441,0.1812,4.7092,1.8524
89.891,-3.8296,1.7058,-0.0441,0.1758,4.728,1.8524
89.941,-3.7981,1.7044,-0.0441,0.1675,4.7568,1.8525
89.991,-3.7772,1.7035,-0.0441,0.1633,4.7712,1.8526
90.042,-3.7457,1.7021,-0.0441,0.1549,4.8,1.8527
90.094,-3.7247,1.7012,-0.0441,0.1479,4.8245,1.8529
90.144,-3.7037,1.7003,-0.0441,0.1395,4.8533,1.853
90.194,-3.6723,1.6989,-0.0441,0.1341,4.8721,1.8531
90.244,-3.6513,1.698,-0.0441,0.1257,4.9009,1.8532
90.295,-3.6198,1.6966,-0.0441,0.1174,4.9297,1.8533
90.345,-3.5988,1.6956,-0.0441,0.1132,4.9441,1.8534
90.395,-3.5779,1.6947,-0.0441,0.1048,4.9729,1.8535
90.445,-3.5464,1.6933,-0.0441,0.0977,4.9974,1.8536
90.495,-3.5254,1.6924,-0.0441,0.0922,5.0161,1.8537
90.546,-3.4939,1.691,-0.0441,0.0839,5.0449,1.8538
90.596,-3.473,1.6901,-0.0441,0.0755,5.0737,1.8539
90.646,-3.452,1.6892,-0.0441,0.0705,5.091,1.8539
90.696,-3.4205,1.6878,-0.0441,0.0617,5.1212,1.8541
90.746,-3.3995,1.6868,-0.0441,0.0558,5.1414,1.8541
90.797,-3.3785,1.6859,-0.0441,0.0503,5.1601,1.8542
90.847,-3.3471,1.6845,-0.0441,0.042,5.1889,1.8543
90.897,-3.3261,1.6836,-0.0441,0.0378,5.2033,1.8544
90.948,-3.2946,1.6822,-0.0441,0.0294,5.2321,1.8545
90.998,-3.2737,1.6813,-0.0441,0.0205,5.2624,1.8546
91.048,-3.2527,1.6804,-0.0441,0.0138,5.2854,1.8547
91.098,-3.2212,1.679,-0.0441,0.0084,5.3041,1.8547
91.148,-3.2002,1.6781,-0.0441,-0.0,5.3329,1.8548
91.199,-3.1688,1.6767,-0.0441,-0.0084,5.3617,1.8549
91.249,-3.1478,1.6757,-0.0441,-0.0127,5.3761,1.855
91.299,-3.1268,1.6748,-0.0441,-0.0198,5.4006,1.855
91.35,-3.0953,1.6734,-0.0441,-0.0282,5.4294,1.8552
91.4,-3.0743,1.6725,-0.0441,-0.0337,5.4481,1.8552
91.451,-3.0429,1.6711,-0.0441,-0.0421,5.4769,1.8553
91.502,-3.0219,1.6702,-0.0441,-0.0472,5.4942,1.8554
91.553,-3.0009,1.6693,-0.0441,-0.056,5.5244,1.8555
91.604,-2.9694,1.6679,-0.0441,-0.0632,5.5489,1.8556
91.655,-2.9485,1.6669,-0.0441,-0.0703,5.5734,1.8557
91.705,-2.917,1.6656,-0.0441,-0.0788,5.6022,1.8558
91.756,-2.896,1.6646,-0.0441,-0.0843,5.6209,1.8558
91.806,-2.875,1.6637,-0.0441,-0.0927,5.6497,1.8559
91.856,-2.8436,1.6623,-0.0441,-0.0973,5.6655,1.856
91.906,-2.8226,1.6614,-0.0441,-0.1062,5.6957,1.8561
91.957,-2.8016,1.6605,-0.0441,-0.1125,5.7173,1.8562
92.007,-2.7701,1.6591,-0.0441,-0.118,5.736,1.8563
92.057,-2.7492,1.6581,-0.0441,-0.1222,5.7504,1.8563
92.108,-2.7282,1.6572,-0.0441,-0.1307,5.7792,1.8564
92.158,-2.7072,1.6563,-0.0441,-0.1392,5.808,1.8566
92.208,-2.6757,1.6549,-0.0441,-0.1463,5.8325,1.8567
92.259,-2.6548,1.654,-0.0441,-0.1548,5.8612,1.8568
92.309,-2.6233,1.6526,-0.0441,-0.1603,5.8799,1.8569
92.359,-2.6023,1.6517,-0.0441,-0.1654,5.8972,1.857
92.41,-2.5813,1.6507,-0.0441,-0.1743,5.9274,1.8571
92.46,-2.5499,1.6494,-0.0441,-0.1802,5.9476,1.8572
92.511,-2.5289,1.6484,-0.0441,-0.1887,5.9764,1.8573
92.561,-2.5079,1.6475,-0.0441,-0.1942,5.9951,1.8574
92.612,-2.4764,1.6461,-0.0441,-0.2014,6.0195,1.8575
92.662,-2.4554,1.6452,-0.0441,-0.2069,6.0382,1.8576
92.713,-2.4345,1.6443,-0.0441,-0.2141,6.0627,1.8577
92.763,-2.4135,1.6433,-0.0441,-0.2226,6.0915,1.8578
92.813,-2.382,1.6419,-0.0441,-0.2281,6.1102,1.8579
92.863,-2.361,1.641,-0.0441,-0.2366,6.1389,1.858
92.914,-2.3296,1.6396,-0.0441,-0.2451,6.1677,1.858
92.964,-2.3086,1.6387,-0.0441,-0.2494,6.1821,1.8581
93.014,-2.2876,1.6378,-0.0441,-0.2579,6.2109,1.8582
93.064,-2.2561,1.6364,-0.0441,-0.2651,6.2353,1.8584
93.115,-2.2352,1.6355,-0.0441,-0.2736,6.2641,1.8585
93.165,-2.2037,1.6341,-0.0441,-0.2792,6.2828,1.8586
93.215,-2.1827,1.6332,-0.0441,-0.2877,6.3115,1.8587
93.266,-2.1617,1.6322,-0.0441,-0.2932,6.3302,1.8588
93.316,-2.1303,1.6308,-0.0441,-0.2992,6.3504,1.8589
93.366,-2.1093,1.6299,-0.0441,-0.3077,6.3791,1.8589
93.417,-2.0883,1.629,-0.0441,-0.3132,6.3978,1.859
93.468,-2.0568,1.6276,-0.0441,-0.3218,6.4266,1.8591
93.518,-2.0463,1.6271,-0.0441,-0.326,6.441,1.8592
93.568,-2.0149,1.6257,-0.0441,-0.3333,6.4654,1.8593
93.618,-1.9939,1.6248,-0.0441,-0.3418,6.4942,1.8594
93.67,-1.9729,1.6239,-0.0441,-0.3474,6.5129,1.8595
93.72,-1.9414,1.6225,-0.0441,-0.3559,6.5416,1.8596
93.773,-1.9205,1.6216,-0.0441,-0.3602,6.556,1.8597
93.824,-1.889,1.6202,-0.0441,-0.3687,6.5848,1.8598
93.874,-1.868,1.6193,-0.0441,-0.376,6.6092,1.8599
93.924,-1.847,1.6183,-0.0441,-0.3846,6.638,1.86
93.974,-1.8156,1.6169,-0.0441,-0.3901,6.6567,1.8601
94.025,-1.7946,1.616,-0.0441,-0.3987,6.6854,1.8602
94.078,-1.7631,1.6146,-0.0441,-0.4038,6.7027,1.8603
94.128,-1.7421,1.6137,-0.0441,-0.4128,6.7328,1.8604
94.178,-1.7212,1.6128,-0.0441,-0.4188,6.753,1.8605
94.228,-1.6897,1.6114,-0.0441,-0.4274,6.7817,1.8607
94.279,-1.6687,1.6105,-0.0441,-0.433,6.8004,1.8607
94.329,-1.6372,1.6091,-0.0441,-0.4415,6.8292,1.8608
94.379,-1.6163,1.6082,-0.0441,-0.4476,6.8493,1.8609
94.43,-1.5953,1.6072,-0.0441,-0.4548,6.8737,1.861
94.481,-1.5638,1.6058,-0.0441,-0.4617,6.8967,1.8611
94.531,-1.5428,1.6049,-0.0441,-0.4703,6.9254,1.8612
94.581,-1.5114,1.6035,-0.0441,-0.4759,6.9441,1.8613
94.632,-1.4904,1.6026,-0.0441,-0.4845,6.9729,1.8614
94.682,-1.4694,1.6017,-0.0441,-0.4888,6.9872,1.8614
94.732,-1.4379,1.6003,-0.0441,-0.4974,7.016,1.8615
94.782,-1.417,1.5994,-0.0441,-0.5047,7.0404,1.8616
94.833,-1.3855,1.598,-0.0441,-0.5133,7.0692,1.8617
94.883,-1.3645,1.597,-0.0441,-0.5219,7.0979,1.8619
94.933,-1.3435,1.5961,-0.0441,-0.5275,7.1166,1.8619
94.983,-1.3121,1.5947,-0.0441,-0.5361,7.1453,1.862
95.033,-1.2911,1.5938,-0.0441,-0.5404,7.1597,1.8621
95.084,-1.2596,1.5924,-0.0441,-0.549,7.1884,1.8622
95.134,-1.2386,1.5915,-0.0441,-0.5564,7.2128,1.8623
95.184,-1.2177,1.5906,-0.0441,-0.562,7.2315,1.8624
95.235,-1.1862,1.5892,-0.0441,-0.5706,7.2603,1.8625
95.285,-1.1652,1.5882,-0.0441,-0.5753,7.2761,1.8626
95.335,-1.1442,1.5873,-0.0441,-0.5844,7.3062,1.8627
95.386,-1.1128,1.5859,-0.0441,-0.5909,7.3278,1.8628
95.436,-1.0918,1.585,-0.0441,-0.5995,7.3565,1.8629
95.488,-1.0708,1.5841,-0.0441,-0.6051,7.3752,1.863
95.538,-1.0393,1.5827,-0.0441,-0.6138,7.4039,1.8631
95.588,-1.0183,1.5818,-0.0441,-0.6181,7.4183,1.8632
95.639,-0.9869,1.5804,-0.0441,-0.6267,7.447,1.8633
95.689,-0.9659,1.5795,-0.0441,-0.6341,7.4714,1.8634
95.739,-0.9449,1.5785,-0.0441,-0.6427,7.5001,1.8635
95.789,-0.9134,1.5771,-0.0441,-0.6484,7.5188,1.8635
95.84,-0.8925,1.5762,-0.0441,-0.657,7.5475,1.8637
95.89,-0.8715,1.5753,-0.0441,-0.6614,7.5619,1.8637
95.94,-0.84,1.5739,-0.0441,-0.67,7.5906,1.8639
95.991,-0.819,1.573,-0.0441,-0.6774,7.615,1.8639
96.041,-0.7876,1.5716,-0.0441,-0.6861,7.6437,1.864
96.091,-0.7666,1.5707,-0.0441,-0.6917,7.6624,1.8641
96.141,-0.7456,1.5697,-0.0441,-0.7004,7.6911,1.8642
96.192,-0.7141,1.5683,-0.0441,-0.7047,7.7055,1.8643
96.243,-0.6932,1.5674,-0.0441,-0.7147,7.7385,1.8644
96.295,-0.6617,1.566,-0.0441,-0.7221,7.7629,1.8645
96.345,-0.6407,1.5651,-0.0441,-0.7295,7.7873,1.8646
96.396,-0.6197,1.5642,-0.0441,-0.7351,7.806,1.8646
96.446,-0.5883,1.5628,-0.0441,-0.7438,7.8347,1.8647
96.496,-0.5673,1.5619,-0.0441,-0.7481,7.8491,1.8648
96.547,-0.5358,1.5605,-0.0441,-0.7573,7.8792,1.8649
96.597,-0.5148,1.5596,-0.0441,-0.7664,7.9094,1.8651
96.648,-0.4939,1.5586,-0.0441,-0.7729,7.9309,1.8652
96.698,-0.4624,1.5572,-0.0441,-0.7816,7.9596,1.8653
96.748,-0.4414,1.5563,-0.0441,-0.7873,7.9783,1.8653
96.802,-0.4204,1.5554,-0.0441,-0.7917,7.9926,1.8654
96.852,-0.389,1.554,-0.0441,-0.8004,8.0213,1.8655
96.902,-0.368,1.5531,-0.0441,-0.8078,8.0457,1.8655
96.953,-0.3365,1.5517,-0.0441,-0.8165,8.0744,1.8657
97.003,-0.3155,1.5508,-0.0441,-0.8222,8.0931,1.8657
97.053,-0.2945,1.5498,-0.0441,-0.8309,8.1218,1.8659
97.104,-0.2736,1.5489,-0.0441,-0.8366,8.1404,1.8659
97.154,-0.2421,1.5475,-0.0441,-0.844,8.1648,1.866
97.204,-0.2211,1.5466,-0.0441,-0.8514,8.1892,1.8661
97.255,-0.1897,1.5452,-0.0441,-0.8601,8.2179,1.8663
97.305,-0.1687,1.5443,-0.0441,-0.8658,8.2366,1.8663
97.355,-0.1477,1.5433,-0.0441,-0.8745,8.2653,1.8665
97.405,-0.1162,1.542,-0.0441,-0.8794,8.2811,1.8665
97.455,-0.0952,1.541,-0.0441,-0.8885,8.3112,1.8667
97.506,-0.0743,1.5401,-0.0441,-0.8951,8.3327,1.8667
97.556,-0.0428,1.5387,-0.0441,-0.9038,8.3614,1.8668
97.606,-0.0218,1.5378,-0.0441,-0.9095,8.3801,1.8669
97.656,0.0097,1.5364,-0.0441,-0.9183,8.4088,1.867
97.707,0.0306,1.5355,-0.0441,-0.9227,8.4231,1.8671
97.757,0.0516,1.5346,-0.0441,-0.9314,8.4518,1.8672
97.808,0.0831,1.5332,-0.0441,-0.9389,8.4762,1.8673
97.858,0.1041,1.5322,-0.0441,-0.9476,8.5049,1.8673
97.909,0.125,1.5313,-0.0441,-0.9533,8.5235,1.8674
97.959,0.1565,1.5299,-0.0441,-0.9621,8.5522,1.8675
98.009,0.1775,1.529,-0.0441,-0.9665,8.5666,1.8676
98.06,0.209,1.5276,-0.0441,-0.9753,8.5953,1.8677
98.11,0.2299,1.5267,-0.0441,-0.9827,8.6196,1.8678
98.16,0.2509,1.5258,-0.0441,-0.9884,8.6383,1.8679
98.21,0.2824,1.5244,-0.0441,-0.9972,8.667,1.868
98.261,0.3034,1.5234,-0.0441,-1.006,8.6957,1.8681
98.312,0.3243,1.5225,-0.0441,-1.0113,8.7129,1.8681
98.362,0.3558,1.5211,-0.0441,-1.0179,8.7344,1.8682
98.412,0.3768,1.5202,-0.0441,-1.0236,8.753,1.8683
98.462,0.3978,1.5193,-0.0441,-1.0324,8.7817,1.8684
98.513,0.4292,1.5179,-0.0441,-1.0412,8.8104,1.8685
98.563,0.4502,1.517,-0.0441,-1.0456,8.8247,1.8686
98.613,0.4712,1.516,-0.0441,-1.0544,8.8534,1.8687
98.664,0.5027,1.5146,-0.0441,-1.0619,8.8778,1.8688
98.714,0.5237,1.5137,-0.0441,-1.0707,8.9065,1.8689
98.764,0.5551,1.5123,-0.0441,-1.0764,8.9251,1.8689
98.815,0.5761,1.5114,-0.0441,-1.0852,8.9538,1.869
98.865,0.5971,1.5105,-0.0441,-1.0896,8.9681,1.8691
98.915,0.6286,1.5091,-0.0441,-1.0985,8.9968,1.8692
98.966,0.6495,1.5082,-0.0441,-1.106,9.0212,1.8693
99.016,0.681,1.5068,-0.0441,-1.1148,9.0498,1.8694
99.066,0.702,1.5059,-0.0441,-1.1205,9.0685,1.8695
99.117,0.723,1.5049,-0.0441,-1.1293,9.0971,1.8696
99.168,0.7544,1.5035,-0.0441,-1.1346,9.1144,1.8697
99.218,0.7754,1.5026,-0.0441,-1.1439,9.1445,1.8698
99.268,0.8069,1.5012,-0.0441,-1.1501,9.1645,1.8699
99.319,0.8279,1.5003,-0.0441,-1.1589,9.1932,1.87
99.369,0.8488,1.4994,-0.0441,-1.1647,9.2118,1.8701
99.42,0.8803,1.498,-0.0441,-1.1735,9.2405,1.8702
99.47,0.9013,1.4971,-0.0441,-1.178,9.2548,1.8703
99.521,0.9328,1.4957,-0.0441,-1.1873,9.2849,1.8704
99.571,0.9537,1.4947,-0.0441,-1.1943,9.3078,1.8705
99.622,0.9747,1.4938,-0.0441,-1.2032,9.3365,1.8706
99.672,1.0062,1.4924,-0.0441,-1.2121,9.3652,1.8708
99.722,1.0272,1.4915,-0.0441,-1.2178,9.3838,1.8708
99.772,1.0586,1.4901,-0.0441,-1.2267,9.4125,1.8709
99.823,1.0796,1.4892,-0.0441,-1.2311,9.4268,1.871
99.873,1.1006,1.4883,-0.0441,-1.24,9.4554,1.8711
99.923,1.1321,1.4869,-0.0441,-1.2475,9.4798,1.8712
99.973,1.153,1.486,-0.0441,-1.2564,9.5085,1.8713
100.023,1.1845,1.4846,-0.0441,-1.2622,9.5271,1.8714
100.074,1.2055,1.4836,-0.0441,-1.2711,9.5557,1.8715
100.124,1.2265,1.4827,-0.0441,-1.2755,9.5701,1.8715
100.175,1.2579,1.4813,-0.0441,-1.2844,9.5987,1.8717
100.225,1.2789,1.4804,-0.0441,-1.292,9.6231,1.8718
100.276,1.2999,1.4795,-0.0441,-1.2978,9.6417,1.8718
100.326,1.3314,1.4781,-0.0441,-1.3066,9.6704,1.8719
100.376,1.3523,1.4772,-0.0441,-1.3155,9.699,1.872
100.426,1.3733,1.4762,-0.0441,-1.3209,9.7162,1.8721
100.477,1.4048,1.4748,-0.0441,-1.3276,9.7377,1.8721
100.528,1.4258,1.4739,-0.0441,-1.3365,9.7663,1.8723
100.579,1.4572,1.4725,-0.0441,-1.3454,9.795,1.8724
100.63,1.4782,1.4716,-0.0441,-1.3512,9.8136,1.8725
100.68,1.5097,1.4702,-0.0441,-1.3601,9.8422,1.8727
100.73,1.5307,1.4693,-0.0441,-1.3645,9.8566,1.8727
100.78,1.5517,1.4684,-0.0441,-1.3739,9.8866,1.8728
100.831,1.5726,1.4674,-0.0441,-1.3802,9.9067,1.8729
100.881,1.6041,1.466,-0.0441,-1.3869,9.9282,1.873
100.931,1.6251,1.4651,-0.0441,-1.3958,9.9568,1.8731
100.982,1.6566,1.4637,-0.0441,-1.4003,9.9711,1.8732
101.032,1.6775,1.4628,-0.0441,-1.4092,9.9998,1.8733
101.085,1.6985,1.4619,-0.0441,-1.4168,10.0241,1.8734
101.135,1.73,1.4605,-0.0441,-1.4257,10.0527,1.8735
101.185,1.751,1.4596,-0.0441,-1.4315,10.0714,1.8735
101.236,1.7719,1.4586,-0.0441,-1.4405,10.1,1.8737
101.286,1.8034,1.4573,-0.0441,-1.4459,10.1172,1.8737
101.336,1.8244,1.4563,-0.0441,-1.4553,10.1472,1.8738
101.386,1.8559,1.4549,-0.0441,-1.4629,10.1716,1.8739
101.437,1.8768,1.454,-0.0441,-1.4705,10.1959,1.874
101.487,1.8978,1.4531,-0.0441,-1.4763,10.2145,1.874
101.538,1.9293,1.4517,-0.0441,-1.4853,10.2431,1.8742
101.588,1.9503,1.4508,-0.0441,-1.4942,10.2718,1.8743
101.638,1.9817,1.4494,-0.0441,-1.4992,10.2875,1.8744
101.688,2.0027,1.4485,-0.0441,-1.5086,10.3176,1.8745
101.738,2.0237,1.4475,-0.0441,-1.5153,10.3391,1.8745
101.789,2.0552,1.4461,-0.0441,-1.5211,10.3577,1.8746
101.839,2.0761,1.4452,-0.0441,-1.5301,10.3863,1.8748
101.89,2.0971,1.4443,-0.0441,-1.5346,10.4006,1.8748
101.942,2.1286,1.4429,-0.0441,-1.5436,10.4292,1.8749
101.993,2.1496,1.442,-0.0441,-1.5526,10.4578,1.875
102.043,2.181,1.4406,-0.0441,-1.5602,10.4822,1.8752
102.093,2.202,1.4397,-0.0441,-1.5661,10.5008,1.8752
102.144,2.223,1.4387,-0.0441,-1.575,10.5294,1.8753
102.195,2.2545,1.4373,-0.0441,-1.5809,10.548,1.8754
102.245,2.2754,1.4364,-0.0441,-1.5885,10.5723,1.8755
102.295,2.3069,1.435,-0.0441,-1.5975,10.6009,1.8757
102.346,2.3279,1.4341,-0.0441,-1.6052,10.6253,1.8758
102.396,2.3489,1.4332,-0.0441,-1.6142,10.6539,1.8759
102.446,2.3803,1.4318,-0.0441,-1.6201,10.6725,1.8759
102.497,2.4013,1.4309,-0.0441,-1.6291,10.7011,1.876
102.548,2.4328,1.4295,-0.0441,-1.6345,10.7183,1.8761
102.598,2.4538,1.4286,-0.0441,-1.644,10.7483,1.8762
102.648,2.4748,1.4276,-0.0441,-1.6503,10.7683,1.8763
102.699,2.5062,1.4262,-0.0441,-1.6598,10.7984,1.8764
102.749,2.5272,1.4253,-0.0441,-1.6652,10.8155,1.8764
102.799,2.5482,1.4244,-0.0441,-1.6742,10.8442,1.8765
102.85,2.5797,1.423,-0.0441,-1.6787,10.8585,1.8766
102.9,2.6006,1.4221,-0.0441,-1.6882,10.8885,1.8767
102.95,2.6321,1.4207,-0.0441,-1.6954,10.9114,1.8768
103.0,2.6531,1.4198,-0.0441,-1.7045,10.94,1.877
103.052,2.6741,1.4188,-0.0441,-1.7103,10.9586,1.8771
103.102,2.7055,1.4174,-0.0441,-1.7194,10.9872,1.8771
103.153,2.7265,1.4165,-0.0441,-1.7239,11.0015,1.8772
103.204,2.758,1.4151,-0.0441,-1.733,11.0301,1.8773
103.254,2.779,1.4142,-0.0441,-1.7407,11.0544,1.8774
103.304,2.7999,1.4133,-0.0441,-1.7497,11.083,1.8775
103.355,2.8314,1.4119,-0.0441,-1.7556,11.1016,1.8776
103.405,2.8524,1.411,-0.0441,-1.7647,11.1302,1.8777
103.455,2.8839,1.4096,-0.0441,-1.7706,11.1488,1.8778
103.506,2.9048,1.4086,-0.0441,-1.7783,11.1731,1.8779
103.556,2.9258,1.4077,-0.0441,-1.786,11.1974,1.878
103.607,2.9573,1.4063,-0.0441,-1.795,11.226,1.8781
103.66,2.9783,1.4054,-0.0441,-1.8009,11.2446,1.8782
103.71,3.0097,1.404,-0.0441,-1.81,11.2732,1.8783
103.761,3.0307,1.4031,-0.0441,-1.815,11.2889,1.8784
103.811,3.0517,1.4022,-0.0441,-1.8246,11.3189,1.8785
103.861,3.0832,1.4008,-0.0441,-1.8314,11.3404,1.8786
103.911,3.1041,1.3999,-0.0441,-1.8405,11.3689,1.8787
103.962,3.1356,1.3985,-0.0441,-1.8464,11.3875,1.8788
104.012,3.1566,1.3975,-0.0441,-1.8555,11.4161,1.8789
104.062,3.1776,1.3966,-0.0441,-1.86,11.4304,1.8789
104.112,3.209,1.3952,-0.0441,-1.8691,11.459,1.879
104.163,3.23,1.3943,-0.0441,-1.8787,11.489,1.8792
104.213,3.2615,1.3929,-0.0441,-1.886,11.5119,1.8793
104.263,3.2825,1.392,-0.0441,-1.8951,11.5405,1.8794
104.314,3.3034,1.3911,-0.0441,-1.901,11.559,1.8795
104.364,3.3349,1.3897,-0.0441,-1.9101,11.5876,1.8796
104.414,3.3559,1.3887,-0.0441,-1.9147,11.6019,1.8796
104.464,3.3769,1.3878,-0.0441,-1.9224,11.6262,1.8797
104.515,3.4083,1.3864,-0.0441,-1.9315,11.6548,1.8799
104.565,3.4293,1.3855,-0.0441,-1.9375,11.6734,1.8799
104.616,3.4503,1.3846,-0.0441,-1.9466,11.7019,1.8801
104.666,3.4818,1.3832,-0.0441,-1.9521,11.7191,1.8801
104.717,3.5028,1.3823,-0.0441,-1.9617,11.7491,1.8802
104.767,3.5342,1.3809,-0.0441,-1.9681,11.7691,1.8803
104.817,3.5552,1.3799,-0.0441,-1.9772,11.7977,1.8804
104.867,3.5762,1.379,-0.0441,-1.9831,11.8162,1.8804
104.918,3.6077,1.3776,-0.0441,-1.9923,11.8448,1.8806
104.968,3.6286,1.3767,-0.0441,-1.9969,11.8591,1.8806
105.018,3.6496,1.3758,-0.0441,-2.0065,11.8891,1.8808
105.068,3.6811,1.3744,-0.0441,-2.0138,11.9119,1.8808
105.119,3.7021,1.3735,-0.0441,-2.0229,11.9405,1.8809
105.169,3.7335,1.3721,-0.0441,-2.0289,11.9591,1.881
105.219,3.7545,1.3712,-0.0441,-2.0381,11.9877,1.8811
105.269,3.7755,1.3702,-0.0441,-2.0426,12.0019,1.8811
105.32,3.807,1.3688,-0.0441,-2.0518,12.0305,1.8812
105.37,3.8279,1.3679,-0.0441,-2.0596,12.0548,1.8814
105.42,3.8489,1.367,-0.0441,-2.0688,12.0834,1.8815
105.47,3.8804,1.3656,-0.0441,-2.0747,12.1019,1.8816
105.521,3.9014,1.3647,-0.0441,-2.0839,12.1305,1.8817
105.571,3.9223,1.3637,-0.0441,-2.0899,12.149,1.8818
105.621,3.9538,1.3624,-0.0441,-2.0977,12.1733,1.8819
105.672,3.9748,1.3614,-0.0441,-2.1055,12.1976,1.882
105.722,4.0063,1.36,-0.0441,-2.1147,12.2262,1.8821
105.772,4.0272,1.3591,-0.0441,-2.1206,12.2447,1.8821
105.824,4.0587,1.3577,-0.0441,-2.1298,12.2733,1.8822
105.874,4.0797,1.3568,-0.0441,-2.1349,12.289,1.8823
105.924,4.1007,1.3559,-0.0441,-2.1445,12.319,1.8824
105.974,4.1321,1.3545,-0.0441,-2.1514,12.3404,1.8825
106.025,4.1531,1.3536,-0.0441,-2.1606,12.3689,1.8826
106.075,4.1741,1.3526,-0.0441,-2.1666,12.3875,1.8827
106.125,4.2056,1.3512,-0.0441,-2.1758,12.416,1.8828
106.178,4.2265,1.3503,-0.0441,-2.1804,12.4303,1.8829
106.228,4.258,1.3489,-0.0441,-2.1915,12.4646,1.883
106.28,4.279,1.348,-0.0441,-2.1975,12.4831,1.8831
106.33,4.3,1.3471,-0.0441,-2.2067,12.5117,1.8832
106.38,4.3314,1.3457,-0.0441,-2.2127,12.5302,1.8833
106.431,4.3524,1.3448,-0.0441,-2.2219,12.5588,1.8834
106.481,4.3839,1.3434,-0.0441,-2.2311,12.5873,1.8835
106.532,4.4049,1.3425,-0.0441,-2.2358,12.6016,1.8835
106.585,4.4363,1.3411,-0.0441,-2.245,12.6302,1.8836
106.635,4.4573,1.3401,-0.0441,-2.2528,12.6544,1.8837
106.686,4.4783,1.3392,-0.0441,-2.2621,12.683,1.8839
106.738,4.5098,1.3378,-0.0441,-2.2681,12.7015,1.8839
106.788,4.5308,1.3369,-0.0441,-2.2773,12.7301,1.8841
106.839,4.5622,1.3355,-0.0441,-2.2833,12.7486,1.8841
106.89,4.5832,1.3346,-0.0441,-2.2912,12.7729,1.8842
106.94,4.6042,1.3337,-0.0441,-2.299,12.7971,1.8843
106.99,4.6357,1.3323,-0.0441,-2.3083,12.8257,1.8844
107.041,4.6566,1.3313,-0.0441,-2.3143,12.8442,1.8845
107.092,4.6881,1.33,-0.0441,-2.3236,12.8727,1.8846
107.142,4.7091,1.329,-0.0441,-2.3287,12.8884,1.8847
107.193,4.7301,1.3281,-0.0441,-2.3384,12.9184,1.8848
107.243,4.7615,1.3267,-0.0441,-2.3454,12.9398,1.8849
107.293,4.7825,1.3258,-0.0441,-2.3546,12.9683,1.885
107.343,4.8035,1.3249,-0.0441,-2.3607,12.9869,1.8851
107.396,4.835,1.3235,-0.0441,-2.3699,13.0154,1.8852
107.447,4.8559,1.3225,-0.0441,-2.3746,13.0297,1.8853
107.497,4.8874,1.3212,-0.0441,-2.3839,13.0582,1.8854
107.547,4.9084,1.3202,-0.0441,-2.3917,13.0824,1.8855
107.598,4.9294,1.3193,-0.0441,-2.401,13.111,1.8856
107.649,4.9608,1.3179,-0.0441,-2.4071,13.1295,1.8857
107.7,4.9818,1.317,-0.0441,-2.4164,13.158,1.8858
107.751,5.0028,1.3161,-0.0441,-2.421,13.1723,1.8859
107.801,5.0343,1.3147,-0.0441,-2.4303,13.2008,1.886
107.852,5.0552,1.3138,-0.0441,-2.4396,13.2293,1.8861
107.902,5.0867,1.3124,-0.0441,-2.4475,13.2536,1.8862
107.952,5.1077,1.3114,-0.0441,-2.4536,13.2721,1.8862
108.002,5.1392,1.3101,-0.0441,-2.4629,13.3006,1.8864
108.053,5.1601,1.3091,-0.0441,-2.4722,13.3292,1.8865
108.103,5.1811,1.3082,-0.0441,-2.4782,13.3477,1.8866
108.153,5.2126,1.3068,-0.0441,-2.4848,13.3677,1.8867
108.203,5.2336,1.3059,-0.0441,-2.4941,13.3962,1.8868
108.254,5.2545,1.305,-0.0441,-2.5001,13.4147,1.8869
108.305,5.286,1.3036,-0.0441,-2.5095,13.4432,1.887
108.356,5.307,1.3026,-0.0441,-2.5141,13.4575,1.8871
108.406,5.3385,1.3013,-0.0441,-2.5239,13.4874,1.8872
108.457,5.3594,1.3003,-0.0441,-2.5337,13.5173,1.8873
108.508,5.3804,1.2994,-0.0441,-2.5407,13.5387,1.8873
108.558,5.4119,1.298,-0.0441,-2.5468,13.5573,1.8874
108.608,5.4321,1.2972,-0.044,-2.5562,13.5858,1.8877
108.659,5.4443,1.2968,-0.0408,-2.5656,13.6142,1.9024
108.709,5.4549,1.2965,-0.0118,-2.5622,13.6035,1.9186
108.759,5.461,1.2965,0.0114,-2.5652,13.6113,1.952
108.81,5.4701,1.2967,0.0477,-2.5682,13.6185,1.9817
108.86,5.476,1.2971,0.073,-2.5706,13.6239,2.0053
108.911,5.482,1.2975,0.0992,-2.5745,13.632,2.043
108.961,5.4908,1.2986,0.1397,-2.5787,13.64,2.0821
109.011,5.4968,1.2995,0.1675,-2.5809,13.6438,2.1021
109.061,5.5059,1.3012,0.2102,-2.5856,13.6515,2.1429
109.112,5.512,1.3026,0.2393,-2.5898,13.6578,2.1782
109.163,5.5181,1.3042,0.2684,-2.5932,13.6626,2.2053
109.216,5.5272,1.3069,0.3121,-2.5987,13.6698,2.2469
109.266,5.5332,1.3089,0.3412,-2.6044,13.6768,2.2886
109.317,5.542,1.3123,0.3849,-2.608,13.6808,2.3136
109.367,5.5478,1.3147,0.414,-2.6135,13.6867,2.351
109.417,5.5535,1.3173,0.4431,-2.619,13.6921,2.3864
109.47,5.5619,1.3215,0.4864,-2.6232,13.696,2.4133
109.52,5.5673,1.3245,0.5148,-2.63,13.7019,2.454
109.571,5.5751,1.3291,0.5567,-2.6371,13.7075,2.4938
109.621,5.5801,1.3323,0.5838,-2.6407,13.7102,2.5132
109.671,5.585,1.3356,0.6101,-2.6487,13.7159,2.5525
109.722,5.5926,1.3411,0.6479,-2.6553,13.7202,2.5814
109.772,5.5978,1.3452,0.6731,-2.6644,13.7258,2.6175
109.822,5.6034,1.3497,0.6983,-2.6706,13.7293,2.6409
109.873,5.6121,1.3573,0.7361,-2.676,13.7323,2.659
109.923,5.6181,1.3629,0.7613,-2.6894,13.739,2.7023
109.973,5.6243,1.3689,0.7865,-2.6957,13.7419,2.7204
110.023,5.6307,1.3754,0.8117,-2.7058,13.7464,2.7492
110.074,5.6404,1.3861,0.8495,-2.7195,13.7519,2.7853
110.124,5.647,1.3937,0.8747,-2.7275,13.7548,2.8052
110.174,5.6537,1.402,0.8999,-2.7436,13.7602,2.8431
110.225,5.6604,1.4106,0.9251,-2.7557,13.7638,2.8702
110.276,5.6672,1.4198,0.9503,-2.7664,13.7667,2.8937
110.327,5.6774,1.4345,0.9881,-2.7841,13.7709,2.9299
110.379,5.6842,1.4449,1.0135,-2.7933,13.7728,2.9481
110.429,5.6945,1.4617,1.0517,-2.8125,13.7763,2.9845
110.479,5.7016,1.4736,1.0773,-2.8294,13.7788,3.0156
110.53,5.7086,1.4862,1.1024,-2.8429,13.7804,3.039
110.58,5.7187,1.5066,1.1389,-2.8646,13.7824,3.074
110.63,5.7252,1.5209,1.1617,-2.8871,13.7836,3.1056
110.681,5.7315,1.5358,1.1825,-2.8986,13.784,3.1201
110.731,5.7406,1.559,1.211,-2.9188,13.7842,-3.1397
110.781,5.7465,1.575,1.2279,-2.9429,13.7839,-3.1156
110.831,5.7523,1.5914,1.2433,-2.9591,13.7835,-3.1015
110.882,5.7606,1.6167,1.2643,-2.9845,13.7822,-3.0816
110.933,5.766,1.6338,1.2768,-2.9974,13.7814,-3.0726
110.984,5.7712,1.6512,1.288,-3.0194,13.7798,-3.059
111.034,5.7789,1.6776,1.3023,-3.0458,13.7774,-3.0452
111.084,5.7837,1.6955,1.3109,-3.0631,13.7757,-3.0372
111.135,5.7885,1.7136,1.3188,-3.0899,13.7728,-3.026
111.185,5.7931,1.7319,1.3262,-3.1035,13.7712,-3.0206
111.239,5.7999,1.7596,1.3365,-3.1306,13.7677,-3.0107
111.289,5.8043,1.7782,1.3429,-3.1539,13.7646,-3.003
111.34,5.8086,1.797,1.3487,-3.1815,13.7607,-2.9949
111.39,5.8149,1.8255,1.3568,-3.1953,13.7586,-2.991
111.44,5.819,1.8446,1.3618,-3.2273,13.7536,-2.9827
111.49,5.825,1.8737,1.3691,-3.2441,13.7509,-2.9784
111.541,5.829,1.8932,1.3739,-3.2736,13.7459,-2.9712
111.591,5.8329,1.9128,1.3782,-3.2933,13.7425,-2.9669
111.643,5.8386,1.9425,1.3842,-3.3216,13.7374,-2.9612
111.694,5.8423,1.9623,1.3878,-3.34,13.734,-2.9578
111.744,5.8477,1.9922,1.3926,-3.3685,13.7287,-2.9532
111.794,5.8513,2.0122,1.3955,-3.3828,13.726,-2.9511
111.845,5.8548,2.0323,1.3982,-3.4128,13.7201,-2.947
111.895,5.8601,2.0626,1.4018,-3.4357,13.7156,-2.9442
111.945,5.8635,2.0828,1.404,-3.4645,13.7098,-2.9411
111.995,5.8686,2.1132,1.4068,-3.4832,13.706,-2.9392
112.045,5.8719,2.1336,1.4085,-3.512,13.7,-2.9368
112.096,5.8752,2.1539,1.4098,-3.5264,13.697,-2.9359
112.147,5.8802,2.1845,1.4115,-3.5553,13.691,-2.9342
112.198,5.8835,2.205,1.4125,-3.5799,13.6858,-2.9328
112.248,5.8867,2.2254,1.4135,-3.5987,13.6818,-2.9318
112.299,5.8916,2.2561,1.4149,-3.6248,13.6762,-2.9305
112.349,5.8948,2.2766,1.4158,-3.6566,13.6693,-2.929
112.399,5.898,2.2971,1.4167,-3.6755,13.6653,-2.9281
112.45,5.9027,2.3279,1.4179,-3.706,13.6586,-2.9267
112.5,5.9059,2.3484,1.4187,-3.7249,13.6545,-2.9259
112.551,5.9106,2.3793,1.4197,-3.7539,13.6481,-2.9248
112.602,5.9137,2.3999,1.4204,-3.7728,13.644,-2.9241
112.652,5.9168,2.4205,1.4211,-3.8019,13.6375,-2.923
112.702,5.9215,2.4514,1.4221,-3.8178,13.634,-2.9225
112.753,5.9246,2.4721,1.4226,-3.8382,13.6294,-2.9218
112.803,5.9277,2.4927,1.4231,-3.8702,13.6223,-2.9209
112.853,5.9323,2.5237,1.4238,-3.8892,13.618,-2.9204
112.903,5.9353,2.5444,1.4243,-3.9183,13.6114,-2.9197
112.953,5.9384,2.5651,1.4247,-3.9329,13.6082,-2.9194
113.004,5.9429,2.5961,1.4252,-3.962,13.6016,-2.9187
113.054,5.946,2.6168,1.4255,-3.9824,13.5969,-2.9184
113.104,5.949,2.6375,1.4258,-4.016,13.5893,-2.9178
113.154,5.9535,2.6686,1.4262,-4.0349,13.585,-2.9175
113.205,5.9565,2.6894,1.4264,-4.0641,13.5783,-2.9172
113.255,5.9611,2.7205,1.4267,-4.0831,13.574,-2.9169
113.305,5.9641,2.7412,1.4268,-4.1079,13.5683,-2.9167
113.355,5.9671,2.7619,1.427,-4.1327,13.5627,-2.9164
113.405,5.9716,2.793,1.4272,-4.1619,13.556,-2.9161
113.456,5.9746,2.8138,1.4273,-4.1808,13.5516,-2.9159
113.508,5.9791,2.8449,1.4275,-4.21,13.5449,-2.9155
113.558,5.9821,2.8657,1.4276,-4.2392,13.5382,-2.9152
113.608,5.985,2.8864,1.4277,-4.2567,13.5341,-2.9151
113.659,5.9895,2.9175,1.4279,-4.2786,13.5291,-2.9149
113.709,5.9925,2.9383,1.428,-4.3078,13.5224,-2.9146
113.759,5.997,2.9694,1.4281,-4.3268,13.518,-2.9145
113.809,6.0,2.9902,1.4282,-4.356,13.5112,-2.9142
113.86,6.003,3.011,1.4283,-4.3764,13.5065,-2.914
113.91,6.0074,3.0421,1.4284,-4.3998,13.5011,-2.9139
113.96,6.0104,3.0629,1.4285,-4.4246,13.4953,-2.9136
114.011,6.0149,3.0941,1.4286,-4.4538,13.4885,-2.9135
114.061,6.0178,3.1148,1.4287,-4.483,13.4818,-2.9132
114.111,6.0208,3.1356,1.4287,-4.502,13.4773,-2.9131
114.161,6.0253,3.1668,1.4288,-4.5268,13.4716,-2.9129
114.212,6.0282,3.1876,1.4288,-4.5458,13.4672,-2.9128
114.265,6.0327,3.2187,1.4289,-4.575,13.4603,-2.9126
114.315,6.0357,3.2395,1.4289,-4.5998,13.4546,-2.9125
114.366,6.0386,3.2603,1.4289,-4.6188,13.4501,-2.9124
114.416,6.0431,3.2915,1.429,-4.648,13.4433,-2.9122
114.467,6.046,3.3123,1.429,-4.6772,13.4365,-2.912
114.517,6.049,3.333,1.429,-4.6962,13.4321,-2.9119
114.568,6.0535,3.3642,1.4291,-4.721,13.4263,-2.9118
114.618,6.0564,3.385,1.4291,-4.7459,13.4204,-2.9117
114.669,6.0609,3.4162,1.4291,-4.7751,13.4136,-2.9116
114.719,6.0638,3.437,1.4291,-4.7941,13.4092,-2.9114
114.769,6.0668,3.4577,1.4291,-4.8087,13.4057,-2.9114
114.819,6.0712,3.4889,1.4292,-4.8393,13.3986,-2.9112
114.87,6.0742,3.5097,1.4292,-4.87,13.3914,-2.9111
114.924,6.0772,3.5305,1.4292,-4.8919,13.3862,-2.9109
114.974,6.0816,3.5617,1.4292,-4.9211,13.3794,-2.9108
115.025,6.0846,3.5825,1.4292,-4.9401,13.3749,-2.9107
115.075,6.089,3.6136,1.4292,-4.9693,13.368,-2.9106
115.127,6.092,3.6344,1.4292,-4.9839,13.3646,-2.9106
115.177,6.0964,3.6656,1.4293,-5.0131,13.3577,-2.9104
115.227,6.0994,3.6864,1.4293,-5.0379,13.3519,-2.9103
115.277,6.1024,3.7072,1.4293,-5.0671,13.345,-2.9102
115.328,6.1068,3.7384,1.4293,-5.0861,13.3405,-2.9102
115.378,6.1098,3.7592,1.4293,-5.1153,13.3337,-2.91
115.428,6.1127,3.7799,1.4293,-5.1299,13.3302,-2.91
115.478,6.1172,3.8111,1.4293,-5.1591,13.3233,-2.9099
115.529,6.1201,3.8319,1.4293,-5.1839,13.3175,-2.9098
115.579,6.1246,3.8631,1.4293,-5.2131,13.3106,-2.9096
115.629,6.1275,3.8839,1.4293,-5.232,13.3061,-2.9096
115.68,6.132,3.9151,1.4293,-5.2612,13.2992,-2.9095
115.73,6.1349,3.9359,1.4293,-5.2787,13.295,-2.9094
115.781,6.1379,3.9567,1.4293,-5.3094,13.2878,-2.9093
115.831,6.1423,3.9878,1.4293,-5.3342,13.2819,-2.9092
115.881,6.1453,4.0086,1.4293,-5.359,13.2761,-2.9091
115.931,6.1483,4.0294,1.4293,-5.378,13.2716,-2.9091
115.981,6.1512,4.0502,1.4293,-5.3926,13.2681,-2.909
116.032,6.1557,4.0814,1.4293,-5.4218,13.2612,-2.9089
116.082,6.1586,4.1022,1.4293,-5.4466,13.2553,-2.9087
116.132,6.1616,4.123,1.4293,-5.4758,13.2484,-2.9087
116.183,6.166,4.1542,1.4294,-5.4948,13.2439,-2.9086
116.233,6.169,4.1749,1.4294,-5.524,13.2369,-2.9084
116.284,6.1734,4.2061,1.4294,-5.5385,13.2335,-2.9084
116.334,6.1764,4.2269,1.4294,-5.5677,13.2265,-2.9082
116.386,6.1793,4.2477,1.4294,-5.5969,13.2196,-2.9081
116.437,6.1838,4.2789,1.4294,-5.6217,13.2137,-2.908
116.487,6.1867,4.2997,1.4294,-5.6407,13.2092,-2.9079
116.538,6.1897,4.3205,1.4294,-5.6567,13.2054,-2.9079
116.588,6.1927,4.3413,1.4294,-5.6874,13.1981,-2.9077
116.639,6.1956,4.3621,1.4294,-5.7093,13.1929,-2.9076
116.689,6.2001,4.3932,1.4294,-5.7385,13.1859,-2.9075
116.739,6.203,4.414,1.4294,-5.7574,13.1814,-2.9075
116.79,6.2075,4.4452,1.4294,-5.7866,13.1744,-2.9073
116.84,6.2104,4.466,1.4294,-5.8012,13.1709,-2.9073
116.891,6.2134,4.4868,1.4294,-5.8304,13.164,-2.9072
116.941,6.2178,4.518,1.4294,-5.8552,13.158,-2.907
116.992,6.2208,4.5388,1.4294,-5.8741,13.1535,-2.9069
117.042,6.2237,4.5596,1.4294,-5.9033,13.1465,-2.9068
117.093,6.2282,4.5907,1.4294,-5.9223,13.142,-2.9067
117.143,6.2311,4.6115,1.4294,-5.9471,13.1361,-2.9066
117.194,6.2341,4.6323,1.4294,-5.9719,13.1301,-2.9066
117.244,6.2385,4.6635,1.4294,-5.9967,13.1242,-2.9065
117.294,6.2415,4.6843,1.4294,-6.0157,13.1196,-2.9064
117.345,6.2445,4.7051,1.4294,-6.0492,13.1116,-2.9063
117.395,6.2474,4.7259,1.4294,-6.0652,13.1078,-2.9062
117.446,6.2519,4.7571,1.4294,-6.0857,13.1029,-2.9061
117.497,6.2548,4.7779,1.4294,-6.1178,13.0952,-2.906
117.547,6.2593,4.809,1.4294,-6.1367,13.0906,-2.9059
117.598,6.2622,4.8298,1.4294,-6.1659,13.0836,-2.9058
117.649,6.2667,4.861,1.4294,-6.1951,13.0766,-2.9057
117.699,6.2696,4.8818,1.4294,-6.2096,13.0731,-2.9056
117.75,6.2726,4.9026,1.4294,-6.2344,13.0671,-2.9055
117.8,6.2755,4.9234,1.4294,-6.2636,13.0601,-2.9054
117.851,6.28,4.9546,1.4294,-6.2826,13.0555,-2.9053
117.902,6.2829,4.9754,1.4294,-6.3117,13.0485,-2.9052
117.952,6.2874,5.0066,1.4294,-6.3263,13.045,-2.9051
118.003,6.2903,5.0273,1.4294,-6.3555,13.038,-2.905
118.053,6.2933,5.0481,1.4294,-6.3803,13.032,-2.9049
118.103,6.2977,5.0793,1.4294,-6.4094,13.025,-2.9048
118.154,6.3007,5.1001,1.4294,-6.4284,13.0204,-2.9047
118.204,6.3051,5.1313,1.4294,-6.4575,13.0133,-2.9046
118.254,6.3081,5.1521,1.4294,-6.4867,13.0063,-2.9045
118.304,6.3111,5.1729,1.4294,-6.5042,13.0021,-2.9044
118.355,6.3155,5.2041,1.4294,-6.5261,12.9968,-2.9043
118.405,6.3185,5.2249,1.4294,-6.5552,12.9897,-2.9042
118.455,6.3229,5.256,1.4294,-6.5844,12.9827,-2.904
118.506,6.3259,5.2768,1.4294,-6.6033,12.9781,-2.904
118.556,6.3288,5.2976,1.4294,-6.6325,12.971,-2.9038
118.606,6.3333,5.3288,1.4294,-6.6471,12.9675,-2.9038
118.656,6.3362,5.3496,1.4294,-6.6777,12.9601,-2.9037
118.706,6.3407,5.3808,1.4294,-6.701,12.9544,-2.9036
118.757,6.3436,5.4016,1.4294,-6.7302,12.9473,-2.9035
118.807,6.3466,5.4224,1.4294,-6.7491,12.9427,-2.9035
118.857,6.3494,5.443,1.4294,-6.7623,12.9395,-2.9034
118.908,6.3515,5.4611,1.4387,-6.7899,12.9328,-2.8938
118.959,6.3523,5.4675,1.4604,-6.79,12.9325,-2.8672
119.009,6.3533,5.4767,1.4949,-6.7975,12.9302,-2.8342
119.059,6.3537,5.4826,1.5184,-6.803,12.9284,-2.8122
119.109,6.354,5.4885,1.5424,-6.8077,12.9267,-2.7933
119.161,6.3541,5.4942,1.5669,-6.8166,12.9234,-2.7564
119.212,6.354,5.4998,1.5918,-6.8228,12.9208,-2.7295
119.262,6.3537,5.5081,1.6295,-6.831,12.9171,-2.6934
119.312,6.3533,5.5137,1.6547,-6.8362,12.9146,-2.6699
119.363,6.3525,5.5219,1.6925,-6.8441,12.9103,-2.6338
119.413,6.3517,5.5274,1.7177,-6.8481,12.9081,-2.6158
119.464,6.3504,5.5356,1.7555,-6.8559,12.9035,-2.5796
119.514,6.3493,5.5411,1.7807,-6.8623,12.8994,-2.5489
119.565,6.3481,5.5465,1.8059,-6.8697,12.8942,-2.5128
119.615,6.346,5.5545,1.8437,-6.8744,12.8907,-2.4893
119.666,6.3444,5.5598,1.8689,-6.8815,12.8852,-2.4532
119.717,6.3419,5.5677,1.9067,-6.8849,12.8823,-2.4352
119.768,6.34,5.573,1.9319,-6.8917,12.8764,-2.3991
119.819,6.3379,5.5781,1.9571,-6.8982,12.8702,-2.363
119.869,6.3347,5.5858,1.9949,-6.9036,12.8648,-2.3323
119.92,6.3323,5.5908,2.0201,-6.9097,12.8582,-2.2962
119.971,6.3286,5.5982,2.0579,-6.9136,12.8538,-2.2727
120.022,6.3259,5.6031,2.0831,-6.9193,12.8468,-2.2366
120.073,6.3217,5.6103,2.1209,-6.922,12.8433,-2.2185
120.123,6.3188,5.615,2.1462,-6.9274,12.8361,-2.1824
120.173,6.3157,5.6196,2.1715,-6.9317,12.8298,-2.1515
120.226,6.3108,5.6265,2.2099,-6.9365,12.8222,-2.1147
120.277,6.3073,5.6312,2.236,-6.9411,12.8144,-2.0771
120.327,6.3018,5.6382,2.2759,-6.9439,12.8093,-2.0522
120.377,6.2978,5.643,2.3031,-6.9481,12.8009,-2.0132
120.427,6.2934,5.6478,2.3304,-6.9506,12.7954,-1.9898
120.477,6.2859,5.6555,2.3715,-6.9551,12.7851,-1.9485
120.528,6.2803,5.6609,2.3991,-6.958,12.7776,-1.9208
120.578,6.2709,5.6693,2.4404,-6.962,12.7661,-1.8813
120.628,6.264,5.6751,2.4681,-6.9646,12.7579,-1.8556
120.678,6.2565,5.6811,2.4956,-6.9684,12.7443,-1.8164
120.728,6.2444,5.6903,2.5365,-6.9702,12.737,-1.7968
120.779,6.2359,5.6965,2.5633,-6.9736,12.7212,-1.7567
120.83,6.222,5.7058,2.602,-6.9759,12.7084,-1.7273
120.88,6.2123,5.7121,2.6272,-6.9783,12.6913,-1.6912
120.931,6.202,5.7184,2.6524,-6.9797,12.6796,-1.6677
120.981,6.1855,5.7277,2.6902,-6.9805,12.6705,-1.6496
121.032,6.174,5.7338,2.7154,-6.9817,12.6515,-1.6135
121.082,6.1618,5.7396,2.7406,-6.9823,12.6346,-1.5828
121.132,6.1425,5.7481,2.7774,-6.9823,12.6137,-1.548
121.182,6.1289,5.7535,2.8001,-6.9818,12.5998,-1.5271
121.233,6.1148,5.7587,2.8208,-6.9813,12.5876,-1.5106
121.283,6.0926,5.7661,2.8493,-6.9787,12.5546,-1.4714
121.334,6.0773,5.7708,2.8669,-6.9775,12.543,-1.4592
121.384,6.0536,5.7776,2.8907,-6.9746,12.5191,-1.4364
121.435,6.0373,5.7818,2.9053,-6.9717,12.4985,-1.4189
121.485,6.0121,5.7879,2.9251,-6.9677,12.4736,-1.4002
121.535,5.9949,5.7917,2.9374,-6.9648,12.4573,-1.3887
121.586,5.9773,5.7953,2.9493,-6.9599,12.4318,-1.3717
121.636,5.9502,5.8003,2.9665,-6.957,12.4177,-1.3628
121.687,5.9319,5.8035,2.9771,-6.9511,12.3904,-1.3468
121.737,5.9133,5.8065,2.9868,-6.9465,12.3707,-1.3367
121.787,5.8851,5.8107,3.0,-6.94,12.3443,-1.3243
121.841,5.8661,5.8133,3.008,-6.9356,12.3271,-1.317
121.892,5.8372,5.8171,3.0184,-6.9286,12.3002,-1.3071
121.942,5.8178,5.8194,3.0247,-6.9249,12.2867,-1.3027
121.992,5.7982,5.8217,3.0304,-6.9173,12.2596,-1.2946
122.044,5.7686,5.8248,3.0382,-6.9107,12.2365,-1.2882
122.095,5.7488,5.8269,3.0429,-6.9027,12.2091,-1.2816
122.145,5.7189,5.8297,3.0487,-6.8973,12.1913,-1.2781
122.195,5.6989,5.8316,3.0519,-6.889,12.1637,-1.2733
122.246,5.6788,5.8333,3.0549,-6.8847,12.1499,-1.2712
122.296,5.6486,5.8359,3.059,-6.8761,12.1222,-1.2672
122.347,5.6284,5.8375,3.0616,-6.8687,12.0987,-1.264
122.397,5.598,5.8399,3.065,-6.8599,12.0709,-1.2607
122.447,5.5777,5.8415,3.0669,-6.8554,12.057,-1.2592
122.498,5.5572,5.843,3.0687,-6.845,12.025,-1.2563
122.548,5.5265,5.8452,3.071,-6.8396,12.0082,-1.2548
122.599,5.506,5.8466,3.0725,-6.8313,11.9831,-1.2528
122.649,5.4854,5.848,3.074,-6.8235,11.9594,-1.2509
122.7,5.4545,5.8501,3.0762,-6.8142,11.9314,-1.2487
122.75,5.4339,5.8514,3.0777,-6.8081,11.9132,-1.2473
122.8,5.4029,5.8534,3.0797,-6.7987,11.8852,-1.2453
122.85,5.3822,5.8547,3.0809,-6.7939,11.8712,-1.2444
122.901,5.3615,5.8559,3.082,-6.7839,11.8417,-1.2426
122.952,5.3304,5.8577,3.0835,-6.7763,11.8192,-1.2414
123.003,5.3096,5.8589,3.0845,-6.7666,11.7911,-1.2399
123.053,5.2784,5.8607,3.0857,-6.7603,11.7728,-1.2391
123.103,5.2576,5.8619,3.0864,-6.7506,11.7447,-1.238
123.153,5.2368,5.863,3.0871,-6.7458,11.7306,-1.2375
123.204,5.2056,5.8647,3.088,-6.736,11.7025,-1.2365
123.254,5.1847,5.8658,3.0884,-6.7277,11.6785,-1.2358
123.304,5.1639,5.8669,3.0889,-6.7178,11.6503,-1.2351
123.355,5.1326,5.8686,3.0895,-6.7115,11.632,-1.2346
123.406,5.1117,5.8696,3.0898,-6.7016,11.6038,-1.234
123.456,5.0909,5.8707,3.0901,-6.6966,11.5897,-1.2337
123.509,5.0595,5.8723,3.0906,-6.6868,11.5615,-1.2332
123.559,5.0386,5.8734,3.0909,-6.6783,11.5375,-1.2328
123.61,5.0177,5.8744,3.0911,-6.6719,11.5192,-1.2325
123.66,4.9864,5.876,3.0914,-6.6619,11.491,-1.2321
123.711,4.9654,5.8771,3.0916,-6.657,11.4769,-1.2318
123.761,4.9341,5.8786,3.0919,-6.6465,11.4473,-1.2314
123.811,4.9131,5.8797,3.0921,-6.6361,11.4176,-1.231
123.862,4.8922,5.8807,3.0922,-6.6286,11.3964,-1.2307
123.912,4.8608,5.8823,3.0925,-6.6221,11.3781,-1.2305
123.962,4.8399,5.8833,3.0927,-6.6121,11.3499,-1.2301
124.013,4.8189,5.8843,3.0928,-6.6071,11.3358,-1.2299
124.063,4.7875,5.8858,3.093,-6.5971,11.3075,-1.2296
124.113,4.7666,5.8869,3.0932,-6.5885,11.2835,-1.2294
124.163,4.7456,5.8879,3.0933,-6.5785,11.2553,-1.2291
124.213,4.7142,5.8894,3.0934,-6.572,11.2369,-1.229
124.264,4.6932,5.8904,3.0935,-6.5619,11.2087,-1.2287
124.314,4.6618,5.8919,3.0936,-6.5569,11.1946,-1.2286
124.364,4.6408,5.8929,3.0937,-6.5468,11.1663,-1.2284
124.416,4.6199,5.8939,3.0938,-6.5383,11.1423,-1.2282
124.466,4.5884,5.8954,3.0939,-6.5282,11.1141,-1.228
124.517,4.5675,5.8964,3.0939,-6.5216,11.0958,-1.2279
124.567,4.536,5.8979,3.094,-6.5116,11.0675,-1.2277
124.618,4.5151,5.8989,3.094,-6.506,11.052,-1.2276
124.668,4.4941,5.8999,3.094,-6.4954,11.0223,-1.2275
124.72,4.4626,5.9014,3.0941,-6.4878,11.0012,-1.2274
124.77,4.4417,5.9024,3.0941,-6.4777,10.9729,-1.2273
124.821,4.4102,5.9039,3.0942,-6.4712,10.9546,-1.2272
124.871,4.3893,5.9049,3.0942,-6.4611,10.9263,-1.227
124.922,4.3683,5.9059,3.0942,-6.456,10.9122,-1.2269
124.972,4.3368,5.9074,3.0942,-6.4459,10.884,-1.2268
125.022,4.3159,5.9084,3.0943,-6.4373,10.86,-1.2266
125.073,4.2949,5.9094,3.0943,-6.4272,10.8318,-1.2265
125.124,4.2634,5.9109,3.0943,-6.4206,10.8134,-1.2264
125.174,4.2425,5.9119,3.0943,-6.4105,10.7852,-1.2263
125.224,4.2215,5.9128,3.0944,-6.4054,10.7711,-1.2262
125.275,4.19,5.9143,3.0944,-6.3953,10.7428,-1.2261
125.326,4.169,5.9153,3.0944,-6.3867,10.7188,-1.226
125.376,4.1481,5.9163,3.0944,-6.3765,10.6906,-1.2258
125.427,4.1166,5.9178,3.0944,-6.3699,10.6722,-1.2258
125.477,4.0956,5.9188,3.0944,-6.3598,10.644,-1.2257
125.528,4.0642,5.9203,3.0944,-6.3537,10.6271,-1.2256
125.579,4.0432,5.9213,3.0944,-6.343,10.5974,-1.2255
125.63,4.0222,5.9223,3.0945,-6.3359,10.5777,-1.2254
125.68,3.9908,5.9237,3.0945,-6.3293,10.5593,-1.2253
125.73,3.9698,5.9247,3.0945,-6.3192,10.5311,-1.2252
125.781,3.9488,5.9257,3.0945,-6.3141,10.517,-1.2251
125.831,3.9174,5.9272,3.0945,-6.3039,10.4888,-1.225
125.881,3.8964,5.9282,3.0945,-6.2953,10.4648,-1.2249
125.931,3.8754,5.9292,3.0945,-6.2851,10.4366,-1.2248
125.982,3.8439,5.9307,3.0945,-6.2785,10.4182,-1.2247
126.032,3.823,5.9317,3.0945,-6.2683,10.39,-1.2245
126.083,3.7915,5.9331,3.0945,-6.2581,10.3618,-1.2244
126.134,3.7705,5.9341,3.0945,-6.253,10.3477,-1.2243
126.184,3.7495,5.9351,3.0945,-6.2428,10.3195,-1.2242
126.234,3.7181,5.9366,3.0945,-6.2342,10.2955,-1.2241
126.284,3.6971,5.9376,3.0945,-6.2275,10.2771,-1.224
126.335,3.6761,5.9386,3.0945,-6.2173,10.2489,-1.2239
126.385,3.6447,5.9401,3.0945,-6.2112,10.232,-1.2239
126.437,3.6237,5.941,3.0945,-6.202,10.2066,-1.2238
126.487,3.5922,5.9425,3.0945,-6.1934,10.1826,-1.2237
126.538,3.5712,5.9435,3.0945,-6.1832,10.1544,-1.2237
126.588,3.5503,5.9445,3.0945,-6.1765,10.1361,-1.2236
126.638,3.5188,5.946,3.0945,-6.1663,10.1079,-1.2235
126.688,3.4978,5.947,3.0945,-6.1612,10.0938,-1.2234
126.739,3.4664,5.9484,3.0945,-6.1505,10.0642,-1.2233
126.789,3.4454,5.9494,3.0945,-6.1398,10.0345,-1.2232
126.839,3.4244,5.9504,3.0945,-6.1321,10.0134,-1.2231
126.889,3.3929,5.9519,3.0945,-6.1219,9.9852,-1.223
126.94,3.372,5.9529,3.0945,-6.1152,9.9668,-1.2229
126.99,3.3405,5.9544,3.0945,-6.105,9.9386,-1.2228
127.04,3.3195,5.9554,3.0945,-6.0999,9.9245,-1.2227
127.09,3.2986,5.9563,3.0945,-6.0897,9.8963,-1.2226
127.141,3.2671,5.9578,3.0945,-6.081,9.8724,-1.2225
127.191,3.2461,5.9588,3.0945,-6.0743,9.854,-1.2224
127.241,3.2251,5.9598,3.0945,-6.0641,9.8258,-1.2223
127.291,3.1937,5.9613,3.0945,-6.0589,9.8117,-1.2223
127.342,3.1727,5.9623,3.0945,-6.0487,9.7836,-1.2221
127.392,3.1517,5.9633,3.0945,-6.04,9.7596,-1.222
127.442,3.1203,5.9647,3.0945,-6.0297,9.7314,-1.2219
127.493,3.0993,5.9657,3.0945,-6.0231,9.7131,-1.2218
127.543,3.0678,5.9672,3.0945,-6.0128,9.6849,-1.2217
127.594,3.0468,5.9682,3.0945,-6.0025,9.6567,-1.2216
127.644,3.0154,5.9697,3.0945,-5.9964,9.6398,-1.2215
127.694,2.9944,5.9707,3.0945,-5.9856,9.6102,-1.2213
127.744,2.9734,5.9717,3.0945,-5.9784,9.5905,-1.2213
127.795,2.9524,5.9726,3.0945,-5.9717,9.5721,-1.2212
127.845,2.921,5.9741,3.0946,-5.9614,9.5439,-1.2211
127.899,2.9,5.9751,3.0946,-5.9563,9.5299,-1.221
127.949,2.8685,5.9766,3.0946,-5.946,9.5017,-1.2209
128.0,2.8476,5.9776,3.0946,-5.9352,9.4721,-1.2208
128.05,2.8161,5.9791,3.0946,-5.927,9.4495,-1.2207
128.1,2.7951,5.9801,3.0946,-5.9203,9.4312,-1.2207
128.151,2.7741,5.981,3.0946,-5.91,9.403,-1.2206
128.201,2.7427,5.9825,3.0946,-5.8997,9.3749,-1.2205
128.252,2.7217,5.9835,3.0946,-5.8946,9.3608,-1.2204
128.302,2.6902,5.985,3.0946,-5.8843,9.3326,-1.2203
128.352,2.6693,5.986,3.0946,-5.8755,9.3086,-1.2202
128.403,2.6483,5.987,3.0946,-5.8652,9.2805,-1.2201
128.453,2.6168,5.9884,3.0946,-5.8585,9.2622,-1.22
128.503,2.5958,5.9894,3.0946,-5.8497,9.2382,-1.2199
128.554,2.5749,5.9904,3.0946,-5.8415,9.2157,-1.2198
128.604,2.5434,5.9919,3.0946,-5.8327,9.1917,-1.2197
128.654,2.5224,5.9929,3.0946,-5.824,9.1678,-1.2196
128.704,2.4909,5.9944,3.0946,-5.8136,9.1396,-1.2195
128.755,2.47,5.9954,3.0946,-5.8069,9.1213,-1.2194
128.805,2.449,5.9963,3.0946,-5.7966,9.0931,-1.2193
128.855,2.4175,5.9978,3.0946,-5.7909,9.0776,-1.2193
128.906,2.3966,5.9988,3.0946,-5.7801,9.0481,-1.2192
128.956,2.3651,6.0003,3.0946,-5.7723,9.027,-1.2191
129.007,2.3441,6.0013,3.0946,-5.762,8.9988,-1.219
129.057,2.3231,6.0023,3.0946,-5.7553,8.9805,-1.2189
129.107,2.2917,6.0038,3.0946,-5.7449,8.9523,-1.2188
129.158,2.2707,6.0047,3.0946,-5.7398,8.9382,-1.2188
129.208,2.2392,6.0062,3.0946,-5.7294,8.9101,-1.2187
129.258,2.2183,6.0072,3.0946,-5.7206,8.8861,-1.2186
129.309,2.1973,6.0082,3.0946,-5.7103,8.858,-1.2185
129.359,2.1658,6.0097,3.0946,-5.7035,8.8397,-1.2184
129.409,2.1448,6.0107,3.0946,-5.6932,8.8115,-1.2183
129.459,2.1134,6.0121,3.0946,-5.6828,8.7834,-1.2182
129.51,2.0924,6.0131,3.0946,-5.6776,8.7693,-1.2181
129.56,2.0714,6.0141,3.0946,-5.6688,8.7454,-1.218
129.611,2.0399,6.0156,3.0946,-5.6585,8.7172,-1.2179
129.661,2.019,6.0166,3.0946,-5.6481,8.6891,-1.2178
129.711,1.9875,6.0181,3.0946,-5.6413,8.6708,-1.2177
129.761,1.9665,6.0191,3.0946,-5.631,8.6426,-1.2176
129.812,1.9456,6.02,3.0946,-5.6242,8.6243,-1.2175
129.862,1.9141,6.0215,3.0946,-5.6154,8.6004,-1.2174
129.912,1.8931,6.0225,3.0946,-5.6066,8.5765,-1.2173
129.962,1.8616,6.024,3.0946,-5.5962,8.5483,-1.2172
130.012,1.8407,6.025,3.0946,-5.5894,8.53,-1.2171
130.063,1.8197,6.026,3.0946,-5.579,8.5019,-1.217
130.113,1.7882,6.0274,3.0946,-5.5733,8.4864,-1.2169
130.163,1.7673,6.0284,3.0946,-5.5624,8.4569,-1.2168
130.213,1.7358,6.0299,3.0946,-5.5546,8.4358,-1.2167
130.264,1.7148,6.0309,3.0946,-5.5442,8.4076,-1.2166
130.314,1.6938,6.0319,3.0946,-5.5374,8.3893,-1.2165
130.365,1.6624,6.0334,3.0946,-5.527,8.3612,-1.2164
130.416,1.6414,6.0344,3.0946,-5.5218,8.3471,-1.2164
130.466,1.6099,6.0358,3.0946,-5.5114,8.319,-1.2163
130.519,1.5889,6.0368,3.0946,-5.5026,8.2951,-1.2162
130.569,1.568,6.0378,3.0946,-5.4921,8.2669,-1.2161
130.619,1.5365,6.0393,3.0946,-5.4854,8.2487,-1.2161
130.67,1.5155,6.0403,3.0946,-5.475,8.2205,-1.216
130.72,1.4841,6.0418,3.0946,-5.4645,8.1924,-1.2159
130.77,1.4631,6.0428,3.0946,-5.4593,8.1783,-1.2158
130.821,1.4421,6.0437,3.0946,-5.4468,8.1446,-1.2157
130.871,1.4106,6.0452,3.0946,-5.44,8.1263,-1.2156
130.921,1.3897,6.0462,3.0946,-5.4296,8.0982,-1.2155
130.971,1.3582,6.0477,3.0946,-5.4228,8.0799,-1.2154
131.022,1.3372,6.0487,3.0946,-5.4124,8.0518,-1.2153
131.072,1.3162,6.0497,3.0946,-5.4056,8.0335,-1.2153
131.122,1.2848,6.0511,3.0946,-5.3967,8.0096,-1.2152
131.172,1.2638,6.0521,3.0946,-5.3878,7.9857,-1.2151
131.223,1.2323,6.0536,3.0946,-5.381,7.9674,-1.215
131.273,1.2114,6.0546,3.0946,-5.3706,7.9393,-1.2149
131.323,1.1904,6.0556,3.0946,-5.3601,7.9112,-1.2148
131.374,1.1589,6.0571,3.0946,-5.3544,7.8957,-1.2147
131.424,1.1379,6.0581,3.0946,-5.3434,7.8662,-1.2146
131.474,1.117,6.059,3.0946,-5.3355,7.8451,-1.2145
131.525,1.0855,6.0605,3.0946,-5.3287,7.8268,-1.2145
131.575,1.0645,6.0615,3.0946,-5.3183,7.7987,-1.2144
131.625,1.0436,6.0625,3.0946,-5.313,7.7846,-1.2143
131.675,1.0121,6.064,3.0946,-5.3026,7.7565,-1.2142
131.725,0.9911,6.065,3.0946,-5.2937,7.7326,-1.2141
131.776,0.9596,6.0665,3.0946,-5.2832,7.7045,-1.214
131.826,0.9387,6.0674,3.0946,-5.2764,7.6862,-1.2139
131.876,0.9177,6.0684,3.0946,-5.2659,7.6581,-1.2138
131.927,0.8862,6.0699,3.0946,-5.2554,7.63,-1.2137
131.978,0.8652,6.0709,3.0946,-5.2502,7.616,-1.2136
132.028,0.8338,6.0724,3.0946,-5.2413,7.5921,-1.2135
132.078,0.8128,6.0734,3.0946,-5.2308,7.564,-1.2134
132.128,0.7918,6.0744,3.0946,-5.2239,7.5457,-1.2133
132.179,0.7604,6.0758,3.0946,-5.2134,7.5176,-1.2132
132.229,0.7394,6.0768,3.0946,-5.2077,7.5021,-1.2131
132.279,0.7184,6.0778,3.0946,-5.1966,7.4726,-1.213
132.33,0.6869,6.0793,3.0946,-5.1888,7.4516,-1.2129
132.386,0.666,6.0803,3.0946,-5.1798,7.4277,-1.2128
132.436,0.6345,6.0818,3.0946,-5.1677,7.3954,-1.2127
132.487,0.6135,6.0827,3.0946,-5.1609,7.3771,-1.2126
132.537,0.5821,6.0842,3.0946,-5.1504,7.349,-1.2125
132.587,0.5611,6.0852,3.0946,-5.1451,7.335,-1.2124
132.637,0.5401,6.0862,3.0946,-5.1341,7.3055,-1.2123
132.688,0.5191,6.0872,3.0946,-5.1256,7.283,-1.2122
132.738,0.4877,6.0887,3.0946,-5.1188,7.2647,-1.2121
132.789,0.4667,6.0897,3.0946,-5.1083,7.2366,-1.212
132.841,0.4352,6.0911,3.0946,-5.103,7.2226,-1.2119
132.891,0.4142,6.0921,3.0946,-5.0925,7.1945,-1.2118
132.942,0.3933,6.0931,3.0946,-5.0835,7.1706,-1.2117
132.992,0.3723,6.0941,3.0946,-5.073,7.1425,-1.2116
133.045,0.3408,6.0956,3.0946,-5.0661,7.1243,-1.2115
133.099,0.3199,6.0966,3.0946,-5.0555,7.0962,-1.2114
133.149,0.2884,6.0981,3.0946,-5.0492,7.0794,-1.2114
133.2,0.2674,6.099,3.0946,-5.0376,7.0485,-1.2112
133.25,0.2359,6.1005,3.0946,-5.0292,7.026,-1.211
133.3,0.215,6.1015,3.0946,-5.0202,7.0021,-1.211
133.35,0.194,6.1025,3.0946,-5.0133,6.9839,-1.2109
133.4,0.1625,6.104,3.0946,-5.0027,6.9558,-1.2108
133.451,0.1416,6.105,3.0946,-4.9975,6.9418,-1.2107
133.501,0.1206,6.106,3.0946,-4.9864,6.9123,-1.2106
133.551,0.0891,6.1074,3.0946,-4.9779,6.8898,-1.2106
133.602,0.0681,6.1084,3.0946,-4.9673,6.8618,-1.2104
133.652,0.0367,6.1099,3.0946,-4.9605,6.8435,-1.2103
133.702,0.0157,6.1109,3.0946,-4.9499,6.8154,-1.2102
133.752,-0.0053,6.1119,3.0946,-4.9446,6.8014,-1.2102
133.803,-0.0368,6.1134,3.0946,-4.934,6.7733,-1.21
133.853,-0.0577,6.1143,3.0946,-4.925,6.7495,-1.2099
133.904,-0.0892,6.1158,3.0946,-4.9144,6.7214,-1.2098
133.954,-0.1102,6.1168,3.0946,-4.9075,6.7032,-1.2097
134.005,-0.1311,6.1178,3.0946,-4.8969,6.6751,-1.2096
134.055,-0.1626,6.1193,3.0946,-4.89,6.6569,-1.2095
134.105,-0.1836,6.1203,3.0946,-4.881,6.633,-1.2094
134.156,-0.2046,6.1213,3.0946,-4.872,6.6092,-1.2093
134.206,-0.236,6.1227,3.0946,-4.8614,6.5811,-1.2092
134.257,-0.257,6.1237,3.0946,-4.8508,6.553,-1.2091
134.307,-0.2885,6.1252,3.0946,-4.8439,6.5348,-1.209
134.357,-0.3094,6.1262,3.0946,-4.838,6.5194,-1.209
134.408,-0.3304,6.1272,3.0946,-4.8269,6.4899,-1.2089
134.458,-0.3514,6.1282,3.0946,-4.8189,6.4689,-1.2088
134.508,-0.3829,6.1297,3.0946,-4.8083,6.4408,-1.2087
134.558,-0.4038,6.1306,3.0946,-4.8014,6.4226,-1.2086
134.609,-0.4353,6.1321,3.0946,-4.7907,6.3945,-1.2085
134.66,-0.4563,6.1331,3.0946,-4.7854,6.3805,-1.2085
134.71,-0.4773,6.1341,3.0946,-4.7748,6.3524,-1.2083
134.76,-0.5087,6.1356,3.0946,-4.7673,6.3328,-1.2083
134.811,-0.5297,6.1366,3.0946,-4.7551,6.3005,-1.2081
134.861,-0.5612,6.138,3.0946,-4.7482,6.2823,-1.2081
134.912,-0.5821,6.139,3.0946,-4.7375,6.2543,-1.208
134.962,-0.6031,6.14,3.0946,-4.7322,6.2402,-1.2079
135.013,-0.6346,6.1415,3.0946,-4.7216,6.2122,-1.2078
135.063,-0.6556,6.1425,3.0946,-4.7125,6.1884,-1.2077
135.114,-0.687,6.144,3.0946,-4.7018,6.1603,-1.2076
135.164,-0.708,6.145,3.0946,-4.6949,6.1421,-1.2075
135.214,-0.729,6.1459,3.0946,-4.6843,6.114,-1.2074
135.264,-0.7605,6.1474,3.0946,-4.6779,6.0972,-1.2073
135.315,-0.7814,6.1484,3.0946,-4.6667,6.0678,-1.2072
135.365,-0.8129,6.1499,3.0946,-4.6592,6.0482,-1.2071
135.415,-0.8339,6.1509,3.0946,-4.6485,6.0201,-1.207
135.466,-0.8548,6.1519,3.0946,-4.6378,5.9921,-1.2069
135.517,-0.8863,6.1534,3.0946,-4.6309,5.9739,-1.2068
135.567,-0.9073,6.1543,3.0946,-4.6256,5.9598,-1.2068
135.617,-0.9283,6.1553,3.0946,-4.6143,5.9304,-1.2067
135.667,-0.9597,6.1568,3.0946,-4.6058,5.908,-1.2066
135.718,-0.9807,6.1578,3.0946,-4.5951,5.8799,-1.2064
135.768,-1.0122,6.1593,3.0946,-4.5882,5.8617,-1.2063
135.818,-1.0331,6.1603,3.0946,-4.5775,5.8337,-1.2062
135.869,-1.0541,6.1613,3.0946,-4.5721,5.8197,-1.2062
135.919,-1.0856,6.1627,3.0946,-4.5614,5.7917,-1.2061
135.969,-1.1066,6.1637,3.0946,-4.5507,5.7636,-1.206
136.02,-1.138,6.1652,3.0946,-4.5416,5.7398,-1.2059
136.07,-1.159,6.1662,3.0946,-4.5347,5.7216,-1.2058
136.12,-1.18,6.1672,3.0946,-4.5239,5.6936,-1.2057
136.171,-1.2115,6.1687,3.0946,-4.5132,5.6656,-1.2056
136.222,-1.2324,6.1696,3.0946,-4.5079,5.6515,-1.2055
136.272,-1.2534,6.1706,3.0946,-4.4988,5.6277,-1.2054
136.322,-1.2849,6.1721,3.0946,-4.488,5.5997,-1.2053
136.372,-1.3058,6.1731,3.0946,-4.4811,5.5815,-1.2052
136.422,-1.3268,6.1741,3.0946,-4.4757,5.5675,-1.2051
136.473,-1.3583,6.1756,3.0946,-4.4644,5.5381,-1.205
136.523,-1.3793,6.1766,3.0946,-4.4532,5.5087,-1.2049
136.573,-1.4002,6.1775,3.0946,-4.4451,5.4876,-1.2048
136.624,-1.4317,6.179,3.0946,-4.4344,5.4596,-1.2047
136.675,-1.4527,6.18,3.0946,-4.4274,5.4414,-1.2046
136.725,-1.4841,6.1815,3.0946,-4.422,5.4274,-1.2046
136.775,-1.5051,6.1825,3.0946,-4.4113,5.3994,-1.2045
136.826,-1.5261,6.1835,3.0946,-4.4005,5.3714,-1.2044
136.876,-1.5576,6.185,3.0946,-4.3914,5.3476,-1.2043
136.926,-1.5785,6.1859,3.0946,-4.3807,5.3196,-1.2042
136.976,-1.5995,6.1869,3.0946,-4.3737,5.3014,-1.2041
137.027,-1.631,6.1884,3.0946,-4.3629,5.2734,-1.204
137.077,-1.652,6.1894,3.0946,-4.3575,5.2594,-1.2039
137.127,-1.6729,6.1904,3.0946,-4.3484,5.2356,-1.2038
137.178,-1.7044,6.1919,3.0946,-4.3376,5.2076,-1.2036
137.228,-1.7254,6.1929,3.0946,-4.3268,5.1796,-1.2035
137.278,-1.7568,6.1943,3.0946,-4.3198,5.1614,-1.2035
137.329,-1.7778,6.1953,3.0946,-4.3091,5.1334,-1.2033
137.379,-1.8093,6.1968,3.0946,-4.3026,5.1166,-1.2033
137.429,-1.8303,6.1978,3.0946,-4.2913,5.0872,-1.2031
137.479,-1.8512,6.1988,3.0946,-4.2837,5.0676,-1.203
137.529,-1.8827,6.2003,3.0946,-4.2729,5.0396,-1.2029
137.58,-1.9037,6.2012,3.0946,-4.2659,5.0214,-1.2028
137.63,-1.9351,6.2027,3.0946,-4.2551,4.9934,-1.2027
137.68,-1.9561,6.2037,3.0946,-4.2497,4.9794,-1.2027
137.732,-1.9771,6.2047,3.0946,-4.2406,4.9556,-1.2026
137.782,-2.0086,6.2062,3.0946,-4.2298,4.9276,-1.2024
137.833,-2.0295,6.2072,3.0946,-4.219,4.8996,-1.2023
137.883,-2.0505,6.2082,3.0946,-4.2119,4.8814,-1.2022
137.935,-2.0715,6.2091,3.0946,-4.2065,4.8675,-1.2022
137.986,-2.103,6.2106,3.0946,-4.1957,4.8395,-1.2021
138.036,-2.1239,6.2116,3.0946,-4.1865,4.8157,-1.202
138.086,-2.1449,6.2126,3.0946,-4.1795,4.7975,-1.2019
138.136,-2.1659,6.2136,3.0946,-4.1687,4.7695,-1.2018
138.186,-2.1974,6.2151,3.0946,-4.1627,4.7541,-1.2017
138.237,-2.2183,6.2161,3.0946,-4.1514,4.7247,-1.2016
138.288,-2.2393,6.217,3.0946,-4.1432,4.7038,-1.2015
138.338,-2.2708,6.2185,3.0946,-4.1362,4.6856,-1.2014
138.389,-2.2918,6.2195,3.0946,-4.1254,4.6576,-1.2013
138.439,-2.3127,6.2205,3.0946,-4.1199,4.6436,-1.2012
138.489,-2.3442,6.222,3.0946,-4.1091,4.6156,-1.2011
138.539,-2.3652,6.223,3.0946,-4.0999,4.5919,-1.201
138.59,-2.3861,6.224,3.0946,-4.089,4.5639,-1.2008
138.641,-2.4176,6.2254,3.0946,-4.082,4.5457,-1.2008
138.691,-2.4386,6.2264,3.0946,-4.0711,4.5177,-1.2007
138.741,-2.4596,6.2274,3.0946,-4.0641,4.4996,-1.2006
138.791,-2.491,6.2289,3.0946,-4.0549,4.4758,-1.2005
138.842,-2.512,6.2299,3.0946,-4.0456,4.452,-1.2004
138.892,-2.533,6.2309,3.0946,-4.0402,4.438,-1.2003
138.943,-2.554,6.2319,3.0946,-4.0331,4.4199,-1.2002
138.993,-2.5854,6.2333,3.0946,-4.0223,4.3919,-1.2001
139.044,-2.6064,6.2343,3.0946,-4.0109,4.3625,-1.2
139.094,-2.6379,6.2358,3.0946,-4.0022,4.3402,-1.2
139.144,-2.6588,6.2368,3.0946,-3.9951,4.322,-1.1999
139.194,-2.6798,6.2378,3.0946,-3.9842,4.294,-1.1998
139.245,-2.7008,6.2388,3.0946,-3.9788,4.2801,-1.1997
139.295,-2.7323,6.2403,3.0946,-3.9679,4.2521,-1.1996
139.345,-2.7532,6.2412,3.0946,-3.9587,4.2283,-1.1995
139.397,-2.7847,6.2427,3.0946,-3.9478,4.2004,-1.1993
139.447,-2.8057,6.2437,3.0946,-3.9407,4.1822,-1.1993
139.497,-2.8267,6.2447,3.0946,-3.9298,4.1543,-1.1991
139.548,-2.8581,6.2462,3.0946,-3.9233,4.1375,-1.199
139.598,-2.8791,6.2472,3.0946,-3.9118,4.1081,-1.1989
139.648,-2.9001,6.2482,3.0946,-3.9042,4.0886,-1.1988
139.698,-2.9315,6.2496,3.0946,-3.8933,4.0606,-1.1987
139.749,-2.9525,6.2506,3.0946,-3.8862,4.0425,-1.1987
139.8,-2.984,6.2521,3.0946,-3.8753,4.0145,-1.1985
139.85,-3.005,6.2531,3.0946,-3.8698,4.0005,-1.1985
139.9,-3.0259,6.2541,3.0946,-3.8584,3.9712,-1.1983
139.951,-3.0574,6.2556,3.0946,-3.8496,3.9489,-1.1982
140.001,-3.0784,6.2565,3.0946,-3.8387,3.9209,-1.1981
140.051,-3.1098,6.258,3.0946,-3.8316,3.9027,-1.198
140.102,-3.1308,6.259,3.0946,-3.8207,3.8748,-1.1979
140.152,-3.1518,6.26,3.0946,-3.8152,3.8608,-1.1978
140.202,-3.1833,6.2615,3.0946,-3.8043,3.8329,-1.1977
140.252,-3.2042,6.2625,3.0946,-3.7933,3.805,-1.1976
140.302,-3.2357,6.264,3.0946,-3.7841,3.7812,-1.1976
140.353,-3.2567,6.2649,3.0946,-3.7769,3.7631,-1.1974
140.403,-3.2777,6.2659,3.0946,-3.766,3.7351,-1.1973
140.456,-3.3091,6.2674,3.0946,-3.7589,3.717,-1.1973
140.508,-3.3301,6.2684,3.0946,-3.7496,3.6932,-1.1971
140.558,-3.3616,6.2699,3.0946,-3.7403,3.6695,-1.197
140.608,-3.3825,6.2709,3.0946,-3.7293,3.6416,-1.1969
140.66,-3.4035,6.2719,3.0946,-3.7184,3.6136,-1.1968
140.714,-3.435,6.2733,3.0946,-3.7129,3.5997,-1.1967
140.765,-3.456,6.2743,3.0946,-3.7003,3.5676,-1.1966
140.815,-3.4874,6.2758,3.0946,-3.6937,3.5508,-1.1965
140.866,-3.5084,6.2768,3.0946,-3.6822,3.5215,-1.1964
140.916,-3.5399,6.2783,3.0946,-3.6745,3.5019,-1.1963
140.967,-3.5608,6.2793,3.0946,-3.6635,3.474,-1.1962
141.017,-3.5818,6.2802,3.0946,-3.6564,3.4559,-1.1961
141.067,-3.6133,6.2817,3.0946,-3.6454,3.428,-1.196
141.117,-3.6343,6.2827,3.0946,-3.6399,3.414,-1.196
141.168,-3.6552,6.2837,3.0946,-3.6284,3.3847,-1.1958
141.219,-3.6867,6.2852,3.0946,-3.6196,3.3624,-1.1957
141.269,-3.7077,6.2862,3.0946,-3.6124,3.3442,-1.1957
141.32,-3.7287,6.2872,3.0946,-3.6014,3.3163,-1.1955
141.373,-3.7601,6.2886,3.0946,-3.5904,3.2884,-1.1954
141.424,-3.7811,6.2896,3.0946,-3.5849,3.2744,-1.1953
141.474,-3.8021,6.2906,3.0946,-3.5739,3.2465,-1.1952
141.524,-3.8335,6.2921,3.0946,-3.5646,3.2228,-1.1951
141.575,-3.8545,6.2931,3.0946,-3.5574,3.2047,-1.1951
141.625,-3.886,6.2946,3.0946,-3.5464,3.1768,-1.195
141.675,-3.907,6.2956,3.0946,-3.5398,3.16,-1.1949
141.725,-3.9279,6.2965,3.0946,-3.5283,3.1307,-1.1948
141.776,-3.9594,6.298,3.0946,-3.5205,3.1112,-1.1947
141.827,-3.9804,6.299,3.0946,-3.5095,3.0833,-1.1946
141.877,-4.0014,6.3,3.0946,-3.5024,3.0651,-1.1945
141.927,-4.0328,6.3015,3.0946,-3.4913,3.0372,-1.1944
141.978,-4.0538,6.3025,3.0946,-3.4858,3.0233,-1.1943
142.028,-4.0748,6.3035,3.0946,-3.4742,2.994,-1.1942
142.079,-4.1062,6.3049,3.0946,-3.4654,2.9717,-1.1942
142.129,-4.1272,6.3059,3.0946,-3.4544,2.9438,-1.194
142.179,-4.1587,6.3074,3.0946,-3.4472,2.9256,-1.194
142.229,-4.1797,6.3084,3.0946,-3.4362,2.8978,-1.1938
142.28,-4.2006,6.3094,3.0946,-3.4306,2.8838,-1.1937
142.33,-4.2321,6.3109,3.0946,-3.4196,2.8559,-1.1936
142.381,-4.2531,6.3118,3.0946,-3.4102,2.8322,-1.1935
142.431,-4.2845,6.3133,3.0946,-3.3991,2.8043,-1.1934
142.481,-4.3055,6.3143,3.0946,-3.392,2.7862,-1.1933
142.532,-4.3265,6.3153,3.0946,-3.3809,2.7583,-1.1932
142.582,-4.358,6.3168,3.0946,-3.3737,2.7402,-1.1931
142.632,-4.3789,6.3178,3.0946,-3.3643,2.7165,-1.193
142.686,-4.4104,6.3193,3.0946,-3.3549,2.6928,-1.1929
142.736,-4.4314,6.3202,3.0946,-3.3438,2.6649,-1.1928
142.787,-4.4524,6.3212,3.0946,-3.3366,2.6468,-1.1927
142.837,-4.4838,6.3227,3.0946,-3.3255,2.6189,-1.1926
142.887,-4.5048,6.3237,3.0946,-3.3195,2.6036,-1.1926
142.937,-4.5258,6.3247,3.0946,-3.3078,2.5743,-1.1925
142.988,-4.5572,6.3262,3.0946,-3.2956,2.5436,-1.1924
143.041,-4.5782,6.3272,3.0946,-3.2884,2.5255,-1.1923
143.092,-4.6097,6.3286,3.0946,-3.2773,2.4976,-1.1922
143.142,-4.6307,6.3296,3.0946,-3.2701,2.4795,-1.1921
143.192,-4.6621,6.3311,3.0946,-3.259,2.4516,-1.192
143.243,-4.6831,6.3321,3.0946,-3.2535,2.4377,-1.1919
143.294,-4.7041,6.3331,3.0946,-3.2418,2.4084,-1.1918
143.344,-4.7355,6.3346,3.0946,-3.233,2.3861,-1.1917
143.394,-4.7565,6.3355,3.0946,-3.2219,2.3583,-1.1916
143.445,-4.788,6.337,3.0946,-3.2146,2.3401,-1.1915
143.495,-4.809,6.338,3.0946,-3.2035,2.3123,-1.1914
143.546,-4.8299,6.339,3.0946,-3.198,2.2983,-1.1914
143.596,-4.8614,6.3405,3.0946,-3.1869,2.2705,-1.1912
143.646,-4.8824,6.3415,3.0946,-3.1774,2.2468,-1.1911
143.696,-4.9034,6.3425,3.0946,-3.1663,2.2189,-1.1911
143.746,-4.9348,6.3439,3.0946,-3.1591,2.2008,-1.191
143.797,-4.9558,6.3449,3.0946,-3.1479,2.173,-1.1909
143.847,-4.9873,6.3464,3.0946,-3.1407,2.1548,-1.1908
143.897,-5.0082,6.3474,3.0946,-3.1312,2.1312,-1.1907
143.947,-5.0292,6.3484,3.0946,-3.1218,2.1075,-1.1907
143.998,-5.0607,6.3499,3.0946,-3.1107,2.0796,-1.1906
144.049,-5.0817,6.3509,3.0946,-3.1051,2.0657,-1.1905
144.099,-5.1131,6.3523,3.0946,-3.0923,2.0337,-1.1904
144.149,-5.1341,6.3533,3.0946,-3.0862,2.0183,-1.1903
144.2,-5.1551,6.3543,3.0946,-3.0745,1.9891,-1.1902
144.25,-5.1865,6.3558,3.0946,-3.0661,1.9682,-1.1902
144.3,-5.2075,6.3568,3.0946,-3.0549,1.9404,-1.1901
144.35,-5.2285,6.3578,3.0946,-3.0477,1.9223,-1.19
144.4,-5.26,6.3592,3.0946,-3.0366,1.8944,-1.1899
144.454,-5.2809,6.3602,3.0946,-3.031,1.8805,-1.1899
144.504,-5.3124,6.3617,3.0946,-3.0198,1.8526,-1.1897
144.555,-5.3334,6.3627,3.0946,-3.0103,1.829,-1.1896
144.605,-5.3544,6.3637,3.0946,-2.9992,1.8011,-1.1895
144.655,-5.3858,6.3652,3.0946,-2.9919,1.783,-1.1895
144.706,-5.4068,6.3662,3.0946,-2.9807,1.7552,-1.1893
144.756,-5.4383,6.3676,3.0946,-2.9752,1.7412,-1.1893
144.806,-5.4592,6.3686,3.0946,-2.964,1.7134,-1.1892
144.857,-5.4802,6.3696,3.0946,-2.9545,1.6897,-1.1891
144.907,-5.5117,6.3711,3.0946,-2.9433,1.6619,-1.189
144.957,-5.5327,6.3721,3.0946,-2.9361,1.6438,-1.1889
145.008,-5.5536,6.3731,3.0946,-2.9249,1.616,-1.1888
145.058,-5.5851,6.3745,3.0946,-2.9137,1.5881,-1.1886
145.108,-5.6061,6.3755,3.0946,-2.9081,1.5742,-1.1886
145.158,-5.6271,6.3765,3.0946,-2.8986,1.5506,-1.1885
145.209,-5.6585,6.378,3.0946,-2.8874,1.5227,-1.1884
145.26,-5.6795,6.379,3.0946,-2.8801,1.5046,-1.1884
145.31,-5.711,6.3805,3.0946,-2.8689,1.4768,-1.1883
145.36,-5.7319,6.3815,3.0946,-2.8633,1.4629,-1.1882
145.411,-5.7529,6.3824,3.0946,-2.8515,1.4337,-1.1881
145.461,-5.7844,6.3839,3.0946,-2.8426,1.4114,-1.188
145.511,-5.8054,6.3849,3.0946,-2.8314,1.3836,-1.1879
145.562,-5.8263,6.3859,3.0946,-2.8241,1.3655,-1.1878
145.612,-5.8578,6.3874,3.0946,-2.8129,1.3377,-1.1877
145.665,-5.8788,6.3884,3.0946,-2.8073,1.3237,-1.1876
145.715,-5.9102,6.3899,3.0946,-2.7961,1.2959,-1.1875
145.765,-5.9312,6.3908,3.0946,-2.7865,1.2723,-1.1874
145.816,-5.9522,6.3918,3.0946,-2.7792,1.2542,-1.1873
145.866,-5.9732,6.3928,3.0946,-2.768,1.2264,-1.1872
145.916,-6.0046,6.3943,3.0946,-2.7613,1.2097,-1.1871
145.966,-6.0256,6.3953,3.0946,-2.7511,1.1846,-1.187
146.016,-6.0466,6.3963,3.0946,-2.7416,1.161,-1.187
146.067,-6.0781,6.3978,3.0946,-2.7304,1.1332,-1.1869
146.117,-6.099,6.3987,3.0946,-2.7231,1.1151,-1.1868
146.167,-6.1305,6.4002,3.0946,-2.7118,1.0873,-1.1866
146.219,-6.1515,6.4012,3.0946,-2.7062,1.0734,-1.1866
146.269,-6.1829,6.4027,3.0946,-2.6944,1.0442,-1.1864
146.319,-6.2039,6.4037,3.0946,-2.6854,1.0219,-1.1863
146.369,-6.2249,6.4047,3.0946,-2.6741,0.9941,-1.1862
146.42,-6.2564,6.4061,3.0946,-2.6668,0.976,-1.1861
146.47,-6.2773,6.4071,3.0946,-2.6556,0.9482,-1.186
146.521,-6.2983,6.4081,3.0946,-2.6499,0.9343,-1.1859
146.571,-6.3298,6.4096,3.0946,-2.6387,0.9065,-1.1858
146.622,-6.3508,6.4106,3.0946,-2.6274,0.8787,-1.1856
146.673,-6.3822,6.4121,3.0946,-2.6178,0.8551,-1.1855
146.724,-6.4032,6.4131,3.0946,-2.6105,0.837,-1.1854
146.774,-6.4242,6.414,3.0946,-2.5992,0.8092,-1.1853
146.827,-6.4556,6.4155,3.0946,-2.5936,0.7953,-1.1852
146.877,-6.4766,6.4165,3.0946,-2.5823,0.7675,-1.1851
146.928,-6.4976,6.4175,3.0946,-2.5727,0.7439,-1.185
146.978,-6.5291,6.419,3.0946,-2.5614,0.7161,-1.1849
147.028,-6.55,6.42,3.0946,-2.554,0.698,-1.1848
147.079,-6.571,6.421,3.0946,-2.5428,0.6702,-1.1847
147.129,-6.6025,6.4224,3.0946,-2.5365,0.655,-1.1847
147.179,-6.6235,6.4234,3.0946,-2.5247,0.6258,-1.1845
147.233,-6.6549,6.4249,3.0946,-2.5162,0.6049,-1.1844
147.283,-6.6759,6.4259,3.0946,-2.5049,0.5771,-1.1843
147.333,-6.6969,6.4269,3.0946,-2.4975,0.5591,-1.1842
147.384,-6.7179,6.4279,3.0946,-2.4919,0.5452,-1.1842
147.434,-6.7493,6.4294,3.0946,-2.4783,0.5119,-1.184
147.484,-6.7703,6.4303,3.0946,-2.4693,0.4896,-1.184
147.535,-6.8018,6.4318,3.0946,-2.4596,0.466,-1.1839
147.585,-6.8227,6.4328,3.0946,-2.4483,0.4382,-1.1838
147.635,-6.8542,6.4343,3.0946,-2.441,0.4202,-1.1837
147.685,-6.8752,6.4353,3.0946,-2.4296,0.3924,-1.1836
147.736,-6.8962,6.4363,3.0946,-2.424,0.3785,-1.1835
147.786,-6.9276,6.4377,3.0946,-2.4126,0.3507,-1.1834
147.836,-6.9486,6.4387,3.0946,-2.403,0.3271,-1.1833
147.886,-6.9696,6.4397,3.0946,-2.3917,0.2993,-1.1831
147.936,-7.001,6.4412,3.0946,-2.3843,0.2813,-1.1831
147.987,-7.022,6.4422,3.0946,-2.3729,0.2535,-1.183
148.037,-7.0535,6.4437,3.0946,-2.3661,0.2369,-1.1829
148.087,-7.0745,6.4447,3.0946,-2.3542,0.2077,-1.1828
148.137,-7.0954,6.4456,3.0946,-2.3463,0.1883,-1.1828
148.187,-7.1269,6.4471,3.0946,-2.3349,0.1605,-1.1826
148.238,-7.1479,6.4481,3.0946,-2.3275,0.1424,-1.1826
148.288,-7.1793,6.4496,3.0946,-2.3162,0.1147,-1.1824
148.338,-7.1992,6.4504,3.0947,-2.3105,0.1008,-1.1823
148.388,-7.2109,6.4509,3.0987,-2.2985,0.0717,-1.1732
148.439,-7.2212,6.4512,3.1285,-2.2995,0.0745,-1.1482
148.489,-7.2273,6.4512,3.1515,-2.2959,0.0672,-1.1151
148.539,-7.2362,6.451,3.187,-2.2933,0.0619,-1.0929
148.59,-7.2419,6.4506,3.2114,-2.2891,0.054,-1.0579
148.64,-7.2476,6.4502,3.2363,-2.2868,0.05,-1.04
148.69,-7.2558,6.4492,3.2741,-2.2821,0.0423,-1.0039
148.741,-7.2613,6.4484,3.2993,-2.278,0.0359,-0.9732
148.791,-7.2668,6.4475,3.3245,-2.2728,0.0285,-0.9371
148.841,-7.2749,6.4458,3.3623,-2.2693,0.0238,-0.9136
148.892,-7.2803,6.4446,3.3875,-2.2637,0.0168,-0.8775
148.942,-7.2883,6.4424,3.4253,-2.2578,0.0099,-0.8414
148.992,-7.2936,6.4408,3.4505,-2.2549,0.0066,-0.8233
149.042,-7.3015,6.4381,3.4883,-2.2487,0.0001,-0.7872
149.092,-7.3067,6.4362,3.5135,-2.2432,-0.0052,-0.7565
149.143,-7.3119,6.4341,3.5387,-2.2366,-0.0113,-0.7204
149.193,-7.3195,6.4307,3.5765,-2.2322,-0.0152,-0.6969
149.243,-7.3245,6.4284,3.6017,-2.2252,-0.0209,-0.6609
149.293,-7.3294,6.4258,3.6269,-2.2209,-0.0242,-0.6392
149.343,-7.3367,6.4218,3.6647,-2.2132,-0.0297,-0.6013
149.394,-7.3415,6.419,3.6899,-2.208,-0.0332,-0.576
149.444,-7.3485,6.4145,3.7277,-2.2005,-0.0379,-0.5399
149.494,-7.3532,6.4113,3.7529,-2.1953,-0.041,-0.5165
149.544,-7.3581,6.4078,3.7782,-2.1866,-0.0458,-0.4802
149.595,-7.366,6.4017,3.8161,-2.1818,-0.0483,-0.4621
149.645,-7.3715,6.3972,3.8416,-2.1713,-0.0534,-0.4238
149.695,-7.3802,6.3896,3.8798,-2.1626,-0.0572,-0.3946
149.746,-7.3862,6.384,3.9054,-2.155,-0.0603,-0.3707
149.796,-7.3925,6.3778,3.9311,-2.1424,-0.065,-0.3339
149.846,-7.4022,6.3677,3.9703,-2.1292,-0.0694,-0.2962
149.897,-7.4088,6.3603,3.9969,-2.1219,-0.0716,-0.2772
149.947,-7.4191,6.3482,4.0369,-2.1068,-0.0757,-0.239
149.997,-7.426,6.3394,4.0639,-2.0934,-0.0788,-0.2061
150.047,-7.433,6.33,4.0908,-2.0763,-0.0821,-0.1676
150.098,-7.4434,6.315,4.131,-2.0648,-0.084,-0.1427
150.148,-7.4502,6.3045,4.1575,-2.0462,-0.0864,-0.1052
150.198,-7.4602,6.2877,-2.0875,-2.0335,-0.0876,-0.0815
150.248,-7.4668,6.2758,-2.0627,-2.0165,-0.0888,-0.0512
150.298,-7.4733,6.2634,-2.0387,-1.9987,-0.0896,-0.0223
150.349,-7.4828,6.2437,-2.0054,-1.977,-0.0898,0.0091
150.399,-7.489,6.23,-1.9849,-1.9624,-0.0896,0.0279
150.449,-7.4982,6.2084,-1.9572,-1.9393,-0.0887,0.0542
150.499,-7.5041,6.1934,-1.9403,-1.9264,-0.0879,0.0678
150.55,-7.51,6.178,-1.9247,-1.9011,-0.086,0.091
150.6,-7.5185,6.1543,-1.9031,-1.8828,-0.0842,0.1065
150.65,-7.524,6.138,-1.8897,-1.8579,-0.0813,0.1254
150.7,-7.5295,6.1214,-1.8774,-1.8415,-0.0792,0.1366
150.751,-7.5376,6.096,-1.8604,-1.816,-0.0755,0.1527
150.801,-7.5428,6.0786,-1.8498,-1.8031,-0.0735,0.1603
150.851,-7.5503,6.052,-1.8348,-1.777,-0.0691,0.1747
150.901,-7.5552,6.0338,-1.8252,-1.7547,-0.0651,0.1865
150.952,-7.5599,6.0154,-1.8162,-1.7281,-0.0599,0.1992
151.002,-7.5667,5.9876,-1.8037,-1.7107,-0.0563,0.2069
151.052,-7.571,5.9688,-1.7961,-1.6838,-0.0505,0.2176
151.102,-7.5774,5.9403,-1.786,-1.6566,-0.0444,0.2272
151.153,-7.5816,5.9211,-1.7798,-1.643,-0.0413,0.2314
151.203,-7.5856,5.9018,-1.7743,-1.6155,-0.0347,0.2393
151.253,-7.5915,5.8726,-1.7667,-1.5921,-0.0289,0.2454
151.303,-7.5954,5.853,-1.7621,-1.5645,-0.0219,0.2518
151.353,-7.601,5.8234,-1.756,-1.5464,-0.0172,0.2555
151.404,-7.6047,5.8036,-1.7524,-1.5186,-0.0099,0.2604
151.454,-7.6083,5.7838,-1.7494,-1.5004,-0.005,0.2631
151.504,-7.6136,5.7539,-1.7454,-1.4766,0.0014,0.2664
151.554,-7.6171,5.7339,-1.7429,-1.4527,0.008,0.2694
151.605,-7.6223,5.7038,-1.7396,-1.4246,0.0158,0.2727
151.655,-7.6257,5.6837,-1.7375,-1.4063,0.0209,0.2747
151.705,-7.6291,5.6635,-1.7356,-1.3782,0.0289,0.2774
151.755,-7.6341,5.6332,-1.733,-1.3627,0.0333,0.2789
151.806,-7.6374,5.613,-1.7314,-1.333,0.0419,0.2815
151.856,-7.6407,5.5927,-1.7299,-1.3118,0.048,0.2831
151.906,-7.6455,5.5621,-1.7279,-1.2835,0.0563,0.2851
151.957,-7.6488,5.5416,-1.7266,-1.265,0.0617,0.2863
152.007,-7.6536,5.5109,-1.7248,-1.2367,0.0701,0.288
152.057,-7.6567,5.4904,-1.7237,-1.2225,0.0743,0.2889
152.108,-7.6599,5.4699,-1.7227,-1.1941,0.0827,0.2904
152.158,-7.6646,5.4391,-1.7213,-1.1699,0.09,0.2916
152.208,-7.6677,5.4185,-1.7204,-1.1415,0.0985,0.293
152.259,-7.6723,5.3876,-1.7191,-1.123,0.1041,0.2939
152.309,-7.6754,5.3671,-1.7183,-1.0946,0.1127,0.2952
152.36,-7.6785,5.3464,-1.7176,-1.0803,0.1171,0.2958
152.41,-7.683,5.3155,-1.7166,-1.0518,0.1258,0.2968
152.46,-7.686,5.2949,-1.7159,-1.0276,0.1332,0.2977
152.51,-7.6906,5.2639,-1.7152,-0.9991,0.142,0.2985
152.561,-7.6935,5.2432,-1.7148,-0.9806,0.1477,0.299
152.611,-7.6965,5.2226,-1.7144,-0.952,0.1565,0.2996
152.661,-7.701,5.1915,-1.7138,-0.9349,0.1618,0.3001
152.711,-7.704,5.1708,-1.7135,-0.905,0.171,0.3007
152.762,-7.7084,5.1398,-1.713,-0.885,0.1772,0.301
152.812,-7.7114,5.1191,-1.7128,-0.8564,0.1861,0.3015
152.862,-7.7144,5.0984,-1.7125,-0.8379,0.1919,0.3018
152.913,-7.7188,5.0673,-1.7121,-0.8093,0.2008,0.3023
152.963,-7.7217,5.0466,-1.7119,-0.7808,0.2097,0.3027
153.013,-7.7262,5.0154,-1.7116,-0.765,0.2146,0.3029
153.063,-7.7291,4.9947,-1.7114,-0.7351,0.224,0.3033
153.113,-7.732,4.9739,-1.7113,-0.7136,0.2307,0.3036
153.164,-7.7364,4.9428,-1.711,-0.6851,0.2397,0.3039
153.214,-7.7394,4.9221,-1.7109,-0.6665,0.2455,0.3041
153.264,-7.7438,4.8909,-1.7107,-0.6379,0.2545,0.3044
153.314,-7.7467,4.8701,-1.7106,-0.6236,0.2589,0.3045
153.364,-7.7496,4.8494,-1.7104,-0.595,0.2679,0.3048
153.415,-7.754,4.8182,-1.7102,-0.5707,0.2756,0.3051
153.465,-7.7569,4.7974,-1.7101,-0.5422,0.2846,0.3053
153.515,-7.7598,4.7767,-1.71,-0.5236,0.2904,0.3055
153.565,-7.7642,4.7455,-1.7099,-0.495,0.2995,0.3057
153.616,-7.7671,4.7247,-1.7098,-0.4807,0.304,0.3058
153.666,-7.7714,4.6936,-1.7097,-0.4521,0.313,0.306
153.716,-7.7743,4.6728,-1.7097,-0.4278,0.3207,0.3062
153.767,-7.7772,4.652,-1.7096,-0.3992,0.3297,0.3063
153.817,-7.7816,4.6208,-1.7095,-0.3807,0.3356,0.3065
153.867,-7.7845,4.6,-1.7095,-0.3521,0.3446,0.3066
153.917,-7.7888,4.5689,-1.7094,-0.3349,0.3501,0.3067
153.968,-7.7917,4.5481,-1.7094,-0.3049,0.3596,0.3069
154.018,-7.7946,4.5273,-1.7093,-0.2849,0.3659,0.307
154.068,-7.799,4.4961,-1.7093,-0.2563,0.375,0.3072
154.119,-7.8019,4.4753,-1.7093,-0.2377,0.3809,0.3073
154.169,-7.8062,4.4441,-1.7092,-0.2092,0.39,0.3075
154.219,-7.8091,4.4233,-1.7092,-0.1949,0.3945,0.3076
154.269,-7.812,4.4025,-1.7092,-0.1649,0.404,0.3078
154.32,-7.8164,4.3713,-1.7091,-0.142,0.4113,0.3079
154.37,-7.8193,4.3506,-1.7091,-0.1134,0.4204,0.3081
154.42,-7.8236,4.3194,-1.7091,-0.0948,0.4263,0.3082
154.47,-7.8265,4.2986,-1.7091,-0.0662,0.4354,0.3083
154.521,-7.8294,4.2778,-1.709,-0.052,0.44,0.3084
154.571,-7.8337,4.2466,-1.709,-0.0234,0.4491,0.3085
154.621,-7.8366,4.2258,-1.709,0.0052,0.4582,0.3086
154.671,-7.841,4.1946,-1.709,0.0295,0.4659,0.3088
154.721,-7.8439,4.1738,-1.709,0.0481,0.4718,0.3088
154.772,-7.8468,4.153,-1.709,0.0766,0.481,0.309
154.822,-7.8511,4.1218,-1.7089,0.0952,0.4869,0.309
154.872,-7.854,4.101,-1.7089,0.1195,0.4946,0.3091
154.922,-7.8569,4.0802,-1.7089,0.1438,0.5024,0.3092
154.973,-7.8612,4.049,-1.7089,0.1724,0.5115,0.3093
155.023,-7.8641,4.0282,-1.7089,0.1909,0.5175,0.3094
155.073,-7.8684,3.997,-1.7089,0.2195,0.5266,0.3095
155.124,-7.8713,3.9762,-1.7089,0.2481,0.5357,0.3096
155.174,-7.8742,3.9554,-1.7089,0.2652,0.5412,0.3097
155.224,-7.8786,3.9242,-1.7089,0.2952,0.5508,0.3098
155.274,-7.8814,3.9034,-1.7089,0.3152,0.5572,0.3099
155.325,-7.8858,3.8722,-1.7089,0.3438,0.5664,0.31
155.375,-7.8887,3.8514,-1.7089,0.3624,0.5723,0.31
155.425,-7.8916,3.8306,-1.7089,0.3909,0.5815,0.3101
155.476,-7.8959,3.7994,-1.7089,0.4052,0.5861,0.3102
155.526,-7.8988,3.7786,-1.7089,0.4352,0.5957,0.3103
155.576,-7.9031,3.7474,-1.7088,0.4581,0.603,0.3104
155.627,-7.906,3.7266,-1.7088,0.4866,0.6122,0.3105
155.677,-7.9089,3.7058,-1.7088,0.5052,0.6181,0.3106
155.727,-7.9132,3.6746,-1.7088,0.5338,0.6273,0.3107
155.777,-7.9161,3.6538,-1.7088,0.548,0.6319,0.3108
155.827,-7.9205,3.6226,-1.7088,0.5766,0.6411,0.3109
155.878,-7.9233,3.6018,-1.7088,0.6009,0.6489,0.311
155.928,-7.9262,3.581,-1.7088,0.6294,0.658,0.3112
155.978,-7.9306,3.5498,-1.7088,0.648,0.664,0.3112
156.028,-7.9335,3.529,-1.7088,0.6766,0.6732,0.3114
156.078,-7.9378,3.4978,-1.7088,0.6951,0.6792,0.3114
156.129,-7.9407,3.477,-1.7088,0.7194,0.687,0.3115
156.179,-7.9436,3.4562,-1.7088,0.7437,0.6948,0.3116
156.229,-7.9479,3.425,-1.7088,0.7722,0.704,0.3117
156.279,-7.9508,3.4042,-1.7088,0.7908,0.71,0.3118
156.33,-7.9551,3.373,-1.7088,0.8193,0.7192,0.312
156.38,-7.958,3.3522,-1.7088,0.835,0.7243,0.312
156.43,-7.9609,3.3314,-1.7088,0.865,0.7339,0.3122
156.48,-7.9652,3.3002,-1.7088,0.8864,0.7408,0.3123
156.53,-7.9681,3.2794,-1.7088,0.915,0.7501,0.3124
156.581,-7.971,3.2586,-1.7088,0.9335,0.7561,0.3124
156.631,-7.9754,3.2274,-1.7088,0.9621,0.7653,0.3125
156.681,-7.9782,3.2066,-1.7088,0.9763,0.7699,0.3126
156.732,-7.9826,3.1754,-1.7088,1.0049,0.7791,0.3127
156.783,-7.9855,3.1546,-1.7088,1.0292,0.787,0.3128
156.833,-7.9884,3.1338,-1.7088,1.0577,0.7962,0.3129
156.884,-7.9927,3.1026,-1.7088,1.0763,0.8022,0.313
156.934,-7.9956,3.0818,-1.7088,1.1048,0.8114,0.3131
156.985,-7.9999,3.0506,-1.7088,1.1333,0.8207,0.3132
157.035,-8.0028,3.0298,-1.7088,1.1476,0.8253,0.3133
157.085,-8.0057,3.009,-1.7088,1.1761,0.8345,0.3134
157.135,-8.01,2.9778,-1.7088,1.2004,0.8424,0.3135
157.186,-8.0129,2.957,-1.7088,1.2289,0.8517,0.3136
157.236,-8.0172,2.9258,-1.7088,1.2475,0.8577,0.3136
157.286,-8.0201,2.905,-1.7088,1.276,0.8669,0.3138
157.336,-8.023,2.8842,-1.7088,1.2946,0.8729,0.3138
157.386,-8.0274,2.853,-1.7088,1.3188,0.8808,0.314
157.437,-8.0302,2.8322,-1.7088,1.3431,0.8887,0.3141
157.487,-8.0346,2.801,-1.7088,1.3716,0.898,0.3141
157.537,-8.0375,2.7802,-1.7088,1.3902,0.904,0.3142
157.587,-8.0404,2.7594,-1.7088,1.4187,0.9133,0.3143
157.637,-8.0447,2.7282,-1.7088,1.4344,0.9184,0.3144
157.688,-8.0476,2.7074,-1.7088,1.4643,0.9281,0.3145
157.738,-8.0519,2.6762,-1.7088,1.4857,0.9351,0.3145
157.788,-8.0548,2.6554,-1.7088,1.5143,0.9443,0.3146
157.839,-8.0577,2.6346,-1.7088,1.5328,0.9504,0.3147
157.889,-8.062,2.6034,-1.7088,1.5613,0.9597,0.3148
157.939,-8.0649,2.5826,-1.7088,1.5756,0.9643,0.3149
157.989,-8.0692,2.5514,-1.7088,1.6041,0.9736,0.315
158.04,-8.0721,2.5306,-1.7088,1.6284,0.9815,0.315
158.09,-8.075,2.5098,-1.7088,1.6569,0.9908,0.3152
158.14,-8.0794,2.4786,-1.7088,1.6754,0.9969,0.3152
158.19,-8.0822,2.4578,-1.7088,1.7039,1.0062,0.3154
158.24,-8.0866,2.4266,-1.7088,1.7182,1.0108,0.3154
158.291,-8.0895,2.4058,-1.7088,1.7467,1.0201,0.3156
158.341,-8.0924,2.385,-1.7088,1.771,1.028,0.3157
158.391,-8.0967,2.3538,-1.7088,1.7995,1.0373,0.3158
158.441,-8.0996,2.333,-1.7088,1.818,1.0434,0.3158
158.491,-8.1023,2.3124,-1.7088,1.8447,1.0521,0.3167
158.542,-8.1044,2.2943,-1.6997,1.8609,1.0575,0.3231
158.592,-8.1052,2.2879,-1.678,1.8632,1.0585,0.3555
158.642,-8.106,2.2789,-1.6432,1.8691,1.0608,0.3789
158.692,-8.1064,2.2731,-1.619,1.8775,1.0643,0.4136
158.743,-8.1066,2.2674,-1.5942,1.8828,1.0667,0.4368
158.793,-8.1066,2.2591,-1.5564,1.891,1.0706,0.4729
158.843,-8.1065,2.2536,-1.5312,1.895,1.0727,0.4909
158.893,-8.106,2.2453,-1.4934,1.9033,1.0773,0.5289
158.944,-8.1055,2.2398,-1.4682,1.9114,1.0822,0.5668
158.994,-8.1049,2.2342,-1.443,1.917,1.0858,0.5939
159.044,-8.1037,2.226,-1.4051,1.9244,1.091,0.6302
159.095,-8.1027,2.2205,-1.3797,1.929,1.0944,0.654
159.145,-8.1009,2.2122,-1.3409,1.9361,1.1,0.6911
159.195,-8.0995,2.2066,-1.3146,1.9396,1.1029,0.7099
159.245,-8.098,2.2009,-1.2878,1.9464,1.1089,0.7485
159.296,-8.0953,2.1924,-1.2465,1.9519,1.1141,0.7822
159.346,-8.0933,2.1866,-1.2181,1.9582,1.1206,0.8231
159.396,-8.0898,2.1778,-1.1746,1.9621,1.1249,0.8501
159.446,-8.0873,2.172,-1.1454,1.968,1.1318,0.8918
159.496,-8.0846,2.1663,-1.1163,1.9707,1.1352,0.9126
159.547,-8.0803,2.1579,-1.0726,1.9761,1.1424,0.9543
159.597,-8.0772,2.1524,-1.0435,1.9805,1.1487,0.9897
159.647,-8.074,2.147,-1.0144,1.9853,1.1563,1.0314
159.697,-8.0688,2.1391,-0.9707,1.9883,1.1614,1.0586
159.747,-8.0652,2.1339,-0.9416,1.9925,1.1693,1.1002
159.798,-8.0595,2.1264,-0.8979,1.995,1.1741,1.1252
159.848,-8.0555,2.1215,-0.8688,1.9989,1.1827,1.1689
159.898,-8.0513,2.1167,-0.8398,2.0014,1.1888,1.1977
159.949,-8.0444,2.1094,-0.7981,2.0048,1.1979,1.2371
159.999,-8.0395,2.1044,-0.7715,2.0071,1.2045,1.2615
160.049,-8.0313,2.0968,-0.7336,2.0105,1.2157,1.2976
160.099,-8.0254,2.0915,-0.7084,2.0122,1.2218,1.3157
160.15,-8.0188,2.0861,-0.6832,2.0156,1.2352,1.3536
160.2,-8.0082,2.0778,-0.6454,2.0178,1.2459,1.3825
160.25,-8.0007,2.0722,-0.6202,2.0204,1.2603,1.4186
160.3,-7.9882,2.0636,-0.5824,2.0218,1.2702,1.4421
160.351,-7.9793,2.0579,-0.5572,2.0237,1.286,1.4782
160.401,-7.9698,2.0521,-0.532,2.0244,1.2946,1.4962
160.451,-7.9547,2.0436,-0.4942,2.0255,1.3121,1.5324
160.502,-7.944,2.038,-0.469,2.0259,1.3274,1.5631
160.552,-7.9327,2.0323,-0.4438,2.0258,1.3466,1.5992
160.602,-7.9148,2.024,-0.406,2.0254,1.3594,1.6226
160.653,-7.9023,2.0183,-0.3811,2.024,1.3799,1.6578
160.703,-7.8822,2.01,-0.3462,2.0227,1.3937,1.6794
160.753,-7.8681,2.0048,-0.3242,2.0205,1.4121,1.7062
160.803,-7.8532,1.9997,-0.3033,2.0178,1.4311,1.7314
160.854,-7.8297,1.9927,-0.2735,2.0138,1.4542,1.7597
160.904,-7.8135,1.9883,-0.255,2.0108,1.4694,1.7765
160.954,-7.7884,1.9821,-0.2305,2.0055,1.4934,1.7998
161.004,-7.7712,1.9782,-0.2158,2.0023,1.5068,1.8115
161.054,-7.7537,1.9744,-0.2024,1.9957,1.5328,1.8314
161.105,-7.7269,1.9692,-0.184,1.9885,1.5591,1.8495
161.155,-7.7087,1.9659,-0.1729,1.9833,1.5769,1.8601
161.205,-7.6811,1.9612,-0.1585,1.9783,1.5935,1.869
161.255,-7.6625,1.9583,-0.1498,1.9703,1.6193,1.8814
161.306,-7.6436,1.9556,-0.1422,1.9661,1.6323,1.8869
161.356,-7.6152,1.9516,-0.1323,1.9574,1.6584,1.8964
161.406,-7.5961,1.9491,-0.1263,1.9498,1.6807,1.9037
161.456,-7.5769,1.9468,-0.1208,1.9405,1.7071,1.9116
161.507,-7.5478,1.9433,-0.1132,1.9344,1.7243,1.9163
161.557,-7.5282,1.9411,-0.1086,1.9248,1.7509,1.9229
161.607,-7.4987,1.938,-0.1023,1.9149,1.7776,1.9289
161.658,-7.4789,1.936,-0.0985,1.9098,1.791,1.9316
161.708,-7.4591,1.9341,-0.0949,1.8997,1.8178,1.9367
161.758,-7.4291,1.9313,-0.0899,1.8909,1.8406,1.9409
161.809,-7.4089,1.9295,-0.0865,1.884,1.8581,1.9441
161.859,-7.3887,1.9278,-0.0833,1.8734,1.8851,1.9486
161.909,-7.3583,1.9253,-0.079,1.867,1.9013,1.9511
161.96,-7.3379,1.9237,-0.0764,1.8555,1.9297,1.955
162.01,-7.3073,1.9214,-0.073,1.8462,1.9528,1.9578
162.06,-7.2868,1.92,-0.071,1.8367,1.9759,1.9602
162.111,-7.2559,1.9178,-0.0685,1.8255,2.0031,1.9626
162.161,-7.2353,1.9164,-0.0671,1.8182,2.0207,1.964
162.211,-7.2147,1.915,-0.0657,1.8069,2.048,1.966
162.261,-7.1836,1.913,-0.0639,1.8006,2.063,1.967
162.311,-7.1629,1.9117,-0.0627,1.7886,2.0916,1.9689
162.362,-7.1422,1.9104,-0.0617,1.78,2.1121,1.97
162.412,-7.1112,1.9085,-0.0603,1.7684,2.1394,1.9714
162.462,-7.0905,1.9073,-0.0594,1.7609,2.1572,1.9723
162.512,-7.0594,1.9055,-0.0582,1.7493,2.1845,1.9735
162.563,-7.0386,1.9042,-0.0575,1.7434,2.1982,1.9741
162.613,-7.0179,1.9031,-0.0569,1.7318,2.2255,1.9751
162.663,-6.9867,1.9013,-0.056,1.7218,2.2488,1.976
162.714,-6.9659,1.9001,-0.0554,1.71,2.2762,1.9769
162.764,-6.9346,1.8984,-0.0546,1.7024,2.294,1.9774
162.814,-6.9138,1.8973,-0.0542,1.6906,2.3214,1.9782
162.865,-6.893,1.8962,-0.0538,1.6846,2.3351,1.9786
162.915,-6.8617,1.8945,-0.0531,1.6728,2.3625,1.9793
162.965,-6.8408,1.8934,-0.0527,1.6627,2.3858,1.98
163.016,-6.8094,1.8917,-0.0521,1.6508,2.4132,1.9806
163.066,-6.7885,1.8906,-0.0518,1.6431,2.431,1.981
163.116,-6.7676,1.8896,-0.0515,1.6311,2.4584,1.9815
163.166,-6.7363,1.888,-0.0511,1.624,2.4749,1.9818
163.217,-6.7154,1.8869,-0.0509,1.6114,2.5037,1.9823
163.267,-6.684,1.8853,-0.0506,1.6012,2.527,1.9826
163.317,-6.663,1.8842,-0.0504,1.591,2.5503,1.9829
163.367,-6.6421,1.8832,-0.0503,1.5832,2.5682,1.9831
163.417,-6.6107,1.8816,-0.05,1.5712,2.5956,1.9834
163.468,-6.5897,1.8806,-0.0499,1.5652,2.6093,1.9836
163.518,-6.5583,1.879,-0.0497,1.5526,2.6381,1.9839
163.568,-6.5374,1.8779,-0.0496,1.54,2.6669,1.9842
163.618,-6.5164,1.8769,-0.0495,1.5309,2.6875,1.9843
163.668,-6.485,1.8754,-0.0494,1.5231,2.7053,1.9845
163.719,-6.4641,1.8743,-0.0493,1.5111,2.7328,1.9848
163.769,-6.4431,1.8733,-0.0492,1.499,2.7602,1.985
163.819,-6.4117,1.8717,-0.0491,1.493,2.7739,1.9851
163.869,-6.3907,1.8707,-0.049,1.4809,2.8014,1.9853
163.919,-6.3593,1.8692,-0.0489,1.4706,2.8247,1.9855
163.97,-6.3383,1.8682,-0.0489,1.4586,2.8521,1.9857
164.02,-6.3174,1.8671,-0.0488,1.4507,2.8699,1.9858
164.07,-6.2859,1.8656,-0.0487,1.4386,2.8974,1.986
164.121,-6.265,1.8646,-0.0487,1.4326,2.9111,1.9861
164.171,-6.2335,1.863,-0.0486,1.4205,2.9385,1.9863
164.221,-6.2126,1.862,-0.0486,1.4102,2.9619,1.9864
164.271,-6.1916,1.861,-0.0485,1.3981,2.9893,1.9865
164.322,-6.1601,1.8595,-0.0485,1.3902,3.0071,1.9866
164.372,-6.1392,1.8585,-0.0484,1.3781,3.0346,1.9868
164.422,-6.1077,1.8569,-0.0484,1.3708,3.051,1.9869
164.472,-6.0868,1.8559,-0.0484,1.3581,3.0798,1.9871
164.523,-6.0658,1.8549,-0.0484,1.3496,3.099,1.9872
164.573,-6.0343,1.8534,-0.0483,1.3374,3.1265,1.9873
164.623,-6.0134,1.8524,-0.0483,1.3295,3.1443,1.9874
164.673,-5.9924,1.8514,-0.0483,1.3174,3.1717,1.9875
164.724,-5.9609,1.8498,-0.0483,1.3113,3.1854,1.9876
164.774,-5.94,1.8488,-0.0483,1.2986,3.2142,1.9877
164.824,-5.9085,1.8473,-0.0483,1.2889,3.2362,1.9878
164.875,-5.8875,1.8463,-0.0482,1.2767,3.2636,1.9879
164.925,-5.8666,1.8453,-0.0482,1.2688,3.2814,1.988
164.975,-5.8351,1.8438,-0.0482,1.2567,3.3088,1.9881
165.025,-5.8141,1.8427,-0.0482,1.2506,3.3225,1.9882
165.076,-5.7827,1.8412,-0.0482,1.2384,3.35,1.9883
165.126,-5.7617,1.8402,-0.0482,1.2281,3.3733,1.9884
165.176,-5.7407,1.8392,-0.0482,1.2159,3.4007,1.9886
165.226,-5.7093,1.8377,-0.0482,1.208,3.4185,1.9886
165.277,-5.6883,1.8367,-0.0482,1.1958,3.4459,1.9888
165.327,-5.6568,1.8352,-0.0482,1.1879,3.4637,1.9889
165.377,-5.6358,1.8341,-0.0482,1.1776,3.4871,1.989
165.428,-5.6149,1.8331,-0.0482,1.1672,3.5104,1.9891
165.478,-5.5834,1.8316,-0.0481,1.155,3.5378,1.9892
165.528,-5.5624,1.8306,-0.0481,1.1471,3.5556,1.9893
165.578,-5.531,1.8291,-0.0481,1.1349,3.583,1.9894
165.629,-5.51,1.8281,-0.0481,1.1282,3.5981,1.9895
165.679,-5.489,1.8271,-0.0481,1.1154,3.6268,1.9897
165.729,-5.4576,1.8256,-0.0481,1.1026,3.6556,1.9898
165.779,-5.4366,1.8245,-0.0481,1.094,3.6748,1.9899
165.83,-5.4051,1.823,-0.0481,1.0861,3.6926,1.99
165.88,-5.3841,1.822,-0.0481,1.0739,3.72,1.9901
165.93,-5.3632,1.821,-0.0481,1.0617,3.7474,1.9903
165.98,-5.3317,1.8195,-0.0481,1.0555,3.7611,1.9903
166.031,-5.3107,1.8185,-0.0481,1.0427,3.7899,1.9905
166.081,-5.2793,1.817,-0.0481,1.0329,3.8118,1.9905
166.131,-5.2583,1.816,-0.0481,1.0207,3.8392,1.9906
166.181,-5.2373,1.815,-0.0481,1.0128,3.857,1.9907
166.233,-5.2059,1.8134,-0.0481,1.0005,3.8844,1.9908
166.283,-5.1849,1.8124,-0.0481,0.9944,3.8981,1.9909
166.333,-5.1534,1.8109,-0.0481,0.9822,3.9255,1.991
166.384,-5.1324,1.8099,-0.0481,0.9718,3.9488,1.9911
166.434,-5.1115,1.8089,-0.0481,0.9595,3.9761,1.9912
166.484,-5.08,1.8074,-0.0481,0.9516,3.9939,1.9913
166.535,-5.059,1.8064,-0.0481,0.9393,4.0213,1.9914
166.585,-5.0276,1.8049,-0.0481,0.9314,4.0391,1.9915
166.635,-5.0066,1.8038,-0.0481,0.9209,4.0624,1.9916
166.686,-4.9856,1.8028,-0.0481,0.9105,4.0857,1.9917
166.736,-4.9541,1.8013,-0.0481,0.8983,4.1131,1.9918
166.786,-4.9332,1.8003,-0.0481,0.8903,4.1309,1.9919
166.836,-4.9017,1.7988,-0.0481,0.878,4.1582,1.992
166.887,-4.8807,1.7978,-0.0481,0.8713,4.1733,1.9921
166.937,-4.8598,1.7968,-0.0481,0.8584,4.202,1.9922
166.987,-4.8283,1.7953,-0.0481,0.8492,4.2226,1.9923
167.037,-4.8073,1.7943,-0.0481,0.8369,4.2499,1.9924
167.088,-4.7759,1.7927,-0.0481,0.8289,4.2677,1.9925
167.138,-4.7549,1.7917,-0.0481,0.8167,4.2951,1.9926
167.188,-4.7339,1.7907,-0.0481,0.8105,4.3088,1.9926
167.239,-4.7024,1.7892,-0.0481,0.7982,4.3362,1.9927
167.289,-4.6815,1.7882,-0.0481,0.7853,4.3649,1.9929
167.339,-4.6605,1.7872,-0.0481,0.7755,4.3868,1.9929
167.389,-4.629,1.7857,-0.0481,0.7675,4.4046,1.993
167.44,-4.608,1.7847,-0.0481,0.7552,4.4319,1.9931
167.49,-4.5766,1.7831,-0.0481,0.7429,4.4593,1.9932
167.54,-4.5556,1.7821,-0.0481,0.7368,4.473,1.9933
167.59,-4.5346,1.7811,-0.0481,0.7245,4.5004,1.9934
167.641,-4.5032,1.7796,-0.0481,0.714,4.5236,1.9935
167.691,-4.4822,1.7786,-0.0481,0.7017,4.551,1.9937
167.741,-4.4507,1.7771,-0.0481,0.6937,4.5687,1.9938
167.791,-4.4298,1.7761,-0.0481,0.6814,4.5961,1.994
167.842,-4.4088,1.7751,-0.0481,0.6734,4.6139,1.9941
167.892,-4.3773,1.7736,-0.0481,0.6629,4.6371,1.9941
167.942,-4.3563,1.7725,-0.0481,0.6524,4.6604,1.9942
167.992,-4.3249,1.771,-0.0481,0.6401,4.6877,1.9943
168.043,-4.3039,1.77,-0.0481,0.6321,4.7055,1.9944
168.093,-4.2829,1.769,-0.0481,0.6197,4.7329,1.9946
168.143,-4.2515,1.7675,-0.0481,0.613,4.7479,1.9946
168.193,-4.2305,1.7665,-0.0481,0.6,4.7766,1.9948
168.244,-4.199,1.765,-0.0481,0.5907,4.7971,1.9948
168.294,-4.178,1.764,-0.0481,0.5784,4.8245,1.995
168.344,-4.1571,1.763,-0.0481,0.5704,4.8422,1.995
168.394,-4.1256,1.7614,-0.0481,0.558,4.8696,1.9951
168.445,-4.1046,1.7604,-0.0481,0.5518,4.8832,1.9952
168.495,-4.0837,1.7594,-0.0481,0.5395,4.9106,1.9953
168.545,-4.0522,1.7579,-0.0481,0.529,4.9338,1.9954
168.595,-4.0312,1.7569,-0.0481,0.5166,4.9611,1.9955
168.645,-3.9998,1.7554,-0.0481,0.5086,4.9789,1.9955
168.696,-3.9788,1.7544,-0.0481,0.4962,5.0063,1.9956
168.746,-3.9578,1.7534,-0.0481,0.49,5.0199,1.9957
168.796,-3.9263,1.7518,-0.0481,0.4777,5.0472,1.9958
168.847,-3.9054,1.7508,-0.0481,0.4672,5.0705,1.9959
168.897,-3.8739,1.7493,-0.0481,0.4548,5.0978,1.996
168.947,-3.8529,1.7483,-0.0481,0.4467,5.1156,1.9961
168.997,-3.8319,1.7473,-0.0481,0.4344,5.1429,1.9962
169.048,-3.8005,1.7458,-0.0481,0.4269,5.1593,1.9963
169.098,-3.7795,1.7448,-0.0481,0.4139,5.188,1.9964
169.148,-3.748,1.7433,-0.0481,0.4053,5.2071,1.9965
169.198,-3.7271,1.7423,-0.0481,0.3929,5.2344,1.9966
169.249,-3.7061,1.7412,-0.0481,0.3848,5.2522,1.9966
169.299,-3.6746,1.7397,-0.0481,0.3724,5.2795,1.9968
169.349,-3.6537,1.7387,-0.0481,0.36,5.3068,1.9969
169.399,-3.6222,1.7372,-0.0481,0.3532,5.3219,1.997
169.45,-3.6012,1.7362,-0.0481,0.3402,5.3505,1.997
169.5,-3.5802,1.7352,-0.0481,0.3309,5.371,1.9971
169.55,-3.5488,1.7337,-0.0481,0.3185,5.3983,1.9972
169.601,-3.5278,1.7327,-0.0481,0.3104,5.4161,1.9973
169.651,-3.4963,1.7311,-0.0481,0.298,5.4434,1.9974
169.701,-3.4754,1.7301,-0.0481,0.2918,5.4571,1.9975
169.751,-3.4544,1.7291,-0.0481,0.2794,5.4844,1.9976
169.802,-3.4229,1.7276,-0.0481,0.2688,5.5076,1.9977
169.852,-3.4019,1.7266,-0.0481,0.2564,5.5349,1.9978
169.902,-3.3705,1.7251,-0.0481,0.2483,5.5526,1.9979
169.953,-3.3495,1.7241,-0.0481,0.2359,5.5799,1.998
170.003,-3.3285,1.7231,-0.0481,0.2297,5.5936,1.9981
170.053,-3.2971,1.7216,-0.0481,0.2172,5.6209,1.9982
170.103,-3.2761,1.7205,-0.0481,0.2067,5.6441,1.9983
170.153,-3.2551,1.7195,-0.0481,0.1942,5.6714,1.9985
170.204,-3.2237,1.718,-0.0481,0.1861,5.6891,1.9986
170.254,-3.2027,1.717,-0.0481,0.1737,5.7164,1.9987
170.304,-3.1712,1.7155,-0.0481,0.1662,5.7328,1.9988
170.355,-3.1502,1.7145,-0.0481,0.1532,5.7615,1.9989
170.405,-3.1293,1.7135,-0.0481,0.1444,5.7806,1.999
170.455,-3.0978,1.712,-0.0481,0.132,5.8079,1.9991
170.506,-3.0768,1.711,-0.0481,0.1239,5.8256,1.9992
170.556,-3.0454,1.7094,-0.0481,0.1114,5.8529,1.9993
170.606,-3.0244,1.7084,-0.0481,0.1052,5.8665,1.9993
170.656,-3.0034,1.7074,-0.0481,0.0921,5.8952,1.9994
170.706,-2.9719,1.7059,-0.0481,0.0821,5.917,1.9995
170.757,-2.951,1.7049,-0.0481,0.0696,5.9443,1.9996
170.807,-2.9195,1.7034,-0.0481,0.0615,5.962,1.9997
170.857,-2.8985,1.7024,-0.0481,0.0491,5.9893,1.9998
170.907,-2.8776,1.7014,-0.0481,0.0428,6.003,1.9998
170.958,-2.8461,1.6999,-0.0481,0.0303,6.0302,2.0
171.008,-2.8251,1.6988,-0.0481,0.0179,6.0575,2.0001
171.058,-2.7936,1.6973,-0.0481,0.0072,6.0807,2.0002
171.108,-2.7727,1.6963,-0.0481,-0.0009,6.0984,2.0003
171.159,-2.7517,1.6953,-0.0481,-0.0134,6.1257,2.0004
171.209,-2.7202,1.6938,-0.0481,-0.0215,6.1434,2.0004
171.259,-2.6993,1.6928,-0.0481,-0.0321,6.1666,2.0005
171.31,-2.6678,1.6913,-0.0481,-0.0446,6.1939,2.0006
171.36,-2.6468,1.6903,-0.0481,-0.0552,6.2171,2.0008
171.41,-2.6258,1.6892,-0.0481,-0.0678,6.2443,2.0009
171.46,-2.5944,1.6877,-0.0481,-0.0759,6.2621,2.001
171.51,-2.5734,1.6867,-0.0481,-0.0884,6.2893,2.0011
171.561,-2.5419,1.6852,-0.0481,-0.0959,6.3057,2.0012
171.611,-2.521,1.6842,-0.0481,-0.109,6.3343,2.0013
171.661,-2.5,1.6832,-0.0481,-0.1178,6.3534,2.0013
171.712,-2.4685,1.6817,-0.0481,-0.1303,6.3807,2.0015
171.762,-2.4476,1.6807,-0.0481,-0.1385,6.3984,2.0016
171.812,-2.4266,1.6797,-0.0481,-0.151,6.4256,2.0017
171.862,-2.3951,1.6781,-0.0481,-0.1573,6.4393,2.0018
171.913,-2.3741,1.6771,-0.0481,-0.1704,6.4679,2.0019
171.963,-2.3427,1.6756,-0.0481,-0.1805,6.4897,2.002
172.013,-2.3217,1.6746,-0.0481,-0.193,6.5169,2.0021
172.064,-2.3007,1.6736,-0.0481,-0.2012,6.5347,2.0022
172.114,-2.2693,1.6721,-0.0481,-0.2137,6.5619,2.0023
172.165,-2.2483,1.6711,-0.0481,-0.22,6.5755,2.0023
172.215,-2.2168,1.6696,-0.0481,-0.2325,6.6028,2.0025
172.265,-2.1958,1.6686,-0.0481,-0.2432,6.6259,2.0025
172.315,-2.1749,1.6675,-0.0481,-0.2557,6.6532,2.0026
172.365,-2.1434,1.666,-0.0481,-0.2639,6.6709,2.0027
172.416,-2.1224,1.665,-0.0481,-0.2765,6.6981,2.0028
172.466,-2.091,1.6635,-0.0481,-0.2846,6.7159,2.0029
172.516,-2.07,1.6625,-0.0481,-0.2953,6.739,2.003
172.566,-2.049,1.6615,-0.0481,-0.306,6.7622,2.003
172.617,-2.0175,1.66,-0.0481,-0.3186,6.7894,2.0031
172.667,-1.9966,1.659,-0.0481,-0.3267,6.8071,2.0032
172.717,-1.9651,1.6574,-0.0481,-0.3393,6.8344,2.0033
172.768,-1.9441,1.6564,-0.0481,-0.3462,6.8493,2.0034
172.818,-1.9232,1.6554,-0.0481,-0.3594,6.8779,2.0035
172.868,-1.8917,1.6539,-0.0481,-0.3689,6.8984,2.0036
172.918,-1.8707,1.6529,-0.0481,-0.3815,6.9256,2.0037
172.969,-1.8393,1.6514,-0.0481,-0.3896,6.9433,2.0038
173.019,-1.8183,1.6504,-0.0481,-0.4022,6.9705,2.0039
173.069,-1.7973,1.6494,-0.0481,-0.4148,6.9977,2.004
173.119,-1.7658,1.6479,-0.0481,-0.4211,7.0114,2.0041
173.169,-1.7449,1.6468,-0.0481,-0.4343,7.04,2.0043
173.22,-1.7239,1.6458,-0.0481,-0.4444,7.0617,2.0043
173.27,-1.6924,1.6443,-0.0481,-0.4526,7.0794,2.0044
173.32,-1.6714,1.6433,-0.0481,-0.4652,7.1067,2.0045
173.371,-1.64,1.6418,-0.0481,-0.4778,7.1339,2.0046
173.421,-1.619,1.6408,-0.0481,-0.4841,7.1475,2.0047
173.471,-1.598,1.6398,-0.0481,-0.4967,7.1747,2.0048
173.521,-1.5666,1.6383,-0.0481,-0.5075,7.1978,2.0048
173.571,-1.5456,1.6373,-0.0481,-0.5201,7.2251,2.005
173.622,-1.5141,1.6357,-0.0481,-0.5283,7.2427,2.0051
173.672,-1.4932,1.6347,-0.0481,-0.5409,7.27,2.0052
173.722,-1.4722,1.6337,-0.0481,-0.5491,7.2877,2.0053
173.773,-1.4407,1.6322,-0.0481,-0.5599,7.3108,2.0054
173.823,-1.4197,1.6312,-0.0481,-0.5706,7.3339,2.0055
173.873,-1.3883,1.6297,-0.0481,-0.5832,7.3611,2.0056
173.923,-1.3673,1.6287,-0.0481,-0.5914,7.3788,2.0057
173.974,-1.3463,1.6277,-0.0481,-0.6041,7.406,2.0058
174.024,-1.3149,1.6261,-0.0481,-0.611,7.421,2.0058
174.074,-1.2939,1.6251,-0.0481,-0.6243,7.4495,2.006
174.125,-1.2624,1.6236,-0.0481,-0.6338,7.4699,2.0061
174.175,-1.2414,1.6226,-0.0481,-0.6464,7.4971,2.0062
174.225,-1.2205,1.6216,-0.0481,-0.6547,7.5148,2.0063
174.275,-1.189,1.6201,-0.0481,-0.6673,7.542,2.0064
174.326,-1.168,1.6191,-0.0481,-0.6737,7.5556,2.0064
174.376,-1.1366,1.6176,-0.0481,-0.6863,7.5828,2.0065
174.427,-1.1156,1.6166,-0.0481,-0.6971,7.6059,2.0066
174.477,-1.0946,1.6155,-0.0481,-0.7098,7.6331,2.0067
174.528,-1.0632,1.614,-0.0481,-0.718,7.6508,2.0068
174.578,-1.0422,1.613,-0.0481,-0.7307,7.678,2.0069
174.628,-1.0107,1.6115,-0.0481,-0.737,7.6916,2.007
174.678,-0.9897,1.6105,-0.0481,-0.7497,7.7188,2.0071
174.728,-0.9688,1.6095,-0.0481,-0.7623,7.746,2.0072
174.779,-0.9373,1.608,-0.0481,-0.7731,7.7691,2.0072
174.829,-0.9163,1.607,-0.0481,-0.7814,7.7868,2.0073
174.879,-0.8953,1.606,-0.0481,-0.7941,7.8139,2.0074
174.93,-0.8639,1.6044,-0.0481,-0.8017,7.8303,2.0075
174.98,-0.8429,1.6034,-0.0481,-0.815,7.8588,2.0076
175.03,-0.8114,1.6019,-0.0481,-0.8258,7.8819,2.0077
175.08,-0.7905,1.6009,-0.0481,-0.8366,7.905,2.0078
175.131,-0.7695,1.5999,-0.0481,-0.8493,7.9322,2.0079
175.181,-0.738,1.5984,-0.0481,-0.8575,7.9499,2.008
175.231,-0.7171,1.5974,-0.0481,-0.8702,7.977,2.0081
175.281,-0.6856,1.5959,-0.0481,-0.8772,7.992,2.0081
175.332,-0.6646,1.5949,-0.0481,-0.8906,8.0205,2.0082
175.382,-0.6436,1.5938,-0.0481,-0.9001,8.0409,2.0084
175.432,-0.6122,1.5923,-0.0481,-0.9128,8.0681,2.0085
175.483,-0.5912,1.5913,-0.0481,-0.9211,8.0857,2.0085
175.533,-0.5597,1.5898,-0.0481,-0.9338,8.1129,2.0086
175.583,-0.5388,1.5888,-0.0481,-0.9401,8.1265,2.0087
175.634,-0.5178,1.5878,-0.0481,-0.9529,8.1537,2.0088
175.684,-0.4863,1.5863,-0.0481,-0.9637,8.1767,2.0089
175.734,-0.4653,1.5853,-0.0481,-0.9764,8.2039,2.0091
175.785,-0.4339,1.5837,-0.0481,-0.9847,8.2216,2.0091
175.835,-0.4129,1.5827,-0.0481,-0.9974,8.2487,2.0093
175.885,-0.3919,1.5817,-0.0481,-1.0038,8.2623,2.0093
175.935,-0.3605,1.5802,-0.0481,-1.0165,8.2895,2.0095
175.986,-0.3395,1.5792,-0.0481,-1.0274,8.3126,2.0096
176.036,-0.308,1.5777,-0.0481,-1.0401,8.3397,2.0097
176.086,-0.2871,1.5767,-0.0481,-1.0484,8.3574,2.0098
176.136,-0.2661,1.5757,-0.0481,-1.0611,8.3845,2.0099
176.187,-0.2346,1.5742,-0.0481,-1.0688,8.4008,2.0099
176.237,-0.2136,1.5731,-0.0481,-1.0822,8.4293,2.01
176.287,-0.1822,1.5716,-0.0481,-1.0911,8.4483,2.0101
176.338,-0.1612,1.5706,-0.0481,-1.1039,8.4755,2.0102
176.388,-0.1402,1.5696,-0.0481,-1.1122,8.4931,2.0103
176.438,-0.1088,1.5681,-0.0481,-1.1249,8.5203,2.0104
176.488,-0.0878,1.5671,-0.0481,-1.1313,8.5339,2.0104
176.538,-0.0563,1.5656,-0.0481,-1.1447,8.5624,2.0106
176.589,-0.0353,1.5646,-0.0481,-1.1581,8.5909,2.0107
176.639,-0.0144,1.5636,-0.0481,-1.1677,8.6112,2.0108
176.689,0.0171,1.562,-0.0481,-1.176,8.6289,2.0109
176.739,0.0381,1.561,-0.0481,-1.1888,8.656,2.011
176.79,0.059,1.56,-0.0481,-1.2016,8.6831,2.0111
176.84,0.0905,1.5585,-0.0481,-1.208,8.6967,2.0112
176.89,0.1115,1.5575,-0.0481,-1.2208,8.7238,2.0113
176.941,0.1429,1.556,-0.0481,-1.2317,8.7469,2.0115
176.991,0.1639,1.555,-0.0481,-1.24,8.7645,2.0115
177.041,0.1849,1.554,-0.0481,-1.2528,8.7917,2.0116
177.091,0.2164,1.5524,-0.0481,-1.2656,8.8188,2.0117
177.142,0.2373,1.5514,-0.0481,-1.272,8.8324,2.0118
177.192,0.2688,1.5499,-0.0481,-1.2848,8.8595,2.0119
177.242,0.2898,1.5489,-0.0481,-1.2957,8.8826,2.012
177.292,0.3108,1.5479,-0.0481,-1.3085,8.9097,2.0121
177.343,0.3422,1.5464,-0.0481,-1.3168,8.9273,2.0121
177.393,0.3632,1.5454,-0.0481,-1.3296,8.9545,2.0122
177.443,0.3947,1.5439,-0.0481,-1.3373,8.9707,2.0123
177.494,0.4156,1.5429,-0.0481,-1.3508,8.9992,2.0124
177.544,0.4366,1.5418,-0.0481,-1.3598,9.0182,2.0125
177.594,0.4681,1.5403,-0.0481,-1.3726,9.0453,2.0126
177.644,0.489,1.5393,-0.0481,-1.3809,9.0629,2.0127
177.695,0.5205,1.5378,-0.0481,-1.3938,9.0901,2.0128
177.745,0.5415,1.5368,-0.0481,-1.4002,9.1036,2.0129
177.795,0.5625,1.5358,-0.0481,-1.4136,9.1321,2.013
177.845,0.5939,1.5343,-0.0481,-1.4239,9.1538,2.0131
177.896,0.6149,1.5333,-0.0481,-1.4368,9.1809,2.0133
177.946,0.6464,1.5317,-0.0481,-1.4451,9.1985,2.0133
177.996,0.6673,1.5307,-0.0481,-1.458,9.2256,2.0134
178.046,0.6883,1.5297,-0.0481,-1.4644,9.2392,2.0135
178.097,0.7198,1.5282,-0.0481,-1.4772,9.2663,2.0136
178.147,0.7408,1.5272,-0.0481,-1.4882,9.2893,2.0137
178.197,0.7722,1.5257,-0.0481,-1.501,9.3164,2.0138
178.247,0.7932,1.5247,-0.0481,-1.5094,9.334,2.0138
178.297,0.8142,1.5237,-0.0481,-1.5222,9.3611,2.014
178.348,0.8456,1.5222,-0.0481,-1.5306,9.3788,2.014
178.398,0.8666,1.5211,-0.0481,-1.5415,9.4018,2.0141
178.448,0.8876,1.5201,-0.0481,-1.5525,9.4248,2.0142
178.498,0.9191,1.5186,-0.0481,-1.5654,9.4519,2.0143
178.549,0.94,1.5176,-0.0481,-1.5737,9.4695,2.0144
178.599,0.9715,1.5161,-0.0481,-1.5866,9.4966,2.0145
178.649,0.9925,1.5151,-0.0481,-1.5937,9.5115,2.0146
178.699,1.0134,1.5141,-0.0481,-1.6072,9.54,2.0147
178.75,1.0449,1.5126,-0.0481,-1.6207,9.5684,2.0148
178.8,1.0659,1.5116,-0.0481,-1.6298,9.5874,2.0149
178.85,1.0973,1.51,-0.0481,-1.6427,9.6145,2.015
178.901,1.1183,1.509,-0.0481,-1.651,9.6321,2.0151
178.951,1.1393,1.508,-0.0481,-1.6639,9.6592,2.0152
179.001,1.1708,1.5065,-0.0481,-1.6704,9.6727,2.0152
179.052,1.1917,1.5055,-0.0481,-1.6839,9.7012,2.0154
179.102,1.2232,1.504,-0.0481,-1.6942,9.7228,2.0155
179.153,1.2442,1.503,-0.0481,-1.7071,9.7499,2.0156
179.203,1.2652,1.502,-0.0481,-1.7155,9.7675,2.0157
179.253,1.2966,1.5005,-0.0481,-1.7285,9.7946,2.0158
179.303,1.3176,1.4994,-0.0481,-1.7349,9.8081,2.0158
179.354,1.3491,1.4979,-0.0481,-1.7478,9.8352,2.016
179.404,1.37,1.4969,-0.0481,-1.7588,9.8582,2.0161
179.454,1.391,1.4959,-0.0481,-1.7717,9.8853,2.0161
179.504,1.4225,1.4944,-0.0481,-1.7801,9.9029,2.0162
179.555,1.4434,1.4934,-0.0481,-1.7931,9.93,2.0163
179.605,1.4749,1.4919,-0.0481,-1.8015,9.9476,2.0164
179.655,1.4959,1.4909,-0.0481,-1.8124,9.9706,2.0164
179.705,1.5169,1.4899,-0.0481,-1.8234,9.9936,2.0165
179.756,1.5483,1.4883,-0.0481,-1.8364,10.0207,2.0166
179.806,1.5693,1.4873,-0.0481,-1.8448,10.0382,2.0167
179.856,1.6008,1.4858,-0.0481,-1.8577,10.0653,2.0168
179.906,1.6217,1.4848,-0.0481,-1.8648,10.0802,2.0169
179.957,1.6427,1.4838,-0.0481,-1.8784,10.1086,2.017
180.007,1.6742,1.4823,-0.0481,-1.8881,10.1289,2.0171
180.057,1.6952,1.4813,-0.0481,-1.9011,10.156,2.0172
180.108,1.7161,1.4803,-0.0481,-1.9095,10.1736,2.0173
180.158,1.7476,1.4787,-0.0481,-1.9225,10.2006,2.0174
180.208,1.7686,1.4777,-0.0481,-1.929,10.2141,2.0175
180.258,1.8,1.4762,-0.0481,-1.9419,10.2412,2.0176
180.309,1.821,1.4752,-0.0481,-1.9529,10.2642,2.0177
180.359,1.842,1.4742,-0.0481,-1.9659,10.2913,2.0178
180.409,1.8734,1.4727,-0.0481,-1.9743,10.3088,2.0179
180.459,1.8944,1.4717,-0.0481,-1.9873,10.3359,2.018
180.51,1.9259,1.4702,-0.0481,-1.9938,10.3494,2.0181
180.56,1.9469,1.4692,-0.0481,-2.0068,10.3765,2.0182
180.61,1.9678,1.4681,-0.0481,-2.0197,10.4035,2.0183
180.66,1.9993,1.4666,-0.0481,-2.0308,10.4265,2.0184
180.711,2.0203,1.4656,-0.0481,-2.0438,10.4535,2.0185
180.761,2.0517,1.4641,-0.0481,-2.0522,10.4711,2.0186
180.812,2.0727,1.4631,-0.0481,-2.0652,10.4982,2.0187
180.862,2.0937,1.4621,-0.0481,-2.0736,10.5157,2.0188
180.912,2.1252,1.4606,-0.0481,-2.0847,10.5387,2.0189
180.962,2.1461,1.4596,-0.0481,-2.0957,10.5617,2.0189
181.013,2.1776,1.458,-0.0481,-2.1087,10.5887,2.019
181.063,2.1986,1.457,-0.0481,-2.1172,10.6063,2.0191
181.113,2.2195,1.456,-0.0481,-2.1302,10.6333,2.0193
181.163,2.251,1.4545,-0.0481,-2.1374,10.6482,2.0193
181.214,2.272,1.4535,-0.0481,-2.151,10.6766,2.0195
181.264,2.3034,1.452,-0.0481,-2.1608,10.6969,2.0195
181.314,2.3244,1.451,-0.0481,-2.1738,10.7239,2.0197
181.365,2.3454,1.45,-0.0481,-2.1823,10.7415,2.0197
181.415,2.3769,1.4485,-0.0481,-2.1953,10.7685,2.0198
181.465,2.3978,1.4474,-0.0481,-2.2018,10.782,2.0199
181.515,2.4293,1.4459,-0.0481,-2.2148,10.809,2.02
181.566,2.4503,1.4449,-0.0481,-2.2259,10.832,2.0201
181.616,2.4713,1.4439,-0.0481,-2.2389,10.859,2.0202
181.666,2.5027,1.4424,-0.0481,-2.2474,10.8766,2.0203
181.716,2.5237,1.4414,-0.0481,-2.2604,10.9036,2.0204
181.767,2.5447,1.4404,-0.0481,-2.2669,10.9171,2.0205
181.817,2.5761,1.4389,-0.0481,-2.28,10.9441,2.0206
181.867,2.5971,1.4379,-0.0481,-2.2911,10.9671,2.0207
181.917,2.6286,1.4363,-0.0481,-2.3041,10.9941,2.0209
181.968,2.6495,1.4353,-0.0481,-2.3126,11.0117,2.0209
182.018,2.6705,1.4343,-0.0481,-2.3257,11.0387,2.021
182.068,2.702,1.4328,-0.0481,-2.3335,11.0549,2.0211
182.118,2.723,1.4318,-0.0481,-2.3472,11.0832,2.0212
182.169,2.7544,1.4303,-0.0481,-2.3564,11.1021,2.0213
182.219,2.7754,1.4293,-0.0481,-2.3694,11.1292,2.0214
182.269,2.7964,1.4283,-0.0481,-2.3779,11.1467,2.0215
182.32,2.8278,1.4268,-0.0481,-2.391,11.1737,2.0216
182.37,2.8488,1.4257,-0.0481,-2.404,11.2007,2.0217
182.42,2.8803,1.4242,-0.0481,-2.4112,11.2156,2.0218
182.47,2.9013,1.4232,-0.0481,-2.425,11.2439,2.0219
182.521,2.9222,1.4222,-0.0481,-2.4348,11.2642,2.022
182.571,2.9537,1.4207,-0.0481,-2.4479,11.2912,2.0221
182.621,2.9747,1.4197,-0.0481,-2.4564,11.3087,2.0222
182.671,3.0061,1.4182,-0.0481,-2.4695,11.3357,2.0224
182.722,3.0271,1.4172,-0.0481,-2.476,11.3492,2.0224
182.772,3.0481,1.4161,-0.0481,-2.4891,11.3762,2.0225
182.822,3.0795,1.4146,-0.0481,-2.5002,11.3991,2.0226
182.872,3.1005,1.4136,-0.0481,-2.5133,11.4261,2.0227
182.923,3.1215,1.4126,-0.0481,-2.5218,11.4437,2.0228
182.973,3.153,1.4111,-0.0481,-2.535,11.4706,2.0229
183.023,3.1739,1.4101,-0.0481,-2.5415,11.4841,2.0229
183.074,3.2054,1.4086,-0.0481,-2.5546,11.5111,2.0231
183.124,3.2264,1.4076,-0.0481,-2.5658,11.5341,2.0232
183.174,3.2578,1.4061,-0.0481,-2.5789,11.561,2.0233
183.224,3.2788,1.405,-0.0481,-2.5874,11.5786,2.0233
183.275,3.2998,1.404,-0.0481,-2.6005,11.6056,2.0234
183.326,3.3313,1.4025,-0.0481,-2.6084,11.6217,2.0235
183.376,3.3522,1.4015,-0.0481,-2.6222,11.6501,2.0237
183.427,3.3837,1.4,-0.0481,-2.6314,11.669,2.0238
183.477,3.4047,1.399,-0.0481,-2.6445,11.6959,2.0239
183.527,3.4256,1.398,-0.0481,-2.653,11.7135,2.024
183.577,3.4571,1.3965,-0.0481,-2.6662,11.7404,2.0241
183.628,3.4781,1.3955,-0.0481,-2.6727,11.7539,2.0241
183.678,3.4991,1.3944,-0.0481,-2.6865,11.7822,2.0243
183.728,3.5305,1.3929,-0.0481,-2.7003,11.8105,2.0244
183.778,3.5515,1.3919,-0.0481,-2.7102,11.8308,2.0245
183.829,3.583,1.3904,-0.0481,-2.7187,11.8483,2.0245
183.879,3.6039,1.3894,-0.0481,-2.7319,11.8753,2.0246
183.929,3.6249,1.3884,-0.0481,-2.745,11.9022,2.0247
183.98,3.6564,1.3869,-0.0481,-2.7516,11.9157,2.0248
184.03,3.6774,1.3859,-0.0481,-2.7648,11.9427,2.0249
184.08,3.7088,1.3843,-0.0481,-2.776,11.9656,2.025
184.13,3.7298,1.3833,-0.0481,-2.7891,11.9925,2.0251
184.181,3.7508,1.3823,-0.0481,-2.7977,12.0101,2.0252
184.231,3.7822,1.3808,-0.0481,-2.8109,12.037,2.0253
184.281,3.8032,1.3798,-0.0481,-2.8174,12.0505,2.0254
184.331,3.8347,1.3783,-0.0481,-2.8306,12.0774,2.0255
184.382,3.8557,1.3773,-0.0481,-2.8418,12.1004,2.0256
184.432,3.8766,1.3763,-0.0481,-2.855,12.1273,2.0258
184.482,3.9081,1.3748,-0.0481,-2.8636,12.1448,2.0258
184.532,3.9291,1.3737,-0.0481,-2.8768,12.1718,2.026
184.583,3.9605,1.3722,-0.0481,-2.8847,12.1879,2.026
184.633,3.9815,1.3712,-0.0481,-2.8985,12.2162,2.0262
184.683,4.0025,1.3702,-0.0481,-2.9078,12.2351,2.0262
184.734,4.0339,1.3687,-0.0481,-2.921,12.262,2.0264
184.784,4.0549,1.3677,-0.0481,-2.9295,12.2795,2.0264
184.834,4.0864,1.3662,-0.0481,-2.9427,12.3065,2.0265
184.884,4.1074,1.3652,-0.0481,-2.9493,12.3199,2.0266
184.935,4.1283,1.3642,-0.0481,-2.9632,12.3482,2.0268
184.985,4.1598,1.3626,-0.0481,-2.9738,12.3698,2.0268
185.035,4.1808,1.3616,-0.0481,-2.987,12.3967,2.0269
185.086,4.2122,1.3601,-0.0481,-2.9956,12.4142,2.027
185.136,4.2332,1.3591,-0.0481,-3.0088,12.4411,2.0271
185.186,4.2542,1.3581,-0.0481,-3.0154,12.4546,2.0272
185.236,4.2857,1.3566,-0.0481,-3.0286,12.4815,2.0273
185.287,4.3066,1.3556,-0.0481,-3.0399,12.5044,2.0274
185.337,4.3381,1.3541,-0.0481,-3.0531,12.5314,2.0276
185.387,4.3591,1.353,-0.0481,-3.0617,12.5489,2.0276
185.438,4.38,1.352,-0.0481,-3.0749,12.5758,2.0278
185.488,4.4115,1.3505,-0.0481,-3.0835,12.5933,2.0278
185.538,4.4325,1.3495,-0.0481,-3.0948,12.6162,2.0279
185.588,4.4535,1.3485,-0.0481,-3.106,12.639,2.028
185.639,4.4849,1.347,-0.0481,-3.1193,12.666,2.0281
185.689,4.5059,1.346,-0.0481,-3.1279,12.6835,2.0282
185.739,4.5374,1.3445,-0.0481,-3.1412,12.7104,2.0283
185.79,4.5583,1.3435,-0.0481,-3.1544,12.7373,2.0285
185.84,4.5793,1.3424,-0.0481,-3.1624,12.7534,2.0286
185.89,4.6108,1.3409,-0.0481,-3.1763,12.7817,2.0287
185.94,4.6318,1.3399,-0.0481,-3.1856,12.8005,2.0288
185.991,4.6632,1.3384,-0.0481,-3.1942,12.818,2.0288
186.041,4.6842,1.3374,-0.0481,-3.2075,12.8449,2.029
186.091,4.7052,1.3364,-0.0481,-3.2207,12.8718,2.0291
186.141,4.7366,1.3349,-0.0481,-3.2274,12.8853,2.0291
186.192,4.7576,1.3339,-0.0481,-3.2413,12.9135,2.0293
186.242,4.7891,1.3324,-0.0481,-3.2519,12.935,2.0294
186.292,4.81,1.3313,-0.0481,-3.2652,12.9619,2.0295
186.342,4.831,1.3303,-0.0481,-3.2738,12.9794,2.0296
186.392,4.8625,1.3288,-0.0481,-3.2871,13.0063,2.0297
186.443,4.8835,1.3278,-0.0481,-3.2938,13.0198,2.0297
186.493,4.9149,1.3263,-0.0481,-3.3071,13.0467,2.0298
186.543,4.9359,1.3253,-0.0481,-3.3184,13.0695,2.0299
186.594,4.9569,1.3243,-0.0481,-3.3317,13.0964,2.03
186.644,4.9883,1.3228,-0.0481,-3.3403,13.1139,2.0301
186.694,5.0093,1.3218,-0.0481,-3.3536,13.1408,2.0302
186.744,5.0408,1.3202,-0.0481,-3.3623,13.1583,2.0303
186.795,5.0618,1.3192,-0.0481,-3.3736,13.1811,2.0304
186.845,5.0827,1.3182,-0.0481,-3.3849,13.204,2.0305
186.895,5.1142,1.3167,-0.0481,-3.3982,13.2309,2.0306
186.945,5.1352,1.3157,-0.0481,-3.4068,13.2483,2.0307
186.996,5.1561,1.3147,-0.0481,-3.4202,13.2752,2.0308
187.046,5.1876,1.3132,-0.0481,-3.4275,13.29,2.0309
187.096,5.2086,1.3122,-0.0481,-3.4415,13.3182,2.031
187.146,5.24,1.3106,-0.0481,-3.4515,13.3384,2.0311
187.197,5.261,1.3096,-0.0481,-3.4648,13.3653,2.0312
187.247,5.282,1.3086,-0.0481,-3.4735,13.3827,2.0312
187.297,5.3135,1.3071,-0.0481,-3.4868,13.4096,2.0314
187.347,5.3344,1.3061,-0.0481,-3.4935,13.423,2.0314
187.398,5.3659,1.3046,-0.0481,-3.5068,13.4499,2.0315
187.448,5.3869,1.3036,-0.0481,-3.5181,13.4728,2.0316
187.498,5.4079,1.3026,-0.0481,-3.5315,13.4996,2.0317
187.549,5.4378,1.3013,-0.0479,-3.5401,13.5171,2.032
187.599,5.449,1.3008,-0.0431,-3.5536,13.5439,2.0426
187.649,5.4592,1.3005,-0.0126,-3.5522,13.541,2.058
187.7,5.4654,1.3005,0.0101,-3.5551,13.5459,2.0904
187.75,5.4715,1.3006,0.033,-3.5597,13.5536,2.1234
187.8,5.4805,1.3011,0.068,-3.5638,13.5601,2.1519
187.85,5.4864,1.3016,0.0917,-3.5689,13.5676,2.1861
187.901,5.4951,1.3025,0.1278,-3.5723,13.5724,2.2085
187.951,5.5009,1.3033,0.152,-3.5778,13.5795,2.2432
188.001,5.5066,1.3042,0.1762,-3.5814,13.5841,2.2658
188.051,5.515,1.3059,0.2128,-3.5864,13.5899,2.2955
188.102,5.5206,1.3072,0.2373,-3.5914,13.5955,2.3255
188.152,5.5289,1.3093,0.2744,-3.5977,13.602,2.3611
188.202,5.5345,1.3109,0.2996,-3.6019,13.6061,2.3845
188.252,5.5401,1.3126,0.325,-3.6085,13.6122,2.4211
188.303,5.5485,1.3155,0.3639,-3.6123,13.6155,2.4416
188.353,5.5542,1.3176,0.3904,-3.6196,13.6214,2.4816
188.403,5.563,1.3211,0.4312,-3.625,13.6255,2.5109
188.453,5.5688,1.3238,0.4591,-3.6323,13.6307,2.551
188.504,5.5746,1.3265,0.4873,-3.6371,13.6339,2.5773
188.554,5.5831,1.331,0.53,-3.6448,13.6386,2.618
188.604,5.5885,1.3343,0.5587,-3.6488,13.6408,2.6386
188.655,5.5938,1.3377,0.5877,-3.6568,13.6451,2.6801
188.705,5.6018,1.3432,0.6312,-3.6638,13.6485,2.7153
188.755,5.6073,1.3473,0.6599,-3.6731,13.6525,2.7561
188.805,5.6161,1.3544,0.702,-3.6797,13.6552,2.7821
188.856,5.6221,1.3596,0.7297,-3.6908,13.6592,2.8215
188.906,5.6283,1.3653,0.7566,-3.6967,13.6611,2.8408
188.956,5.6377,1.3745,0.7956,-3.7094,13.6649,2.8779
189.006,5.644,1.381,0.8208,-3.7207,13.6678,2.9087
189.057,5.6537,1.3919,0.8586,-3.7354,13.6711,2.9448
189.107,5.6603,1.3997,0.8838,-3.7453,13.6731,2.9682
189.157,5.667,1.408,0.909,-3.7616,13.6757,3.0044
189.207,5.6771,1.4215,0.9468,-3.7717,13.677,3.0261
189.258,5.6837,1.431,0.972,-3.7902,13.6789,3.064
189.308,5.6938,1.4464,1.0098,-3.8031,13.6798,3.0893
189.358,5.7005,1.4573,1.035,-3.8221,13.6805,3.1254
189.408,5.7071,1.4687,1.0602,-3.8352,13.6807,-3.1344
189.458,5.7169,1.4869,1.0974,-3.8559,13.6802,-3.0991
189.509,5.7233,1.4997,1.1206,-3.8666,13.6797,-3.0823
189.559,5.7328,1.5202,1.1522,-3.8897,13.6781,-3.0503
189.609,5.739,1.5345,1.1721,-3.9135,13.6756,-3.0208
189.659,5.7453,1.5494,1.191,-3.931,13.6733,-3.0007
189.71,5.7543,1.5728,1.2183,-3.9547,13.6697,-2.9749
189.76,5.7601,1.5889,1.2353,-3.9703,13.667,-2.9599
189.81,5.7685,1.6139,1.258,-3.995,13.6623,-2.9386
189.861,5.7739,1.6309,1.2717,-4.0075,13.6596,-2.9291
189.911,5.7792,1.6483,1.2842,-4.0328,13.654,-2.9112
189.961,5.7868,1.6749,1.3013,-4.0546,13.6488,-2.8975
190.011,5.7916,1.6929,1.3115,-4.0804,13.6422,-2.8834
190.062,5.7964,1.7112,1.3208,-4.0974,13.6376,-2.875
190.113,5.8033,1.739,1.3334,-4.1237,13.6303,-2.8633
190.163,5.8078,1.7578,1.341,-4.1368,13.6265,-2.8579
190.213,5.8143,1.7861,1.3508,-4.1634,13.6186,-2.8484
190.264,5.8186,1.8051,1.3563,-4.1861,13.6117,-2.8417
190.314,5.8227,1.8242,1.3613,-4.213,13.6033,-2.8346
190.364,5.8287,1.8531,1.3683,-4.2305,13.5977,-2.8303
190.414,5.8327,1.8724,1.3726,-4.2576,13.5889,-2.8242
190.465,5.8384,1.9017,1.3784,-4.2738,13.5836,-2.8208
190.515,5.8422,1.9213,1.3819,-4.3024,13.574,-2.8154
190.565,5.846,1.941,1.3852,-4.3215,13.5675,-2.8121
190.616,5.8515,1.9707,1.3898,-4.3488,13.5581,-2.8077
190.666,5.8551,1.9905,1.3926,-4.3666,13.5519,-2.8051
190.716,5.8604,2.0205,1.3965,-4.394,13.5423,-2.8012
190.766,5.8639,2.0405,1.3992,-4.4077,13.5374,-2.7992
190.817,5.8674,2.0607,1.4017,-4.4365,13.5271,-2.7954
190.867,5.8725,2.091,1.4051,-4.4585,13.5191,-2.7928
190.917,5.8759,2.1113,1.4072,-4.4861,13.509,-2.7898
190.967,5.8809,2.1417,1.4099,-4.504,13.5024,-2.788
191.018,5.8841,2.1621,1.4116,-4.5317,13.4922,-2.7856
191.068,5.8874,2.1825,1.4131,-4.5455,13.4871,-2.7844
191.118,5.8923,2.2131,1.4151,-4.5732,13.4767,-2.7824
191.168,5.8955,2.2336,1.4164,-4.6009,13.4663,-2.7805
191.218,5.9002,2.2644,1.4179,-4.6244,13.4573,-2.7792
191.269,5.9034,2.285,1.4188,-4.6425,13.4505,-2.7784
191.319,5.9065,2.3055,1.4196,-4.6702,13.4399,-2.7772
191.369,5.9112,2.3364,1.4206,-4.698,13.4293,-2.7761
191.419,5.9143,2.357,1.4212,-4.7119,13.424,-2.7756
191.47,5.919,2.3879,1.4221,-4.7397,13.4133,-2.7747
191.52,5.922,2.4085,1.4226,-4.7633,13.4042,-2.7739
191.57,5.9251,2.4291,1.4232,-4.7911,13.3935,-2.7729
191.62,5.9297,2.46,1.424,-4.8092,13.3865,-2.7724
191.671,5.9328,2.4807,1.4244,-4.837,13.3758,-2.7716
191.721,5.9358,2.5013,1.4249,-4.8537,13.3693,-2.7711
191.771,5.9403,2.5323,1.4255,-4.8829,13.3579,-2.7704
191.821,5.9434,2.553,1.4259,-4.9023,13.3503,-2.77
191.872,5.9479,2.584,1.4264,-4.9302,13.3395,-2.7693
191.922,5.9509,2.6047,1.4268,-4.9483,13.3324,-2.7689
191.972,5.9539,2.6254,1.4271,-4.9761,13.3215,-2.7683
192.022,5.9584,2.6565,1.4276,-4.99,13.3161,-2.768
192.073,5.9614,2.6772,1.4278,-5.0193,13.3046,-2.7675
192.123,5.9658,2.7083,1.4282,-5.0416,13.2958,-2.7671
192.173,5.9688,2.7291,1.4284,-5.0694,13.2849,-2.7667
192.224,5.9718,2.7498,1.4286,-5.0875,13.2778,-2.7665
192.274,5.9762,2.7809,1.4289,-5.1154,13.2668,-2.7661
192.324,5.9792,2.8017,1.4291,-5.1293,13.2613,-2.766
192.375,5.9836,2.8328,1.4292,-5.1572,13.2503,-2.7657
192.426,5.9866,2.8536,1.4294,-5.1809,13.241,-2.7654
192.476,5.9895,2.8743,1.4295,-5.2087,13.2299,-2.7651
192.526,5.994,2.9055,1.4296,-5.2268,13.2228,-2.765
192.577,5.9969,2.9263,1.4297,-5.2547,13.2118,-2.7647
192.627,6.0013,2.9574,1.4298,-5.2728,13.2046,-2.7646
192.677,6.0043,2.9782,1.4299,-5.2965,13.1952,-2.7644
192.727,6.0072,2.9989,1.43,-5.3202,13.1858,-2.7643
192.778,6.0117,3.0301,1.4301,-5.348,13.1748,-2.7641
192.828,6.0146,3.0509,1.4301,-5.3662,13.1676,-2.7639
192.878,6.019,3.082,1.4302,-5.394,13.1565,-2.7638
192.928,6.0219,3.1028,1.4303,-5.4093,13.1505,-2.7636
192.979,6.0249,3.1236,1.4303,-5.4386,13.1388,-2.7634
193.029,6.0293,3.1548,1.4304,-5.4678,13.1272,-2.7632
193.079,6.0322,3.1756,1.4305,-5.4874,13.1195,-2.7631
193.129,6.0366,3.2067,1.4305,-5.5152,13.1084,-2.763
193.18,6.0396,3.2275,1.4306,-5.5333,13.1012,-2.7628
193.23,6.0425,3.2483,1.4306,-5.5612,13.0901,-2.7627
193.28,6.0469,3.2795,1.4307,-5.5751,13.0845,-2.7626
193.33,6.0498,3.3003,1.4307,-5.6044,13.0729,-2.7624
193.381,6.0542,3.3314,1.4307,-5.6267,13.064,-2.7622
193.431,6.0572,3.3522,1.4307,-5.6545,13.0529,-2.7621
193.481,6.0601,3.373,1.4308,-5.6726,13.0457,-2.762
193.532,6.0645,3.4042,1.4308,-5.7005,13.0345,-2.7619
193.582,6.0674,3.425,1.4308,-5.7144,13.029,-2.7618
193.632,6.0703,3.4458,1.4308,-5.7423,13.0179,-2.7617
193.682,6.0747,3.477,1.4308,-5.766,13.0084,-2.7616
193.733,6.0777,3.4978,1.4309,-5.7938,12.9973,-2.7615
193.783,6.0821,3.529,1.4309,-5.8119,12.99,-2.7614
193.833,6.085,3.5497,1.4309,-5.8398,12.9789,-2.7613
193.883,6.0879,3.5705,1.4309,-5.8579,12.9717,-2.7612
193.934,6.0923,3.6017,1.4309,-5.8815,12.9622,-2.7611
193.984,6.0952,3.6225,1.4309,-5.9052,12.9527,-2.761
194.034,6.0996,3.6537,1.4309,-5.9331,12.9416,-2.7608
194.084,6.1026,3.6745,1.4309,-5.9512,12.9343,-2.7607
194.135,6.1055,3.6953,1.431,-5.979,12.9232,-2.7606
194.185,6.1099,3.7265,1.431,-5.9943,12.9171,-2.7605
194.235,6.1128,3.7473,1.431,-6.0236,12.9053,-2.7604
194.285,6.1172,3.7785,1.431,-6.0444,12.897,-2.7603
194.336,6.1201,3.7993,1.431,-6.0723,12.8858,-2.7602
194.386,6.123,3.8201,1.431,-6.0904,12.8785,-2.7601
194.436,6.1274,3.8512,1.431,-6.1182,12.8674,-2.76
194.487,6.1304,3.872,1.431,-6.1321,12.8618,-2.7599
194.537,6.1347,3.9032,1.431,-6.16,12.8506,-2.7598
194.587,6.1377,3.924,1.431,-6.1837,12.8411,-2.7597
194.637,6.1406,3.9448,1.431,-6.2115,12.8299,-2.7596
194.687,6.145,3.976,1.431,-6.2296,12.8227,-2.7595
194.738,6.1479,3.9968,1.431,-6.2574,12.8115,-2.7594
194.788,6.1523,4.028,1.431,-6.2713,12.8059,-2.7593
194.838,6.1552,4.0488,1.431,-6.2992,12.7947,-2.7592
194.888,6.1581,4.0696,1.431,-6.327,12.7835,-2.7591
194.939,6.1625,4.1008,1.431,-6.3507,12.774,-2.759
194.989,6.1655,4.1216,1.431,-6.3687,12.7667,-2.7589
195.039,6.1699,4.1528,1.431,-6.3966,12.7555,-2.7588
195.089,6.1728,4.1736,1.431,-6.4244,12.7443,-2.7587
195.14,6.1757,4.1944,1.431,-6.4425,12.737,-2.7586
195.19,6.1801,4.2255,1.431,-6.4661,12.7275,-2.7585
195.24,6.183,4.2463,1.431,-6.4898,12.7179,-2.7584
195.29,6.1859,4.2671,1.431,-6.5176,12.7067,-2.7583
195.341,6.1903,4.2983,1.431,-6.5357,12.6994,-2.7582
195.391,6.1933,4.3191,1.431,-6.5635,12.6882,-2.7581
195.441,6.1976,4.3503,1.431,-6.5788,12.682,-2.758
195.492,6.2006,4.3711,1.431,-6.608,12.6702,-2.7579
195.542,6.2035,4.3919,1.431,-6.6289,12.6618,-2.7578
195.592,6.2079,4.4231,1.4311,-6.6567,12.6506,-2.7577
195.642,6.2108,4.4439,1.4311,-6.6748,12.6433,-2.7576
195.692,6.2152,4.4751,1.4311,-6.7026,12.632,-2.7575
195.743,6.2181,4.4959,1.4311,-6.7165,12.6264,-2.7574
195.793,6.221,4.5167,1.4311,-6.7443,12.6152,-2.7573
195.843,6.2254,4.5479,1.4311,-6.768,12.6056,-2.7572
195.893,6.2284,4.5687,1.4311,-6.7958,12.5944,-2.7571
195.944,6.2327,4.5999,1.4311,-6.8139,12.587,-2.757
195.994,6.2357,4.6207,1.4311,-6.8417,12.5758,-2.757
196.044,6.2386,4.6415,1.4311,-6.8556,12.5702,-2.7569
196.095,6.243,4.6726,1.4311,-6.8834,12.5589,-2.7567
196.145,6.2459,4.6934,1.4311,-6.907,12.5493,-2.7566
196.195,6.2503,4.7246,1.4311,-6.9348,12.5381,-2.7564
196.245,6.2532,4.7454,1.4311,-6.9529,12.5307,-2.7564
196.295,6.2561,4.7662,1.4311,-6.9807,12.5195,-2.7562
196.346,6.2605,4.7974,1.4311,-6.9974,12.5127,-2.7562
196.396,6.2635,4.8182,1.4311,-7.0265,12.5008,-2.7561
196.446,6.2678,4.8494,1.4311,-7.046,12.4929,-2.756
196.496,6.2708,4.8702,1.4311,-7.0738,12.4817,-2.7558
196.547,6.2737,4.891,1.4311,-7.0919,12.4743,-2.7558
196.597,6.2781,4.9222,1.4311,-7.1197,12.463,-2.7556
196.647,6.281,4.943,1.4311,-7.1336,12.4574,-2.7556
196.697,6.2839,4.9638,1.4311,-7.1627,12.4455,-2.7555
196.748,6.2883,4.995,1.4311,-7.1919,12.4337,-2.7554
196.798,6.2912,5.0158,1.4311,-7.2128,12.4252,-2.7553
196.848,6.2956,5.047,1.4311,-7.2308,12.4178,-2.7552
196.899,6.2986,5.0678,1.4311,-7.2586,12.4065,-2.7551
196.949,6.3015,5.0885,1.4311,-7.2725,12.4009,-2.7551
196.999,6.3059,5.1197,1.4311,-7.3003,12.3896,-2.755
197.049,6.3088,5.1405,1.4311,-7.3281,12.3783,-2.7549
197.1,6.3132,5.1717,1.4311,-7.3517,12.3686,-2.7548
197.15,6.3161,5.1925,1.4311,-7.3698,12.3613,-2.7547
197.2,6.319,5.2133,1.4311,-7.3975,12.35,-2.7546
197.25,6.3234,5.2445,1.4311,-7.4253,12.3386,-2.7545
197.3,6.3263,5.2653,1.4311,-7.4392,12.333,-2.7544
197.351,6.3307,5.2965,1.4311,-7.467,12.3216,-2.7543
197.401,6.3337,5.3173,1.4311,-7.4906,12.312,-2.7542
197.451,6.3366,5.3381,1.4311,-7.5184,12.3007,-2.754
197.501,6.341,5.3693,1.4311,-7.5364,12.2933,-2.754
197.552,6.3439,5.3901,1.4311,-7.5642,12.282,-2.7539
197.602,6.3483,5.4213,1.4311,-7.5809,12.2752,-2.7538
197.652,6.3507,5.4409,1.4313,-7.61,12.2632,-2.7527
197.702,6.3521,5.4524,1.4371,-7.6294,12.2552,-2.7417
197.752,6.3533,5.4624,1.469,-7.629,12.255,-2.7088
197.803,6.3539,5.4685,1.4928,-7.6329,12.2531,-2.6864
197.853,6.3546,5.4776,1.5302,-7.6408,12.2491,-2.6504
197.903,6.3548,5.4836,1.5562,-7.6448,12.2469,-2.6318
197.953,6.3548,5.4895,1.5831,-7.653,12.2421,-2.5914
198.003,6.3545,5.4984,1.6243,-7.659,12.2383,-2.5599
198.054,6.3541,5.5045,1.6523,-7.6665,12.2333,-2.5195
198.104,6.3535,5.5107,1.6808,-7.6712,12.2298,-2.4928
198.154,6.3523,5.52,1.7244,-7.6782,12.2243,-2.4511
198.204,6.3512,5.5262,1.7535,-7.6817,12.2214,-2.4303
198.254,6.3493,5.5355,1.7972,-7.6885,12.2154,-2.3887
198.305,6.3478,5.5416,1.8263,-7.6939,12.2101,-2.3533
198.355,6.3462,5.5477,1.8555,-7.7002,12.2037,-2.3116
198.405,6.3433,5.5567,1.8992,-7.7041,12.1993,-2.2846
198.455,6.3412,5.5626,1.9282,-7.7099,12.1924,-2.243
198.505,6.3377,5.5713,1.9716,-7.7135,12.1878,-2.2162
198.556,6.3353,5.577,2.0001,-7.718,12.1816,-2.1814
198.606,6.3326,5.5825,2.0282,-7.7223,12.1754,-2.1473
198.656,6.3285,5.5905,2.0694,-7.7271,12.1678,-2.1083
198.706,6.3257,5.5956,2.096,-7.7301,12.1627,-2.0836
198.757,6.3213,5.6028,2.1345,-7.7344,12.1548,-2.0469
198.807,6.3183,5.6074,2.1597,-7.7366,12.1503,-2.0271
198.857,6.3152,5.612,2.1849,-7.7407,12.1418,-1.9891
198.907,6.3102,5.6187,2.2227,-7.7444,12.1331,-1.9512
198.957,6.3068,5.6231,2.2479,-7.7467,12.1272,-1.926
199.007,6.3015,5.6295,2.2857,-7.7486,12.1218,-1.9025
199.058,6.2976,5.6339,2.3109,-7.7516,12.113,-1.8664
199.108,6.2932,5.6386,2.3361,-7.7545,12.1029,-1.8303
199.158,6.2859,5.6459,2.3739,-7.7559,12.0975,-1.8122
199.208,6.2806,5.6509,2.3991,-7.7587,12.0857,-1.7742
199.258,6.2747,5.6562,2.4243,-7.7606,12.076,-1.7454
199.309,6.2651,5.6643,2.4621,-7.762,12.0677,-1.7219
199.359,6.2581,5.6698,2.4873,-7.7639,12.0541,-1.6858
199.409,6.2467,5.6782,2.5251,-7.7654,12.0397,-1.6496
199.459,6.2384,5.6839,2.5503,-7.766,12.0319,-1.6315
199.509,6.2296,5.6898,2.5758,-7.7668,12.0158,-1.5952
199.56,6.2154,5.6985,2.6141,-7.767,12.0017,-1.564
199.61,6.2054,5.7044,2.64,-7.7666,11.984,-1.5269
199.66,6.189,5.7133,2.679,-7.766,11.972,-1.5026
199.71,6.1774,5.7193,2.7054,-7.7644,11.9529,-1.4648
199.76,6.1652,5.7252,2.7318,-7.7629,11.94,-1.4402
199.811,6.1458,5.7337,2.7711,-7.7605,11.9227,-1.4083
199.861,6.1321,5.739,2.7964,-7.7573,11.905,-1.378
199.911,6.1101,5.7466,2.8313,-7.7528,11.8831,-1.3452
199.961,6.0948,5.7513,2.8524,-7.7493,11.8686,-1.3258
200.011,6.079,5.756,2.8713,-7.7434,11.8456,-1.2995
200.062,6.0547,5.7625,2.8968,-7.7397,11.8328,-1.2863
200.112,6.0381,5.7666,2.9118,-7.7322,11.8079,-1.264
200.162,6.0212,5.7706,2.9248,-7.7264,11.7899,-1.2506
200.212,5.9954,5.7762,2.9423,-7.7182,11.7656,-1.2342
200.262,5.9778,5.7798,2.953,-7.7125,11.7497,-1.2244
200.313,5.951,5.7848,2.9674,-7.7034,11.7249,-1.2108
200.363,5.9328,5.7879,2.9763,-7.6987,11.7125,-1.2044
200.413,5.9144,5.7909,2.9844,-7.6889,11.6874,-1.1927
200.463,5.8865,5.7951,2.9958,-7.6803,11.666,-1.1835
200.513,5.8677,5.7978,3.0028,-7.6698,11.6406,-1.1736
200.564,5.8392,5.8017,3.0124,-7.6629,11.624,-1.1676
200.614,5.8199,5.8041,3.0186,-7.6518,11.5985,-1.1587
200.664,5.8004,5.8065,3.0246,-7.6462,11.5856,-1.1543
200.714,5.771,5.8098,3.033,-7.6347,11.5599,-1.1462
200.765,5.7513,5.8119,3.038,-7.6247,11.538,-1.1401
200.815,5.7214,5.8149,3.0447,-7.6127,11.512,-1.1337
200.865,5.7014,5.8168,3.0487,-7.6048,11.4951,-1.1299
200.915,5.6813,5.8187,3.0524,-7.5924,11.4691,-1.1247
200.965,5.6511,5.8213,3.0574,-7.5849,11.4535,-1.1218
201.016,5.6308,5.823,3.0604,-7.5716,11.426,-1.1173
201.066,5.6003,5.8254,3.0643,-7.5627,11.4077,-1.1146
201.116,5.5799,5.827,3.0667,-7.5497,11.3815,-1.1111
201.166,5.5594,5.8285,3.0689,-7.5413,11.3644,-1.109
201.216,5.5287,5.8307,3.0716,-7.5282,11.3381,-1.1064
201.267,5.5082,5.8321,3.0732,-7.5216,11.325,-1.1052
201.317,5.4877,5.8335,3.0746,-7.5076,11.2974,-1.103
201.367,5.4568,5.8355,3.0765,-7.4936,11.2697,-1.1011
201.417,5.4362,5.8369,3.0775,-7.4836,11.25,-1.0999
201.467,5.4052,5.8388,3.079,-7.4749,11.2328,-1.099
201.518,5.3845,5.8401,3.0799,-7.4614,11.2064,-1.0976
201.568,5.3638,5.8414,3.0807,-7.4546,11.1933,-1.0969
201.618,5.3327,5.8433,3.0819,-7.4411,11.1669,-1.0957
201.668,5.3119,5.8445,3.0827,-7.4275,11.1405,-1.0945
201.718,5.2808,5.8463,3.0839,-7.4159,11.118,-1.0934
201.769,5.26,5.8475,3.0846,-7.407,11.1009,-1.0926
201.819,5.2392,5.8487,3.0854,-7.3933,11.0744,-1.0914
201.869,5.208,5.8504,3.0863,-7.3795,11.048,-1.0905
201.919,5.1871,5.8516,3.0869,-7.3726,11.0348,-1.09
201.969,5.1558,5.8533,3.0877,-7.3588,11.0083,-1.0891
202.02,5.135,5.8544,3.0882,-7.347,10.9858,-1.0885
202.07,5.1141,5.8555,3.0886,-7.3332,10.9594,-1.0878
202.12,5.0828,5.8572,3.0892,-7.3242,10.9422,-1.0873
202.17,5.0619,5.8583,3.0896,-7.3103,10.9158,-1.0867
202.221,5.0305,5.8599,3.09,-7.3019,10.8999,-1.0864
202.271,5.0096,5.861,3.0903,-7.2873,10.8721,-1.0859
202.321,4.9887,5.862,3.0906,-7.2775,10.8536,-1.0856
202.371,4.9574,5.8636,3.0909,-7.2635,10.8271,-1.0852
202.421,4.9364,5.8647,3.091,-7.2545,10.8099,-1.0849
202.472,4.9155,5.8657,3.0912,-7.2405,10.7834,-1.0846
202.522,4.8841,5.8673,3.0914,-7.2335,10.7702,-1.0845
202.572,4.8632,5.8684,3.0916,-7.2188,10.7424,-1.0842
202.622,4.8318,5.8699,3.0917,-7.2076,10.7212,-1.0839
202.672,4.8108,5.871,3.0918,-7.1936,10.6947,-1.0836
202.723,4.7899,5.872,3.0919,-7.1844,10.6775,-1.0834
202.773,4.7585,5.8736,3.0921,-7.1704,10.651,-1.0832
202.823,4.7375,5.8746,3.0922,-7.1634,10.6378,-1.083
202.873,4.7061,5.8762,3.0923,-7.1493,10.6114,-1.0827
202.923,4.6851,5.8772,3.0924,-7.1374,10.5889,-1.0825
202.974,4.6642,5.8782,3.0925,-7.1233,10.5624,-1.0823
203.024,4.6327,5.8798,3.0926,-7.1142,10.5452,-1.0822
203.074,4.6118,5.8808,3.0927,-7.1001,10.5187,-1.082
203.124,4.5803,5.8823,3.0928,-7.091,10.5015,-1.0818
203.175,4.5594,5.8834,3.0929,-7.079,10.479,-1.0817
203.225,4.5384,5.8844,3.0929,-7.067,10.4565,-1.0815
203.275,4.507,5.8859,3.093,-7.0529,10.43,-1.0813
203.325,4.486,5.8869,3.093,-7.0437,10.4128,-1.0812
203.375,4.465,5.888,3.0931,-7.0296,10.3864,-1.0811
203.426,4.4336,5.8895,3.0931,-7.0219,10.3718,-1.081
203.476,4.4126,5.8905,3.0931,-7.0071,10.344,-1.0809
203.526,4.3812,5.892,3.0932,-6.9965,10.3242,-1.0808
203.576,4.3602,5.893,3.0932,-6.9824,10.2977,-1.0807
203.626,4.3392,5.8941,3.0932,-6.9732,10.2805,-1.0806
203.677,4.3078,5.8956,3.0932,-6.9591,10.2541,-1.0804
203.727,4.2868,5.8966,3.0933,-6.952,10.2408,-1.0804
203.777,4.2553,5.8981,3.0933,-6.9379,10.2144,-1.0802
203.827,4.2344,5.8991,3.0933,-6.923,10.1866,-1.0801
203.877,4.2134,5.9001,3.0933,-6.9117,10.1654,-1.08
203.927,4.1819,5.9017,3.0933,-6.9025,10.1483,-1.0799
203.978,4.161,5.9027,3.0933,-6.8884,10.1218,-1.0798
204.028,4.1295,5.9042,3.0934,-6.8742,10.0953,-1.0796
204.078,4.1085,5.9052,3.0934,-6.8672,10.0821,-1.0795
204.128,4.0876,5.9062,3.0934,-6.853,10.0557,-1.0794
204.179,4.0561,5.9077,3.0934,-6.841,10.0332,-1.0793
204.229,4.0351,5.9087,3.0934,-6.8268,10.0067,-1.0792
204.279,4.0037,5.9103,3.0934,-6.8176,9.9896,-1.0791
204.329,3.9827,5.9113,3.0934,-6.8035,9.9631,-1.079
204.379,3.9617,5.9123,3.0934,-6.7943,9.9459,-1.0789
204.43,3.9303,5.9138,3.0934,-6.7822,9.9235,-1.0788
204.48,3.9093,5.9148,3.0934,-6.7702,9.901,-1.0787
204.53,3.8883,5.9158,3.0934,-6.756,9.8745,-1.0786
204.58,3.8569,5.9173,3.0934,-6.7468,9.8574,-1.0785
204.63,3.8359,5.9184,3.0935,-6.7326,9.8309,-1.0784
204.681,3.8044,5.9199,3.0935,-6.7248,9.8164,-1.0783
204.731,3.7834,5.9209,3.0935,-6.7099,9.7886,-1.0782
204.781,3.7625,5.9219,3.0935,-6.6993,9.7688,-1.0782
204.831,3.731,5.9234,3.0935,-6.69,9.7516,-1.0781
204.881,3.71,5.9244,3.0935,-6.6759,9.7252,-1.0779
204.932,3.6786,5.9259,3.0935,-6.6617,9.6988,-1.0778
204.982,3.6576,5.9269,3.0935,-6.6546,9.6856,-1.0777
205.032,3.6366,5.9279,3.0935,-6.6404,9.6591,-1.0776
205.082,3.6052,5.9295,3.0935,-6.6283,9.6367,-1.0775
205.132,3.5842,5.9305,3.0935,-6.6141,9.6102,-1.0774
205.183,3.5527,5.932,3.0935,-6.6048,9.5931,-1.0773
205.233,3.5317,5.933,3.0935,-6.5906,9.5667,-1.0772
205.283,3.5108,5.934,3.0935,-6.5835,9.5534,-1.0772
205.334,3.4793,5.9355,3.0935,-6.5693,9.527,-1.077
205.384,3.4583,5.9365,3.0935,-6.5572,9.5046,-1.0769
205.434,3.4269,5.938,3.0935,-6.543,9.4782,-1.0768
205.484,3.4059,5.9391,3.0935,-6.5338,9.461,-1.0767
205.535,3.3849,5.9401,3.0935,-6.5195,9.4346,-1.0766
205.585,3.3535,5.9416,3.0935,-6.511,9.4187,-1.0765
205.635,3.3325,5.9426,3.0935,-6.496,9.391,-1.0764
205.685,3.3115,5.9436,3.0935,-6.4861,9.3725,-1.0764
205.735,3.28,5.9451,3.0935,-6.4718,9.3461,-1.0763
205.786,3.2591,5.9461,3.0935,-6.4626,9.3289,-1.0762
205.836,3.2276,5.9476,3.0935,-6.4483,9.3025,-1.0761
205.886,3.2066,5.9486,3.0935,-6.4412,9.2893,-1.076
205.936,3.1856,5.9497,3.0935,-6.4263,9.2616,-1.0759
205.987,3.1542,5.9512,3.0935,-6.4113,9.2339,-1.0758
206.037,3.1332,5.9522,3.0935,-6.4006,9.2141,-1.0757
206.087,3.1017,5.9537,3.0935,-6.3914,9.1969,-1.0756
206.137,3.0808,5.9547,3.0935,-6.3771,9.1705,-1.0755
206.187,3.0598,5.9557,3.0935,-6.37,9.1573,-1.0755
206.238,3.0283,5.9572,3.0935,-6.3557,9.131,-1.0754
206.288,3.0074,5.9582,3.0935,-6.3414,9.1046,-1.0752
206.338,2.9759,5.9598,3.0935,-6.3293,9.0821,-1.0751
206.388,2.9549,5.9608,3.0935,-6.32,9.065,-1.075
206.438,2.9339,5.9618,3.0935,-6.3058,9.0386,-1.0749
206.489,2.9025,5.9633,3.0935,-6.2915,9.0122,-1.0748
206.539,2.8815,5.9643,3.0935,-6.2844,8.999,-1.0748
206.589,2.85,5.9658,3.0935,-6.2701,8.9726,-1.0747
206.639,2.8291,5.9668,3.0935,-6.2579,8.9502,-1.0746
206.689,2.8081,5.9678,3.0935,-6.2487,8.9331,-1.0745
206.739,2.7766,5.9693,3.0935,-6.2344,8.9067,-1.0744
206.79,2.7556,5.9704,3.0935,-6.2201,8.8803,-1.0743
206.84,2.7347,5.9714,3.0935,-6.2115,8.8645,-1.0743
206.89,2.7032,5.9729,3.0935,-6.1965,8.8368,-1.0741
206.94,2.6822,5.9739,3.0935,-6.1865,8.8183,-1.074
206.99,2.6508,5.9754,3.0935,-6.1722,8.7919,-1.0739
207.041,2.6298,5.9764,3.0935,-6.1629,8.7748,-1.0738
207.091,2.6088,5.9774,3.0935,-6.1486,8.7484,-1.0737
207.141,2.5774,5.9789,3.0935,-6.1414,8.7352,-1.0736
207.191,2.5564,5.9799,3.0935,-6.1264,8.7076,-1.0735
207.241,2.5249,5.9815,3.0935,-6.115,8.6865,-1.0734
207.292,2.5039,5.9825,3.0935,-6.1006,8.6601,-1.0734
207.342,2.483,5.9835,3.0935,-6.0913,8.643,-1.0733
207.392,2.4515,5.985,3.0935,-6.077,8.6166,-1.0731
207.442,2.4305,5.986,3.0935,-6.0699,8.6034,-1.0731
207.493,2.3991,5.9875,3.0935,-6.0555,8.5771,-1.073
207.543,2.3781,5.9885,3.0935,-6.0434,8.5547,-1.0729
207.593,2.3571,5.9895,3.0935,-6.029,8.5283,-1.0728
207.643,2.3256,5.991,3.0935,-6.0197,8.5112,-1.0727
207.693,2.3047,5.9921,3.0935,-6.0054,8.4848,-1.0725
207.744,2.2732,5.9936,3.0935,-5.9961,8.4677,-1.0724
207.794,2.2522,5.9946,3.0935,-5.9839,8.4453,-1.0724
207.844,2.2313,5.9956,3.0935,-5.9717,8.4229,-1.0723
207.894,2.1998,5.9971,3.0935,-5.9573,8.3965,-1.0721
207.944,2.1788,5.9981,3.0935,-5.948,8.3794,-1.072
207.995,2.1578,5.9991,3.0935,-5.9337,8.3531,-1.0719
208.045,2.1264,6.0006,3.0935,-5.9258,8.3386,-1.0718
208.095,2.1054,6.0016,3.0935,-5.9107,8.3109,-1.0717
208.145,2.0739,6.0032,3.0935,-5.8999,8.2912,-1.0716
208.195,2.053,6.0042,3.0935,-5.8856,8.2648,-1.0715
208.246,2.032,6.0052,3.0935,-5.8762,8.2477,-1.0714
208.296,2.0005,6.0067,3.0935,-5.8618,8.2214,-1.0714
208.346,1.9795,6.0077,3.0935,-5.8547,8.2082,-1.0713
208.396,1.9481,6.0092,3.0935,-5.8403,8.1819,-1.0712
208.446,1.9271,6.0102,3.0935,-5.8281,8.1595,-1.0711
208.497,1.9061,6.0112,3.0935,-5.8137,8.1332,-1.0709
208.547,1.8747,6.0127,3.0935,-5.8044,8.116,-1.0709
208.597,1.8537,6.0138,3.0935,-5.79,8.0897,-1.0707
208.647,1.8222,6.0153,3.0935,-5.7828,8.0766,-1.0707
208.697,1.8012,6.0163,3.0935,-5.7684,8.0502,-1.0705
208.747,1.7803,6.0173,3.0935,-5.754,8.0239,-1.0704
208.798,1.7488,6.0188,3.0935,-5.7418,8.0015,-1.0703
208.848,1.7278,6.0198,3.0935,-5.7324,7.9844,-1.0703
208.898,1.7069,6.0208,3.0935,-5.718,7.9581,-1.0701
208.948,1.6754,6.0223,3.0935,-5.7036,7.9318,-1.07
208.998,1.6544,6.0233,3.0935,-5.6942,7.9147,-1.0699
209.048,1.623,6.0249,3.0935,-5.6842,7.8963,-1.0698
209.099,1.602,6.0259,3.0935,-5.6697,7.87,-1.0697
209.149,1.581,6.0269,3.0935,-5.6553,7.8436,-1.0696
209.199,1.5495,6.0284,3.0935,-5.646,7.8265,-1.0695
209.249,1.5286,6.0294,3.0935,-5.6315,7.8002,-1.0694
209.299,1.4971,6.0309,3.0935,-5.6236,7.7858,-1.0693
209.35,1.4761,6.0319,3.0935,-5.6085,7.7581,-1.0691
209.4,1.4552,6.0329,3.0935,-5.5977,7.7384,-1.069
209.45,1.4237,6.0345,3.0935,-5.5832,7.7121,-1.0689
209.5,1.4027,6.0355,3.0935,-5.5738,7.695,-1.0688
209.55,1.3712,6.037,3.0935,-5.5594,7.6687,-1.0687
209.6,1.3503,6.038,3.0935,-5.5522,7.6556,-1.0686
209.651,1.3293,6.039,3.0935,-5.5377,7.6293,-1.0685
209.701,1.2978,6.0405,3.0935,-5.5255,7.6069,-1.0684
209.751,1.2769,6.0415,3.0935,-5.511,7.5806,-1.0683
209.801,1.2559,6.0425,3.0935,-5.5016,7.5635,-1.0683
209.851,1.2244,6.044,3.0935,-5.4872,7.5373,-1.0682
209.902,1.2034,6.0451,3.0935,-5.48,7.5241,-1.0681
209.952,1.172,6.0466,3.0935,-5.4655,7.4978,-1.068
210.002,1.151,6.0476,3.0935,-5.4532,7.4755,-1.0679
210.052,1.13,6.0486,3.0935,-5.4387,7.4492,-1.0677
210.102,1.0986,6.0501,3.0935,-5.4293,7.4321,-1.0677
210.153,1.0776,6.0511,3.0935,-5.4149,7.4058,-1.0675
210.203,1.0461,6.0526,3.0935,-5.4062,7.3901,-1.0675
210.253,1.0251,6.0536,3.0935,-5.391,7.3625,-1.0674
210.303,1.0042,6.0546,3.0935,-5.3809,7.3441,-1.0673
210.354,0.9727,6.0562,3.0935,-5.3664,7.3178,-1.0672
210.404,0.9517,6.0572,3.0935,-5.357,7.3007,-1.0671
210.454,0.9203,6.0587,3.0935,-5.3425,7.2744,-1.067
210.504,0.8993,6.0597,3.0935,-5.3353,7.2613,-1.0669
210.554,0.8783,6.0607,3.0935,-5.3201,7.2337,-1.0669
210.605,0.8469,6.0622,3.0935,-5.3085,7.2127,-1.0668
210.655,0.8259,6.0632,3.0935,-5.294,7.1864,-1.0666
210.705,0.8049,6.0642,3.0935,-5.2846,7.1694,-1.0666
210.755,0.7734,6.0657,3.0935,-5.2701,7.1431,-1.0665
210.806,0.7525,6.0668,3.0935,-5.2628,7.13,-1.0664
210.856,0.721,6.0683,3.0935,-5.2483,7.1037,-1.0664
210.906,0.7,6.0693,3.0935,-5.236,7.0814,-1.0662
210.956,0.679,6.0703,3.0935,-5.2215,7.0551,-1.0662
211.006,0.6476,6.0718,3.0935,-5.2121,7.038,-1.0661
211.056,0.6266,6.0728,3.0935,-5.1975,7.0118,-1.066
211.107,0.5951,6.0743,3.0935,-5.1881,6.9947,-1.0659
211.157,0.5742,6.0753,3.0935,-5.1758,6.9724,-1.0658
211.207,0.5532,6.0763,3.0935,-5.1613,6.9462,-1.0656
211.257,0.5217,6.0779,3.0935,-5.1489,6.9238,-1.0655
211.307,0.5008,6.0789,3.0935,-5.1395,6.9068,-1.0654
211.358,0.4693,6.0804,3.0935,-5.125,6.8805,-1.0653
211.408,0.4483,6.0814,3.0935,-5.117,6.8661,-1.0653
211.458,0.4273,6.0824,3.0935,-5.1017,6.8385,-1.0651
211.508,0.3959,6.0839,3.0935,-5.0864,6.811,-1.0651
211.559,0.3749,6.0849,3.0935,-5.0763,6.7926,-1.065
211.609,0.3434,6.0864,3.0935,-5.0668,6.7755,-1.0649
211.659,0.3225,6.0874,3.0935,-5.0523,6.7493,-1.0648
211.709,0.3015,6.0885,3.0935,-5.0377,6.7231,-1.0646
211.759,0.27,6.09,3.0935,-5.0305,6.7099,-1.0646
211.809,0.249,6.091,3.0935,-5.0152,6.6824,-1.0645
211.86,0.2176,6.0925,3.0935,-5.0036,6.6614,-1.0644
211.91,0.1966,6.0935,3.0935,-4.989,6.6352,-1.0642
211.96,0.1756,6.0945,3.0935,-4.9795,6.6181,-1.0642
212.01,0.1442,6.096,3.0935,-4.965,6.5919,-1.0641
212.06,0.1232,6.097,3.0935,-4.9577,6.5788,-1.064
212.111,0.1022,6.098,3.0935,-4.9431,6.5525,-1.064
212.161,0.0708,6.0996,3.0935,-4.9308,6.5303,-1.0639
212.211,0.0498,6.1006,3.0935,-4.9162,6.504,-1.0637
212.261,0.0183,6.1021,3.0935,-4.9067,6.487,-1.0637
212.311,-0.0027,6.1031,3.0935,-4.8922,6.4608,-1.0636
212.362,-0.0236,6.1041,3.0935,-4.8827,6.4437,-1.0635
212.412,-0.0551,6.1056,3.0935,-4.8703,6.4214,-1.0634
212.462,-0.0761,6.1066,3.0935,-4.8579,6.3991,-1.0633
212.512,-0.1075,6.1081,3.0935,-4.8433,6.3729,-1.0632
212.562,-0.1285,6.1092,3.0935,-4.8338,6.3559,-1.0631
212.612,-0.1495,6.1102,3.0935,-4.8193,6.3297,-1.063
212.663,-0.181,6.1117,3.0935,-4.8112,6.3152,-1.0629
212.713,-0.2019,6.1127,3.0935,-4.7959,6.2877,-1.0628
212.763,-0.2334,6.1142,3.0935,-4.785,6.2681,-1.0628
212.813,-0.2544,6.1152,3.0935,-4.7704,6.2419,-1.0627
212.864,-0.2753,6.1162,3.0935,-4.7609,6.2248,-1.0626
212.914,-0.3068,6.1177,3.0935,-4.7463,6.1986,-1.0625
212.964,-0.3278,6.1187,3.0935,-4.739,6.1855,-1.0625
213.014,-0.3592,6.1203,3.0935,-4.7244,6.1593,-1.0623
213.065,-0.3802,6.1213,3.0935,-4.712,6.137,-1.0623
213.115,-0.4012,6.1223,3.0935,-4.6974,6.1108,-1.0621
213.165,-0.4327,6.1238,3.0935,-4.6879,6.0938,-1.0621
213.215,-0.4536,6.1248,3.0935,-4.6732,6.0676,-1.0619
213.265,-0.4746,6.1258,3.0935,-4.6659,6.0545,-1.0619
213.316,-0.5061,6.1273,3.0935,-4.6513,6.0283,-1.0618
213.366,-0.5271,6.1283,3.0935,-4.6389,6.006,-1.0617
213.416,-0.5585,6.1298,3.0935,-4.6243,5.9798,-1.0616
213.466,-0.5795,6.1309,3.0935,-4.6148,5.9628,-1.0615
213.517,-0.6005,6.1319,3.0935,-4.6001,5.9366,-1.0614
213.567,-0.6319,6.1334,3.0935,-4.5914,5.9209,-1.0613
213.617,-0.6529,6.1344,3.0935,-4.576,5.8934,-1.0612
213.667,-0.6844,6.1359,3.0935,-4.5636,5.8711,-1.0611
213.718,-0.7053,6.1369,3.0935,-4.5511,5.8489,-1.061
213.768,-0.7263,6.1379,3.0935,-4.5416,5.8319,-1.061
213.818,-0.7578,6.1394,3.0935,-4.527,5.8057,-1.0609
213.868,-0.7788,6.1404,3.0935,-4.5123,5.7795,-1.0608
213.918,-0.8102,6.142,3.0935,-4.5043,5.7651,-1.0607
213.969,-0.8312,6.143,3.0935,-4.4889,5.7376,-1.0606
214.019,-0.8522,6.144,3.0935,-4.4779,5.718,-1.0605
214.069,-0.8836,6.1455,3.0935,-4.4632,5.6918,-1.0604
214.119,-0.9046,6.1465,3.0935,-4.4537,5.6748,-1.0603
214.169,-0.9256,6.1475,3.0935,-4.439,5.6486,-1.0602
214.219,-0.9571,6.149,3.0935,-4.4317,5.6355,-1.0601
214.27,-0.978,6.15,3.0935,-4.4171,5.6093,-1.06
214.32,-1.0095,6.1516,3.0935,-4.4046,5.5871,-1.0599
214.37,-1.0305,6.1526,3.0935,-4.3899,5.5609,-1.0597
214.42,-1.0514,6.1536,3.0935,-4.3804,5.5439,-1.0597
214.47,-1.0829,6.1551,3.0935,-4.3657,5.5178,-1.0596
214.521,-1.1039,6.1561,3.0935,-4.3584,5.5047,-1.0595
214.571,-1.1354,6.1576,3.0935,-4.3437,5.4785,-1.0594
214.621,-1.1563,6.1586,3.0935,-4.3312,5.4563,-1.0593
214.671,-1.1773,6.1596,3.0935,-4.3165,5.4301,-1.0591
214.722,-1.2088,6.1611,3.0935,-4.307,5.4131,-1.059
214.772,-1.2297,6.1621,3.0935,-4.2923,5.387,-1.0589
214.822,-1.2612,6.1637,3.0935,-4.2835,5.3713,-1.0588
214.872,-1.2822,6.1647,3.0935,-4.268,5.3438,-1.0587
214.922,-1.3032,6.1657,3.0935,-4.2577,5.3255,-1.0586
214.972,-1.3346,6.1672,3.0935,-4.243,5.2994,-1.0585
215.023,-1.3556,6.1682,3.0935,-4.2335,5.2824,-1.0585
215.073,-1.3871,6.1697,3.0935,-4.2188,5.2562,-1.0584
215.123,-1.408,6.1707,3.0935,-4.2114,5.2431,-1.0584
215.173,-1.429,6.1717,3.0935,-4.196,5.2157,-1.0583
215.224,-1.4605,6.1733,3.0935,-4.1842,5.1948,-1.0582
215.274,-1.4815,6.1743,3.0935,-4.1695,5.1686,-1.0581
215.324,-1.5024,6.1753,3.0935,-4.1599,5.1516,-1.058
215.374,-1.5339,6.1768,3.0935,-4.1452,5.1255,-1.0579
215.425,-1.5549,6.1778,3.0935,-4.1378,5.1124,-1.0578
215.477,-1.5863,6.1793,3.0935,-4.1231,5.0863,-1.0577
215.527,-1.6073,6.1803,3.0935,-4.1084,5.0601,-1.0576
215.577,-1.6388,6.1818,3.0935,-4.0959,5.0379,-1.0575
215.628,-1.6597,6.1828,3.0935,-4.0863,5.0209,-1.0574
215.678,-1.6807,6.1839,3.0935,-4.0716,4.9948,-1.0573
215.728,-1.7122,6.1854,3.0935,-4.062,4.9778,-1.0573
215.778,-1.7332,6.1864,3.0935,-4.0494,4.9556,-1.0571
215.828,-1.7541,6.1874,3.0935,-4.0347,4.9295,-1.0571
215.879,-1.7856,6.1889,3.0935,-4.0222,4.9073,-1.0569
215.929,-1.8066,6.1899,3.0935,-4.0126,4.8903,-1.0569
215.979,-1.838,6.1914,3.0935,-3.9978,4.8642,-1.0568
216.029,-1.859,6.1924,3.0935,-3.9831,4.838,-1.0567
216.079,-1.88,6.1934,3.0935,-3.9742,4.8224,-1.0566
216.13,-1.9115,6.195,3.0935,-3.9587,4.795,-1.0565
216.18,-1.9324,6.196,3.0935,-3.9484,4.7767,-1.0564
216.23,-1.9639,6.1975,3.0935,-3.9336,4.7506,-1.0563
216.28,-1.9849,6.1985,3.0935,-3.9241,4.7336,-1.0563
216.33,-2.0058,6.1995,3.0935,-3.9093,4.7075,-1.0561
216.381,-2.0373,6.201,3.0935,-3.9019,4.6944,-1.056
216.431,-2.0583,6.202,3.0935,-3.8864,4.667,-1.0559
216.481,-2.0897,6.2035,3.0935,-3.8746,4.6461,-1.0558
216.531,-2.1107,6.2045,3.0935,-3.8598,4.62,-1.0557
216.581,-2.1317,6.2056,3.0935,-3.8502,4.603,-1.0557
216.632,-2.1632,6.2071,3.0935,-3.8354,4.5769,-1.0556
216.682,-2.1841,6.2081,3.0935,-3.828,4.5639,-1.0555
216.732,-2.2156,6.2096,3.0935,-3.8132,4.5378,-1.0554
216.782,-2.2366,6.2106,3.0935,-3.8007,4.5156,-1.0553
216.832,-2.2576,6.2116,3.0935,-3.7859,4.4895,-1.0552
216.882,-2.289,6.2131,3.0935,-3.7763,4.4725,-1.0552
216.933,-2.31,6.2141,3.0935,-3.7615,4.4464,-1.055
216.983,-2.331,6.2151,3.0935,-3.7519,4.4294,-1.055
217.033,-2.3624,6.2167,3.0935,-3.7393,4.4073,-1.0549
217.083,-2.3834,6.2177,3.0935,-3.7267,4.3851,-1.0548
217.133,-2.4149,6.2192,3.0935,-3.7119,4.359,-1.0547
217.184,-2.4358,6.2202,3.0935,-3.7023,4.342,-1.0546
217.234,-2.4568,6.2212,3.0935,-3.6875,4.3159,-1.0545
217.284,-2.4883,6.2227,3.0935,-3.6793,4.3016,-1.0545
217.334,-2.5093,6.2237,3.0935,-3.6638,4.2742,-1.0544
217.384,-2.5407,6.2252,3.0935,-3.6526,4.2546,-1.0543
217.435,-2.5617,6.2262,3.0935,-3.6378,4.2285,-1.0542
217.485,-2.5827,6.2273,3.0935,-3.6282,4.2116,-1.0541
217.535,-2.6141,6.2288,3.0935,-3.6134,4.1855,-1.054
217.585,-2.6351,6.2298,3.0935,-3.606,4.1725,-1.054
217.635,-2.6666,6.2313,3.0935,-3.5911,4.1464,-1.0539
217.686,-2.6876,6.2323,3.0935,-3.5785,4.1242,-1.0538
217.736,-2.7085,6.2333,3.0935,-3.5637,4.0981,-1.0536
217.786,-2.74,6.2348,3.0935,-3.5541,4.0812,-1.0536
217.836,-2.761,6.2358,3.0935,-3.5392,4.0551,-1.0535
217.886,-2.7819,6.2368,3.0935,-3.5318,4.0421,-1.0534
217.937,-2.8134,6.2384,3.0935,-3.517,4.016,-1.0533
217.987,-2.8344,6.2394,3.0935,-3.5044,3.9938,-1.0532
218.037,-2.8554,6.2404,3.0935,-3.4895,3.9678,-1.053
218.087,-2.8868,6.2419,3.0935,-3.4799,3.9508,-1.053
218.137,-2.9078,6.2429,3.0935,-3.465,3.9248,-1.0528
218.188,-2.9393,6.2444,3.0935,-3.4561,3.9091,-1.0528
218.238,-2.9602,6.2454,3.0935,-3.4405,3.8818,-1.0527
218.288,-2.9812,6.2464,3.0935,-3.4301,3.8635,-1.0526
218.338,-3.0127,6.248,3.0935,-3.4152,3.8375,-1.0525
218.388,-3.0337,6.249,3.0935,-3.4056,3.8205,-1.0524
218.438,-3.0651,6.2505,3.0935,-3.3907,3.7945,-1.0522
218.489,-3.0861,6.2515,3.0935,-3.3833,3.7814,-1.0522
218.539,-3.1071,6.2525,3.0935,-3.3677,3.7541,-1.0521
218.589,-3.1385,6.254,3.0935,-3.3558,3.7332,-1.052
218.639,-3.1595,6.255,3.0935,-3.3409,3.7072,-1.0519
218.689,-3.191,6.2565,3.0935,-3.3312,3.6902,-1.0518
218.74,-3.2119,6.2575,3.0935,-3.3163,3.6642,-1.0517
218.79,-3.2329,6.2586,3.0935,-3.3089,3.6512,-1.0517
218.84,-3.2644,6.2601,3.0935,-3.294,3.6251,-1.0516
218.89,-3.2854,6.2611,3.0935,-3.2813,3.603,-1.0514
218.94,-3.3168,6.2626,3.0935,-3.2665,3.5769,-1.0513
218.991,-3.3378,6.2636,3.0935,-3.2568,3.56,-1.0513
219.041,-3.3588,6.2646,3.0935,-3.2419,3.534,-1.0512
219.091,-3.3902,6.2661,3.0935,-3.2322,3.5171,-1.0511
219.141,-3.4112,6.2671,3.0935,-3.2195,3.4949,-1.051
219.191,-3.4322,6.2681,3.0935,-3.2046,3.4689,-1.0509
219.242,-3.4637,6.2697,3.0935,-3.192,3.4468,-1.0508
219.292,-3.4846,6.2707,3.0935,-3.1823,3.4298,-1.0507
219.342,-3.5161,6.2722,3.0935,-3.1674,3.4038,-1.0505
219.392,-3.5371,6.2732,3.0935,-3.1524,3.3778,-1.0504
219.442,-3.558,6.2742,3.0935,-3.1435,3.3622,-1.0504
219.492,-3.5895,6.2757,3.0935,-3.1278,3.3348,-1.0503
219.543,-3.6105,6.2767,3.0935,-3.1174,3.3166,-1.0502
219.593,-3.6419,6.2782,3.0935,-3.1077,3.2997,-1.0501
219.643,-3.6629,6.2792,3.0935,-3.0928,3.2737,-1.05
219.693,-3.6839,6.2803,3.0935,-3.0778,3.2476,-1.0499
219.744,-3.7154,6.2818,3.0935,-3.0704,3.2346,-1.0498
219.794,-3.7363,6.2828,3.0935,-3.0547,3.2073,-1.0497
219.844,-3.7678,6.2843,3.0935,-3.0427,3.1865,-1.0496
219.894,-3.7888,6.2853,3.0935,-3.0278,3.1605,-1.0495
219.944,-3.8098,6.2863,3.0935,-3.0181,3.1436,-1.0494
219.995,-3.8412,6.2878,3.0935,-3.0031,3.1176,-1.0493
220.045,-3.8622,6.2888,3.0935,-2.9957,3.1046,-1.0492
220.095,-3.8832,6.2898,3.0935,-2.9807,3.0785,-1.0491
220.145,-3.9146,6.2914,3.0935,-2.968,3.0564,-1.049
220.195,-3.9356,6.2924,3.0935,-2.9531,3.0304,-1.0488
220.246,-3.9671,6.2939,3.0935,-2.9433,3.0135,-1.0488
220.296,-3.988,6.2949,3.0935,-2.9284,2.9875,-1.0486
220.346,-4.009,6.2959,3.0935,-2.9186,2.9706,-1.0486
220.396,-4.0405,6.2974,3.0935,-2.9059,2.9485,-1.0485
220.447,-4.0615,6.2984,3.0935,-2.8932,2.9264,-1.0484
220.497,-4.0929,6.2999,3.0935,-2.8782,2.9004,-1.0482
220.547,-4.1139,6.3009,3.0935,-2.8685,2.8835,-1.0481
220.597,-4.1349,6.302,3.0935,-2.8535,2.8575,-1.048
220.647,-4.1663,6.3035,3.0935,-2.8453,2.8432,-1.048
220.698,-4.1873,6.3045,3.0935,-2.8296,2.8159,-1.0478
220.748,-4.2188,6.306,3.0935,-2.8183,2.7965,-1.0477
220.798,-4.2398,6.307,3.0935,-2.8033,2.7705,-1.0476
220.848,-4.2607,6.308,3.0935,-2.7936,2.7536,-1.0475
220.898,-4.2922,6.3095,3.0935,-2.7786,2.7276,-1.0474
220.949,-4.3132,6.3105,3.0935,-2.7711,2.7146,-1.0474
220.999,-4.3446,6.3121,3.0935,-2.7561,2.6886,-1.0473
221.049,-4.3656,6.3131,3.0935,-2.7433,2.6665,-1.0472
221.099,-4.3866,6.3141,3.0935,-2.7283,2.6406,-1.0471
221.149,-4.4181,6.3156,3.0935,-2.7186,2.6237,-1.047
221.2,-4.439,6.3166,3.0935,-2.7036,2.5977,-1.0468
221.25,-4.46,6.3176,3.0935,-2.6961,2.5847,-1.0468
221.3,-4.4915,6.3191,3.0935,-2.6811,2.5587,-1.0467
221.35,-4.5124,6.3201,3.0935,-2.6683,2.5366,-1.0466
221.4,-4.5439,6.3216,3.0935,-2.6533,2.5107,-1.0465
221.451,-4.5649,6.3227,3.0935,-2.6435,2.4938,-1.0464
221.501,-4.5859,6.3237,3.0935,-2.6285,2.4678,-1.0463
221.551,-4.6173,6.3252,3.0935,-2.6135,2.4419,-1.0462
221.601,-4.6383,6.3262,3.0935,-2.6037,2.425,-1.0461
221.651,-4.6698,6.3277,3.0935,-2.5909,2.4029,-1.046
221.702,-4.6907,6.3287,3.0935,-2.5782,2.3808,-1.0459
221.752,-4.7117,6.3297,3.0935,-2.5684,2.364,-1.0459
221.802,-4.7432,6.3312,3.0935,-2.5534,2.338,-1.0457
221.852,-4.7642,6.3322,3.0935,-2.5458,2.325,-1.0457
221.902,-4.7956,6.3338,3.0935,-2.53,2.2978,-1.0455
221.952,-4.8166,6.3348,3.0935,-2.5142,2.2705,-1.0454
222.003,-4.8376,6.3358,3.0935,-2.503,2.2511,-1.0453
222.053,-4.869,6.3373,3.0935,-2.4932,2.2342,-1.0452
222.103,-4.89,6.3383,3.0935,-2.4781,2.2082,-1.0451
222.153,-4.9215,6.3398,3.0935,-2.4631,2.1823,-1.045
222.203,-4.9424,6.3408,3.0935,-2.4555,2.1693,-1.0449
222.254,-4.9634,6.3418,3.0935,-2.4405,2.1434,-1.0447
222.304,-4.9949,6.3433,3.0935,-2.4277,2.1213,-1.0446
222.354,-5.0159,6.3444,3.0935,-2.4126,2.0954,-1.0445
222.404,-5.0368,6.3454,3.0935,-2.4028,2.0785,-1.0445
222.454,-5.0683,6.3469,3.0935,-2.3877,2.0526,-1.0443
222.505,-5.0893,6.3479,3.0935,-2.3802,2.0396,-1.0443
222.555,-5.1207,6.3494,3.0935,-2.3651,2.0137,-1.0442
222.605,-5.1417,6.3504,3.0935,-2.3523,1.9916,-1.0441
222.655,-5.1627,6.3514,3.0935,-2.3372,1.9657,-1.0439
222.705,-5.1942,6.3529,3.0935,-2.3274,1.9488,-1.0439
222.756,-5.2151,6.3539,3.0935,-2.3123,1.9229,-1.0437
222.806,-5.2466,6.3555,3.0935,-2.3033,1.9074,-1.0437
222.856,-5.2676,6.3565,3.0935,-2.2874,1.8801,-1.0435
222.906,-5.2885,6.3575,3.0935,-2.2769,1.862,-1.0435
222.956,-5.32,6.359,3.0935,-2.2618,1.8361,-1.0434
223.007,-5.341,6.36,3.0935,-2.2519,1.8192,-1.0433
223.057,-5.3724,6.3615,3.0935,-2.2368,1.7933,-1.0432
223.107,-5.3934,6.3625,3.0935,-2.2293,1.7803,-1.0431
223.157,-5.4144,6.3635,3.0935,-2.2134,1.7531,-1.043
223.207,-5.4459,6.3651,3.0935,-2.2013,1.7324,-1.0429
223.258,-5.4668,6.3661,3.0935,-2.1862,1.7065,-1.0428
223.308,-5.4878,6.3671,3.0935,-2.1764,1.6896,-1.0427
223.358,-5.5193,6.3686,3.0935,-2.1613,1.6637,-1.0426
223.408,-5.5403,6.3696,3.0935,-2.1537,1.6508,-1.0425
223.458,-5.5717,6.3711,3.0935,-2.1386,1.6248,-1.0424
223.509,-5.5927,6.3721,3.0935,-2.1257,1.6028,-1.0423
223.559,-5.6137,6.3731,3.0935,-2.1106,1.5769,-1.0422
223.609,-5.6451,6.3746,3.0935,-2.1008,1.5601,-1.0421
223.659,-5.6661,6.3756,3.0935,-2.0856,1.5342,-1.042
223.709,-5.6976,6.3772,3.0935,-2.0758,1.5173,-1.0419
223.76,-5.7185,6.3782,3.0935,-2.0629,1.4953,-1.0419
223.81,-5.7395,6.3792,3.0935,-2.0501,1.4733,-1.0417
223.86,-5.771,6.3807,3.0935,-2.0349,1.4474,-1.0416
223.91,-5.792,6.3817,3.0935,-2.0251,1.4306,-1.0415
223.961,-5.8234,6.3832,3.0935,-2.0099,1.4047,-1.0414
224.011,-5.8444,6.3842,3.0935,-2.0016,1.3904,-1.0414
224.061,-5.8654,6.3852,3.0935,-1.9857,1.3633,-1.0412
224.111,-5.8968,6.3868,3.0935,-1.9698,1.3361,-1.0411
224.161,-5.9178,6.3878,3.0935,-1.9592,1.318,-1.041
224.212,-5.9493,6.3893,3.0935,-1.9493,1.3011,-1.041
224.262,-5.9703,6.3903,3.0935,-1.9342,1.2752,-1.0408
224.312,-5.9912,6.3913,3.0935,-1.9266,1.2623,-1.0408
224.362,-6.0227,6.3928,3.0935,-1.9114,1.2364,-1.0406
224.412,-6.0437,6.3938,3.0935,-1.8955,1.2092,-1.0405
224.463,-6.0646,6.3948,3.0935,-1.8833,1.1885,-1.0404
224.513,-6.0961,6.3963,3.0935,-1.8735,1.1717,-1.0403
224.563,-6.1171,6.3974,3.0935,-1.8583,1.1458,-1.0402
224.615,-6.1485,6.3989,3.0935,-1.8431,1.12,-1.0401
224.665,-6.1695,6.3999,3.0935,-1.8355,1.107,-1.0401
224.716,-6.1905,6.4009,3.0935,-1.8203,1.0812,-1.0399
224.766,-6.222,6.4024,3.0935,-1.8074,1.0592,-1.0398
224.816,-6.2429,6.4034,3.0935,-1.7922,1.0333,-1.0397
224.866,-6.2744,6.4049,3.0935,-1.7824,1.0165,-1.0396
224.917,-6.2954,6.4059,3.0935,-1.7672,0.9906,-1.0395
224.967,-6.3164,6.4069,3.0935,-1.7573,0.9738,-1.0394
225.017,-6.3478,6.4085,3.0935,-1.7444,0.9518,-1.0393
225.067,-6.3688,6.4095,3.0935,-1.7314,0.9298,-1.0392
225.117,-6.4003,6.411,3.0935,-1.7162,0.904,-1.0391
225.167,-6.4212,6.412,3.0935,-1.7063,0.8872,-1.039
225.218,-6.4422,6.413,3.0935,-1.6911,0.8613,-1.0389
225.268,-6.4737,6.4145,3.0935,-1.6828,0.8471,-1.0388
225.318,-6.4946,6.4155,3.0935,-1.6668,0.8199,-1.0387
225.368,-6.5261,6.417,3.0935,-1.6554,0.8006,-1.0386
225.419,-6.5471,6.418,3.0935,-1.6401,0.7747,-1.0385
225.469,-6.5681,6.4191,3.0935,-1.6302,0.7579,-1.0384
225.519,-6.5995,6.4206,3.0935,-1.615,0.7321,-1.0383
225.569,-6.6205,6.4216,3.0935,-1.6074,0.7191,-1.0383
225.619,-6.652,6.4231,3.0935,-1.5922,0.6933,-1.0382
225.67,-6.6729,6.4241,3.0935,-1.5792,0.6713,-1.0381
225.72,-6.6939,6.4251,3.0935,-1.564,0.6455,-1.0379
225.77,-6.7254,6.4266,3.0935,-1.5541,0.6287,-1.0378
225.82,-6.7464,6.4276,3.0935,-1.5388,0.6028,-1.0377
225.87,-6.7778,6.4292,3.0935,-1.5312,0.5899,-1.0377
225.921,-6.7988,6.4302,3.0935,-1.5159,0.5641,-1.0376
225.971,-6.8198,6.4312,3.0935,-1.5007,0.5383,-1.0375
226.021,-6.8512,6.4327,3.0935,-1.4877,0.5163,-1.0374
226.071,-6.8722,6.4337,3.0935,-1.4778,0.4995,-1.0373
226.121,-6.8932,6.4347,3.0935,-1.4626,0.4737,-1.0372
226.171,-6.9246,6.4362,3.0935,-1.4473,0.4479,-1.037
226.222,-6.9456,6.4372,3.0935,-1.4374,0.4311,-1.037
226.272,-6.9771,6.4387,3.0935,-1.4244,0.4091,-1.0369
226.322,-6.9981,6.4398,3.0935,-1.4114,0.3872,-1.0368
226.372,-7.019,6.4408,3.0935,-1.3961,0.3613,-1.0366
226.422,-7.0505,6.4423,3.0935,-1.3862,0.3446,-1.0366
226.473,-7.0715,6.4433,3.0935,-1.3709,0.3187,-1.0364
226.523,-7.1029,6.4448,3.0935,-1.3625,0.3045,-1.0364
226.573,-7.1239,6.4458,3.0935,-1.3465,0.2774,-1.0363
226.623,-7.1449,6.4468,3.0935,-1.335,0.2581,-1.0362
226.673,-7.1764,6.4483,3.0935,-1.3197,0.2323,-1.036
226.724,-7.1968,6.4492,3.0936,-1.3098,0.2155,-1.0357
226.774,-7.2139,6.4499,3.1027,-1.2944,0.1897,-1.0223
226.824,-7.2204,6.4501,3.1241,-1.3001,0.1994,-1.0063
226.874,-7.2268,6.4501,3.1466,-1.2954,0.1925,-0.974
226.924,-7.2365,6.4499,3.181,-1.291,0.1861,-0.946
226.975,-7.2431,6.4496,3.2043,-1.2856,0.1789,-0.9124
227.025,-7.2497,6.4491,3.2281,-1.282,0.1742,-0.89
227.075,-7.26,6.448,3.2646,-1.2762,0.1673,-0.8548
227.125,-7.2669,6.4471,3.2896,-1.2733,0.164,-0.8369
227.176,-7.2773,6.4454,3.3274,-1.2672,0.1574,-0.8007
227.226,-7.2842,6.444,3.3526,-1.2618,0.152,-0.77
227.276,-7.2911,6.4424,3.3778,-1.2553,0.1458,-0.7339
227.326,-7.3014,6.4398,3.4156,-1.2509,0.1419,-0.7104
227.377,-7.3081,6.4378,3.4408,-1.244,0.1361,-0.6743
227.427,-7.3182,6.4345,3.4786,-1.2397,0.1327,-0.6527
227.477,-7.3248,6.4321,3.5038,-1.2321,0.1271,-0.6148
227.527,-7.3314,6.4297,3.529,-1.2269,0.1235,-0.5895
227.578,-7.3411,6.4259,3.5667,-1.2195,0.1187,-0.5535
227.628,-7.3474,6.4233,3.5917,-1.2145,0.1156,-0.5303
227.678,-7.3567,6.4194,3.6286,-1.2066,0.1112,-0.4951
227.728,-7.3627,6.4167,3.653,-1.2026,0.109,-0.4776
227.778,-7.3686,6.4138,3.677,-1.1942,0.1048,-0.4415
227.829,-7.3771,6.4091,3.7125,-1.1877,0.1018,-0.4144
227.879,-7.3825,6.4058,3.7359,-1.1793,0.0982,-0.3809
227.929,-7.3905,6.4004,3.771,-1.1736,0.096,-0.3591
227.979,-7.3957,6.3964,3.795,-1.1645,0.0927,-0.3246
228.029,-7.4011,6.3922,3.8199,-1.1592,0.0909,-0.3067
228.08,-7.4094,6.3853,3.8577,-1.1484,0.0876,-0.2706
228.13,-7.4151,6.3802,3.8829,-1.1388,0.0851,-0.2398
228.18,-7.421,6.3746,3.9081,-1.1262,0.0821,-0.2037
228.23,-7.4302,6.3655,3.9459,-1.1177,0.0804,-0.1803
228.28,-7.4364,6.3588,3.9711,-1.1037,0.0781,-0.1441
228.331,-7.4461,6.3479,4.0089,-1.0941,0.0767,-0.1207
228.381,-7.4526,6.34,4.0341,-1.0811,0.0753,-0.09
228.431,-7.4593,6.3316,4.0593,-1.0647,0.074,-0.0539
228.481,-7.4693,6.3181,4.0972,-1.0502,0.0734,-0.0231
228.531,-7.476,6.3085,4.1226,-1.0387,0.0732,0.0006
228.581,-7.4862,6.2929,4.1609,-1.0201,0.0735,0.0372
228.632,-7.493,6.2818,4.1868,-1.0007,0.0745,0.0744
228.682,-7.4998,6.2701,-2.0702,-0.9886,0.0754,0.097
228.732,-7.51,6.2512,-2.0304,-0.9669,0.0779,0.137
228.782,-7.5165,6.2378,-2.0045,-0.952,0.0801,0.1619
228.832,-7.526,6.2164,-1.9695,-0.9379,0.0825,0.1836
228.883,-7.5321,6.2014,-1.9484,-0.9154,0.087,0.2135
228.933,-7.5381,6.186,-1.9293,-0.892,0.0923,0.24
228.983,-7.5468,6.162,-1.9031,-0.8802,0.0952,0.2522
229.033,-7.5523,6.1456,-1.8873,-0.8551,0.1019,0.2754
229.083,-7.5603,6.1203,-1.8668,-0.8356,0.1076,0.2909
229.134,-7.5655,6.1032,-1.8546,-0.8109,0.1152,0.3078
229.184,-7.5704,6.0858,-1.8439,-0.7947,0.1204,0.3174
229.234,-7.5776,6.0593,-1.8298,-0.7696,0.1288,0.3307
229.284,-7.5823,6.0414,-1.8211,-0.7569,0.1332,0.3368
229.335,-7.5869,6.0233,-1.8131,-0.7315,0.1422,0.3482
229.385,-7.5935,5.9958,-1.8021,-0.7097,0.1502,0.3571
229.435,-7.5978,5.9773,-1.7954,-0.684,0.1599,0.3665
229.485,-7.6042,5.9491,-1.7864,-0.6672,0.1664,0.3721
229.536,-7.6083,5.9301,-1.7808,-0.6412,0.1766,0.3799
229.586,-7.6124,5.911,-1.7757,-0.6243,0.1834,0.3847
229.636,-7.6184,5.8821,-1.7683,-0.6021,0.1925,0.3908
229.686,-7.6222,5.8626,-1.7633,-0.5799,0.2017,0.3969
229.737,-7.6278,5.8332,-1.7563,-0.5536,0.2128,0.4036
229.787,-7.6315,5.8135,-1.752,-0.5365,0.2202,0.4076
229.837,-7.6351,5.7937,-1.7482,-0.5101,0.2316,0.413
229.887,-7.6404,5.7639,-1.7429,-0.4956,0.238,0.4158
229.937,-7.6438,5.7439,-1.7397,-0.4678,0.2504,0.4208
229.988,-7.6489,5.7138,-1.7354,-0.4479,0.2593,0.4239
230.038,-7.6522,5.6936,-1.7329,-0.4214,0.2713,0.4276
230.088,-7.6555,5.6734,-1.7305,-0.404,0.2793,0.4298
230.138,-7.6603,5.643,-1.7273,-0.3774,0.2915,0.433
230.188,-7.6635,5.6227,-1.7254,-0.3641,0.2977,0.4344
230.239,-7.6682,5.5922,-1.723,-0.3374,0.3101,0.4368
230.289,-7.6713,5.5718,-1.7217,-0.3147,0.3207,0.4386
230.339,-7.6744,5.5514,-1.7204,-0.288,0.3333,0.4405
230.389,-7.679,5.5208,-1.7187,-0.2706,0.3415,0.4417
230.439,-7.682,5.5003,-1.7176,-0.2439,0.3542,0.4433
230.49,-7.6851,5.4798,-1.7166,-0.2305,0.3605,0.4441
230.54,-7.6896,5.4491,-1.7152,-0.2037,0.3733,0.4455
230.59,-7.6925,5.4285,-1.7144,-0.1809,0.3842,0.4465
230.64,-7.697,5.3976,-1.7134,-0.1541,0.397,0.4476
230.69,-7.7,5.377,-1.7128,-0.1367,0.4054,0.4483
230.741,-7.7029,5.3564,-1.7121,-0.1099,0.4183,0.4493
230.791,-7.7073,5.3254,-1.7112,-0.0939,0.426,0.4499
230.841,-7.7102,5.3048,-1.7106,-0.0657,0.4397,0.4509
230.891,-7.7146,5.2738,-1.7098,-0.0429,0.4507,0.4517
230.941,-7.7174,5.2531,-1.7092,-0.0201,0.4618,0.4524
230.991,-7.7203,5.2324,-1.7087,-0.0026,0.4703,0.4529
231.042,-7.7246,5.2014,-1.708,0.0242,0.4833,0.4537
231.092,-7.7275,5.1806,-1.7076,0.051,0.4964,0.4544
231.142,-7.7317,5.1496,-1.707,0.0658,0.5036,0.4548
231.192,-7.7346,5.1288,-1.7067,0.094,0.5174,0.4554
231.243,-7.7374,5.1081,-1.7064,0.1141,0.5273,0.4558
231.293,-7.7416,5.077,-1.7059,0.141,0.5405,0.4563
231.343,-7.7445,5.0562,-1.7057,0.1585,0.5491,0.4566
231.393,-7.7487,5.0251,-1.7054,0.1853,0.5623,0.4569
231.444,-7.7515,5.0044,-1.7052,0.1987,0.5689,0.4571
231.494,-7.7543,4.9836,-1.7051,0.2256,0.5821,0.4575
231.544,-7.7585,4.9524,-1.7048,0.2484,0.5933,0.4577
231.594,-7.7613,4.9317,-1.7047,0.2753,0.6066,0.458
231.644,-7.7641,4.9109,-1.7045,0.2927,0.6152,0.4582
231.695,-7.7683,4.8797,-1.7044,0.3196,0.6284,0.4585
231.745,-7.7711,4.8589,-1.7043,0.333,0.6351,0.4586
231.795,-7.7753,4.8278,-1.7041,0.3599,0.6483,0.4588
231.845,-7.7781,4.807,-1.704,0.3827,0.6596,0.459
231.895,-7.7808,4.7862,-1.7039,0.4096,0.6729,0.4593
231.946,-7.785,4.755,-1.7038,0.4271,0.6815,0.4594
231.996,-7.7878,4.7342,-1.7037,0.4539,0.6948,0.4596
232.046,-7.792,4.703,-1.7036,0.47,0.7028,0.4598
232.096,-7.7947,4.6822,-1.7035,0.4982,0.7168,0.46
232.146,-7.7975,4.6614,-1.7034,0.517,0.7261,0.4601
232.197,-7.8017,4.6302,-1.7034,0.5439,0.7394,0.4603
232.247,-7.8045,4.6094,-1.7033,0.5614,0.7481,0.4605
232.297,-7.8086,4.5782,-1.7032,0.5882,0.7614,0.4606
232.347,-7.8114,4.5574,-1.7032,0.6016,0.768,0.4607
232.398,-7.8142,4.5366,-1.7031,0.6298,0.782,0.4609
232.448,-7.8183,4.5054,-1.7031,0.6513,0.7927,0.461
232.498,-7.8211,4.4846,-1.703,0.6782,0.8061,0.4612
232.548,-7.8252,4.4534,-1.703,0.6956,0.8147,0.4613
232.598,-7.828,4.4325,-1.703,0.7225,0.8281,0.4615
232.649,-7.8308,4.4117,-1.703,0.7359,0.8348,0.4616
232.699,-7.8349,4.3805,-1.7029,0.7628,0.8481,0.4617
232.749,-7.8377,4.3597,-1.7029,0.7856,0.8595,0.4619
232.799,-7.8404,4.3389,-1.7029,0.8125,0.8728,0.462
232.85,-7.8446,4.3077,-1.7029,0.8299,0.8815,0.4621
232.9,-7.8473,4.2869,-1.7028,0.8567,0.8949,0.4622
232.95,-7.8515,4.2556,-1.7028,0.8742,0.9036,0.4623
233.0,-7.8543,4.2348,-1.7028,0.897,0.915,0.4625
233.05,-7.857,4.214,-1.7028,0.9198,0.9264,0.4626
233.101,-7.8612,4.1828,-1.7028,0.9467,0.9397,0.4627
233.151,-7.8639,4.162,-1.7028,0.9641,0.9484,0.4628
233.201,-7.8681,4.1308,-1.7027,0.991,0.9618,0.463
233.251,-7.8708,4.1099,-1.7027,1.0178,0.9752,0.4631
233.302,-7.8736,4.0891,-1.7027,1.0339,0.9833,0.4632
233.352,-7.8777,4.0579,-1.7027,1.0621,0.9974,0.4633
233.402,-7.8805,4.0371,-1.7027,1.0809,1.0067,0.4634
233.452,-7.8846,4.0059,-1.7027,1.0983,1.0155,0.4635
233.502,-7.8874,3.985,-1.7027,1.1251,1.0289,0.4636
233.552,-7.8902,3.9642,-1.7027,1.152,1.0423,0.4637
233.603,-7.8943,3.933,-1.7027,1.1654,1.049,0.4637
233.653,-7.8971,3.9122,-1.7027,1.1936,1.0631,0.4638
233.703,-7.9012,3.881,-1.7027,1.215,1.0738,0.4639
233.753,-7.904,3.8602,-1.7027,1.2418,1.0872,0.4641
233.803,-7.9067,3.8393,-1.7027,1.2593,1.096,0.4641
233.853,-7.9109,3.8081,-1.7026,1.2861,1.1094,0.4643
233.904,-7.9136,3.7873,-1.7026,1.2995,1.1161,0.4643
233.954,-7.9164,3.7665,-1.7026,1.3263,1.1296,0.4644
234.004,-7.9205,3.7352,-1.7026,1.3491,1.141,0.4646
234.054,-7.9233,3.7144,-1.7026,1.3666,1.1497,0.4647
234.105,-7.9274,3.6832,-1.7026,1.3934,1.1632,0.4647
234.155,-7.9302,3.6624,-1.7026,1.4202,1.1766,0.4649
234.205,-7.933,3.6416,-1.7026,1.4376,1.1853,0.4649
234.255,-7.9371,3.6103,-1.7026,1.4604,1.1968,0.4651
234.306,-7.9399,3.5895,-1.7026,1.4832,1.2082,0.4651
234.356,-7.944,3.5583,-1.7026,1.51,1.2217,0.4652
234.406,-7.9468,3.5375,-1.7026,1.5275,1.2304,0.4653
234.456,-7.9495,3.5167,-1.7026,1.5543,1.2439,0.4654
234.506,-7.9537,3.4854,-1.7026,1.569,1.2513,0.4655
234.557,-7.9564,3.4646,-1.7026,1.5972,1.2654,0.4656
234.607,-7.9606,3.4334,-1.7026,1.6173,1.2755,0.4657
234.658,-7.9633,3.4126,-1.7026,1.6441,1.289,0.4658
234.708,-7.9661,3.3918,-1.7026,1.6615,1.2978,0.4659
234.759,-7.9702,3.3605,-1.7026,1.6883,1.3112,0.466
234.809,-7.973,3.3397,-1.7026,1.7017,1.318,0.4661
234.859,-7.9771,3.3085,-1.7026,1.7285,1.3315,0.4662
234.909,-7.9799,3.2877,-1.7026,1.7513,1.3429,0.4663
234.959,-7.9826,3.2669,-1.7026,1.7781,1.3564,0.4664
235.01,-7.9868,3.2356,-1.7026,1.7955,1.3652,0.4665
235.06,-7.9895,3.2148,-1.7026,1.8223,1.3787,0.4666
235.11,-7.9923,3.194,-1.7026,1.8357,1.3854,0.4666
235.16,-7.9964,3.1628,-1.7026,1.8625,1.3989,0.4667
235.21,-7.9992,3.142,-1.7026,1.8893,1.4124,0.4669
235.261,-8.0033,3.1107,-1.7026,1.912,1.4239,0.467
235.311,-8.0061,3.0899,-1.7026,1.9294,1.4327,0.4671
235.361,-8.0089,3.0691,-1.7026,1.9562,1.4462,0.4672
235.411,-8.013,3.0379,-1.7026,1.983,1.4597,0.4673
235.461,-8.0158,3.017,-1.7026,2.0004,1.4685,0.4673
235.511,-8.0199,2.9858,-1.7026,2.0232,1.48,0.4674
235.562,-8.0227,2.965,-1.7026,2.0459,1.4915,0.4675
235.612,-8.0254,2.9442,-1.7026,2.0634,1.5003,0.4676
235.662,-8.0296,2.913,-1.7026,2.0901,1.5138,0.4677
235.712,-8.0323,2.8921,-1.7026,2.1169,1.5273,0.4678
235.762,-8.0365,2.8609,-1.7026,2.1316,1.5347,0.4678
235.812,-8.0392,2.8401,-1.7026,2.1598,1.549,0.468
235.863,-8.042,2.8193,-1.7026,2.1798,1.5591,0.4681
235.913,-8.0461,2.788,-1.7026,2.2066,1.5726,0.4682
235.963,-8.0489,2.7672,-1.7026,2.224,1.5814,0.4682
236.013,-8.053,2.736,-1.7026,2.2508,1.595,0.4684
236.063,-8.0558,2.7152,-1.7026,2.2642,1.6018,0.4684
236.114,-8.0585,2.6944,-1.7026,2.2909,1.6153,0.4685
236.164,-8.0627,2.6631,-1.7026,2.3137,1.6268,0.4686
236.214,-8.0654,2.6423,-1.7026,2.3404,1.6404,0.4687
236.264,-8.0682,2.6215,-1.7026,2.3578,1.6492,0.4688
236.315,-8.0723,2.5903,-1.7026,2.3846,1.6627,0.469
236.365,-8.0751,2.5695,-1.7026,2.398,1.6695,0.4691
236.415,-8.0792,2.5382,-1.7026,2.4247,1.6831,0.4692
236.465,-8.082,2.5174,-1.7026,2.4475,1.6946,0.4693
236.515,-8.0847,2.4966,-1.7026,2.4742,1.7082,0.4693
236.565,-8.0889,2.4654,-1.7026,2.4916,1.717,0.4694
236.616,-8.0916,2.4446,-1.7026,2.5184,1.7306,0.4695
236.666,-8.0958,2.4133,-1.7026,2.5344,1.7387,0.4696
236.716,-8.0985,2.3925,-1.7026,2.5625,1.753,0.4697
236.766,-8.1013,2.3717,-1.7026,2.5813,1.7625,0.4697
236.816,-8.1054,2.3405,-1.7026,2.608,1.776,0.4698
