t,truth_x,truth_y,truth_yaw,est_x,est_y,est_yaw
0.0,-8.064,2.3205,-1.7421,0.0,0.0,0.0
0.05,-8.0641,2.3205,-1.7386,0.0,0.0,0.0
0.101,-8.0643,2.3191,-1.7163,0.0,0.0,0.0
0.151,-8.065,2.3152,-1.6792,0.0,0.0,0.0
0.201,-8.0654,2.3124,-1.6549,0.0,0.0,0.0
0.252,-8.0657,2.3094,-1.6311,0.0,0.0,0.0
0.304,-8.0659,2.3046,-1.5965,0.0,0.0,0.0
0.354,-8.0659,2.3013,-1.5738,0.0,0.0,0.0
0.404,-8.0659,2.2965,-1.5401,0.0,0.0,0.0
0.455,-8.0657,2.2934,-1.5179,0.0,0.0,0.0
0.505,-8.0655,2.2902,-1.4957,0.0,0.0,0.0
0.555,-8.0651,2.2855,-1.4624,0.0,0.0,0.0
0.605,-8.0647,2.2824,-1.4402,0.0,0.0,0.0
0.656,-8.0643,2.2793,-1.418,0.0,0.0,0.0
0.706,-8.0638,2.2762,-1.3957,0.024,0.0,0.1898
0.757,-8.0629,2.2715,-1.3624,0.028,0.0006,0.2201
0.807,-8.0622,2.2684,-1.3402,0.0315,0.0014,0.249
0.858,-8.0615,2.2654,-1.318,0.0356,0.0025,0.2833
0.908,-8.0606,2.2623,-1.2958,0.0389,0.0035,0.3103
0.958,-8.0593,2.2578,-1.2625,0.0401,0.0039,0.3211
1.008,-8.0583,2.2548,-1.2403,0.0446,0.0055,0.3589
1.059,-8.0572,2.2519,-1.2181,0.0475,0.0066,0.3841
1.109,-8.0561,2.2489,-1.1959,0.0519,0.0084,0.4219
1.16,-8.0543,2.2445,-1.1626,0.0548,0.0097,0.4471
1.21,-8.053,2.2417,-1.1404,0.059,0.0118,0.4849
1.26,-8.0517,2.2388,-1.1182,0.0618,0.0133,0.5101
1.312,-8.0503,2.236,-1.096,0.0646,0.0149,0.5353
1.362,-8.0481,2.2318,-1.0626,0.0673,0.0165,0.5605
1.412,-8.0465,2.2291,-1.0404,0.0699,0.0182,0.5857
1.463,-8.0449,2.2264,-1.0182,0.0726,0.02,0.6109
1.513,-8.0432,2.2237,-0.996,0.0764,0.0228,0.6487
1.564,-8.0415,2.2211,-0.9738,0.0789,0.0247,0.6739
1.614,-8.0387,2.2172,-0.9405,0.0814,0.0267,0.6991
1.665,-8.0369,2.2147,-0.9183,0.085,0.0298,0.7369
1.715,-8.0339,2.211,-0.885,0.0873,0.0319,0.7621
1.765,-8.0319,2.2086,-0.8627,0.0907,0.0353,0.7999
1.817,-8.0297,2.206,-0.8404,0.093,0.0377,0.8251
1.867,-8.0261,2.2021,-0.8068,0.0955,0.0403,0.8503
1.917,-8.0234,2.1994,-0.7843,0.0979,0.0432,0.8755
1.968,-8.0206,2.1965,-0.7617,0.1004,0.0462,0.9007
2.019,-8.0176,2.1936,-0.739,0.1043,0.0512,0.9385
2.069,-8.0144,2.1906,-0.7161,0.1069,0.0548,0.9637
2.121,-8.011,2.1874,-0.693,0.1095,0.0586,0.9889
2.175,-8.0055,2.1826,-0.6578,0.1134,0.0647,1.0267
2.225,-7.9995,2.1776,-0.6216,0.116,0.0691,1.0519
2.276,-7.9953,2.1742,-0.5969,0.1187,0.0737,1.0771
2.327,-7.9908,2.1707,-0.5718,0.1213,0.0786,1.1023
2.378,-7.9861,2.1672,-0.5466,0.1239,0.0838,1.1275
2.428,-7.9785,2.162,-0.5088,0.1276,0.092,1.1653
2.479,-7.9731,2.1586,-0.4836,0.1301,0.0978,1.1905
2.529,-7.9675,2.1552,-0.4584,0.1325,0.1039,1.2157
2.579,-7.9616,2.1519,-0.4332,0.1359,0.1135,1.2535
2.629,-7.9524,2.1472,-0.3954,0.1381,0.1202,1.2787
2.68,-7.946,2.1442,-0.3708,0.1412,0.1308,1.315
2.731,-7.9391,2.1414,-0.3472,0.1421,0.1344,1.3267
2.782,-7.9282,2.1375,-0.3138,0.1448,0.1458,1.3581
2.832,-7.9205,2.135,-0.293,0.1465,0.1537,1.3775
2.882,-7.9126,2.1327,-0.2742,0.1488,0.1659,1.4034
2.932,-7.9003,2.1293,-0.2484,0.1502,0.1743,1.4191
2.983,-7.8919,2.1272,-0.2328,0.1514,0.1828,1.4337
3.034,-7.8833,2.1252,-0.2189,0.1532,0.196,1.453
3.084,-7.8703,2.1224,-0.2004,0.1542,0.2049,1.4647
3.134,-7.8614,2.1205,-0.1897,0.1552,0.2146,1.4765
3.186,-7.8525,2.1188,-0.1804,0.1556,0.2186,1.4805
3.237,-7.8435,2.1171,-0.1719,0.1568,0.2325,1.4941
3.288,-7.8344,2.1155,-0.1639,0.1575,0.242,1.5024
3.339,-7.8252,2.1139,-0.1565,0.1584,0.2562,1.5138
3.389,-7.8206,2.1132,-0.153,0.1587,0.261,1.5174
3.44,-7.8065,2.1111,-0.1432,0.1592,0.2707,1.524
3.49,-7.7971,2.1098,-0.1371,0.1598,0.2852,1.5333
3.541,-7.7828,2.1079,-0.129,0.1602,0.295,1.5389
3.591,-7.7732,2.1067,-0.124,0.1606,0.3098,1.5466
3.641,-7.7635,2.1055,-0.1194,0.1607,0.3147,1.5491
3.691,-7.7537,2.1043,-0.1151,0.1609,0.3246,1.5534
3.742,-7.739,2.1027,-0.1093,0.1612,0.3396,1.5595
3.795,-7.7291,2.1016,-0.1056,0.1613,0.3496,1.5633
3.845,-7.7142,2.1,-0.1007,0.1613,0.3647,1.5684
3.895,-7.7042,2.0991,-0.0977,0.1613,0.3749,1.5715
3.946,-7.6942,2.0981,-0.0949,0.1613,0.3901,1.5757
3.996,-7.6791,2.0967,-0.091,0.1612,0.401,1.5785
4.046,-7.6689,2.0958,-0.0884,0.1612,0.4112,1.5809
4.096,-7.6587,2.0949,-0.086,0.1611,0.4207,1.5828
4.147,-7.6434,2.0936,-0.0828,0.1609,0.436,1.5858
4.197,-7.6332,2.0927,-0.0808,0.1607,0.4463,1.5876
4.247,-7.6229,2.0919,-0.079,0.1604,0.4618,1.59
4.298,-7.6126,2.0911,-0.0774,0.1603,0.4669,1.5907
4.348,-7.6023,2.0903,-0.0759,0.16,0.4824,1.5927
4.398,-7.5868,2.0891,-0.0738,0.1598,0.4928,1.594
4.449,-7.5765,2.0884,-0.0726,0.1594,0.5083,1.5956
4.499,-7.561,2.0873,-0.071,0.1591,0.5187,1.5966
4.549,-7.5506,2.0865,-0.07,0.1589,0.5291,1.5975
4.599,-7.5402,2.0858,-0.0691,0.1586,0.5395,1.5983
4.65,-7.5246,2.0847,-0.0679,0.1581,0.5551,1.5994
4.7,-7.5143,2.084,-0.0672,0.1578,0.5655,1.6
4.75,-7.5038,2.0833,-0.0666,0.1574,0.5811,1.6009
4.8,-7.4934,2.0827,-0.066,0.1571,0.5916,1.6014
4.85,-7.4778,2.0816,-0.0652,0.1567,0.602,1.6019
4.901,-7.4674,2.0809,-0.0647,0.1562,0.6177,1.6025
4.951,-7.457,2.0803,-0.0643,0.1561,0.6229,1.6027
5.001,-7.4413,2.0793,-0.0637,0.1556,0.6386,1.6033
5.051,-7.4309,2.0786,-0.0633,0.1552,0.649,1.6036
5.102,-7.4152,2.0776,-0.0628,0.1547,0.6647,1.6041
5.152,-7.4048,2.077,-0.0625,0.1542,0.6804,1.6044
5.203,-7.3943,2.0763,-0.0623,0.1538,0.6909,1.6047
5.253,-7.3786,2.0753,-0.062,0.1535,0.7013,1.6049
5.303,-7.3682,2.0747,-0.0618,0.1531,0.7118,1.6051
5.354,-7.3577,2.074,-0.0617,0.1527,0.723,1.6053
5.404,-7.342,2.0731,-0.0615,0.1522,0.738,1.6055
5.454,-7.3316,2.0724,-0.0613,0.1518,0.7485,1.6057
5.504,-7.3211,2.0718,-0.0612,0.1515,0.7589,1.6058
5.554,-7.3106,2.0711,-0.0611,0.1509,0.7746,1.606
5.605,-7.2949,2.0702,-0.0609,0.1505,0.7851,1.6061
5.655,-7.2845,2.0696,-0.0608,0.15,0.8008,1.6063
5.705,-7.274,2.0689,-0.0607,0.1496,0.8113,1.6064
5.755,-7.2635,2.0683,-0.0606,0.1492,0.8218,1.6065
5.809,-7.2478,2.0673,-0.0605,0.1489,0.8323,1.6066
5.86,-7.2374,2.0667,-0.0604,0.1485,0.8428,1.6067
5.91,-7.2269,2.0661,-0.0603,0.1481,0.8533,1.6067
5.96,-7.2164,2.0654,-0.0603,0.1475,0.869,1.6068
6.01,-7.2007,2.0645,-0.0602,0.1472,0.8795,1.6069
6.061,-7.1903,2.0639,-0.0601,0.1466,0.8952,1.607
6.111,-7.1798,2.0632,-0.0601,0.1462,0.9057,1.6071
6.161,-7.1641,2.0623,-0.06,0.1456,0.9222,1.6071
6.211,-7.1536,2.0616,-0.0599,0.1452,0.9327,1.6072
6.262,-7.1379,2.0607,-0.0599,0.1449,0.9424,1.6072
6.312,-7.1274,2.0601,-0.0598,0.1445,0.9529,1.6072
6.362,-7.1117,2.0591,-0.0598,0.1439,0.9686,1.6073
6.414,-7.1012,2.0585,-0.0598,0.1435,0.9791,1.6073
6.464,-7.0907,2.0579,-0.0597,0.1432,0.9896,1.6074
6.514,-7.0803,2.0573,-0.0597,0.1426,1.0053,1.6074
6.564,-7.0645,2.0563,-0.0597,0.1422,1.0158,1.6074
6.617,-7.0541,2.0557,-0.0596,0.1418,1.0271,1.6074
6.667,-7.0436,2.0551,-0.0596,0.1412,1.0421,1.6075
6.717,-7.0331,2.0544,-0.0596,0.141,1.0473,1.6075
6.768,-7.0226,2.0538,-0.0596,0.1407,1.0578,1.6075
6.818,-7.0069,2.0529,-0.0596,0.1401,1.0735,1.6075
6.869,-6.9964,2.0523,-0.0595,0.1397,1.084,1.6075
6.921,-6.9807,2.0513,-0.0595,0.1391,1.0998,1.6076
6.972,-6.9702,2.0507,-0.0595,0.1385,1.1155,1.6076
7.022,-6.9598,2.0501,-0.0595,0.1382,1.126,1.6076
7.072,-6.944,2.0491,-0.0595,0.1376,1.1417,1.6076
7.124,-6.9336,2.0485,-0.0595,0.1374,1.147,1.6076
7.174,-6.9231,2.0479,-0.0595,0.137,1.1575,1.6076
7.224,-6.9073,2.0469,-0.0595,0.1364,1.1732,1.6076
7.274,-6.8969,2.0463,-0.0595,0.136,1.1837,1.6076
7.325,-6.8864,2.0457,-0.0594,0.1354,1.1994,1.6076
7.375,-6.8707,2.0448,-0.0594,0.1351,1.2099,1.6076
7.425,-6.8602,2.0441,-0.0594,0.1345,1.2257,1.6076
7.475,-6.8445,2.0432,-0.0594,0.1341,1.2361,1.6077
7.525,-6.834,2.0426,-0.0594,0.1335,1.2519,1.6077
7.576,-6.8235,2.042,-0.0594,0.1333,1.2571,1.6077
7.626,-6.8078,2.041,-0.0594,0.1327,1.2729,1.6077
7.677,-6.7973,2.0404,-0.0594,0.1325,1.2781,1.6077
7.728,-6.7868,2.0398,-0.0594,0.1318,1.2991,1.6077
7.778,-6.7763,2.0392,-0.0594,0.1314,1.3096,1.6077
7.828,-6.7606,2.0382,-0.0594,0.131,1.3201,1.6077
7.879,-6.7501,2.0376,-0.0594,0.1304,1.3358,1.6077
7.929,-6.7344,2.0367,-0.0594,0.13,1.3463,1.6077
7.979,-6.7239,2.036,-0.0594,0.1296,1.3568,1.6077
8.029,-6.7135,2.0354,-0.0594,0.1293,1.3673,1.6077
8.08,-6.6977,2.0345,-0.0594,0.1287,1.383,1.6077
8.13,-6.6872,2.0339,-0.0594,0.1283,1.3935,1.6077
8.18,-6.6768,2.0332,-0.0594,0.1277,1.4093,1.6077
8.231,-6.661,2.0323,-0.0594,0.1273,1.4198,1.6077
8.281,-6.6506,2.0317,-0.0594,0.1269,1.4303,1.6077
8.331,-6.6401,2.0311,-0.0594,0.1263,1.446,1.6077
8.381,-6.6296,2.0304,-0.0594,0.126,1.4565,1.6077
8.432,-6.6191,2.0298,-0.0594,0.1258,1.4617,1.6077
8.482,-6.6034,2.0289,-0.0594,0.1252,1.4775,1.6077
8.532,-6.5929,2.0282,-0.0594,0.1248,1.488,1.6077
8.583,-6.5824,2.0276,-0.0594,0.1242,1.5037,1.6077
8.633,-6.5667,2.0267,-0.0594,0.1238,1.5142,1.6077
8.683,-6.5615,2.0264,-0.0594,0.1234,1.5247,1.6077
8.736,-6.551,2.0258,-0.0594,0.1231,1.5352,1.6077
8.786,-6.5353,2.0248,-0.0594,0.1227,1.5457,1.6077
8.837,-6.5248,2.0242,-0.0594,0.1223,1.5562,1.6077
8.891,-6.5143,2.0236,-0.0594,0.1219,1.5667,1.6077
8.942,-6.4986,2.0226,-0.0594,0.1213,1.5824,1.6077
8.993,-6.4881,2.022,-0.0594,0.1209,1.5929,1.6077
9.044,-6.4724,2.0211,-0.0594,0.1203,1.6086,1.6077
9.094,-6.4619,2.0205,-0.0594,0.12,1.6191,1.6077
9.145,-6.4462,2.0195,-0.0594,0.1194,1.6349,1.6077
9.195,-6.4357,2.0189,-0.0594,0.119,1.6454,1.6077
9.245,-6.4252,2.0183,-0.0594,0.1186,1.6566,1.6077
9.295,-6.4095,2.0173,-0.0594,0.1182,1.6664,1.6077
9.346,-6.399,2.0167,-0.0594,0.1176,1.6821,1.6077
9.396,-6.3885,2.0161,-0.0594,0.1172,1.6926,1.6077
9.448,-6.3728,2.0152,-0.0594,0.1167,1.7083,1.6077
9.498,-6.3623,2.0145,-0.0594,0.1163,1.7188,1.6077
9.549,-6.3518,2.0139,-0.0594,0.1157,1.7346,1.6077
9.599,-6.3414,2.0133,-0.0594,0.1153,1.745,1.6077
9.65,-6.3256,2.0124,-0.0594,0.1149,1.7555,1.6077
9.7,-6.3152,2.0117,-0.0594,0.1143,1.772,1.6077
9.75,-6.2994,2.0108,-0.0594,0.1139,1.7818,1.6077
9.801,-6.289,2.0102,-0.0594,0.1136,1.7923,1.6077
9.851,-6.2785,2.0096,-0.0594,0.113,1.808,1.6077
9.901,-6.2627,2.0086,-0.0594,0.1126,1.8185,1.6077
9.952,-6.2523,2.008,-0.0594,0.112,1.8342,1.6077
10.005,-6.2365,2.0071,-0.0594,0.1116,1.8447,1.6077
10.057,-6.2261,2.0064,-0.0594,0.1112,1.8552,1.6077
10.107,-6.2103,2.0055,-0.0594,0.1106,1.8717,1.6077
10.157,-6.1999,2.0049,-0.0594,0.1103,1.8815,1.6077
10.208,-6.1894,2.0043,-0.0594,0.1099,1.8919,1.6077
10.258,-6.1737,2.0033,-0.0594,0.1093,1.9077,1.6077
10.312,-6.1632,2.0027,-0.0594,0.1087,1.9234,1.6077
10.362,-6.1475,2.0018,-0.0594,0.1083,1.9339,1.6077
10.414,-6.137,2.0011,-0.0594,0.1079,1.9444,1.6077
10.464,-6.1265,2.0005,-0.0594,0.1074,1.9602,1.6077
10.515,-6.1108,1.9996,-0.0594,0.1069,1.9714,1.6077
10.565,-6.1003,1.999,-0.0594,0.1066,1.9811,1.6077
10.615,-6.095,1.9987,-0.0594,0.1064,1.9864,1.6077
10.665,-6.0793,1.9977,-0.0594,0.1058,2.0021,1.6077
10.716,-6.0688,1.9971,-0.0594,0.1054,2.0126,1.6077
10.766,-6.0584,1.9965,-0.0594,0.1048,2.0284,1.6077
10.817,-6.0426,1.9955,-0.0594,0.1045,2.0388,1.6077
10.869,-6.0322,1.9949,-0.0594,0.1041,2.0493,1.6077
10.92,-6.0217,1.9943,-0.0594,0.1035,2.0651,1.6077
10.97,-6.006,1.9934,-0.0594,0.1031,2.0756,1.6077
11.02,-5.9955,1.9927,-0.0594,0.1025,2.0913,1.6077
11.07,-5.9797,1.9918,-0.0594,0.1021,2.1018,1.6077
11.121,-5.9693,1.9912,-0.0594,0.1017,2.1123,1.6077
11.176,-5.9588,1.9906,-0.0594,0.1012,2.128,1.6077
11.226,-5.9431,1.9896,-0.0594,0.1008,2.1385,1.6077
11.277,-5.9326,1.989,-0.0594,0.1002,2.1543,1.6077
11.328,-5.9169,1.9881,-0.0594,0.0998,2.1648,1.6077
11.379,-5.9064,1.9874,-0.0594,0.0992,2.1813,1.6077
11.43,-5.8907,1.9865,-0.0594,0.0988,2.191,1.6077
11.481,-5.8802,1.9859,-0.0594,0.0984,2.2015,1.6077
11.531,-5.8697,1.9853,-0.0594,0.0981,2.212,1.6077
11.582,-5.854,1.9843,-0.0594,0.0975,2.2277,1.6077
11.632,-5.8435,1.9837,-0.0594,0.0971,2.2382,1.6077
11.684,-5.8278,1.9828,-0.0594,0.0965,2.254,1.6077
11.734,-5.8173,1.9821,-0.0594,0.0961,2.2644,1.6077
11.785,-5.8068,1.9815,-0.0594,0.0955,2.2802,1.6077
11.837,-5.7963,1.9809,-0.0594,0.0951,2.2914,1.6077
11.887,-5.7806,1.98,-0.0594,0.0948,2.3012,1.6077
11.938,-5.7701,1.9793,-0.0594,0.0944,2.3117,1.6077
11.988,-5.7544,1.9784,-0.0594,0.0938,2.3274,1.6077
12.039,-5.7439,1.9778,-0.0594,0.0934,2.3379,1.6077
12.089,-5.7334,1.9772,-0.0594,0.093,2.3484,1.6077
12.139,-5.7177,1.9762,-0.0594,0.0924,2.3641,1.6077
12.191,-5.7072,1.9756,-0.0594,0.0919,2.3799,1.6077
12.241,-5.6967,1.975,-0.0594,0.0914,2.3911,1.6077
12.292,-5.681,1.974,-0.0594,0.0911,2.4009,1.6077
12.342,-5.6758,1.9737,-0.0594,0.0909,2.4061,1.6077
12.392,-5.6653,1.9731,-0.0594,0.0903,2.4218,1.6077
12.442,-5.6496,1.9722,-0.0594,0.0899,2.4323,1.6077
12.493,-5.6339,1.9712,-0.0594,0.0893,2.4481,1.6077
12.543,-5.6234,1.9706,-0.0594,0.0889,2.4586,1.6077
12.593,-5.6129,1.97,-0.0594,0.0884,2.4743,1.6077
12.643,-5.6024,1.9694,-0.0594,0.088,2.4848,1.6077
12.695,-5.5867,1.9684,-0.0594,0.0876,2.4953,1.6077
12.745,-5.5762,1.9678,-0.0594,0.0872,2.5058,1.6077
12.796,-5.5657,1.9672,-0.0594,0.0868,2.5163,1.6077
12.846,-5.5552,1.9666,-0.0594,0.0864,2.5268,1.6077
12.896,-5.5448,1.9659,-0.0594,0.0858,2.5425,1.6077
12.947,-5.529,1.965,-0.0594,0.0855,2.553,1.6077
12.997,-5.5186,1.9644,-0.0594,0.0849,2.5687,1.6077
13.048,-5.5028,1.9635,-0.0594,0.0845,2.5792,1.6077
13.099,-5.4924,1.9628,-0.0594,0.0839,2.595,1.6077
13.149,-5.4819,1.9622,-0.0594,0.0835,2.6055,1.6077
13.199,-5.4662,1.9613,-0.0594,0.0831,2.616,1.6077
13.25,-5.4557,1.9606,-0.0594,0.0827,2.6264,1.6077
13.3,-5.4452,1.96,-0.0594,0.0824,2.6369,1.6077
13.35,-5.4295,1.9591,-0.0594,0.0818,2.6527,1.6077
13.401,-5.419,1.9585,-0.0594,0.0814,2.6632,1.6077
13.452,-5.4085,1.9578,-0.0594,0.0808,2.6789,1.6077
13.502,-5.398,1.9572,-0.0594,0.0804,2.6894,1.6077
13.553,-5.3823,1.9563,-0.0594,0.08,2.6999,1.6077
13.603,-5.3718,1.9557,-0.0594,0.0796,2.7111,1.6077
13.653,-5.3613,1.955,-0.0594,0.0793,2.7209,1.6077
13.703,-5.3509,1.9544,-0.0594,0.0789,2.7314,1.6077
13.754,-5.3404,1.9538,-0.0594,0.0783,2.7471,1.6077
13.804,-5.3247,1.9529,-0.0594,0.0779,2.7576,1.6077
13.854,-5.3142,1.9522,-0.0594,0.0775,2.7681,1.6077
13.905,-5.2985,1.9513,-0.0594,0.0769,2.7838,1.6077
13.955,-5.288,1.9507,-0.0594,0.0764,2.7996,1.6077
14.005,-5.2775,1.9501,-0.0594,0.076,2.8101,1.6077
14.055,-5.2618,1.9491,-0.0594,0.0755,2.8213,1.6077
14.107,-5.2513,1.9485,-0.0594,0.0752,2.8311,1.6077
14.157,-5.2356,1.9476,-0.0594,0.0746,2.8468,1.6077
14.207,-5.2251,1.9469,-0.0594,0.0742,2.8573,1.6077
14.258,-5.2146,1.9463,-0.0594,0.0736,2.873,1.6077
14.313,-5.1989,1.9454,-0.0594,0.0733,2.8835,1.6077
14.363,-5.1884,1.9448,-0.0594,0.0727,2.8993,1.6077
14.414,-5.1727,1.9438,-0.0594,0.0723,2.9098,1.6077
14.464,-5.1622,1.9432,-0.0594,0.0717,2.9255,1.6077
14.515,-5.1517,1.9426,-0.0594,0.0715,2.9307,1.6077
14.565,-5.1412,1.942,-0.0594,0.0709,2.9465,1.6077
14.615,-5.1255,1.941,-0.0594,0.0705,2.957,1.6077
14.665,-5.115,1.9404,-0.0594,0.0702,2.9675,1.6077
14.716,-5.1045,1.9398,-0.0594,0.0696,2.9832,1.6077
14.766,-5.0888,1.9388,-0.0594,0.0692,2.9937,1.6077
14.816,-5.0783,1.9382,-0.0594,0.0686,3.0094,1.6077
14.867,-5.0679,1.9376,-0.0594,0.0682,3.0199,1.6077
14.917,-5.0521,1.9367,-0.0594,0.0678,3.0312,1.6077
14.967,-5.0417,1.936,-0.0594,0.0674,3.0409,1.6077
15.018,-5.0259,1.9351,-0.0594,0.0671,3.0514,1.6077
15.07,-5.0155,1.9345,-0.0594,0.0665,3.0671,1.6077
15.121,-5.005,1.9339,-0.0594,0.0661,3.0776,1.6077
15.172,-4.9945,1.9332,-0.0594,0.0655,3.0934,1.6077
15.222,-4.9788,1.9323,-0.0594,0.0651,3.1039,1.6077
15.273,-4.9683,1.9317,-0.0594,0.0645,3.1196,1.6077
15.324,-4.9526,1.9307,-0.0594,0.0641,3.1301,1.6077
15.374,-4.9421,1.9301,-0.0594,0.0638,3.1406,1.6077
15.424,-4.9316,1.9295,-0.0594,0.0634,3.1511,1.6077
15.475,-4.9159,1.9286,-0.0594,0.0628,3.1668,1.6077
15.525,-4.9054,1.9279,-0.0594,0.0624,3.1773,1.6077
15.575,-4.8949,1.9273,-0.0594,0.0618,3.1931,1.6077
15.625,-4.8792,1.9264,-0.0594,0.0614,3.2036,1.6077
15.677,-4.8687,1.9258,-0.0594,0.0608,3.2193,1.6077
15.727,-4.853,1.9248,-0.0594,0.0604,3.2305,1.6077
15.778,-4.8425,1.9242,-0.0594,0.0599,3.2463,1.6077
15.829,-4.832,1.9236,-0.0594,0.0597,3.2508,1.6077
15.879,-4.8163,1.9226,-0.0594,0.0591,3.2665,1.6077
15.93,-4.8058,1.922,-0.0594,0.0587,3.277,1.6077
15.98,-4.7953,1.9214,-0.0594,0.0583,3.2875,1.6077
16.03,-4.7796,1.9205,-0.0594,0.0577,3.3032,1.6077
16.08,-4.7691,1.9198,-0.0594,0.0574,3.3137,1.6077
16.131,-4.7587,1.9192,-0.0594,0.0568,3.3295,1.6077
16.183,-4.7482,1.9186,-0.0594,0.0566,3.3347,1.6077
16.233,-4.7377,1.918,-0.0594,0.0562,3.3452,1.6077
16.287,-4.722,1.917,-0.0594,0.0558,3.3557,1.6077
16.337,-4.7115,1.9164,-0.0594,0.0552,3.3714,1.6077
16.388,-4.701,1.9158,-0.0594,0.0548,3.3819,1.6077
16.439,-4.6853,1.9149,-0.0594,0.0543,3.3977,1.6077
16.489,-4.6748,1.9142,-0.0594,0.0539,3.4082,1.6077
16.54,-4.6643,1.9136,-0.0594,0.0533,3.4239,1.6077
16.59,-4.6486,1.9127,-0.0594,0.0529,3.4344,1.6077
16.64,-4.6381,1.9121,-0.0594,0.0523,3.4501,1.6077
16.691,-4.6276,1.9114,-0.0594,0.0521,3.4554,1.6077
16.743,-4.6172,1.9108,-0.0594,0.0515,3.4711,1.6077
16.797,-4.6014,1.9099,-0.0594,0.0514,3.4764,1.6077
16.847,-4.591,1.9092,-0.0594,0.0508,3.4921,1.6077
16.899,-4.5805,1.9086,-0.0594,0.0504,3.5026,1.6077
16.949,-4.5647,1.9077,-0.0594,0.0498,3.5183,1.6077
17.0,-4.5543,1.9071,-0.0594,0.0492,3.5341,1.6077
17.05,-4.5438,1.9064,-0.0594,0.0488,3.5446,1.6077
17.1,-4.5333,1.9058,-0.0594,0.0484,3.5551,1.6077
17.15,-4.5176,1.9049,-0.0594,0.0481,3.5656,1.6077
17.201,-4.5071,1.9043,-0.0594,0.0477,3.576,1.6077
17.251,-4.4914,1.9033,-0.0594,0.0471,3.5918,1.6077
17.302,-4.4809,1.9027,-0.0594,0.0467,3.6023,1.6077
17.352,-4.4704,1.9021,-0.0594,0.0461,3.618,1.6077
17.402,-4.4547,1.9011,-0.0594,0.0457,3.6285,1.6077
17.452,-4.4442,1.9005,-0.0594,0.0452,3.6443,1.6077
17.502,-4.4337,1.8999,-0.0594,0.0448,3.6547,1.6077
17.553,-4.418,1.899,-0.0594,0.0444,3.6652,1.6077
17.603,-4.4075,1.8983,-0.0594,0.044,3.6757,1.6077
17.653,-4.397,1.8977,-0.0594,0.0434,3.6915,1.6077
17.704,-4.3813,1.8968,-0.0594,0.043,3.702,1.6077
17.755,-4.3708,1.8962,-0.0594,0.0426,3.7125,1.6077
17.805,-4.3551,1.8952,-0.0594,0.0421,3.7282,1.6077
17.856,-4.3446,1.8946,-0.0594,0.0415,3.7439,1.6077
17.907,-4.3342,1.894,-0.0594,0.0411,3.7544,1.6077
17.958,-4.3237,1.8934,-0.0594,0.0407,3.7649,1.6077
18.008,-4.308,1.8924,-0.0594,0.0403,3.7754,1.6077
18.059,-4.2975,1.8918,-0.0594,0.0399,3.7859,1.6077
18.109,-4.287,1.8912,-0.0594,0.0393,3.8016,1.6077
18.16,-4.2713,1.8902,-0.0594,0.039,3.8121,1.6077
18.21,-4.2608,1.8896,-0.0594,0.0386,3.8226,1.6077
18.26,-4.2503,1.889,-0.0594,0.038,3.8384,1.6077
18.311,-4.2346,1.8881,-0.0594,0.0376,3.8489,1.6077
18.361,-4.2241,1.8874,-0.0594,0.037,3.8654,1.6077
18.411,-4.2136,1.8868,-0.0594,0.0366,3.8751,1.6077
18.461,-4.1979,1.8859,-0.0594,0.0362,3.8856,1.6077
18.512,-4.1874,1.8853,-0.0594,0.0359,3.8961,1.6077
18.562,-4.1717,1.8843,-0.0594,0.0353,3.9118,1.6077
18.612,-4.1612,1.8837,-0.0594,0.0349,3.9223,1.6077
18.662,-4.1507,1.8831,-0.0594,0.0343,3.9381,1.6077
18.713,-4.1402,1.8825,-0.0594,0.0341,3.9433,1.6077
18.764,-4.1298,1.8818,-0.0594,0.0337,3.9538,1.6077
18.814,-4.1193,1.8812,-0.0594,0.0331,3.9703,1.6077
18.864,-4.1088,1.8806,-0.0594,0.0329,3.9748,1.6077
18.915,-4.0931,1.8797,-0.0594,0.0324,3.9905,1.6077
18.965,-4.0826,1.879,-0.0594,0.032,4.001,1.6077
19.015,-4.0721,1.8784,-0.0594,0.0316,4.0115,1.6077
19.065,-4.0564,1.8775,-0.0594,0.031,4.0272,1.6077
19.116,-4.0459,1.8769,-0.0594,0.0306,4.0377,1.6077
19.166,-4.0354,1.8762,-0.0594,0.03,4.0535,1.6077
19.216,-4.0197,1.8753,-0.0594,0.0297,4.064,1.6077
19.266,-4.0092,1.8747,-0.0594,0.0291,4.0797,1.6077
19.317,-3.9987,1.874,-0.0594,0.0289,4.085,1.6077
19.367,-3.9883,1.8734,-0.0594,0.0285,4.0954,1.6077
19.418,-3.9778,1.8728,-0.0594,0.0281,4.1059,1.6077
19.468,-3.9621,1.8719,-0.0594,0.0275,4.1217,1.6077
19.518,-3.9516,1.8712,-0.0594,0.0271,4.1322,1.6077
19.569,-3.9359,1.8703,-0.0594,0.0266,4.1479,1.6077
19.62,-3.9254,1.8697,-0.0594,0.0262,4.1584,1.6077
19.67,-3.9149,1.8691,-0.0594,0.0256,4.1741,1.6077
19.721,-3.9044,1.8684,-0.0594,0.0252,4.1846,1.6077
19.771,-3.8887,1.8675,-0.0594,0.0248,4.1951,1.6077
19.822,-3.8782,1.8669,-0.0594,0.0244,4.2056,1.6077
19.872,-3.8625,1.8659,-0.0594,0.0238,4.2214,1.6077
19.923,-3.852,1.8653,-0.0594,0.0234,4.2319,1.6077
19.973,-3.8415,1.8647,-0.0594,0.0229,4.2476,1.6077
20.023,-3.8258,1.8638,-0.0594,0.0225,4.2581,1.6077
20.074,-3.8153,1.8631,-0.0594,0.0219,4.2738,1.6077
20.124,-3.8048,1.8625,-0.0594,0.0217,4.2798,1.6077
20.174,-3.7944,1.8619,-0.0594,0.0211,4.2948,1.6077
20.224,-3.7839,1.8613,-0.0594,0.0209,4.3001,1.6077
20.275,-3.7682,1.8603,-0.0594,0.0203,4.3158,1.6077
20.325,-3.7577,1.8597,-0.0594,0.02,4.3263,1.6077
20.376,-3.7419,1.8588,-0.0594,0.0194,4.342,1.6077
20.426,-3.7315,1.8582,-0.0594,0.019,4.3525,1.6077
20.477,-3.721,1.8575,-0.0594,0.0186,4.363,1.6077
20.527,-3.7105,1.8569,-0.0594,0.018,4.3788,1.6077
20.577,-3.6948,1.856,-0.0594,0.0176,4.39,1.6077
20.628,-3.6843,1.8554,-0.0594,0.0172,4.3997,1.6077
20.679,-3.6738,1.8547,-0.0594,0.0167,4.4155,1.6077
20.729,-3.6633,1.8541,-0.0594,0.0163,4.426,1.6077
20.78,-3.6476,1.8532,-0.0594,0.0159,4.4365,1.6077
20.83,-3.6371,1.8526,-0.0594,0.0155,4.447,1.6077
20.881,-3.6214,1.8516,-0.0594,0.0149,4.4627,1.6077
20.931,-3.6109,1.851,-0.0594,0.0143,4.4784,1.6077
20.982,-3.6004,1.8504,-0.0594,0.014,4.4889,1.6077
21.032,-3.5847,1.8494,-0.0594,0.0136,4.4994,1.6077
21.083,-3.5742,1.8488,-0.0594,0.0132,4.5099,1.6077
21.133,-3.5638,1.8482,-0.0594,0.0126,4.5257,1.6077
21.184,-3.5533,1.8476,-0.0594,0.0122,4.5361,1.6077
21.234,-3.5376,1.8466,-0.0594,0.0118,4.5466,1.6077
21.284,-3.5271,1.846,-0.0594,0.0112,4.5624,1.6077
21.335,-3.5114,1.8451,-0.0594,0.0109,4.5729,1.6077
21.385,-3.5009,1.8445,-0.0594,0.0105,4.5834,1.6077
21.435,-3.4904,1.8438,-0.0594,0.0099,4.5991,1.6077
21.485,-3.4747,1.8429,-0.0594,0.0097,4.6051,1.6077
21.536,-3.4642,1.8423,-0.0594,0.0091,4.6201,1.6077
21.586,-3.4537,1.8417,-0.0594,0.0087,4.6306,1.6077
21.636,-3.438,1.8407,-0.0594,0.0081,4.6463,1.6077
21.688,-3.4275,1.8401,-0.0594,0.0078,4.6568,1.6077
21.739,-3.417,1.8395,-0.0594,0.0072,4.6726,1.6077
21.791,-3.4013,1.8385,-0.0594,0.0068,4.683,1.6077
21.841,-3.3908,1.8379,-0.0594,0.0064,4.6935,1.6077
21.892,-3.3803,1.8373,-0.0594,0.0058,4.7093,1.6077
21.943,-3.3699,1.8367,-0.0594,0.0056,4.7145,1.6077
21.995,-3.3594,1.836,-0.0594,0.0052,4.725,1.6077
22.046,-3.3437,1.8351,-0.0594,0.0047,4.7408,1.6077
22.097,-3.3332,1.8345,-0.0594,0.0043,4.7512,1.6077
22.148,-3.3227,1.8339,-0.0594,0.0039,4.7617,1.6077
22.2,-3.307,1.8329,-0.0594,0.0033,4.7775,1.6077
22.25,-3.2965,1.8323,-0.0594,0.0029,4.788,1.6077
22.306,-3.286,1.8317,-0.0594,0.0023,4.8037,1.6077
22.358,-3.2755,1.8311,-0.0594,0.0019,4.8142,1.6077
22.409,-3.2598,1.8301,-0.0594,0.0016,4.8247,1.6077
22.46,-3.2493,1.8295,-0.0594,0.0012,4.8352,1.6077
22.514,-3.2336,1.8286,-0.0594,0.0006,4.8509,1.6077
22.564,-3.2231,1.8279,-0.0594,0.0002,4.8614,1.6077
22.615,-3.2126,1.8273,-0.0594,-0.0004,4.8772,1.6077
22.665,-3.1969,1.8264,-0.0594,-0.0008,4.8877,1.6077
22.715,-3.1917,1.8261,-0.0594,-0.0012,4.8981,1.6077
22.766,-3.1759,1.8251,-0.0594,-0.0015,4.9086,1.6077
22.816,-3.1655,1.8245,-0.0594,-0.002,4.9199,1.6077
22.866,-3.155,1.8239,-0.0594,-0.0023,4.9296,1.6077
22.916,-3.1445,1.8233,-0.0594,-0.0027,4.9401,1.6077
22.967,-3.134,1.8226,-0.0594,-0.0031,4.9506,1.6077
23.018,-3.1183,1.8217,-0.0594,-0.0037,4.9664,1.6077
23.069,-3.1078,1.8211,-0.0594,-0.0041,4.9768,1.6077
23.119,-3.0973,1.8205,-0.0594,-0.0046,4.9926,1.6077
23.169,-3.0816,1.8195,-0.0594,-0.0051,5.0046,1.6077
23.219,-3.0711,1.8189,-0.0594,-0.0054,5.0136,1.6077
23.269,-3.0607,1.8183,-0.0594,-0.006,5.0293,1.6077
23.32,-3.0502,1.8177,-0.0594,-0.0062,5.0346,1.6077
23.371,-3.0397,1.817,-0.0594,-0.0066,5.045,1.6077
23.421,-3.024,1.8161,-0.0594,-0.0072,5.0608,1.6077
23.472,-3.0135,1.8155,-0.0594,-0.0076,5.0713,1.6077
23.522,-3.003,1.8149,-0.0594,-0.0081,5.087,1.6077
23.573,-2.9873,1.8139,-0.0594,-0.0085,5.0975,1.6077
23.623,-2.9768,1.8133,-0.0594,-0.0091,5.1133,1.6077
23.674,-2.9611,1.8124,-0.0594,-0.0095,5.1237,1.6077
23.724,-2.9506,1.8117,-0.0594,-0.0099,5.1342,1.6077
23.775,-2.9401,1.8111,-0.0594,-0.0103,5.1447,1.6077
23.827,-2.9244,1.8102,-0.0594,-0.0108,5.1605,1.6077
23.877,-2.9139,1.8096,-0.0594,-0.0112,5.171,1.6077
23.928,-2.9034,1.8089,-0.0594,-0.0118,5.1867,1.6077
23.978,-2.8877,1.808,-0.0594,-0.0122,5.1972,1.6077
24.028,-2.8772,1.8074,-0.0594,-0.0128,5.2129,1.6077
24.078,-2.8667,1.8068,-0.0594,-0.0132,5.2234,1.6077
24.129,-2.8563,1.8061,-0.0594,-0.0136,5.2339,1.6077
24.179,-2.8458,1.8055,-0.0594,-0.0138,5.2392,1.6077
24.23,-2.8353,1.8049,-0.0594,-0.0143,5.2549,1.6077
24.28,-2.8196,1.804,-0.0594,-0.0147,5.2654,1.6077
24.33,-2.8091,1.8033,-0.0594,-0.0151,5.2759,1.6077
24.381,-2.7986,1.8027,-0.0594,-0.0157,5.2916,1.6077
24.431,-2.7829,1.8018,-0.0594,-0.0161,5.3021,1.6077
24.481,-2.7724,1.8012,-0.0594,-0.0167,5.3179,1.6077
24.531,-2.7619,1.8005,-0.0594,-0.0171,5.3284,1.6077
24.581,-2.7462,1.7996,-0.0594,-0.0174,5.3388,1.6077
24.632,-2.7357,1.799,-0.0594,-0.0178,5.3493,1.6077
24.682,-2.7252,1.7984,-0.0594,-0.0182,5.3598,1.6077
24.74,-2.7148,1.7977,-0.0594,-0.0186,5.3703,1.6077
24.79,-2.699,1.7968,-0.0594,-0.0192,5.3861,1.6077
24.84,-2.6886,1.7962,-0.0594,-0.0196,5.3966,1.6077
24.891,-2.6781,1.7955,-0.0594,-0.0202,5.4123,1.6077
24.941,-2.6624,1.7946,-0.0594,-0.0205,5.4228,1.6077
24.991,-2.6519,1.794,-0.0594,-0.0209,5.4333,1.6077
25.042,-2.6414,1.7934,-0.0594,-0.0215,5.449,1.6077
25.092,-2.6257,1.7924,-0.0594,-0.0219,5.4595,1.6077
25.143,-2.6152,1.7918,-0.0594,-0.0223,5.47,1.6077
25.193,-2.6047,1.7912,-0.0594,-0.0227,5.4805,1.6077
25.244,-2.5942,1.7906,-0.0594,-0.0233,5.4962,1.6077
25.294,-2.5785,1.7896,-0.0594,-0.0236,5.5067,1.6077
25.344,-2.568,1.789,-0.0594,-0.0242,5.5225,1.6077
25.395,-2.5575,1.7884,-0.0594,-0.0246,5.533,1.6077
25.445,-2.5418,1.7874,-0.0594,-0.0252,5.5495,1.6077
25.495,-2.5313,1.7868,-0.0594,-0.0254,5.554,1.6077
25.546,-2.5156,1.7859,-0.0594,-0.0258,5.5644,1.6077
25.596,-2.5051,1.7853,-0.0594,-0.0264,5.5802,1.6077
25.647,-2.4947,1.7846,-0.0594,-0.0269,5.5959,1.6077
25.697,-2.4789,1.7837,-0.0594,-0.0273,5.6064,1.6077
25.747,-2.4684,1.7831,-0.0594,-0.0279,5.6222,1.6077
25.798,-2.4527,1.7822,-0.0594,-0.0283,5.6326,1.6077
25.848,-2.4422,1.7815,-0.0594,-0.0289,5.6491,1.6077
25.898,-2.4318,1.7809,-0.0594,-0.0293,5.6589,1.6077
25.948,-2.416,1.78,-0.0594,-0.0296,5.6694,1.6077
25.998,-2.4056,1.7793,-0.0594,-0.03,5.6799,1.6077
26.049,-2.3898,1.7784,-0.0594,-0.0306,5.6956,1.6077
26.099,-2.3794,1.7778,-0.0594,-0.031,5.7061,1.6077
26.15,-2.3689,1.7772,-0.0594,-0.0314,5.7166,1.6077
26.2,-2.3584,1.7765,-0.0594,-0.032,5.7323,1.6077
26.25,-2.3427,1.7756,-0.0594,-0.0324,5.7428,1.6077
26.301,-2.3322,1.775,-0.0594,-0.033,5.7593,1.6077
26.354,-2.3217,1.7744,-0.0594,-0.0331,5.7638,1.6077
26.404,-2.3112,1.7737,-0.0594,-0.0337,5.7795,1.6077
26.454,-2.2955,1.7728,-0.0594,-0.0341,5.79,1.6077
26.505,-2.285,1.7722,-0.0594,-0.0347,5.8058,1.6077
26.555,-2.2693,1.7712,-0.0594,-0.0351,5.8163,1.6077
26.605,-2.2588,1.7706,-0.0594,-0.0355,5.8268,1.6077
26.655,-2.2483,1.77,-0.0594,-0.036,5.8425,1.6077
26.706,-2.2326,1.7691,-0.0594,-0.0365,5.8537,1.6077
26.756,-2.2221,1.7684,-0.0594,-0.037,5.8687,1.6077
26.806,-2.2117,1.7678,-0.0594,-0.0372,5.874,1.6077
26.856,-2.1959,1.7669,-0.0594,-0.0378,5.8897,1.6077
26.907,-2.1854,1.7663,-0.0594,-0.0382,5.9002,1.6077
26.958,-2.1697,1.7653,-0.0594,-0.0388,5.916,1.6077
27.008,-2.1592,1.7647,-0.0594,-0.0391,5.9264,1.6077
27.058,-2.1488,1.7641,-0.0594,-0.0397,5.9422,1.6077
27.109,-2.133,1.7631,-0.0594,-0.0401,5.9527,1.6077
27.159,-2.1226,1.7625,-0.0594,-0.0405,5.9632,1.6077
27.21,-2.1121,1.7619,-0.0594,-0.0409,5.9737,1.6077
27.26,-2.1016,1.7613,-0.0594,-0.0415,5.9894,1.6077
27.31,-2.0859,1.7603,-0.0594,-0.0419,5.9999,1.6077
27.362,-2.0754,1.7597,-0.0594,-0.0422,6.0104,1.6077
27.414,-2.0649,1.7591,-0.0594,-0.0428,6.0261,1.6077
27.465,-2.0492,1.7582,-0.0594,-0.0432,6.0366,1.6077
27.515,-2.0387,1.7575,-0.0594,-0.0438,6.0524,1.6077
27.565,-2.023,1.7566,-0.0594,-0.0442,6.0629,1.6077
27.616,-2.0125,1.756,-0.0594,-0.0446,6.0733,1.6077
27.667,-2.002,1.7554,-0.0594,-0.045,6.0838,1.6077
27.717,-1.9915,1.7547,-0.0594,-0.0453,6.0943,1.6077
27.767,-1.9758,1.7538,-0.0594,-0.0459,6.1101,1.6077
27.818,-1.9653,1.7532,-0.0594,-0.0463,6.1206,1.6077
27.868,-1.9496,1.7522,-0.0594,-0.0469,6.1363,1.6077
27.919,-1.9391,1.7516,-0.0594,-0.0475,6.152,1.6077
27.969,-1.9287,1.751,-0.0594,-0.0479,6.164,1.6077
28.019,-1.9129,1.7501,-0.0594,-0.0483,6.1738,1.6077
28.07,-1.9024,1.7494,-0.0594,-0.0486,6.1835,1.6077
28.12,-1.892,1.7488,-0.0594,-0.049,6.194,1.6077
28.173,-1.8762,1.7479,-0.0594,-0.0496,6.2098,1.6077
28.223,-1.8658,1.7473,-0.0594,-0.05,6.2202,1.6077
28.273,-1.8553,1.7466,-0.0594,-0.0506,6.236,1.6077
28.324,-1.8448,1.746,-0.0594,-0.051,6.2465,1.6077
28.374,-1.8291,1.7451,-0.0594,-0.0513,6.257,1.6077
28.425,-1.8186,1.7445,-0.0594,-0.0519,6.2727,1.6077
28.477,-1.8029,1.7435,-0.0594,-0.0523,6.2832,1.6077
28.527,-1.7924,1.7429,-0.0594,-0.0527,6.2937,1.6077
28.577,-1.7819,1.7423,-0.0594,-0.0531,6.3042,1.6077
28.628,-1.7662,1.7413,-0.0594,-0.0537,6.3199,1.6077
28.679,-1.7557,1.7407,-0.0594,-0.0541,6.3304,1.6077
28.729,-1.74,1.7398,-0.0594,-0.0546,6.3462,1.6077
28.78,-1.7295,1.7392,-0.0594,-0.0552,6.3619,1.6077
28.83,-1.719,1.7385,-0.0594,-0.0556,6.3724,1.6077
28.88,-1.7033,1.7376,-0.0594,-0.056,6.3836,1.6077
28.93,-1.6928,1.737,-0.0594,-0.0564,6.3934,1.6077
28.982,-1.6771,1.736,-0.0594,-0.0568,6.4039,1.6077
29.032,-1.6666,1.7354,-0.0594,-0.0574,6.4196,1.6077
29.082,-1.6561,1.7348,-0.0594,-0.0579,6.4353,1.6077
29.132,-1.6404,1.7339,-0.0594,-0.0583,6.4458,1.6077
29.184,-1.6299,1.7332,-0.0594,-0.0587,6.4563,1.6077
29.234,-1.6194,1.7326,-0.0594,-0.0593,6.4721,1.6077
29.285,-1.609,1.732,-0.0594,-0.0597,6.4826,1.6077
29.338,-1.5985,1.7314,-0.0594,-0.0599,6.4886,1.6077
29.388,-1.5828,1.7304,-0.0594,-0.0603,6.4983,1.6077
29.438,-1.5723,1.7298,-0.0594,-0.0608,6.514,1.6077
29.489,-1.5618,1.7292,-0.0594,-0.0612,6.5245,1.6077
29.539,-1.5513,1.7286,-0.0594,-0.0618,6.5403,1.6077
29.589,-1.5356,1.7276,-0.0594,-0.0622,6.5508,1.6077
29.64,-1.5251,1.727,-0.0594,-0.0626,6.5613,1.6077
29.69,-1.5146,1.7264,-0.0594,-0.0632,6.577,1.6077
29.74,-1.4989,1.7255,-0.0594,-0.0638,6.5935,1.6077
29.79,-1.4884,1.7248,-0.0594,-0.0641,6.6032,1.6077
29.84,-1.4779,1.7242,-0.0594,-0.0643,6.6085,1.6077
29.891,-1.4622,1.7233,-0.0594,-0.0649,6.6242,1.6077
29.941,-1.4517,1.7227,-0.0594,-0.0655,6.64,1.6077
29.991,-1.436,1.7217,-0.0594,-0.0657,6.6452,1.6077
30.042,-1.4255,1.7211,-0.0594,-0.0663,6.6609,1.6077
30.092,-1.4151,1.7205,-0.0594,-0.0669,6.6767,1.6077
30.142,-1.4046,1.7198,-0.0594,-0.0672,6.6872,1.6077
30.192,-1.3889,1.7189,-0.0594,-0.0676,6.6977,1.6077
30.243,-1.3784,1.7183,-0.0594,-0.068,6.7082,1.6077
30.293,-1.3679,1.7177,-0.0594,-0.0684,6.7187,1.6077
30.343,-1.3522,1.7167,-0.0594,-0.069,6.7344,1.6077
30.393,-1.3417,1.7161,-0.0594,-0.0694,6.7449,1.6077
30.443,-1.3312,1.7155,-0.0594,-0.07,6.7606,1.6077
30.494,-1.3155,1.7146,-0.0594,-0.0703,6.7711,1.6077
30.545,-1.305,1.7139,-0.0594,-0.0709,6.7869,1.6077
30.596,-1.2945,1.7133,-0.0594,-0.0713,6.7974,1.6077
30.646,-1.284,1.7127,-0.0594,-0.0717,6.8078,1.6077
30.697,-1.2736,1.7121,-0.0594,-0.0719,6.8131,1.6077
30.747,-1.2578,1.7111,-0.0594,-0.0725,6.8288,1.6077
30.797,-1.2474,1.7105,-0.0594,-0.0729,6.8393,1.6077
30.848,-1.2316,1.7096,-0.0594,-0.0734,6.8551,1.6077
30.898,-1.2211,1.7089,-0.0594,-0.074,6.8708,1.6077
30.948,-1.2054,1.708,-0.0594,-0.0744,6.8813,1.6077
30.998,-1.1949,1.7074,-0.0594,-0.075,6.897,1.6077
31.048,-1.1845,1.7068,-0.0594,-0.0754,6.9075,1.6077
31.099,-1.1687,1.7058,-0.0594,-0.0758,6.918,1.6077
31.149,-1.1583,1.7052,-0.0594,-0.0762,6.9285,1.6077
31.199,-1.1425,1.7043,-0.0594,-0.0767,6.9443,1.6077
31.249,-1.1321,1.7037,-0.0594,-0.0771,6.9547,1.6077
31.299,-1.1216,1.703,-0.0594,-0.0777,6.9705,1.6077
31.35,-1.1059,1.7021,-0.0594,-0.0781,6.981,1.6077
31.4,-1.0954,1.7015,-0.0594,-0.0787,6.9967,1.6077
31.45,-1.0849,1.7008,-0.0594,-0.0791,7.008,1.6077
31.5,-1.0692,1.6999,-0.0594,-0.0796,7.0229,1.6077
31.551,-1.0587,1.6993,-0.0594,-0.0798,7.0282,1.6077
31.601,-1.043,1.6984,-0.0594,-0.0804,7.0439,1.6077
31.651,-1.0325,1.6977,-0.0594,-0.0808,7.0544,1.6077
31.701,-1.022,1.6971,-0.0594,-0.0814,7.0702,1.6077
31.752,-1.0063,1.6962,-0.0594,-0.0818,7.0807,1.6077
31.802,-0.9958,1.6956,-0.0594,-0.0824,7.0964,1.6077
31.852,-0.9801,1.6946,-0.0594,-0.0827,7.1069,1.6077
31.902,-0.9696,1.694,-0.0594,-0.0833,7.1226,1.6077
31.952,-0.9591,1.6934,-0.0594,-0.0835,7.1279,1.6077
32.003,-0.9434,1.6924,-0.0594,-0.0841,7.1436,1.6077
32.053,-0.9329,1.6918,-0.0594,-0.0845,7.1541,1.6077
32.103,-0.9172,1.6909,-0.0594,-0.0851,7.1698,1.6077
32.153,-0.9067,1.6903,-0.0594,-0.0855,7.1803,1.6077
32.203,-0.8962,1.6896,-0.0594,-0.086,7.1961,1.6077
32.254,-0.8805,1.6887,-0.0594,-0.0864,7.2066,1.6077
32.304,-0.87,1.6881,-0.0594,-0.087,7.2223,1.6077
32.354,-0.8543,1.6871,-0.0594,-0.0874,7.2328,1.6077
32.404,-0.8438,1.6865,-0.0594,-0.0878,7.2433,1.6077
32.454,-0.8333,1.6859,-0.0594,-0.0882,7.2538,1.6077
32.505,-0.8176,1.685,-0.0594,-0.0887,7.2695,1.6077
32.555,-0.8071,1.6843,-0.0594,-0.0891,7.28,1.6077
32.605,-0.7966,1.6837,-0.0594,-0.0897,7.2958,1.6077
32.655,-0.7809,1.6828,-0.0594,-0.0901,7.3063,1.6077
32.705,-0.7704,1.6822,-0.0594,-0.0907,7.322,1.6077
32.756,-0.7547,1.6812,-0.0594,-0.0913,7.3377,1.6077
32.806,-0.7442,1.6806,-0.0594,-0.0915,7.343,1.6077
32.856,-0.7338,1.68,-0.0594,-0.0918,7.3535,1.6077
32.906,-0.718,1.679,-0.0594,-0.0924,7.3692,1.6077
32.957,-0.7076,1.6784,-0.0594,-0.093,7.385,1.6077
33.007,-0.6918,1.6775,-0.0594,-0.0934,7.3954,1.6077
33.057,-0.6814,1.6769,-0.0594,-0.094,7.4112,1.6077
33.107,-0.6709,1.6762,-0.0594,-0.0944,7.4217,1.6077
33.157,-0.6551,1.6753,-0.0594,-0.095,7.4374,1.6077
33.208,-0.6447,1.6747,-0.0594,-0.0951,7.4427,1.6077
33.258,-0.6289,1.6737,-0.0594,-0.0957,7.4584,1.6077
33.308,-0.6185,1.6731,-0.0594,-0.0961,7.4689,1.6077
33.358,-0.608,1.6725,-0.0594,-0.0967,7.4846,1.6077
33.408,-0.5923,1.6716,-0.0594,-0.0971,7.4951,1.6077
33.459,-0.5818,1.6709,-0.0594,-0.0977,7.5109,1.6077
33.509,-0.5661,1.67,-0.0594,-0.0981,7.5214,1.6077
33.559,-0.5556,1.6694,-0.0594,-0.0986,7.5371,1.6077
33.609,-0.5451,1.6688,-0.0594,-0.099,7.5476,1.6077
33.659,-0.5294,1.6678,-0.0594,-0.0994,7.5581,1.6077
33.71,-0.5189,1.6672,-0.0594,-0.0998,7.5686,1.6077
33.76,-0.5084,1.6666,-0.0594,-0.1004,7.5843,1.6077
33.81,-0.4927,1.6656,-0.0594,-0.1008,7.5948,1.6077
33.86,-0.4822,1.665,-0.0594,-0.1013,7.6105,1.6077
33.911,-0.4665,1.6641,-0.0594,-0.1017,7.621,1.6077
33.961,-0.456,1.6635,-0.0594,-0.1023,7.6368,1.6077
34.011,-0.4455,1.6628,-0.0594,-0.1027,7.6473,1.6077
34.061,-0.4298,1.6619,-0.0594,-0.1031,7.6578,1.6077
34.112,-0.4193,1.6613,-0.0594,-0.1035,7.6683,1.6077
34.162,-0.4036,1.6604,-0.0594,-0.1041,7.684,1.6077
34.212,-0.3931,1.6597,-0.0594,-0.1044,7.6945,1.6077
34.262,-0.3826,1.6591,-0.0594,-0.105,7.7102,1.6077
34.313,-0.3669,1.6582,-0.0594,-0.1054,7.7207,1.6077
34.363,-0.3564,1.6575,-0.0594,-0.106,7.7365,1.6077
34.413,-0.3407,1.6566,-0.0594,-0.1064,7.747,1.6077
34.463,-0.3302,1.656,-0.0594,-0.1068,7.7574,1.6077
34.513,-0.3197,1.6554,-0.0594,-0.1072,7.7679,1.6077
34.564,-0.304,1.6544,-0.0594,-0.1077,7.7837,1.6077
34.614,-0.2935,1.6538,-0.0594,-0.1081,7.7942,1.6077
34.664,-0.2778,1.6529,-0.0594,-0.1087,7.8099,1.6077
34.714,-0.2673,1.6523,-0.0594,-0.1091,7.8204,1.6077
34.764,-0.2569,1.6516,-0.0594,-0.1097,7.8361,1.6077
34.815,-0.2411,1.6507,-0.0594,-0.1101,7.8466,1.6077
34.865,-0.2306,1.6501,-0.0594,-0.1106,7.8624,1.6077
34.915,-0.2202,1.6494,-0.0594,-0.111,7.8729,1.6077
34.965,-0.2044,1.6485,-0.0594,-0.1114,7.8834,1.6077
35.015,-0.194,1.6479,-0.0594,-0.1118,7.8939,1.6077
35.066,-0.1782,1.647,-0.0594,-0.1124,7.9096,1.6077
35.116,-0.1678,1.6463,-0.0594,-0.113,7.9253,1.6077
35.166,-0.1573,1.6457,-0.0594,-0.1134,7.9358,1.6077
35.216,-0.1416,1.6448,-0.0594,-0.1139,7.9516,1.6077
35.267,-0.1311,1.6442,-0.0594,-0.1143,7.9621,1.6077
35.317,-0.1154,1.6432,-0.0594,-0.1145,7.9673,1.6077
35.367,-0.1049,1.6426,-0.0594,-0.1151,7.983,1.6077
35.417,-0.0944,1.642,-0.0594,-0.1157,7.9988,1.6077
35.467,-0.0787,1.641,-0.0594,-0.1161,8.0093,1.6077
35.518,-0.0682,1.6404,-0.0594,-0.1167,8.025,1.6077
35.568,-0.0525,1.6395,-0.0594,-0.117,8.0355,1.6077
35.618,-0.042,1.6389,-0.0594,-0.1176,8.0512,1.6077
35.669,-0.0315,1.6382,-0.0594,-0.118,8.0617,1.6077
35.719,-0.0158,1.6373,-0.0594,-0.1184,8.0722,1.6077
35.769,-0.0053,1.6367,-0.0594,-0.1188,8.0827,1.6077
35.819,0.0104,1.6357,-0.0594,-0.1194,8.0985,1.6077
35.869,0.0209,1.6351,-0.0594,-0.1198,8.109,1.6077
35.92,0.0314,1.6345,-0.0594,-0.1203,8.1247,1.6077
35.97,0.0471,1.6336,-0.0594,-0.1207,8.1352,1.6077
36.02,0.0576,1.6329,-0.0594,-0.1213,8.1509,1.6077
36.07,0.0681,1.6323,-0.0594,-0.1217,8.1614,1.6077
36.121,0.0838,1.6314,-0.0594,-0.1223,8.1772,1.6077
36.171,0.0943,1.6308,-0.0594,-0.1225,8.1824,1.6077
36.221,0.11,1.6298,-0.0594,-0.123,8.1981,1.6077
36.271,0.1205,1.6292,-0.0594,-0.1234,8.2086,1.6077
36.322,0.131,1.6286,-0.0594,-0.124,8.2244,1.6077
36.372,0.1467,1.6276,-0.0594,-0.1244,8.2349,1.6077
36.422,0.1572,1.627,-0.0594,-0.125,8.2506,1.6077
36.472,0.1729,1.6261,-0.0594,-0.1254,8.2611,1.6077
36.523,0.1834,1.6255,-0.0594,-0.126,8.2768,1.6077
36.573,0.1939,1.6248,-0.0594,-0.1261,8.2821,1.6077
36.623,0.2096,1.6239,-0.0594,-0.1267,8.2978,1.6077
36.673,0.2201,1.6233,-0.0594,-0.1271,8.3083,1.6077
36.724,0.2358,1.6223,-0.0594,-0.1277,8.3241,1.6077
36.774,0.2463,1.6217,-0.0594,-0.1281,8.3346,1.6077
36.824,0.2567,1.6211,-0.0594,-0.1287,8.3503,1.6077
36.874,0.2725,1.6202,-0.0594,-0.1291,8.3608,1.6077
36.924,0.2829,1.6195,-0.0594,-0.1296,8.3765,1.6077
36.975,0.2987,1.6186,-0.0594,-0.13,8.387,1.6077
37.025,0.3091,1.618,-0.0594,-0.1304,8.3975,1.6077
37.075,0.3196,1.6174,-0.0594,-0.131,8.4133,1.6077
37.125,0.3354,1.6164,-0.0594,-0.1314,8.4237,1.6077
37.176,0.3458,1.6158,-0.0594,-0.1318,8.4342,1.6077
37.226,0.3616,1.6149,-0.0594,-0.1324,8.45,1.6077
37.276,0.372,1.6142,-0.0594,-0.1329,8.4657,1.6077
37.326,0.3825,1.6136,-0.0594,-0.1333,8.4762,1.6077
37.376,0.3982,1.6127,-0.0594,-0.1339,8.4919,1.6077
37.427,0.4087,1.6121,-0.0594,-0.1341,8.4972,1.6077
37.477,0.4192,1.6114,-0.0594,-0.1345,8.5077,1.6077
37.527,0.4349,1.6105,-0.0594,-0.1351,8.5234,1.6077
37.577,0.4454,1.6099,-0.0594,-0.1356,8.5392,1.6077
37.628,0.4611,1.609,-0.0594,-0.136,8.5497,1.6077
37.678,0.4716,1.6083,-0.0594,-0.1366,8.5654,1.6077
37.728,0.4821,1.6077,-0.0594,-0.137,8.5759,1.6077
37.778,0.4978,1.6068,-0.0594,-0.1376,8.5916,1.6077
37.828,0.5083,1.6061,-0.0594,-0.1378,8.5969,1.6077
37.879,0.524,1.6052,-0.0594,-0.1384,8.6126,1.6077
37.929,0.5345,1.6046,-0.0594,-0.1387,8.6231,1.6077
37.979,0.545,1.604,-0.0594,-0.1393,8.6388,1.6077
38.029,0.5607,1.603,-0.0594,-0.1397,8.6493,1.6077
38.08,0.5712,1.6024,-0.0594,-0.1403,8.6651,1.6077
38.13,0.5869,1.6015,-0.0594,-0.1407,8.6756,1.6077
38.18,0.5974,1.6009,-0.0594,-0.1413,8.6913,1.6077
38.23,0.6079,1.6002,-0.0594,-0.1417,8.7018,1.6077
38.28,0.6236,1.5993,-0.0594,-0.142,8.7123,1.6077
38.331,0.6341,1.5987,-0.0594,-0.1424,8.7228,1.6077
38.381,0.6498,1.5977,-0.0594,-0.143,8.7385,1.6077
38.431,0.6603,1.5971,-0.0594,-0.1434,8.749,1.6077
38.481,0.6708,1.5965,-0.0594,-0.144,8.7648,1.6077
38.531,0.6865,1.5956,-0.0594,-0.1444,8.7753,1.6077
38.582,0.697,1.5949,-0.0594,-0.1449,8.791,1.6077
38.632,0.7074,1.5943,-0.0594,-0.1453,8.8015,1.6077
38.682,0.7232,1.5934,-0.0594,-0.1457,8.812,1.6077
38.732,0.7336,1.5928,-0.0594,-0.1461,8.8225,1.6077
38.783,0.7494,1.5918,-0.0594,-0.1467,8.8382,1.6077
38.833,0.7599,1.5912,-0.0594,-0.1471,8.8487,1.6077
38.883,0.7703,1.5906,-0.0594,-0.1477,8.8644,1.6077
38.933,0.7861,1.5896,-0.0594,-0.148,8.8749,1.6077
38.983,0.7965,1.589,-0.0594,-0.1486,8.8907,1.6077
39.034,0.8123,1.5881,-0.0594,-0.149,8.9012,1.6077
39.084,0.8227,1.5875,-0.0594,-0.1494,8.9117,1.6077
39.134,0.8332,1.5868,-0.0594,-0.1498,8.9222,1.6077
39.184,0.8489,1.5859,-0.0594,-0.1504,8.9379,1.6077
39.235,0.8594,1.5853,-0.0594,-0.151,8.9536,1.6077
39.285,0.8751,1.5843,-0.0594,-0.1513,8.9641,1.6077
39.335,0.8856,1.5837,-0.0594,-0.1517,8.9746,1.6077
39.385,0.8961,1.5831,-0.0594,-0.1523,8.9904,1.6077
39.435,0.9118,1.5822,-0.0594,-0.1529,9.0061,1.6077
39.486,0.9223,1.5815,-0.0594,-0.1533,9.0166,1.6077
39.536,0.938,1.5806,-0.0594,-0.1537,9.0271,1.6077
39.586,0.9485,1.58,-0.0594,-0.1541,9.0376,1.6077
39.636,0.959,1.5794,-0.0594,-0.1544,9.0481,1.6077
39.686,0.9747,1.5784,-0.0594,-0.155,9.0638,1.6077
39.737,0.9852,1.5778,-0.0594,-0.1554,9.0743,1.6077
39.787,0.9957,1.5772,-0.0594,-0.156,9.09,1.6077
39.837,1.0114,1.5762,-0.0594,-0.1566,9.1058,1.6077
39.887,1.0219,1.5756,-0.0594,-0.157,9.1163,1.6077
39.937,1.0376,1.5747,-0.0594,-0.1573,9.1268,1.6077
39.988,1.0481,1.5741,-0.0594,-0.1577,9.1373,1.6077
40.038,1.0586,1.5734,-0.0594,-0.1583,9.153,1.6077
40.088,1.0743,1.5725,-0.0594,-0.1587,9.1635,1.6077
40.138,1.0848,1.5719,-0.0594,-0.1593,9.1792,1.6077
40.188,1.1005,1.5709,-0.0594,-0.1597,9.1897,1.6077
40.239,1.111,1.5703,-0.0594,-0.1603,9.2055,1.6077
40.289,1.1215,1.5697,-0.0594,-0.1606,9.216,1.6077
40.339,1.1372,1.5688,-0.0594,-0.161,9.2264,1.6077
40.389,1.1477,1.5681,-0.0594,-0.1614,9.2369,1.6077
40.44,1.1634,1.5672,-0.0594,-0.162,9.2527,1.6077
40.49,1.1739,1.5666,-0.0594,-0.1624,9.2632,1.6077
40.54,1.1844,1.566,-0.0594,-0.163,9.2789,1.6077
40.59,1.2001,1.565,-0.0594,-0.1634,9.2894,1.6077
40.641,1.2106,1.5644,-0.0594,-0.1639,9.3051,1.6077
40.691,1.2263,1.5635,-0.0594,-0.1643,9.3156,1.6077
40.741,1.2368,1.5628,-0.0594,-0.1649,9.3314,1.6077
40.791,1.2472,1.5622,-0.0594,-0.1651,9.3366,1.6077
40.841,1.263,1.5613,-0.0594,-0.1657,9.3524,1.6077
40.892,1.2734,1.5607,-0.0594,-0.1661,9.3629,1.6077
40.942,1.2839,1.56,-0.0594,-0.1666,9.3786,1.6077
40.992,1.2997,1.5591,-0.0594,-0.167,9.3891,1.6077
41.042,1.3101,1.5585,-0.0594,-0.1676,9.4048,1.6077
41.092,1.3259,1.5576,-0.0594,-0.168,9.4153,1.6077
41.143,1.3363,1.5569,-0.0594,-0.1686,9.4311,1.6077
41.193,1.3468,1.5563,-0.0594,-0.1688,9.4363,1.6077
41.243,1.3625,1.5554,-0.0594,-0.1694,9.452,1.6077
41.293,1.373,1.5547,-0.0594,-0.1697,9.4625,1.6077
41.344,1.3887,1.5538,-0.0594,-0.1703,9.4783,1.6077
41.394,1.3992,1.5532,-0.0594,-0.1709,9.494,1.6077
41.444,1.4097,1.5526,-0.0594,-0.1713,9.5045,1.6077
41.494,1.4254,1.5516,-0.0594,-0.1717,9.515,1.6077
41.544,1.4359,1.551,-0.0594,-0.1723,9.5307,1.6077
41.595,1.4516,1.5501,-0.0594,-0.1727,9.5412,1.6077
41.645,1.4621,1.5495,-0.0594,-0.173,9.5517,1.6077
41.695,1.4726,1.5488,-0.0594,-0.1736,9.5675,1.6077
41.745,1.4883,1.5479,-0.0594,-0.174,9.578,1.6077
41.796,1.4988,1.5473,-0.0594,-0.1746,9.5937,1.6077
41.846,1.5145,1.5463,-0.0594,-0.175,9.6042,1.6077
41.896,1.525,1.5457,-0.0594,-0.1756,9.6199,1.6077
41.946,1.5355,1.5451,-0.0594,-0.176,9.6304,1.6077
41.996,1.5512,1.5442,-0.0594,-0.1765,9.6462,1.6077
42.047,1.5617,1.5435,-0.0594,-0.1767,9.6514,1.6077
42.097,1.5722,1.5429,-0.0594,-0.1773,9.6671,1.6077
42.147,1.5879,1.542,-0.0594,-0.1777,9.6776,1.6077
42.197,1.5984,1.5414,-0.0594,-0.1783,9.6934,1.6077
42.247,1.6141,1.5404,-0.0594,-0.1787,9.7039,1.6077
42.298,1.6246,1.5398,-0.0594,-0.1792,9.7196,1.6077
42.348,1.6351,1.5392,-0.0594,-0.1796,9.7301,1.6077
42.398,1.6508,1.5382,-0.0594,-0.1802,9.7458,1.6077
42.448,1.6613,1.5376,-0.0594,-0.1804,9.7511,1.6077
42.498,1.677,1.5367,-0.0594,-0.181,9.7668,1.6077
42.549,1.6875,1.5361,-0.0594,-0.1814,9.7773,1.6077
42.599,1.6979,1.5354,-0.0594,-0.182,9.7931,1.6077
42.649,1.7137,1.5345,-0.0594,-0.1823,9.8036,1.6077
42.699,1.7242,1.5339,-0.0594,-0.1829,9.8193,1.6077
42.75,1.7399,1.5329,-0.0594,-0.1833,9.8298,1.6077
42.8,1.7504,1.5323,-0.0594,-0.1839,9.8455,1.6077
42.85,1.7608,1.5317,-0.0594,-0.1843,9.856,1.6077
42.9,1.7766,1.5308,-0.0594,-0.1847,9.8665,1.6077
42.95,1.787,1.5301,-0.0594,-0.1851,9.877,1.6077
43.001,1.8028,1.5292,-0.0594,-0.1856,9.8927,1.6077
43.051,1.8132,1.5286,-0.0594,-0.186,9.9032,1.6077
43.101,1.8237,1.528,-0.0594,-0.1866,9.919,1.6077
43.151,1.8394,1.527,-0.0594,-0.187,9.9295,1.6077
43.202,1.8499,1.5264,-0.0594,-0.1876,9.9452,1.6077
43.252,1.8604,1.5258,-0.0594,-0.188,9.9557,1.6077
43.302,1.8761,1.5248,-0.0594,-0.1884,9.9662,1.6077
43.352,1.8866,1.5242,-0.0594,-0.1887,9.9767,1.6077
43.403,1.9023,1.5233,-0.0594,-0.1893,9.9924,1.6077
43.453,1.9128,1.5227,-0.0594,-0.1897,10.0029,1.6077
43.503,1.9233,1.522,-0.0594,-0.1903,10.0187,1.6077
43.553,1.939,1.5211,-0.0594,-0.1907,10.0291,1.6077
43.604,1.9495,1.5205,-0.0594,-0.1913,10.0449,1.6077
43.654,1.9652,1.5195,-0.0594,-0.1916,10.0554,1.6077
43.704,1.9757,1.5189,-0.0594,-0.192,10.0659,1.6077
43.754,1.9862,1.5183,-0.0594,-0.1924,10.0764,1.6077
43.804,2.0019,1.5174,-0.0594,-0.193,10.0921,1.6077
43.855,2.0124,1.5167,-0.0594,-0.1936,10.1078,1.6077
43.905,2.0281,1.5158,-0.0594,-0.194,10.1183,1.6077
43.955,2.0386,1.5152,-0.0594,-0.1944,10.1288,1.6077
44.005,2.0491,1.5146,-0.0594,-0.1949,10.1446,1.6077
44.055,2.0648,1.5136,-0.0594,-0.1955,10.1603,1.6077
44.106,2.0753,1.513,-0.0594,-0.1959,10.1708,1.6077
44.156,2.091,1.5121,-0.0594,-0.1963,10.1813,1.6077
44.206,2.1015,1.5114,-0.0594,-0.1967,10.1918,1.6077
44.256,2.112,1.5108,-0.0594,-0.1973,10.2075,1.6077
44.308,2.1277,1.5099,-0.0594,-0.1977,10.218,1.6077
44.359,2.1382,1.5093,-0.0594,-0.1982,10.2338,1.6077
44.409,2.1539,1.5083,-0.0594,-0.1986,10.2443,1.6077
44.459,2.1644,1.5077,-0.0594,-0.1992,10.26,1.6077
44.509,2.1749,1.5071,-0.0594,-0.1996,10.2705,1.6077
44.559,2.1906,1.5062,-0.0594,-0.2,10.281,1.6077
44.61,2.2011,1.5055,-0.0594,-0.2004,10.2915,1.6077
44.66,2.2168,1.5046,-0.0594,-0.2009,10.3072,1.6077
44.71,2.2273,1.504,-0.0594,-0.2013,10.3177,1.6077
44.76,2.2377,1.5033,-0.0594,-0.2019,10.3334,1.6077
44.81,2.2535,1.5024,-0.0594,-0.2023,10.3439,1.6077
44.861,2.2639,1.5018,-0.0594,-0.2029,10.3597,1.6077
44.911,2.2744,1.5012,-0.0594,-0.2033,10.3702,1.6077
44.961,2.2902,1.5002,-0.0594,-0.2037,10.3807,1.6077
45.011,2.3006,1.4996,-0.0594,-0.204,10.3912,1.6077
45.062,2.3164,1.4987,-0.0594,-0.2046,10.4069,1.6077
45.112,2.3268,1.4981,-0.0594,-0.205,10.4174,1.6077
45.162,2.3373,1.4974,-0.0594,-0.2056,10.4331,1.6077
45.212,2.353,1.4965,-0.0594,-0.206,10.4436,1.6077
45.263,2.3635,1.4959,-0.0594,-0.2066,10.4594,1.6077
45.313,2.3792,1.4949,-0.0594,-0.207,10.4698,1.6077
45.363,2.3897,1.4943,-0.0594,-0.2075,10.4856,1.6077
45.413,2.4002,1.4937,-0.0594,-0.2077,10.4908,1.6077
45.463,2.4159,1.4928,-0.0594,-0.2083,10.5066,1.6077
45.514,2.4264,1.4921,-0.0594,-0.2087,10.5171,1.6077
45.564,2.4421,1.4912,-0.0594,-0.2093,10.5328,1.6077
45.614,2.4526,1.4906,-0.0594,-0.2097,10.5433,1.6077
45.664,2.4631,1.49,-0.0594,-0.2102,10.559,1.6077
45.714,2.4788,1.489,-0.0594,-0.2108,10.5748,1.6077
45.765,2.4893,1.4884,-0.0594,-0.2112,10.5853,1.6077
45.815,2.505,1.4875,-0.0594,-0.2114,10.5905,1.6077
45.865,2.5155,1.4868,-0.0594,-0.212,10.6063,1.6077
45.915,2.526,1.4862,-0.0594,-0.2126,10.622,1.6077
45.965,2.5417,1.4853,-0.0594,-0.213,10.6325,1.6077
46.016,2.5522,1.4847,-0.0594,-0.2135,10.6482,1.6077
46.066,2.5627,1.484,-0.0594,-0.2139,10.6587,1.6077
46.116,2.5784,1.4831,-0.0594,-0.2143,10.6692,1.6077
46.166,2.5889,1.4825,-0.0594,-0.2149,10.685,1.6077
46.217,2.6046,1.4815,-0.0594,-0.2153,10.6954,1.6077
46.267,2.6151,1.4809,-0.0594,-0.2157,10.7059,1.6077
46.317,2.6256,1.4803,-0.0594,-0.2163,10.7217,1.6077
46.367,2.6413,1.4794,-0.0594,-0.2166,10.7322,1.6077
46.418,2.6518,1.4787,-0.0594,-0.2172,10.7479,1.6077
46.468,2.6675,1.4778,-0.0594,-0.2176,10.7584,1.6077
46.518,2.678,1.4772,-0.0594,-0.218,10.7689,1.6077
46.569,2.6884,1.4766,-0.0594,-0.2186,10.7846,1.6077
46.619,2.6989,1.4759,-0.0594,-0.219,10.7951,1.6077
46.669,2.7147,1.475,-0.0594,-0.2194,10.8056,1.6077
46.72,2.7251,1.4744,-0.0594,-0.2197,10.8161,1.6077
46.77,2.7409,1.4734,-0.0594,-0.2203,10.8319,1.6077
46.82,2.7513,1.4728,-0.0594,-0.2209,10.8476,1.6077
46.87,2.7671,1.4719,-0.0594,-0.2213,10.8581,1.6077
46.921,2.7775,1.4713,-0.0594,-0.2219,10.8738,1.6077
46.971,2.788,1.4706,-0.0594,-0.2223,10.8843,1.6077
47.021,2.8037,1.4697,-0.0594,-0.2227,10.8948,1.6077
47.071,2.8142,1.4691,-0.0594,-0.223,10.9053,1.6077
47.121,2.8299,1.4681,-0.0594,-0.2236,10.921,1.6077
47.172,2.8404,1.4675,-0.0594,-0.224,10.9315,1.6077
47.222,2.8509,1.4669,-0.0594,-0.2246,10.9473,1.6077
47.272,2.8666,1.466,-0.0594,-0.225,10.9578,1.6077
47.322,2.8771,1.4653,-0.0594,-0.2256,10.9735,1.6077
47.372,2.8876,1.4647,-0.0594,-0.2259,10.984,1.6077
47.423,2.9033,1.4638,-0.0594,-0.2265,10.9997,1.6077
47.473,2.9138,1.4632,-0.0594,-0.2269,11.0102,1.6077
47.523,2.9295,1.4622,-0.0594,-0.2273,11.0207,1.6077
47.573,2.94,1.4616,-0.0594,-0.2277,11.0312,1.6077
47.623,2.9505,1.461,-0.0594,-0.2283,11.047,1.6077
47.674,2.9662,1.46,-0.0594,-0.2287,11.0574,1.6077
47.724,2.9767,1.4594,-0.0594,-0.2292,11.0732,1.6077
47.774,2.9924,1.4585,-0.0594,-0.2296,11.0837,1.6077
47.824,3.0029,1.4579,-0.0594,-0.2302,11.0994,1.6077
47.875,3.0134,1.4572,-0.0594,-0.2306,11.1099,1.6077
47.925,3.0291,1.4563,-0.0594,-0.231,11.1204,1.6077
47.975,3.0396,1.4557,-0.0594,-0.2314,11.1309,1.6077
48.025,3.0553,1.4548,-0.0594,-0.232,11.1466,1.6077
48.075,3.0658,1.4541,-0.0594,-0.2323,11.1571,1.6077
48.126,3.0763,1.4535,-0.0594,-0.2329,11.1729,1.6077
48.176,3.092,1.4526,-0.0594,-0.2333,11.1834,1.6077
48.226,3.1025,1.4519,-0.0594,-0.2339,11.1991,1.6077
48.276,3.1182,1.451,-0.0594,-0.2343,11.2096,1.6077
48.327,3.1287,1.4504,-0.0594,-0.2347,11.2201,1.6077
48.377,3.1392,1.4498,-0.0594,-0.2351,11.2306,1.6077
48.427,3.1549,1.4488,-0.0594,-0.2356,11.2463,1.6077
48.477,3.1654,1.4482,-0.0594,-0.236,11.2568,1.6077
48.527,3.1758,1.4476,-0.0594,-0.2366,11.2726,1.6077
48.578,3.1916,1.4467,-0.0594,-0.237,11.283,1.6077
48.628,3.202,1.446,-0.0594,-0.2376,11.2988,1.6077
48.678,3.2178,1.4451,-0.0594,-0.238,11.3093,1.6077
48.728,3.2282,1.4445,-0.0594,-0.2384,11.3205,1.6077
48.778,3.2387,1.4439,-0.0594,-0.2387,11.3303,1.6077
48.829,3.2544,1.4429,-0.0594,-0.2393,11.346,1.6077
48.879,3.2649,1.4423,-0.0594,-0.2397,11.3565,1.6077
48.929,3.2807,1.4414,-0.0594,-0.2403,11.3722,1.6077
48.979,3.2911,1.4407,-0.0594,-0.2409,11.388,1.6077
49.03,3.3016,1.4401,-0.0594,-0.2413,11.3985,1.6077
49.08,3.3173,1.4392,-0.0594,-0.2416,11.409,1.6077
49.13,3.3278,1.4386,-0.0594,-0.2422,11.4247,1.6077
49.18,3.3435,1.4376,-0.0594,-0.2424,11.4299,1.6077
49.23,3.354,1.437,-0.0594,-0.243,11.4457,1.6077
49.281,3.3645,1.4364,-0.0594,-0.2436,11.4614,1.6077
49.331,3.3802,1.4354,-0.0594,-0.244,11.4719,1.6077
49.381,3.3907,1.4348,-0.0594,-0.2445,11.4877,1.6077
49.431,3.4012,1.4342,-0.0594,-0.2449,11.4981,1.6077
49.482,3.4169,1.4333,-0.0594,-0.2455,11.5139,1.6077
49.532,3.4274,1.4326,-0.0594,-0.2459,11.5244,1.6077
49.582,3.4431,1.4317,-0.0594,-0.2463,11.5349,1.6077
49.632,3.4536,1.4311,-0.0594,-0.2467,11.5454,1.6077
49.682,3.4641,1.4305,-0.0594,-0.2473,11.5611,1.6077
49.733,3.4798,1.4295,-0.0594,-0.2476,11.5716,1.6077
49.783,3.4903,1.4289,-0.0594,-0.248,11.5821,1.6077
49.833,3.506,1.428,-0.0594,-0.2486,11.5978,1.6077
49.884,3.5165,1.4273,-0.0594,-0.2492,11.6136,1.6077
49.934,3.527,1.4267,-0.0594,-0.2496,11.6241,1.6077
49.984,3.5427,1.4258,-0.0594,-0.2502,11.6398,1.6077
50.034,3.5532,1.4252,-0.0594,-0.2504,11.645,1.6077
50.084,3.5689,1.4242,-0.0594,-0.2509,11.6608,1.6077
50.135,3.5794,1.4236,-0.0594,-0.2513,11.6713,1.6077
50.185,3.5899,1.423,-0.0594,-0.2519,11.687,1.6077
50.235,3.6056,1.422,-0.0594,-0.2523,11.6975,1.6077
50.285,3.6161,1.4214,-0.0594,-0.2529,11.7133,1.6077
50.336,3.6318,1.4205,-0.0594,-0.2533,11.7237,1.6077
50.386,3.6423,1.4199,-0.0594,-0.2539,11.7395,1.6077
50.436,3.6527,1.4192,-0.0594,-0.254,11.7447,1.6077
50.486,3.6685,1.4183,-0.0594,-0.2546,11.7605,1.6077
50.537,3.679,1.4177,-0.0594,-0.255,11.771,1.6077
50.587,3.6947,1.4167,-0.0594,-0.2556,11.7867,1.6077
50.637,3.7052,1.4161,-0.0594,-0.256,11.7972,1.6077
50.687,3.7156,1.4155,-0.0594,-0.2566,11.8129,1.6077
50.737,3.7314,1.4146,-0.0594,-0.257,11.8234,1.6077
50.788,3.7418,1.4139,-0.0594,-0.2575,11.8392,1.6077
50.838,3.7523,1.4133,-0.0594,-0.2579,11.8497,1.6077
50.888,3.768,1.4124,-0.0594,-0.2583,11.8602,1.6077
50.938,3.7785,1.4118,-0.0594,-0.2589,11.8759,1.6077
50.989,3.7942,1.4108,-0.0594,-0.2593,11.8864,1.6077
51.039,3.8047,1.4102,-0.0594,-0.2597,11.8969,1.6077
51.089,3.8152,1.4096,-0.0594,-0.2602,11.9126,1.6077
51.139,3.8309,1.4086,-0.0594,-0.2606,11.9231,1.6077
51.19,3.8414,1.408,-0.0594,-0.2612,11.9388,1.6077
51.24,3.8571,1.4071,-0.0594,-0.2618,11.9546,1.6077
51.29,3.8676,1.4065,-0.0594,-0.262,11.9598,1.6077
51.34,3.8781,1.4058,-0.0594,-0.2624,11.9703,1.6077
51.39,3.8938,1.4049,-0.0594,-0.263,11.9861,1.6077
51.441,3.9043,1.4043,-0.0594,-0.2635,12.0018,1.6077
51.491,3.92,1.4034,-0.0594,-0.2639,12.0123,1.6077
51.541,3.9305,1.4027,-0.0594,-0.2645,12.028,1.6077
51.591,3.941,1.4021,-0.0594,-0.2649,12.0385,1.6077
51.641,3.9567,1.4012,-0.0594,-0.2655,12.0543,1.6077
51.692,3.9672,1.4006,-0.0594,-0.2657,12.0595,1.6077
51.742,3.9829,1.3996,-0.0594,-0.2663,12.0753,1.6077
51.792,3.9934,1.399,-0.0594,-0.2666,12.0857,1.6077
51.842,4.0039,1.3984,-0.0594,-0.2672,12.1015,1.6077
51.893,4.0196,1.3974,-0.0594,-0.2676,12.112,1.6077
51.943,4.0301,1.3968,-0.0594,-0.2682,12.1277,1.6077
51.993,4.0406,1.3962,-0.0594,-0.2686,12.1382,1.6077
52.043,4.0563,1.3953,-0.0594,-0.2692,12.1539,1.6077
52.094,4.0668,1.3946,-0.0594,-0.2695,12.1644,1.6077
52.144,4.0825,1.3937,-0.0594,-0.2699,12.1749,1.6077
52.194,4.093,1.3931,-0.0594,-0.2703,12.1854,1.6077
52.244,4.1035,1.3925,-0.0594,-0.2709,12.2012,1.6077
52.294,4.1192,1.3915,-0.0594,-0.2713,12.2117,1.6077
52.345,4.1297,1.3909,-0.0594,-0.2719,12.2274,1.6077
52.395,4.1454,1.39,-0.0594,-0.2723,12.2379,1.6077
52.445,4.1559,1.3893,-0.0594,-0.2728,12.2536,1.6077
52.495,4.1663,1.3887,-0.0594,-0.2732,12.2641,1.6077
52.546,4.1821,1.3878,-0.0594,-0.2736,12.2746,1.6077
52.596,4.1925,1.3872,-0.0594,-0.274,12.2851,1.6077
52.646,4.2083,1.3862,-0.0594,-0.2746,12.3008,1.6077
52.696,4.2187,1.3856,-0.0594,-0.275,12.3113,1.6077
52.746,4.2292,1.385,-0.0594,-0.2756,12.3271,1.6077
52.797,4.245,1.384,-0.0594,-0.2759,12.3376,1.6077
52.847,4.2554,1.3834,-0.0594,-0.2765,12.3533,1.6077
52.897,4.2712,1.3825,-0.0594,-0.2769,12.3638,1.6077
52.947,4.2816,1.3819,-0.0594,-0.2773,12.3743,1.6077
52.998,4.2921,1.3812,-0.0594,-0.2777,12.3848,1.6077
53.048,4.3078,1.3803,-0.0594,-0.2783,12.4005,1.6077
53.098,4.3183,1.3797,-0.0594,-0.2787,12.411,1.6077
53.148,4.334,1.3787,-0.0594,-0.2792,12.4268,1.6077
53.198,4.3445,1.3781,-0.0594,-0.2796,12.4373,1.6077
53.249,4.355,1.3775,-0.0594,-0.2802,12.453,1.6077
53.299,4.3707,1.3766,-0.0594,-0.2806,12.4635,1.6077
53.349,4.3812,1.3759,-0.0594,-0.2812,12.4792,1.6077
53.399,4.3917,1.3753,-0.0594,-0.2816,12.4897,1.6077
53.45,4.4074,1.3744,-0.0594,-0.2819,12.5002,1.6077
53.5,4.4179,1.3738,-0.0594,-0.2823,12.5107,1.6077
53.55,4.4336,1.3728,-0.0594,-0.2829,12.5264,1.6077
53.601,4.4441,1.3722,-0.0594,-0.2833,12.5369,1.6077
53.651,4.4546,1.3716,-0.0594,-0.2839,12.5527,1.6077
53.701,4.4703,1.3706,-0.0594,-0.2845,12.5684,1.6077
53.751,4.4808,1.37,-0.0594,-0.2849,12.5789,1.6077
53.802,4.4965,1.3691,-0.0594,-0.2852,12.5894,1.6077
53.852,4.507,1.3685,-0.0594,-0.2856,12.5999,1.6077
53.902,4.5175,1.3678,-0.0594,-0.2862,12.6156,1.6077
53.952,4.5332,1.3669,-0.0594,-0.2866,12.6261,1.6077
54.002,4.5437,1.3663,-0.0594,-0.2872,12.6419,1.6077
54.053,4.5594,1.3653,-0.0594,-0.2876,12.6524,1.6077
54.103,4.5699,1.3647,-0.0594,-0.2881,12.6681,1.6077
54.153,4.5804,1.3641,-0.0594,-0.2885,12.6786,1.6077
54.203,4.5961,1.3632,-0.0594,-0.2889,12.6891,1.6077
54.254,4.6066,1.3625,-0.0594,-0.2893,12.6996,1.6077
54.304,4.6223,1.3616,-0.0594,-0.2899,12.7153,1.6077
54.354,4.6328,1.361,-0.0594,-0.2903,12.7258,1.6077
54.404,4.6432,1.3604,-0.0594,-0.2909,12.7415,1.6077
54.454,4.659,1.3594,-0.0594,-0.2912,12.752,1.6077
54.505,4.6695,1.3588,-0.0594,-0.2918,12.7678,1.6077
54.555,4.6799,1.3582,-0.0594,-0.2922,12.7783,1.6077
54.605,4.6957,1.3573,-0.0594,-0.2928,12.794,1.6077
54.655,4.7061,1.3566,-0.0594,-0.293,12.7993,1.6077
54.706,4.7219,1.3557,-0.0594,-0.2936,12.815,1.6077
54.756,4.7323,1.3551,-0.0594,-0.294,12.8255,1.6077
54.806,4.7428,1.3544,-0.0594,-0.2945,12.8412,1.6077
54.856,4.7585,1.3535,-0.0594,-0.2949,12.8517,1.6077
54.906,4.769,1.3529,-0.0594,-0.2955,12.8675,1.6077
54.957,4.7847,1.352,-0.0594,-0.2959,12.878,1.6077
55.009,4.7952,1.3513,-0.0594,-0.2965,12.8937,1.6077
55.059,4.8057,1.3507,-0.0594,-0.2967,12.8989,1.6077
55.109,4.8214,1.3498,-0.0594,-0.2973,12.9147,1.6077
55.16,4.8319,1.3492,-0.0594,-0.2978,12.9304,1.6077
55.21,4.8476,1.3482,-0.0594,-0.2982,12.9409,1.6077
55.26,4.8581,1.3476,-0.0594,-0.2988,12.9567,1.6077
55.31,4.8686,1.347,-0.0594,-0.2992,12.9671,1.6077
55.36,4.8843,1.346,-0.0594,-0.2996,12.9776,1.6077
55.411,4.8948,1.3454,-0.0594,-0.3002,12.9934,1.6077
55.461,4.9105,1.3445,-0.0594,-0.3006,13.0039,1.6077
55.511,4.921,1.3439,-0.0594,-0.3009,13.0144,1.6077
55.561,4.9315,1.3432,-0.0594,-0.3015,13.0301,1.6077
55.611,4.9472,1.3423,-0.0594,-0.3019,13.0406,1.6077
55.662,4.9577,1.3417,-0.0594,-0.3025,13.0563,1.6077
55.712,4.9734,1.3407,-0.0594,-0.3029,13.0668,1.6077
55.762,4.9839,1.3401,-0.0594,-0.3035,13.0826,1.6077
55.812,4.9944,1.3395,-0.0594,-0.3038,13.0931,1.6077
55.863,5.0101,1.3386,-0.0594,-0.3044,13.1088,1.6077
55.913,5.0206,1.3379,-0.0594,-0.3046,13.114,1.6077
55.963,5.0363,1.337,-0.0594,-0.3052,13.1298,1.6077
56.013,5.0468,1.3364,-0.0594,-0.3056,13.1403,1.6077
56.063,5.0573,1.3358,-0.0594,-0.3062,13.156,1.6077
56.114,5.073,1.3348,-0.0594,-0.3066,13.1665,1.6077
56.164,5.0835,1.3342,-0.0594,-0.3071,13.1822,1.6077
56.214,5.0992,1.3333,-0.0594,-0.3075,13.1927,1.6077
56.264,5.1097,1.3326,-0.0594,-0.3081,13.2085,1.6077
56.315,5.1202,1.332,-0.0594,-0.3083,13.2137,1.6077
56.365,5.1359,1.3311,-0.0594,-0.3089,13.2295,1.6077
56.415,5.1464,1.3305,-0.0594,-0.3093,13.24,1.6077
56.465,5.1568,1.3298,-0.0594,-0.3099,13.2557,1.6077
56.515,5.1726,1.3289,-0.0594,-0.3102,13.2662,1.6077
56.566,5.183,1.3283,-0.0594,-0.3108,13.2819,1.6077
56.616,5.1988,1.3273,-0.0594,-0.3112,13.2924,1.6077
56.666,5.2092,1.3267,-0.0594,-0.3118,13.3082,1.6077
56.716,5.2197,1.3261,-0.0594,-0.3122,13.3187,1.6077
56.767,5.2355,1.3252,-0.0594,-0.3126,13.3291,1.6077
56.817,5.2459,1.3245,-0.0594,-0.313,13.3396,1.6077
56.867,5.2617,1.3236,-0.0594,-0.3135,13.3554,1.6077
56.917,5.2721,1.323,-0.0594,-0.3139,13.3659,1.6077
56.968,5.2826,1.3224,-0.0594,-0.3145,13.3816,1.6077
57.018,5.2983,1.3214,-0.0594,-0.3149,13.3921,1.6077
57.068,5.3088,1.3208,-0.0594,-0.3155,13.4078,1.6077
57.118,5.3245,1.3199,-0.0594,-0.3159,13.4183,1.6077
57.169,5.335,1.3192,-0.0594,-0.3162,13.4288,1.6077
57.219,5.3455,1.3186,-0.0594,-0.3166,13.4393,1.6077
57.269,5.3612,1.3177,-0.0594,-0.3172,13.4551,1.6077
57.319,5.3717,1.3171,-0.0594,-0.3176,13.4656,1.6077
57.369,5.3874,1.3161,-0.0594,-0.3182,13.4813,1.6077
57.42,5.3979,1.3155,-0.0594,-0.3188,13.497,1.6077
57.47,5.4084,1.3149,-0.0594,-0.3192,13.5075,1.6077
57.52,5.4228,1.314,-0.0576,-0.3195,13.5176,1.609
57.57,5.4275,1.3138,-0.0416,-0.3199,13.5278,1.6102
57.621,5.4306,1.3137,-0.0191,-0.3205,13.5431,1.612
57.671,5.4354,1.3137,0.0156,-0.321,13.5533,1.6133
57.721,5.4387,1.3137,0.0393,-0.3216,13.5686,1.6151
57.771,5.4436,1.314,0.0757,-0.3221,13.5787,1.6163
57.822,5.4469,1.3142,0.1007,-0.3228,13.594,1.6182
57.872,5.4503,1.3145,0.1262,-0.3233,13.6041,1.6194
57.922,5.4553,1.315,0.1654,-0.324,13.6193,1.6213
57.972,5.4587,1.3155,0.1922,-0.3245,13.6295,1.6225
58.023,5.4621,1.3161,0.2194,-0.3251,13.6396,1.6237
58.073,5.467,1.3171,0.261,-0.3256,13.6497,1.6249
58.123,5.4703,1.3179,0.2892,-0.3323,13.6147,1.7956
58.173,5.4749,1.3193,0.3318,-0.3333,13.6157,1.8256
58.224,5.478,1.3203,0.3606,-0.3345,13.6204,1.8636
58.274,5.4823,1.3221,0.4041,-0.3355,13.6234,1.8888
58.324,5.4852,1.3233,0.4331,-0.337,13.6279,1.9266
58.375,5.488,1.3247,0.4619,-0.3381,13.6309,1.9518
58.425,5.492,1.3268,0.5048,-0.3393,13.6338,1.977
58.475,5.4946,1.3283,0.5331,-0.3405,13.6366,2.0022
58.526,5.4983,1.3305,0.5747,-0.3425,13.6409,2.04
58.576,5.5007,1.3321,0.6017,-0.344,13.6437,2.0652
58.626,5.503,1.3338,0.6278,-0.3465,13.6482,2.103
58.676,5.5067,1.3365,0.6656,-0.3484,13.6514,2.1282
58.726,5.5092,1.3386,0.6908,-0.3516,13.6564,2.166
58.777,5.5133,1.342,0.7286,-0.354,13.6599,2.1912
58.827,5.5161,1.3446,0.7538,-0.3565,13.6634,2.2164
58.877,5.519,1.3475,0.779,-0.3594,13.6673,2.2416
58.927,5.5236,1.3521,0.8168,-0.3641,13.673,2.2794
58.978,5.5266,1.3555,0.842,-0.3675,13.677,2.3046
59.028,5.5298,1.3591,0.8672,-0.3731,13.6831,2.3424
59.078,5.5346,1.365,0.905,-0.3771,13.6872,2.3676
59.128,5.5378,1.3692,0.9302,-0.3837,13.6934,2.4054
59.178,5.5428,1.376,0.968,-0.3884,13.6976,2.4306
59.229,5.546,1.3809,0.9932,-0.3958,13.7039,2.4684
59.279,5.5493,1.3861,1.0184,-0.4013,13.7082,2.4936
59.329,5.5542,1.3943,1.056,-0.407,13.7125,2.5187
59.379,5.5574,1.4002,1.0804,-0.4129,13.7167,2.5433
59.43,5.5624,1.4098,1.1145,-0.4223,13.723,2.5773
59.48,5.5657,1.4167,1.1362,-0.4324,13.7292,2.6078
59.53,5.5691,1.4241,1.1569,-0.4394,13.7333,2.6261
59.58,5.5739,1.4356,1.1856,-0.4503,13.7394,2.6512
59.63,5.5771,1.4436,1.203,-0.4579,13.7434,2.6663
59.681,5.5817,1.4559,1.226,-0.4617,13.7454,2.6736
59.731,5.5846,1.4643,1.2398,-0.4736,13.7513,2.6928
59.781,5.5875,1.4729,1.2524,-0.4859,13.7572,2.7096
59.831,5.5917,1.4861,1.2695,-0.4942,13.761,2.7198
59.882,5.5945,1.495,1.2799,-0.507,13.7667,2.7337
59.932,5.5985,1.5086,1.2936,-0.5157,13.7704,2.7419
59.982,5.601,1.5179,1.3019,-0.5289,13.776,2.7529
60.032,5.6036,1.5272,1.3094,-0.5379,13.7796,2.7595
60.082,5.6073,1.5413,1.3196,-0.5469,13.7832,2.7657
60.133,5.6097,1.5508,1.3258,-0.556,13.7868,2.7712
60.183,5.612,1.5604,1.3314,-0.5698,13.7921,2.7787
60.233,5.6155,1.5749,1.339,-0.5791,13.7956,2.7833
60.283,5.6178,1.5846,1.3436,-0.5931,13.8008,2.7894
60.333,5.6211,1.5993,1.3497,-0.6025,13.8043,2.7931
60.384,5.6233,1.6091,1.3534,-0.6168,13.8094,2.798
60.434,5.6255,1.619,1.3568,-0.6263,13.8128,2.8009
60.484,5.6287,1.6339,1.3613,-0.6407,13.8179,2.805
60.534,5.6308,1.6439,1.364,-0.6455,13.8196,2.8062
60.584,5.6339,1.6589,1.3676,-0.66,13.8246,2.8095
60.635,5.636,1.6689,1.3697,-0.6696,13.828,2.8115
60.685,5.638,1.6789,1.3714,-0.6842,13.8329,2.8142
60.735,5.6411,1.694,1.3738,-0.694,13.8362,2.8158
60.785,5.6431,1.7041,1.3752,-0.7086,13.8412,2.8181
60.836,5.646,1.7192,1.3771,-0.7184,13.8445,2.8194
60.886,5.648,1.7293,1.3783,-0.7332,13.8494,2.8213
60.936,5.65,1.7395,1.3794,-0.7381,13.851,2.8219
60.986,5.6529,1.7547,1.3809,-0.7528,13.8559,2.8235
61.036,5.6549,1.7649,1.3818,-0.7627,13.8591,2.8245
61.087,5.6578,1.7802,1.3831,-0.7775,13.864,2.8258
61.137,5.6597,1.7903,1.3839,-0.7874,13.8672,2.8267
61.187,5.6617,1.8005,1.3846,-0.8022,13.872,2.8278
61.237,5.6645,1.8159,1.3856,-0.8121,13.8752,2.8285
61.288,5.6664,1.8261,1.3863,-0.827,13.88,2.8295
61.338,5.6684,1.8363,1.3868,-0.8369,13.8832,2.83
61.388,5.6712,1.8517,1.3876,-0.8468,13.8864,2.8306
61.438,5.6731,1.8619,1.3881,-0.8568,13.8896,2.8311
61.489,5.6759,1.8773,1.3888,-0.8717,13.8944,2.8318
61.539,5.6778,1.8876,1.3892,-0.8816,13.8976,2.8322
61.589,5.6797,1.8979,1.3896,-0.8966,13.9024,2.8328
61.639,5.6825,1.9133,1.3902,-0.9065,13.9055,2.8331
61.69,5.6844,1.9236,1.3905,-0.9215,13.9103,2.8336
61.74,5.6872,1.939,1.391,-0.9365,13.9151,2.834
61.79,5.6891,1.9493,1.3913,-0.9414,13.9166,2.8342
61.84,5.691,1.9596,1.3916,-0.9514,13.9198,2.8344
61.89,5.6938,1.9751,1.3919,-0.9664,13.9245,2.8347
61.941,5.6956,1.9854,1.3921,-0.9814,13.9293,2.835
61.991,5.6984,2.0008,1.3924,-0.9914,13.9325,2.8352
62.041,5.7003,2.0112,1.3926,-1.0064,13.9372,2.8354
62.091,5.7021,2.0215,1.3927,-1.0163,13.9404,2.8356
62.142,5.7049,2.037,1.393,-1.0263,13.9435,2.8357
62.192,5.7068,2.0473,1.3931,-1.0364,13.9467,2.8358
62.242,5.7095,2.0628,1.3933,-1.0513,13.9514,2.836
62.292,5.7114,2.0731,1.3934,-1.0613,13.9546,2.8361
62.342,5.7132,2.0834,1.3935,-1.0764,13.9593,2.8362
62.393,5.716,2.0989,1.3936,-1.0864,13.9624,2.8363
62.443,5.7179,2.1092,1.3937,-1.1014,13.9672,2.8364
62.493,5.7206,2.1247,1.3938,-1.1114,13.9703,2.8364
62.543,5.7225,2.135,1.3938,-1.1264,13.9751,2.8365
62.594,5.7243,2.1454,1.3939,-1.1364,13.9782,2.8366
62.644,5.7271,2.1609,1.394,-1.1464,13.9814,2.8366
62.694,5.729,2.1712,1.394,-1.1564,13.9845,2.8366
62.744,5.7308,2.1815,1.394,-1.1714,13.9892,2.8367
62.795,5.7336,2.197,1.3941,-1.1815,13.9924,2.8367
62.845,5.7354,2.2074,1.3941,-1.1965,13.9971,2.8368
62.895,5.7382,2.2229,1.3942,-1.2065,14.0003,2.8368
62.945,5.74,2.2332,1.3942,-1.2215,14.005,2.8369
62.995,5.7419,2.2435,1.3942,-1.2315,14.0081,2.8369
63.046,5.7446,2.259,1.3942,-1.2415,14.0113,2.8369
63.096,5.7465,2.2694,1.3943,-1.2515,14.0144,2.8369
63.146,5.7492,2.2849,1.3943,-1.2666,14.0192,2.837
63.196,5.7511,2.2952,1.3943,-1.2766,14.0223,2.837
63.246,5.7529,2.3055,1.3943,-1.2916,14.027,2.837
63.297,5.7557,2.321,1.3943,-1.3016,14.0302,2.837
63.347,5.7575,2.3314,1.3944,-1.3166,14.0349,2.837
63.397,5.7603,2.3469,1.3944,-1.3267,14.038,2.837
63.447,5.7621,2.3572,1.3944,-1.3367,14.0412,2.8371
63.498,5.764,2.3675,1.3944,-1.3467,14.0443,2.8371
63.548,5.7667,2.383,1.3944,-1.3617,14.0491,2.8371
63.598,5.7686,2.3934,1.3944,-1.3717,14.0522,2.8371
63.648,5.7713,2.4089,1.3944,-1.3868,14.0569,2.8371
63.698,5.7732,2.4192,1.3944,-1.3968,14.0601,2.8371
63.749,5.775,2.4296,1.3944,-1.4118,14.0648,2.8371
63.799,5.7778,2.4451,1.3945,-1.4218,14.068,2.8371
63.849,5.7796,2.4554,1.3945,-1.4368,14.0727,2.8371
63.9,5.7815,2.4657,1.3945,-1.4468,14.0758,2.8371
63.95,5.7842,2.4812,1.3945,-1.4569,14.079,2.8372
64.0,5.7861,2.4916,1.3945,-1.4669,14.0821,2.8372
64.05,5.7888,2.5071,1.3945,-1.4819,14.0868,2.8372
64.1,5.7907,2.5174,1.3945,-1.4969,14.0916,2.8372
64.151,5.7925,2.5278,1.3945,-1.5069,14.0947,2.8372
64.201,5.7953,2.5433,1.3945,-1.522,14.0994,2.8372
64.251,5.7971,2.5536,1.3945,-1.532,14.1026,2.8372
64.301,5.7999,2.5691,1.3945,-1.542,14.1057,2.8372
64.351,5.8017,2.5794,1.3945,-1.552,14.1089,2.8372
64.402,5.8036,2.5898,1.3945,-1.5671,14.1136,2.8372
64.452,5.8063,2.6053,1.3945,-1.5771,14.1167,2.8372
64.502,5.8082,2.6156,1.3945,-1.5921,14.1215,2.8372
64.552,5.8109,2.6311,1.3945,-1.6021,14.1246,2.8372
64.603,5.8128,2.6415,1.3945,-1.6171,14.1293,2.8372
64.653,5.8146,2.6518,1.3945,-1.6272,14.1325,2.8372
64.703,5.8174,2.6673,1.3945,-1.6372,14.1356,2.8372
64.753,5.8192,2.6776,1.3945,-1.6472,14.1388,2.8372
64.803,5.822,2.6931,1.3945,-1.6622,14.1435,2.8372
64.854,5.8238,2.7035,1.3945,-1.6722,14.1466,2.8372
64.904,5.8257,2.7138,1.3945,-1.6873,14.1513,2.8372
64.954,5.8284,2.7293,1.3945,-1.6973,14.1545,2.8372
65.004,5.8303,2.7397,1.3945,-1.7123,14.1592,2.8372
65.055,5.8321,2.75,1.3945,-1.7223,14.1624,2.8372
65.105,5.8349,2.7655,1.3945,-1.7373,14.1671,2.8372
65.155,5.8367,2.7758,1.3945,-1.7424,14.1687,2.8372
65.205,5.8395,2.7914,1.3945,-1.7574,14.1734,2.8372
65.256,5.8413,2.8017,1.3945,-1.7674,14.1765,2.8372
65.306,5.8432,2.812,1.3945,-1.7824,14.1812,2.8372
65.356,5.8459,2.8275,1.3945,-1.7924,14.1844,2.8372
65.406,5.8478,2.8379,1.3945,-1.8075,14.1891,2.8372
65.456,5.8505,2.8534,1.3945,-1.8175,14.1923,2.8372
65.507,5.8524,2.8637,1.3945,-1.8325,14.197,2.8372
65.557,5.8542,2.8741,1.3945,-1.8375,14.1986,2.8372
65.607,5.857,2.8896,1.3945,-1.8525,14.2033,2.8372
65.657,5.8588,2.8999,1.3945,-1.8626,14.2064,2.8372
65.708,5.8616,2.9154,1.3945,-1.8776,14.2111,2.8372
65.758,5.8634,2.9257,1.3945,-1.8876,14.2143,2.8372
65.808,5.8653,2.9361,1.3945,-1.9026,14.219,2.8372
65.858,5.868,2.9516,1.3945,-1.9126,14.2222,2.8372
65.909,5.8699,2.9619,1.3945,-1.9277,14.2269,2.8372
65.959,5.8726,2.9774,1.3945,-1.9377,14.23,2.8372
66.009,5.8745,2.9878,1.3945,-1.9477,14.2332,2.8372
66.059,5.8763,2.9981,1.3945,-1.9627,14.2379,2.8372
66.109,5.8791,3.0136,1.3945,-1.9728,14.241,2.8372
66.16,5.8809,3.0239,1.3945,-1.9828,14.2442,2.8372
66.21,5.8827,3.0343,1.3945,-1.9978,14.2489,2.8372
66.26,5.8855,3.0498,1.3945,-2.0128,14.2536,2.8372
66.31,5.8873,3.0601,1.3945,-2.0228,14.2568,2.8372
66.362,5.8901,3.0756,1.3945,-2.0379,14.2615,2.8372
66.412,5.892,3.086,1.3945,-2.0429,14.2631,2.8372
66.462,5.8938,3.0963,1.3945,-2.0579,14.2678,2.8372
66.512,5.8966,3.1118,1.3945,-2.0679,14.2709,2.8372
66.562,5.8984,3.1221,1.3945,-2.0829,14.2756,2.8372
66.613,5.9012,3.1377,1.3945,-2.093,14.2788,2.8372
66.663,5.903,3.148,1.3945,-2.108,14.2835,2.8372
66.713,5.9048,3.1583,1.3945,-2.118,14.2867,2.8372
66.763,5.9076,3.1738,1.3945,-2.133,14.2914,2.8372
66.814,5.9094,3.1842,1.3945,-2.138,14.293,2.8372
66.864,5.9122,3.1997,1.3945,-2.1531,14.2977,2.8372
66.914,5.914,3.21,1.3945,-2.1631,14.3008,2.8372
66.964,5.9159,3.2204,1.3945,-2.1781,14.3055,2.8372
67.015,5.9186,3.2359,1.3945,-2.1881,14.3087,2.8372
67.065,5.9205,3.2462,1.3945,-2.2032,14.3134,2.8372
67.115,5.9233,3.2617,1.3945,-2.2132,14.3166,2.8372
67.165,5.9251,3.272,1.3945,-2.2282,14.3213,2.8372
67.215,5.9269,3.2824,1.3945,-2.2382,14.3244,2.8372
67.266,5.9297,3.2979,1.3945,-2.2482,14.3276,2.8372
67.316,5.9315,3.3082,1.3945,-2.2582,14.3307,2.8372
67.366,5.9343,3.3237,1.3945,-2.2733,14.3354,2.8372
67.416,5.9361,3.3341,1.3945,-2.2833,14.3386,2.8372
67.467,5.938,3.3444,1.3945,-2.2983,14.3433,2.8372
67.517,5.9407,3.3599,1.3945,-2.3083,14.3465,2.8372
67.567,5.9426,3.3702,1.3945,-2.3234,14.3512,2.8372
67.617,5.9453,3.3857,1.3945,-2.3334,14.3543,2.8372
67.667,5.9472,3.3961,1.3945,-2.3434,14.3575,2.8372
67.718,5.949,3.4064,1.3945,-2.3534,14.3606,2.8372
67.768,5.9518,3.4219,1.3945,-2.3684,14.3653,2.8372
67.818,5.9536,3.4323,1.3945,-2.3785,14.3685,2.8372
67.868,5.9555,3.4426,1.3945,-2.3935,14.3732,2.8372
67.919,5.9582,3.4581,1.3945,-2.4085,14.3779,2.8372
67.969,5.9601,3.4684,1.3945,-2.4185,14.3811,2.8372
68.019,5.9628,3.484,1.3945,-2.4285,14.3842,2.8372
68.069,5.9647,3.4943,1.3945,-2.4386,14.3874,2.8372
68.119,5.9665,3.5046,1.3945,-2.4486,14.3905,2.8372
68.17,5.9693,3.5201,1.3945,-2.4636,14.3952,2.8372
68.22,5.9711,3.5305,1.3945,-2.4736,14.3984,2.8372
68.27,5.9739,3.546,1.3945,-2.4886,14.4031,2.8372
68.32,5.9757,3.5563,1.3945,-2.4987,14.4062,2.8372
68.37,5.9776,3.5667,1.3945,-2.5137,14.411,2.8372
68.421,5.9803,3.5822,1.3945,-2.5287,14.4157,2.8372
68.471,5.9822,3.5925,1.3945,-2.5387,14.4188,2.8372
68.521,5.9849,3.608,1.3945,-2.5488,14.422,2.8372
68.571,5.9868,3.6183,1.3945,-2.5588,14.4251,2.8372
68.622,5.9886,3.6287,1.3945,-2.5738,14.4298,2.8372
68.672,5.9914,3.6442,1.3945,-2.5838,14.433,2.8372
68.722,5.9932,3.6545,1.3945,-2.5988,14.4377,2.8372
68.772,5.996,3.67,1.3945,-2.6089,14.4409,2.8372
68.822,5.9978,3.6804,1.3945,-2.6239,14.4456,2.8372
68.873,5.9997,3.6907,1.3945,-2.6339,14.4487,2.8372
68.923,6.0024,3.7062,1.3945,-2.6439,14.4519,2.8372
68.973,6.0043,3.7165,1.3945,-2.6539,14.455,2.8372
69.023,6.0061,3.7269,1.3945,-2.669,14.4597,2.8372
69.074,6.0089,3.7424,1.3945,-2.679,14.4629,2.8372
69.124,6.0107,3.7527,1.3945,-2.694,14.4676,2.8372
69.174,6.0135,3.7682,1.3945,-2.704,14.4707,2.8372
69.224,6.0153,3.7786,1.3945,-2.719,14.4755,2.8372
69.274,6.0171,3.7889,1.3945,-2.7291,14.4786,2.8372
69.325,6.0199,3.8044,1.3945,-2.7391,14.4818,2.8372
69.375,6.0218,3.8147,1.3945,-2.7491,14.4849,2.8372
69.425,6.0245,3.8303,1.3945,-2.7641,14.4896,2.8372
69.475,6.0264,3.8406,1.3945,-2.7741,14.4928,2.8372
69.526,6.0282,3.8509,1.3945,-2.7892,14.4975,2.8372
69.576,6.031,3.8664,1.3945,-2.7992,14.5006,2.8372
69.626,6.0328,3.8768,1.3945,-2.8142,14.5054,2.8372
69.676,6.0356,3.8923,1.3945,-2.8242,14.5085,2.8372
69.726,6.0374,3.9026,1.3945,-2.8393,14.5132,2.8372
69.777,6.0392,3.913,1.3945,-2.8443,14.5148,2.8372
69.827,6.042,3.9285,1.3945,-2.8593,14.5195,2.8372
69.877,6.0438,3.9388,1.3945,-2.8693,14.5227,2.8372
69.927,6.0466,3.9543,1.3945,-2.8843,14.5274,2.8372
69.977,6.0484,3.9646,1.3945,-2.8943,14.5305,2.8372
70.028,6.0503,3.975,1.3945,-2.9094,14.5353,2.8372
70.078,6.053,3.9905,1.3945,-2.9194,14.5384,2.8372
70.128,6.0549,4.0008,1.3945,-2.9344,14.5431,2.8372
70.178,6.0567,4.0112,1.3945,-2.9394,14.5447,2.8372
70.229,6.0595,4.0267,1.3945,-2.9545,14.5494,2.8372
70.279,6.0613,4.037,1.3945,-2.9645,14.5526,2.8372
70.329,6.0641,4.0525,1.3945,-2.9795,14.5573,2.8372
70.379,6.0659,4.0628,1.3945,-2.9945,14.562,2.8372
70.431,6.0678,4.0732,1.3945,-3.0045,14.5652,2.8372
70.481,6.0705,4.0887,1.3945,-3.0196,14.5699,2.8372
70.532,6.0724,4.099,1.3945,-3.0296,14.573,2.8372
70.582,6.0751,4.1145,1.3945,-3.0396,14.5762,2.8372
70.632,6.077,4.1249,1.3945,-3.0496,14.5793,2.8372
70.682,6.0788,4.1352,1.3945,-3.0646,14.584,2.8372
70.733,6.0816,4.1507,1.3945,-3.0747,14.5872,2.8372
70.783,6.0834,4.161,1.3945,-3.0897,14.5919,2.8372
70.833,6.0862,4.1766,1.3945,-3.0997,14.595,2.8372
70.883,6.088,4.1869,1.3945,-3.1147,14.5998,2.8372
70.933,6.0899,4.1972,1.3945,-3.1247,14.6029,2.8372
70.984,6.0926,4.2127,1.3945,-3.1398,14.6076,2.8372
71.034,6.0945,4.2231,1.3945,-3.1448,14.6092,2.8372
71.084,6.0972,4.2386,1.3945,-3.1598,14.6139,2.8372
71.134,6.0991,4.2489,1.3945,-3.1698,14.6171,2.8372
71.184,6.1009,4.2593,1.3945,-3.1849,14.6218,2.8372
71.235,6.1037,4.2748,1.3945,-3.1949,14.6249,2.8372
71.285,6.1055,4.2851,1.3945,-3.2099,14.6297,2.8372
71.335,6.1083,4.3006,1.3945,-3.2199,14.6328,2.8372
71.385,6.1101,4.3109,1.3945,-3.2349,14.6375,2.8372
71.435,6.112,4.3213,1.3945,-3.2399,14.6391,2.8372
71.486,6.1147,4.3368,1.3945,-3.255,14.6438,2.8372
71.536,6.1166,4.3471,1.3945,-3.265,14.647,2.8372
71.586,6.1193,4.3626,1.3945,-3.28,14.6517,2.8372
71.636,6.1212,4.373,1.3945,-3.29,14.6548,2.8372
71.687,6.123,4.3833,1.3945,-3.3051,14.6596,2.8372
71.737,6.1258,4.3988,1.3945,-3.3151,14.6627,2.8372
71.787,6.1276,4.4091,1.3945,-3.3301,14.6674,2.8372
71.837,6.1295,4.4195,1.3945,-3.3401,14.6706,2.8372
71.887,6.1322,4.435,1.3945,-3.3501,14.6737,2.8372
71.938,6.1341,4.4453,1.3945,-3.3602,14.6769,2.8372
71.988,6.1368,4.4608,1.3945,-3.3752,14.6816,2.8372
72.038,6.1387,4.4712,1.3945,-3.3852,14.6847,2.8372
72.088,6.1405,4.4815,1.3945,-3.4002,14.6895,2.8372
72.138,6.1433,4.497,1.3945,-3.4102,14.6926,2.8372
72.189,6.1451,4.5073,1.3945,-3.4253,14.6973,2.8372
72.239,6.1479,4.5229,1.3945,-3.4353,14.7005,2.8372
72.289,6.1497,4.5332,1.3945,-3.4453,14.7036,2.8372
72.339,6.1515,4.5435,1.3945,-3.4553,14.7068,2.8372
72.389,6.1543,4.559,1.3945,-3.4703,14.7115,2.8372
72.44,6.1562,4.5694,1.3945,-3.4804,14.7146,2.8372
72.49,6.1589,4.5849,1.3945,-3.4954,14.7193,2.8372
72.54,6.1608,4.5952,1.3945,-3.5104,14.7241,2.8372
72.59,6.1626,4.6056,1.3945,-3.5204,14.7272,2.8372
72.641,6.1654,4.6211,1.3945,-3.5355,14.7319,2.8372
72.691,6.1672,4.6314,1.3945,-3.5405,14.7335,2.8372
72.741,6.17,4.6469,1.3945,-3.5555,14.7382,2.8372
72.791,6.1718,4.6572,1.3945,-3.5655,14.7414,2.8372
72.841,6.1736,4.6676,1.3945,-3.5805,14.7461,2.8372
72.892,6.1764,4.6831,1.3945,-3.5906,14.7492,2.8372
72.942,6.1782,4.6934,1.3945,-3.6006,14.7524,2.8372
72.992,6.1801,4.7038,1.3945,-3.6156,14.7571,2.8372
73.042,6.1828,4.7193,1.3945,-3.6306,14.7618,2.8372
73.093,6.1847,4.7296,1.3945,-3.6406,14.765,2.8372
73.143,6.1874,4.7451,1.3945,-3.6507,14.7681,2.8372
73.193,6.1893,4.7554,1.3945,-3.6607,14.7713,2.8372
73.243,6.1911,4.7658,1.3945,-3.6757,14.776,2.8372
73.293,6.1939,4.7813,1.3945,-3.6857,14.7791,2.8372
73.344,6.1957,4.7916,1.3945,-3.7007,14.7839,2.8372
73.394,6.1985,4.8071,1.3945,-3.7108,14.787,2.8372
73.444,6.2003,4.8175,1.3945,-3.7258,14.7917,2.8372
73.495,6.2022,4.8278,1.3945,-3.7358,14.7949,2.8372
73.545,6.2049,4.8433,1.3945,-3.7458,14.798,2.8372
73.595,6.2068,4.8536,1.3945,-3.7558,14.8012,2.8372
73.645,6.2095,4.8692,1.3945,-3.7709,14.8059,2.8372
73.696,6.2114,4.8795,1.3945,-3.7809,14.809,2.8372
73.746,6.2132,4.8898,1.3945,-3.7959,14.8137,2.8372
73.796,6.216,4.9053,1.3945,-3.8059,14.8169,2.8372
73.846,6.2178,4.9157,1.3945,-3.821,14.8216,2.8372
73.896,6.2206,4.9312,1.3945,-3.831,14.8248,2.8372
73.947,6.2224,4.9415,1.3945,-3.841,14.8279,2.8372
73.997,6.2243,4.9519,1.3945,-3.851,14.8311,2.8372
74.047,6.227,4.9674,1.3945,-3.866,14.8358,2.8372
74.097,6.2289,4.9777,1.3945,-3.8761,14.8389,2.8372
74.148,6.2307,4.988,1.3945,-3.8911,14.8436,2.8372
74.198,6.2335,5.0035,1.3945,-3.9011,14.8468,2.8372
74.248,6.2353,5.0139,1.3945,-3.9161,14.8515,2.8372
74.298,6.2381,5.0294,1.3945,-3.9261,14.8547,2.8372
74.348,6.2399,5.0397,1.3945,-3.9412,14.8594,2.8372
74.399,6.2418,5.0501,1.3945,-3.9512,14.8625,2.8372
74.449,6.2445,5.0656,1.3945,-3.9612,14.8657,2.8372
74.499,6.2464,5.0759,1.3945,-3.9712,14.8688,2.8372
74.549,6.2491,5.0914,1.3945,-3.9862,14.8735,2.8372
74.6,6.251,5.1017,1.3945,-3.9963,14.8767,2.8372
74.65,6.2528,5.1121,1.3945,-4.0113,14.8814,2.8372
74.7,6.2556,5.1276,1.3945,-4.0263,14.8861,2.8372
74.75,6.2574,5.1379,1.3945,-4.0363,14.8893,2.8372
74.801,6.2602,5.1534,1.3945,-4.0413,14.8908,2.8372
74.851,6.262,5.1638,1.3945,-4.0564,14.8956,2.8372
74.901,6.2639,5.1741,1.3945,-4.0714,14.9003,2.8372
74.951,6.2666,5.1896,1.3945,-4.0814,14.9034,2.8372
75.002,6.2685,5.1999,1.3945,-4.0964,14.9082,2.8372
75.052,6.2712,5.2155,1.3945,-4.1065,14.9113,2.8372
75.102,6.2731,5.2258,1.3945,-4.1215,14.916,2.8372
75.152,6.2749,5.2361,1.3945,-4.1315,14.9192,2.8372
75.202,6.2777,5.2516,1.3945,-4.1415,14.9223,2.8372
75.253,6.2795,5.262,1.3945,-4.1515,14.9255,2.8372
75.303,6.2813,5.2723,1.3945,-4.1666,14.9302,2.8372
75.353,6.2841,5.2878,1.3945,-4.1766,14.9333,2.8372
75.403,6.2859,5.2982,1.3945,-4.1916,14.938,2.8372
75.454,6.2887,5.3137,1.3945,-4.2016,14.9412,2.8372
75.504,6.2906,5.324,1.3945,-4.2166,14.9459,2.8372
75.554,6.2924,5.3343,1.3945,-4.2267,14.9491,2.8372
75.604,6.2952,5.3498,1.3945,-4.2417,14.9538,2.8372
75.654,6.297,5.3602,1.3945,-4.2467,14.9554,2.8372
75.705,6.2998,5.3757,1.3945,-4.2617,14.9601,2.8372
75.755,6.3016,5.386,1.3945,-4.2717,14.9632,2.8372
75.805,6.3034,5.3964,1.3945,-4.2868,14.9679,2.8372
75.855,6.3062,5.4119,1.3945,-4.2968,14.9711,2.8372
75.906,6.308,5.4222,1.3945,-4.3118,14.9758,2.8372
75.956,6.3105,5.4363,1.3967,-4.3214,14.9788,2.8385
76.006,6.3113,5.4408,1.4145,-4.336,14.9834,2.8403
76.056,6.3117,5.444,1.4376,-4.3409,14.9849,2.8409
76.106,6.3124,5.4488,1.4731,-4.3555,14.9894,2.8428
76.157,6.3127,5.4519,1.4973,-4.3653,14.9924,2.844
76.207,6.313,5.4566,1.5342,-4.3799,14.9969,2.8458
76.257,6.3131,5.4596,1.5591,-4.3896,14.9999,2.8471
76.307,6.3131,5.4625,1.5842,-4.4042,15.0043,2.8489
76.358,6.313,5.4668,1.622,-4.4139,15.0072,2.8501
76.408,6.3128,5.4694,1.6473,-4.4285,15.0116,2.852
76.458,6.3125,5.4731,1.6852,-4.4382,15.0145,2.8532
76.508,6.3122,5.4755,1.7104,-4.448,15.0173,2.8544
76.558,6.3118,5.4779,1.7356,-4.4577,15.0202,2.8557
76.609,6.3112,5.4814,1.7734,-4.4185,14.9987,3.0551
76.659,6.3107,5.4838,1.7986,-4.4217,14.999,3.0805
76.709,6.3101,5.4861,1.8238,-4.4265,14.9992,3.1183
76.759,6.3091,5.4895,1.8616,-4.4297,14.9993,-3.1397
76.809,6.3084,5.4918,1.8868,-4.4344,14.9992,-3.1019
76.86,6.3072,5.4952,1.9246,-4.439,14.999,-3.0641
76.91,6.3064,5.4975,1.9498,-4.4406,14.9989,-3.0515
76.96,6.3055,5.4997,1.975,-4.4437,14.9986,-3.0263
77.01,6.304,5.5029,2.0128,-4.4484,14.998,-2.9885
77.06,6.303,5.5051,2.038,-4.4515,14.9975,-2.9633
77.111,6.3013,5.5083,2.0758,-4.4561,14.9966,-2.9255
77.161,6.3001,5.5104,2.101,-4.4606,14.9956,-2.8877
77.211,6.2989,5.5124,2.1262,-4.4637,14.9948,-2.8625
77.261,6.2969,5.5154,2.164,-4.4682,14.9934,-2.8247
77.312,6.2955,5.5174,2.1892,-4.4696,14.9929,-2.8121
77.362,6.2934,5.5203,2.227,-4.4741,14.9913,-2.7743
77.412,6.2919,5.5222,2.2522,-4.477,14.9902,-2.7491
77.462,6.2904,5.524,2.2774,-4.4814,14.9883,-2.7113
77.512,6.2878,5.527,2.3152,-4.4844,14.9869,-2.6861
77.563,6.2858,5.5291,2.3404,-4.4892,14.9845,-2.6483
77.613,6.2824,5.5324,2.3782,-4.4927,14.9827,-2.6231
77.663,6.2799,5.5348,2.4034,-4.498,14.9795,-2.5853
77.713,6.2771,5.5372,2.4286,-4.5017,14.9772,-2.5601
77.764,6.2726,5.541,2.4664,-4.5057,14.9746,-2.5349
77.814,6.2693,5.5436,2.4916,-4.5096,14.9718,-2.5097
77.864,6.2657,5.5463,2.5169,-4.5158,14.9672,-2.4719
77.914,6.2599,5.5504,2.5549,-4.52,14.9638,-2.4467
77.964,6.2557,5.5531,2.5804,-4.5265,14.9583,-2.4089
78.015,6.2488,5.5573,2.6187,-4.5309,14.9543,-2.3837
78.065,6.2439,5.5602,2.6445,-4.5376,14.9478,-2.3459
78.115,6.2387,5.5632,2.6706,-4.5422,14.9431,-2.3207
78.165,6.2302,5.5678,2.7104,-4.5468,14.9382,-2.2955
78.216,6.2241,5.5708,2.7371,-4.5513,14.933,-2.2704
78.266,6.2142,5.5751,2.7769,-4.5583,14.9246,-2.2336
78.316,6.207,5.5777,2.802,-4.5629,14.9186,-2.2107
78.366,6.1996,5.5803,2.825,-4.5699,14.9091,-2.1801
78.416,6.1879,5.5839,2.8562,-4.5745,14.9024,-2.1615
78.467,6.1798,5.5862,2.875,-4.5814,14.892,-2.1363
78.517,6.1673,5.5895,2.8999,-4.586,14.8847,-2.1214
78.567,6.1588,5.5915,2.9149,-4.5905,14.8773,-2.1073
78.617,6.15,5.5935,2.9285,-4.5951,14.8696,-2.0952
78.668,6.1366,5.5962,2.947,-4.6018,14.8578,-2.0784
78.718,6.1276,5.598,2.9581,-4.6063,14.8497,-2.0682
78.768,6.1184,5.5996,2.9681,-4.6129,14.8374,-2.0547
78.818,6.1044,5.602,2.9816,-4.6173,14.829,-2.0465
78.869,6.095,5.6035,2.9896,-4.6238,14.8163,-2.0354
78.919,6.0808,5.6056,3.0,-4.6281,14.8076,-2.0288
78.969,6.0713,5.6069,3.0059,-4.6345,14.7945,-2.0197
79.019,6.0617,5.6082,3.0112,-4.6367,14.7901,-2.0172
79.07,6.0472,5.61,3.0184,-4.643,14.7767,-2.0096
79.12,6.0375,5.6112,3.0229,-4.6472,14.7678,-2.0049
79.17,6.0228,5.6129,3.0289,-4.6535,14.7542,-1.9987
79.22,6.0129,5.614,3.0325,-4.6597,14.7405,-1.993
79.27,6.003,5.6151,3.0359,-4.6638,14.7313,-1.9897
79.321,5.9881,5.6166,3.0405,-4.6699,14.7174,-1.985
79.371,5.9781,5.6176,3.0434,-4.674,14.7082,-1.9821
79.421,5.963,5.6191,3.0472,-4.6761,14.7035,-1.9807
79.471,5.953,5.62,3.0496,-4.6821,14.6895,-1.977
79.522,5.9428,5.621,3.0517,-4.6882,14.6754,-1.9737
79.572,5.9276,5.6223,3.0547,-4.6922,14.666,-1.9717
79.622,5.9175,5.6232,3.0565,-4.6982,14.6518,-1.9689
79.672,5.9022,5.6245,3.0589,-4.7021,14.6423,-1.9672
79.722,5.8919,5.6253,3.0604,-4.7081,14.628,-1.9649
79.773,5.8817,5.6261,3.0617,-4.7121,14.6185,-1.9635
79.823,5.8662,5.6274,3.0636,-4.716,14.6089,-1.9622
79.873,5.8559,5.6282,3.0648,-4.7199,14.5994,-1.961
79.923,5.8403,5.6294,3.0665,-4.7258,14.585,-1.9593
79.974,5.83,5.6301,3.0675,-4.7298,14.5754,-1.9583
80.024,5.8196,5.6309,3.0685,-4.7356,14.561,-1.9569
80.074,5.8041,5.632,3.0699,-4.7396,14.5513,-1.9561
80.124,5.7937,5.6328,3.0708,-4.7454,14.5369,-1.955
80.174,5.7833,5.6335,3.0715,-4.7493,14.5272,-1.9543
80.225,5.7677,5.6346,3.0726,-4.7552,14.5127,-1.9534
80.275,5.7573,5.6353,3.0732,-4.7571,14.5079,-1.9531
80.325,5.7417,5.6364,3.074,-4.7629,14.4934,-1.9523
80.375,5.7313,5.6371,3.0745,-4.7668,14.4837,-1.9519
80.425,5.7208,5.6378,3.075,-4.7727,14.4691,-1.9513
80.476,5.7052,5.6388,3.0756,-4.7765,14.4594,-1.9509
80.526,5.6948,5.6395,3.076,-4.7824,14.4448,-1.9504
80.576,5.6791,5.6405,3.0765,-4.7862,14.4351,-1.9501
80.626,5.6687,5.6412,3.0767,-4.792,14.4205,-1.9497
80.677,5.6582,5.6419,3.077,-4.794,14.4156,-1.9496
80.727,5.6425,5.6429,3.0774,-4.7998,14.4011,-1.9493
80.777,5.6321,5.6436,3.0776,-4.8037,14.3913,-1.9491
80.827,5.6164,5.6446,3.0779,-4.8095,14.3767,-1.9488
80.877,5.6059,5.6452,3.0781,-4.8133,14.367,-1.9486
80.927,5.5955,5.6459,3.0782,-4.8191,14.3524,-1.9484
80.978,5.5798,5.6469,3.0784,-4.823,14.3426,-1.9483
81.028,5.5693,5.6475,3.0786,-4.8288,14.328,-1.9481
81.078,5.5536,5.6485,3.0787,-4.8327,14.3182,-1.948
81.128,5.5432,5.6492,3.0788,-4.8365,14.3085,-1.9479
81.179,5.5327,5.6498,3.0789,-4.8404,14.2987,-1.9478
81.229,5.517,5.6508,3.079,-4.8462,14.2841,-1.9477
81.279,5.5065,5.6515,3.0791,-4.85,14.2744,-1.9476
81.329,5.496,5.6521,3.0791,-4.8558,14.2597,-1.9475
81.379,5.4803,5.6531,3.0792,-4.8597,14.25,-1.9475
81.43,5.4699,5.6538,3.0793,-4.8655,14.2353,-1.9474
81.48,5.4542,5.6548,3.0794,-4.8713,14.2207,-1.9473
81.53,5.4437,5.6554,3.0794,-4.8732,14.2158,-1.9473
81.58,5.4332,5.6561,3.0794,-4.877,14.2061,-1.9472
81.63,5.4175,5.657,3.0795,-4.8828,14.1914,-1.9472
81.681,5.407,5.6577,3.0795,-4.8886,14.1768,-1.9471
81.731,5.3913,5.6587,3.0796,-4.8925,14.167,-1.9471
81.781,5.3808,5.6593,3.0796,-4.8983,14.1524,-1.9471
81.831,5.3704,5.66,3.0796,-4.9021,14.1426,-1.947
81.882,5.3547,5.6609,3.0797,-4.906,14.1328,-1.947
81.932,5.3442,5.6616,3.0797,-4.9098,14.1231,-1.947
81.982,5.3285,5.6626,3.0797,-4.9156,14.1084,-1.9469
82.032,5.318,5.6632,3.0797,-4.9195,14.0987,-1.9469
82.083,5.3075,5.6639,3.0798,-4.9252,14.084,-1.9469
82.133,5.2918,5.6648,3.0798,-4.9291,14.0743,-1.9469
82.183,5.2813,5.6655,3.0798,-4.9349,14.0596,-1.9469
82.233,5.2656,5.6665,3.0798,-4.9387,14.0498,-1.9468
82.283,5.2551,5.6671,3.0798,-4.9445,14.0352,-1.9468
82.334,5.2446,5.6678,3.0798,-4.9484,14.0254,-1.9468
82.384,5.2289,5.6687,3.0799,-4.9522,14.0157,-1.9468
82.434,5.2184,5.6694,3.0799,-4.9561,14.0059,-1.9468
82.484,5.208,5.67,3.0799,-4.9619,13.9913,-1.9468
82.534,5.1922,5.671,3.0799,-4.9657,13.9815,-1.9468
82.585,5.1818,5.6716,3.0799,-4.9715,13.9668,-1.9468
82.635,5.166,5.6726,3.0799,-4.9754,13.9571,-1.9467
82.685,5.1556,5.6733,3.0799,-4.9811,13.9424,-1.9467
82.735,5.1451,5.6739,3.0799,-4.985,13.9327,-1.9467
82.785,5.1294,5.6749,3.0799,-4.9889,13.9229,-1.9467
82.836,5.1189,5.6755,3.0799,-4.9927,13.9131,-1.9467
82.886,5.1032,5.6765,3.0799,-4.9985,13.8985,-1.9467
82.936,5.0927,5.6771,3.0799,-5.0023,13.8887,-1.9467
82.986,5.0822,5.6778,3.08,-5.0081,13.8741,-1.9467
83.036,5.0665,5.6788,3.08,-5.012,13.8643,-1.9467
83.087,5.056,5.6794,3.08,-5.0178,13.8496,-1.9467
83.137,5.0403,5.6804,3.08,-5.0216,13.8399,-1.9467
83.187,5.0298,5.681,3.08,-5.0255,13.8301,-1.9467
83.237,5.0193,5.6817,3.08,-5.0293,13.8203,-1.9467
83.288,5.0036,5.6826,3.08,-5.0351,13.8057,-1.9467
83.339,4.9931,5.6833,3.08,-5.039,13.7959,-1.9467
83.389,4.9774,5.6842,3.08,-5.0447,13.7813,-1.9467
83.439,4.9669,5.6849,3.08,-5.0486,13.7715,-1.9467
83.489,4.9565,5.6855,3.08,-5.0544,13.7569,-1.9467
83.539,4.9407,5.6865,3.08,-5.0582,13.7471,-1.9467
83.59,4.9303,5.6872,3.08,-5.064,13.7324,-1.9467
83.64,4.9198,5.6878,3.08,-5.0679,13.7227,-1.9467
83.69,4.9041,5.6888,3.08,-5.0717,13.7129,-1.9467
83.74,4.8936,5.6894,3.08,-5.0756,13.7031,-1.9467
83.791,4.8779,5.6904,3.08,-5.0814,13.6885,-1.9467
83.841,4.8674,5.691,3.08,-5.0852,13.6787,-1.9467
83.891,4.8569,5.6917,3.08,-5.091,13.6641,-1.9467
83.941,4.8412,5.6927,3.08,-5.0968,13.6494,-1.9467
83.992,4.8307,5.6933,3.08,-5.1006,13.6397,-1.9467
84.042,4.815,5.6943,3.08,-5.1026,13.6348,-1.9467
84.092,4.8045,5.6949,3.08,-5.1083,13.6201,-1.9467
84.142,4.794,5.6956,3.08,-5.1141,13.6055,-1.9467
84.192,4.7783,5.6965,3.08,-5.118,13.5957,-1.9467
84.243,4.7678,5.6972,3.08,-5.1238,13.5811,-1.9467
84.293,4.7521,5.6981,3.08,-5.1276,13.5713,-1.9467
84.343,4.7416,5.6988,3.08,-5.1334,13.5566,-1.9467
84.393,4.7311,5.6994,3.08,-5.1373,13.5469,-1.9467
84.443,4.7154,5.7004,3.08,-5.1411,13.5371,-1.9467
84.494,4.7049,5.7011,3.08,-5.145,13.5273,-1.9467
84.544,4.6892,5.702,3.08,-5.1507,13.5127,-1.9467
84.594,4.6787,5.7027,3.08,-5.1546,13.5029,-1.9467
84.644,4.6683,5.7033,3.08,-5.1604,13.4883,-1.9467
84.695,4.6525,5.7043,3.08,-5.1642,13.4785,-1.9467
84.745,4.6421,5.7049,3.08,-5.17,13.4639,-1.9467
84.795,4.6316,5.7056,3.08,-5.1739,13.4541,-1.9467
84.845,4.6159,5.7066,3.08,-5.1796,13.4394,-1.9467
84.896,4.6054,5.7072,3.08,-5.1816,13.4346,-1.9467
84.946,4.5897,5.7082,3.08,-5.1874,13.4199,-1.9467
84.996,4.5792,5.7088,3.08,-5.1912,13.4101,-1.9467
85.046,4.5687,5.7095,3.08,-5.197,13.3955,-1.9467
85.096,4.553,5.7104,3.08,-5.2008,13.3857,-1.9467
85.147,4.5425,5.7111,3.08,-5.2066,13.3711,-1.9467
85.197,4.5268,5.712,3.08,-5.2105,13.3613,-1.9467
85.247,4.5163,5.7127,3.08,-5.2163,13.3467,-1.9467
85.297,4.5058,5.7133,3.08,-5.2182,13.3418,-1.9467
85.348,4.4901,5.7143,3.08,-5.224,13.3271,-1.9467
85.398,4.4796,5.715,3.08,-5.2278,13.3173,-1.9467
85.448,4.4639,5.7159,3.08,-5.2336,13.3027,-1.9467
85.498,4.4534,5.7166,3.08,-5.2375,13.2929,-1.9467
85.548,4.4429,5.7172,3.08,-5.2432,13.2783,-1.9467
85.599,4.4272,5.7182,3.08,-5.2471,13.2685,-1.9467
85.649,4.4167,5.7188,3.08,-5.2529,13.2539,-1.9467
85.699,4.401,5.7198,3.08,-5.2567,13.2441,-1.9467
85.749,4.3905,5.7204,3.08,-5.2606,13.2343,-1.9467
85.8,4.38,5.7211,3.08,-5.2644,13.2246,-1.9467
85.85,4.3643,5.7221,3.08,-5.2702,13.2099,-1.9467
85.9,4.3538,5.7227,3.08,-5.2741,13.2001,-1.9467
85.95,4.3381,5.7237,3.08,-5.2799,13.1855,-1.9467
86.0,4.3276,5.7243,3.08,-5.2856,13.1708,-1.9467
86.051,4.3172,5.725,3.08,-5.2895,13.1611,-1.9467
86.101,4.3014,5.7259,3.08,-5.2953,13.1464,-1.9467
86.151,4.291,5.7266,3.08,-5.2972,13.1415,-1.9467
86.201,4.2805,5.7272,3.08,-5.303,13.1269,-1.9467
86.252,4.2648,5.7282,3.08,-5.3068,13.1171,-1.9467
86.302,4.2543,5.7288,3.08,-5.3126,13.1025,-1.9467
86.352,4.2386,5.7298,3.08,-5.3165,13.0927,-1.9467
86.402,4.2281,5.7305,3.08,-5.3223,13.0781,-1.9467
86.452,4.2176,5.7311,3.08,-5.3261,13.0683,-1.9467
86.503,4.2019,5.7321,3.08,-5.3319,13.0536,-1.9467
86.553,4.1914,5.7327,3.08,-5.3338,13.0488,-1.9467
86.603,4.1757,5.7337,3.08,-5.3396,13.0341,-1.9467
86.653,4.1652,5.7343,3.08,-5.3435,13.0243,-1.9467
86.704,4.1547,5.735,3.08,-5.3492,13.0097,-1.9467
86.754,4.139,5.736,3.08,-5.3531,12.9999,-1.9467
86.804,4.1285,5.7366,3.08,-5.3589,12.9853,-1.9467
86.854,4.1128,5.7376,3.08,-5.3627,12.9755,-1.9467
86.904,4.1023,5.7382,3.08,-5.3685,12.9609,-1.9467
86.955,4.0918,5.7389,3.08,-5.3724,12.9511,-1.9467
87.005,4.0761,5.7398,3.08,-5.3762,12.9413,-1.9467
87.055,4.0656,5.7405,3.08,-5.3801,12.9316,-1.9467
87.105,4.0499,5.7415,3.08,-5.3859,12.9169,-1.9467
87.156,4.0394,5.7421,3.08,-5.3897,12.9071,-1.9467
87.206,4.029,5.7427,3.08,-5.3955,12.8925,-1.9467
87.256,4.0132,5.7437,3.08,-5.3993,12.8827,-1.9467
87.306,4.0028,5.7444,3.08,-5.4051,12.8681,-1.9467
87.356,3.9923,5.745,3.08,-5.409,12.8583,-1.9467
87.407,3.9766,5.746,3.08,-5.4128,12.8485,-1.9467
87.457,3.9661,5.7466,3.08,-5.4167,12.8388,-1.9467
87.507,3.9504,5.7476,3.08,-5.4225,12.8241,-1.9467
87.557,3.9399,5.7482,3.08,-5.4263,12.8143,-1.9467
87.608,3.9294,5.7489,3.08,-5.4321,12.7997,-1.9467
87.658,3.9137,5.7499,3.08,-5.436,12.7899,-1.9467
87.708,3.9032,5.7505,3.08,-5.4417,12.7753,-1.9467
87.758,3.8875,5.7515,3.08,-5.4456,12.7655,-1.9467
87.808,3.877,5.7521,3.08,-5.4494,12.7557,-1.9467
87.859,3.8665,5.7528,3.08,-5.4533,12.746,-1.9467
87.909,3.8508,5.7537,3.08,-5.4591,12.7313,-1.9467
87.959,3.8403,5.7544,3.08,-5.4629,12.7216,-1.9467
88.009,3.8246,5.7553,3.08,-5.4687,12.7069,-1.9467
88.06,3.8141,5.756,3.08,-5.4726,12.6971,-1.9467
88.11,3.8036,5.7566,3.08,-5.4784,12.6825,-1.9467
88.16,3.7879,5.7576,3.08,-5.4841,12.6678,-1.9467
88.21,3.7774,5.7583,3.08,-5.488,12.6581,-1.9467
88.26,3.7617,5.7592,3.08,-5.4918,12.6483,-1.9467
88.311,3.7512,5.7599,3.08,-5.4957,12.6385,-1.9467
88.361,3.7408,5.7605,3.08,-5.5015,12.6239,-1.9467
88.411,3.725,5.7615,3.08,-5.5053,12.6141,-1.9467
88.461,3.7146,5.7621,3.08,-5.5111,12.5995,-1.9467
88.512,3.7041,5.7628,3.08,-5.515,12.5897,-1.9467
88.562,3.6884,5.7638,3.08,-5.5208,12.5751,-1.9467
88.612,3.6779,5.7644,3.08,-5.5246,12.5653,-1.9467
88.663,3.6622,5.7654,3.08,-5.5265,12.5604,-1.9467
88.713,3.6517,5.766,3.08,-5.5323,12.5458,-1.9467
88.763,3.6412,5.7667,3.08,-5.5381,12.5311,-1.9467
88.814,3.6255,5.7676,3.08,-5.5419,12.5213,-1.9467
88.864,3.615,5.7683,3.08,-5.5477,12.5067,-1.9467
88.915,3.5993,5.7692,3.08,-5.5516,12.4969,-1.9467
88.965,3.5888,5.7699,3.08,-5.5554,12.4872,-1.9467
89.015,3.5783,5.7705,3.08,-5.5612,12.4725,-1.9467
89.065,3.5626,5.7715,3.08,-5.5651,12.4627,-1.9467
89.116,3.5521,5.7722,3.08,-5.5689,12.453,-1.9467
89.166,3.5416,5.7728,3.08,-5.5747,12.4383,-1.9467
89.217,3.5259,5.7738,3.08,-5.5786,12.4286,-1.9467
89.267,3.5154,5.7744,3.08,-5.5843,12.4139,-1.9467
89.317,3.4997,5.7754,3.08,-5.5882,12.4041,-1.9467
89.368,3.4892,5.776,3.08,-5.594,12.3895,-1.9467
89.419,3.4788,5.7767,3.08,-5.5981,12.379,-1.9467
89.469,3.463,5.7776,3.08,-5.602,12.3693,-1.9467
89.52,3.4526,5.7783,3.08,-5.6055,12.3602,-1.9467
89.57,3.4368,5.7793,3.08,-5.6113,12.3455,-1.9467
89.62,3.4264,5.7799,3.08,-5.6152,12.3358,-1.9467
89.671,3.4159,5.7806,3.08,-5.621,12.3211,-1.9467
89.721,3.4002,5.7815,3.08,-5.6248,12.3113,-1.9467
89.771,3.3897,5.7822,3.08,-5.6306,12.2967,-1.9467
89.821,3.374,5.7831,3.08,-5.6345,12.2869,-1.9467
89.872,3.3635,5.7838,3.08,-5.6402,12.2723,-1.9467
89.922,3.353,5.7844,3.08,-5.6422,12.2674,-1.9467
89.972,3.3425,5.7851,3.08,-5.646,12.2576,-1.9467
90.024,3.3268,5.786,3.08,-5.6518,12.243,-1.9467
90.074,3.3163,5.7867,3.08,-5.6576,12.2283,-1.9467
90.124,3.3006,5.7877,3.08,-5.6614,12.2186,-1.9467
90.175,3.2901,5.7883,3.08,-5.6672,12.2039,-1.9467
90.225,3.2796,5.789,3.08,-5.6711,12.1941,-1.9467
90.276,3.2639,5.7899,3.08,-5.6768,12.1795,-1.9467
90.326,3.2534,5.7906,3.08,-5.6791,12.1739,-1.9467
90.376,3.2377,5.7915,3.08,-5.6846,12.16,-1.9467
90.426,3.2272,5.7922,3.08,-5.6884,12.1502,-1.9467
90.476,3.2115,5.7932,3.08,-5.6942,12.1355,-1.9467
90.527,3.201,5.7938,3.08,-5.698,12.1258,-1.9467
90.577,3.1906,5.7945,3.08,-5.7038,12.1111,-1.9467
90.627,3.1748,5.7954,3.08,-5.7077,12.1014,-1.9467
90.678,3.1644,5.7961,3.08,-5.7137,12.086,-1.9467
90.728,3.1539,5.7967,3.08,-5.7154,12.0818,-1.9467
90.778,3.1382,5.7977,3.08,-5.7212,12.0672,-1.9467
90.829,3.1277,5.7983,3.08,-5.725,12.0574,-1.9467
90.879,3.112,5.7993,3.08,-5.7308,12.0428,-1.9467
90.929,3.1015,5.7999,3.08,-5.7347,12.033,-1.9467
90.979,3.091,5.8006,3.08,-5.7404,12.0183,-1.9467
91.03,3.0753,5.8016,3.08,-5.7462,12.0037,-1.9467
91.08,3.0648,5.8022,3.08,-5.7501,11.9939,-1.9467
91.13,3.0491,5.8032,3.08,-5.7539,11.9842,-1.9467
91.18,3.0386,5.8038,3.08,-5.7578,11.9744,-1.9467
91.231,3.0281,5.8045,3.08,-5.7616,11.9646,-1.9467
91.281,3.0124,5.8054,3.08,-5.7674,11.95,-1.9467
91.332,3.0019,5.8061,3.08,-5.7732,11.9353,-1.9467
91.382,2.9862,5.8071,3.08,-5.7771,11.9255,-1.9467
91.432,2.9757,5.8077,3.08,-5.7828,11.9109,-1.9467
91.482,2.9652,5.8083,3.08,-5.7867,11.9011,-1.9467
91.532,2.9495,5.8093,3.08,-5.7925,11.8865,-1.9467
91.583,2.939,5.81,3.08,-5.7963,11.8767,-1.9467
91.633,2.9233,5.8109,3.08,-5.8002,11.8669,-1.9467
91.683,2.9128,5.8116,3.08,-5.804,11.8572,-1.9467
91.734,2.9024,5.8122,3.08,-5.8079,11.8474,-1.9467
91.784,2.8866,5.8132,3.08,-5.8137,11.8328,-1.9467
91.835,2.8762,5.8138,3.08,-5.8195,11.8181,-1.9467
91.885,2.8604,5.8148,3.08,-5.8233,11.8083,-1.9467
91.935,2.85,5.8155,3.08,-5.8291,11.7937,-1.9467
91.985,2.8395,5.8161,3.08,-5.8329,11.7839,-1.9467
92.035,2.8238,5.8171,3.08,-5.8368,11.7742,-1.9467
92.086,2.8133,5.8177,3.08,-5.8407,11.7644,-1.9467
92.136,2.7976,5.8187,3.08,-5.8464,11.7497,-1.9467
92.186,2.7871,5.8193,3.08,-5.8503,11.74,-1.9467
92.237,2.7766,5.82,3.08,-5.8561,11.7253,-1.9467
92.288,2.7609,5.8209,3.08,-5.8599,11.7156,-1.9467
92.338,2.7504,5.8216,3.08,-5.8657,11.7009,-1.9467
92.388,2.7347,5.8226,3.08,-5.8679,11.6953,-1.9467
92.438,2.7242,5.8232,3.08,-5.8734,11.6814,-1.9467
92.489,2.7137,5.8239,3.08,-5.8773,11.6716,-1.9467
92.539,2.698,5.8248,3.08,-5.8831,11.657,-1.9467
92.589,2.6875,5.8255,3.08,-5.8888,11.6423,-1.9467
92.639,2.6718,5.8264,3.08,-5.8927,11.6325,-1.9467
92.689,2.6613,5.8271,3.08,-5.8965,11.6228,-1.9467
92.74,2.6508,5.8277,3.08,-5.9023,11.6081,-1.9467
92.79,2.6351,5.8287,3.08,-5.9062,11.5984,-1.9467
92.841,2.6246,5.8294,3.08,-5.912,11.5837,-1.9467
92.891,2.6089,5.8303,3.08,-5.9158,11.5739,-1.9467
92.941,2.5984,5.831,3.08,-5.9197,11.5642,-1.9467
92.991,2.588,5.8316,3.08,-5.9235,11.5544,-1.9467
93.042,2.5722,5.8326,3.08,-5.9293,11.5398,-1.9467
93.092,2.5618,5.8332,3.08,-5.9351,11.5251,-1.9467
93.142,2.546,5.8342,3.08,-5.9389,11.5153,-1.9467
93.192,2.5356,5.8348,3.08,-5.9447,11.5007,-1.9467
93.243,2.5251,5.8355,3.08,-5.9486,11.4909,-1.9467
93.293,2.5094,5.8365,3.08,-5.9505,11.486,-1.9467
93.343,2.4989,5.8371,3.08,-5.9563,11.4714,-1.9467
93.394,2.4884,5.8378,3.08,-5.9601,11.4616,-1.9467
93.444,2.4727,5.8387,3.08,-5.9659,11.447,-1.9467
93.494,2.4622,5.8394,3.08,-5.9717,11.4323,-1.9467
93.544,2.4465,5.8403,3.08,-5.9756,11.4225,-1.9467
93.595,2.436,5.841,3.08,-5.9813,11.4079,-1.9467
93.645,2.4255,5.8416,3.08,-5.9852,11.3981,-1.9467
93.695,2.4098,5.8426,3.08,-5.989,11.3884,-1.9467
93.745,2.3993,5.8432,3.08,-5.9929,11.3786,-1.9467
93.796,2.3888,5.8439,3.08,-5.9987,11.3639,-1.9467
93.846,2.3731,5.8449,3.08,-6.0025,11.3542,-1.9467
93.897,2.3626,5.8455,3.08,-6.0083,11.3395,-1.9467
93.947,2.3469,5.8465,3.08,-6.0122,11.3298,-1.9467
93.997,2.3364,5.8471,3.08,-6.018,11.3151,-1.9467
94.047,2.3207,5.8481,3.08,-6.0218,11.3053,-1.9467
94.098,2.3102,5.8487,3.08,-6.0276,11.2907,-1.9467
94.148,2.2998,5.8494,3.08,-6.0295,11.2858,-1.9467
94.198,2.284,5.8504,3.08,-6.0353,11.2712,-1.9467
94.249,2.2736,5.851,3.08,-6.0391,11.2614,-1.9467
94.299,2.2578,5.852,3.08,-6.0449,11.2467,-1.9467
94.349,2.2474,5.8526,3.08,-6.0488,11.237,-1.9467
94.399,2.2369,5.8533,3.08,-6.0546,11.2223,-1.9467
94.449,2.2212,5.8542,3.08,-6.0603,11.2077,-1.9467
94.5,2.2107,5.8549,3.08,-6.0642,11.1979,-1.9467
94.55,2.195,5.8559,3.08,-6.0661,11.193,-1.9467
94.601,2.1845,5.8565,3.08,-6.0719,11.1784,-1.9467
94.651,2.174,5.8571,3.08,-6.0777,11.1637,-1.9467
94.701,2.1583,5.8581,3.08,-6.0815,11.154,-1.9467
94.751,2.1478,5.8588,3.08,-6.0873,11.1393,-1.9467
94.802,2.1321,5.8597,3.08,-6.0912,11.1295,-1.9467
94.852,2.1216,5.8604,3.08,-6.095,11.1198,-1.9467
94.902,2.1111,5.861,3.08,-6.1008,11.1051,-1.9467
94.952,2.0954,5.862,3.08,-6.1047,11.0954,-1.9467
95.003,2.0849,5.8626,3.08,-6.1085,11.0856,-1.9467
95.053,2.0692,5.8636,3.08,-6.1143,11.0709,-1.9467
95.103,2.0587,5.8643,3.08,-6.1182,11.0612,-1.9467
95.153,2.0482,5.8649,3.08,-6.1239,11.0465,-1.9467
95.204,2.0325,5.8659,3.08,-6.1278,11.0368,-1.9467
95.254,2.022,5.8665,3.08,-6.1336,11.0221,-1.9467
95.304,2.0115,5.8672,3.08,-6.1374,11.0123,-1.9467
95.354,1.9958,5.8681,3.08,-6.1432,10.9977,-1.9467
95.404,1.9853,5.8688,3.08,-6.1451,10.9928,-1.9467
95.455,1.9696,5.8697,3.08,-6.1509,10.9781,-1.9467
95.505,1.9591,5.8704,3.08,-6.1548,10.9684,-1.9467
95.555,1.9487,5.871,3.08,-6.1606,10.9537,-1.9467
95.605,1.9329,5.872,3.08,-6.1644,10.944,-1.9467
95.656,1.9225,5.8727,3.08,-6.1702,10.9293,-1.9467
95.706,1.9067,5.8736,3.08,-6.174,10.9195,-1.9467
95.756,1.8963,5.8743,3.08,-6.1798,10.9049,-1.9467
95.806,1.8858,5.8749,3.08,-6.1818,10.9,-1.9467
95.857,1.8701,5.8759,3.08,-6.1875,10.8854,-1.9467
95.907,1.8596,5.8765,3.08,-6.1914,10.8756,-1.9467
95.957,1.8439,5.8775,3.08,-6.1972,10.8609,-1.9467
96.007,1.8334,5.8781,3.08,-6.201,10.8512,-1.9467
96.057,1.8229,5.8788,3.08,-6.2068,10.8365,-1.9467
96.108,1.8072,5.8798,3.08,-6.2107,10.8268,-1.9467
96.158,1.7967,5.8804,3.08,-6.2164,10.8121,-1.9467
96.208,1.781,5.8814,3.08,-6.2203,10.8023,-1.9467
96.258,1.7705,5.882,3.08,-6.2242,10.7926,-1.9467
96.309,1.76,5.8827,3.08,-6.228,10.7828,-1.9467
96.359,1.7443,5.8836,3.08,-6.2338,10.7682,-1.9467
96.409,1.7338,5.8843,3.08,-6.2376,10.7584,-1.9467
96.459,1.7233,5.8849,3.08,-6.2434,10.7437,-1.9467
96.509,1.7076,5.8859,3.08,-6.2473,10.734,-1.9467
96.56,1.6971,5.8866,3.08,-6.2531,10.7193,-1.9467
96.61,1.6814,5.8875,3.08,-6.2588,10.7047,-1.9467
96.66,1.6709,5.8882,3.08,-6.2608,10.6998,-1.9467
96.71,1.6605,5.8888,3.08,-6.2646,10.69,-1.9467
96.761,1.6447,5.8898,3.08,-6.2704,10.6754,-1.9467
96.811,1.6343,5.8904,3.08,-6.2762,10.6607,-1.9467
96.861,1.6185,5.8914,3.08,-6.28,10.651,-1.9467
96.912,1.6081,5.892,3.08,-6.2858,10.6363,-1.9467
96.962,1.5976,5.8927,3.08,-6.2897,10.6265,-1.9467
97.012,1.5819,5.8937,3.08,-6.2955,10.6119,-1.9467
97.062,1.5714,5.8943,3.08,-6.2974,10.607,-1.9467
97.113,1.5557,5.8953,3.08,-6.3032,10.5924,-1.9467
97.163,1.5452,5.8959,3.08,-6.307,10.5826,-1.9467
97.213,1.5347,5.8966,3.08,-6.3128,10.5679,-1.9467
97.263,1.519,5.8975,3.08,-6.3167,10.5582,-1.9467
97.314,1.5085,5.8982,3.08,-6.3224,10.5435,-1.9467
97.364,1.4928,5.8992,3.08,-6.3263,10.5337,-1.9467
97.414,1.4823,5.8998,3.08,-6.3321,10.5191,-1.9467
97.464,1.4718,5.9004,3.08,-6.3359,10.5093,-1.9467
97.514,1.4561,5.9014,3.08,-6.3398,10.4996,-1.9467
97.565,1.4456,5.9021,3.08,-6.3436,10.4898,-1.9467
97.615,1.4351,5.9027,3.08,-6.3494,10.4751,-1.9467
97.665,1.4194,5.9037,3.08,-6.3533,10.4654,-1.9467
97.715,1.4089,5.9043,3.08,-6.3591,10.4507,-1.9467
97.766,1.3932,5.9053,3.08,-6.3629,10.441,-1.9467
97.816,1.3827,5.9059,3.08,-6.3687,10.4263,-1.9467
97.866,1.3723,5.9066,3.08,-6.3725,10.4165,-1.9467
97.916,1.3565,5.9076,3.08,-6.3764,10.4068,-1.9467
97.967,1.3461,5.9082,3.08,-6.3803,10.397,-1.9467
98.017,1.3303,5.9092,3.08,-6.386,10.3824,-1.9467
98.067,1.3199,5.9098,3.08,-6.3899,10.3726,-1.9467
98.117,1.3094,5.9105,3.08,-6.3957,10.3579,-1.9467
98.167,1.2937,5.9114,3.08,-6.3995,10.3482,-1.9467
98.218,1.2832,5.9121,3.08,-6.4053,10.3335,-1.9467
98.268,1.2675,5.913,3.08,-6.4092,10.3238,-1.9467
98.318,1.257,5.9137,3.08,-6.413,10.314,-1.9467
98.368,1.2465,5.9143,3.08,-6.4169,10.3042,-1.9467
98.419,1.2308,5.9153,3.08,-6.4226,10.2896,-1.9467
98.47,1.2203,5.916,3.08,-6.4265,10.2798,-1.9467
98.52,1.2046,5.9169,3.08,-6.4323,10.2652,-1.9467
98.57,1.1941,5.9176,3.08,-6.4361,10.2554,-1.9467
98.621,1.1836,5.9182,3.08,-6.4419,10.2407,-1.9467
98.671,1.1679,5.9192,3.08,-6.4477,10.2261,-1.9467
98.721,1.1574,5.9198,3.08,-6.4516,10.2163,-1.9467
98.772,1.1469,5.9205,3.08,-6.4554,10.2066,-1.9467
98.822,1.1312,5.9215,3.08,-6.4593,10.1968,-1.9467
98.872,1.1207,5.9221,3.08,-6.465,10.1821,-1.9467
98.922,1.105,5.9231,3.08,-6.4689,10.1724,-1.9467
98.972,1.0945,5.9237,3.08,-6.4747,10.1577,-1.9467
99.023,1.0841,5.9244,3.08,-6.4785,10.148,-1.9467
99.073,1.0683,5.9253,3.08,-6.4843,10.1333,-1.9467
99.123,1.0579,5.926,3.08,-6.4882,10.1235,-1.9467
99.173,1.0421,5.9269,3.08,-6.492,10.1138,-1.9467
99.224,1.0317,5.9276,3.08,-6.4959,10.104,-1.9467
99.274,1.0212,5.9282,3.08,-6.5017,10.0893,-1.9467
99.324,1.0055,5.9292,3.08,-6.5055,10.0796,-1.9467
99.374,0.995,5.9299,3.08,-6.5113,10.0649,-1.9467
99.425,0.9793,5.9308,3.08,-6.5152,10.0552,-1.9467
99.475,0.9688,5.9315,3.08,-6.5209,10.0405,-1.9467
99.525,0.9583,5.9321,3.08,-6.5248,10.0307,-1.9467
99.575,0.9426,5.9331,3.08,-6.5286,10.021,-1.9467
99.625,0.9321,5.9337,3.08,-6.5325,10.0112,-1.9467
99.676,0.9164,5.9347,3.08,-6.5383,9.9966,-1.9467
99.726,0.9059,5.9353,3.08,-6.5421,9.9868,-1.9467
99.776,0.8954,5.936,3.08,-6.5479,9.9721,-1.9467
99.826,0.8797,5.937,3.08,-6.5518,9.9624,-1.9467
99.877,0.8692,5.9376,3.08,-6.5575,9.9477,-1.9467
99.927,0.8587,5.9383,3.08,-6.5617,9.9373,-1.9467
99.977,0.843,5.9392,3.08,-6.5672,9.9233,-1.9467
100.027,0.8325,5.9399,3.08,-6.5691,9.9184,-1.9467
100.078,0.8168,5.9408,3.08,-6.5749,9.9038,-1.9467
100.128,0.8063,5.9415,3.08,-6.5787,9.894,-1.9467
100.178,0.7959,5.9421,3.08,-6.5845,9.8794,-1.9467
100.228,0.7801,5.9431,3.08,-6.5884,9.8696,-1.9467
100.279,0.7697,5.9437,3.08,-6.5942,9.8549,-1.9467
100.329,0.7539,5.9447,3.08,-6.598,9.8452,-1.9467
100.379,0.7435,5.9454,3.08,-6.6038,9.8305,-1.9467
100.43,0.733,5.946,3.08,-6.6057,9.8256,-1.9467
100.48,0.7173,5.947,3.08,-6.6115,9.811,-1.9467
100.53,0.7068,5.9476,3.08,-6.6173,9.7963,-1.9467
100.58,0.6911,5.9486,3.08,-6.6211,9.7866,-1.9467
100.63,0.6806,5.9492,3.08,-6.6269,9.7719,-1.9467
100.681,0.6701,5.9499,3.08,-6.6308,9.7622,-1.9467
100.731,0.6544,5.9509,3.08,-6.6346,9.7524,-1.9467
100.781,0.6439,5.9515,3.08,-6.6404,9.7377,-1.9467
100.831,0.6282,5.9525,3.08,-6.6443,9.728,-1.9467
100.882,0.6177,5.9531,3.08,-6.6481,9.7182,-1.9467
100.932,0.6072,5.9538,3.08,-6.6539,9.7036,-1.9467
100.982,0.5915,5.9547,3.08,-6.6578,9.6938,-1.9467
101.032,0.581,5.9554,3.08,-6.6635,9.6791,-1.9467
101.082,0.5653,5.9564,3.08,-6.6674,9.6694,-1.9467
101.133,0.5548,5.957,3.08,-6.6732,9.6547,-1.9467
101.183,0.5443,5.9576,3.08,-6.677,9.645,-1.9467
101.233,0.5286,5.9586,3.08,-6.6828,9.6303,-1.9467
101.283,0.5181,5.9593,3.08,-6.6847,9.6254,-1.9467
101.334,0.5024,5.9602,3.08,-6.6905,9.6108,-1.9467
101.384,0.4919,5.9609,3.08,-6.6944,9.601,-1.9467
101.434,0.4815,5.9615,3.08,-6.7002,9.5863,-1.9467
101.484,0.4657,5.9625,3.08,-6.704,9.5766,-1.9467
101.534,0.4553,5.9631,3.08,-6.7098,9.5619,-1.9467
101.585,0.4448,5.9638,3.08,-6.7136,9.5522,-1.9467
101.635,0.4291,5.9648,3.08,-6.7194,9.5375,-1.9467
101.685,0.4186,5.9654,3.08,-6.7214,9.5326,-1.9467
101.735,0.4029,5.9664,3.08,-6.7271,9.518,-1.9467
101.786,0.3924,5.967,3.08,-6.731,9.5082,-1.9467
101.836,0.3819,5.9677,3.08,-6.7368,9.4936,-1.9467
101.886,0.3662,5.9686,3.08,-6.7406,9.4838,-1.9467
101.937,0.3557,5.9693,3.08,-6.7464,9.4691,-1.9467
101.987,0.34,5.9702,3.08,-6.7503,9.4594,-1.9467
102.037,0.3295,5.9709,3.08,-6.756,9.4447,-1.9467
102.088,0.319,5.9715,3.08,-6.7599,9.435,-1.9467
102.138,0.3033,5.9725,3.08,-6.7638,9.4252,-1.9467
102.188,0.2928,5.9732,3.08,-6.7676,9.4154,-1.9467
102.238,0.2771,5.9741,3.08,-6.7734,9.4008,-1.9467
102.289,0.2666,5.9748,3.08,-6.7772,9.391,-1.9467
102.339,0.2561,5.9754,3.08,-6.783,9.3764,-1.9467
102.389,0.2404,5.9764,3.08,-6.7869,9.3666,-1.9467
102.439,0.2299,5.977,3.08,-6.7927,9.3519,-1.9467
102.489,0.2142,5.978,3.08,-6.7965,9.3422,-1.9467
102.54,0.2037,5.9787,3.08,-6.8004,9.3324,-1.9467
102.59,0.1933,5.9793,3.08,-6.8042,9.3226,-1.9467
102.641,0.1775,5.9803,3.08,-6.81,9.308,-1.9467
102.692,0.1671,5.9809,3.08,-6.8158,9.2933,-1.9467
102.742,0.1513,5.9819,3.08,-6.8196,9.2836,-1.9467
102.792,0.1409,5.9825,3.08,-6.8254,9.2689,-1.9467
102.842,0.1304,5.9832,3.08,-6.8293,9.2592,-1.9467
102.892,0.1147,5.9841,3.08,-6.8351,9.2445,-1.9467
102.943,0.1042,5.9848,3.08,-6.837,9.2396,-1.9467
102.993,0.0885,5.9858,3.08,-6.8428,9.225,-1.9467
103.043,0.078,5.9864,3.08,-6.8466,9.2152,-1.9467
103.094,0.0675,5.9871,3.08,-6.8524,9.2006,-1.9467
103.144,0.0518,5.988,3.08,-6.8563,9.1908,-1.9467
103.195,0.0413,5.9887,3.08,-6.862,9.1761,-1.9467
103.246,0.0256,5.9896,3.08,-6.8659,9.1664,-1.9467
103.296,0.0151,5.9903,3.08,-6.8717,9.1517,-1.9467
103.346,0.0046,5.9909,3.08,-6.8755,9.1419,-1.9467
103.396,-0.0111,5.9919,3.08,-6.8794,9.1322,-1.9467
103.446,-0.0216,5.9925,3.08,-6.8832,9.1224,-1.9467
103.497,-0.0373,5.9935,3.08,-6.889,9.1078,-1.9467
103.547,-0.0478,5.9942,3.08,-6.8929,9.098,-1.9467
103.597,-0.0583,5.9948,3.08,-6.8987,9.0833,-1.9467
103.647,-0.074,5.9958,3.08,-6.9025,9.0736,-1.9467
103.698,-0.0845,5.9964,3.08,-6.9083,9.0589,-1.9467
103.748,-0.1002,5.9974,3.08,-6.9121,9.0492,-1.9467
103.798,-0.1107,5.998,3.08,-6.916,9.0394,-1.9467
103.848,-0.1211,5.9987,3.08,-6.9198,9.0296,-1.9467
103.899,-0.1369,5.9997,3.08,-6.9256,9.015,-1.9467
103.949,-0.1473,6.0003,3.08,-6.9295,9.0052,-1.9467
103.999,-0.1631,6.0013,3.08,-6.9353,8.9906,-1.9467
104.049,-0.1735,6.0019,3.08,-6.9391,8.9808,-1.9467
104.1,-0.184,6.0026,3.08,-6.9449,8.9661,-1.9467
104.151,-0.1997,6.0035,3.08,-6.9471,8.9606,-1.9467
104.201,-0.2102,6.0042,3.08,-6.9526,8.9466,-1.9467
104.251,-0.2207,6.0048,3.08,-6.9584,8.932,-1.9467
104.301,-0.2364,6.0058,3.08,-6.9622,8.9222,-1.9467
104.352,-0.2469,6.0064,3.08,-6.968,8.9075,-1.9467
104.402,-0.2626,6.0074,3.08,-6.9719,8.8978,-1.9467
104.452,-0.2731,6.0081,3.08,-6.9757,8.888,-1.9467
104.502,-0.2836,6.0087,3.08,-6.9815,8.8734,-1.9467
104.553,-0.2993,6.0097,3.08,-6.9873,8.8587,-1.9467
104.603,-0.3098,6.0103,3.08,-6.9912,8.8489,-1.9467
104.653,-0.3255,6.0113,3.08,-6.995,8.8392,-1.9467
104.704,-0.336,6.0119,3.08,-6.9989,8.8294,-1.9467
104.754,-0.3465,6.0126,3.08,-7.0027,8.8196,-1.9467
104.804,-0.3622,6.0136,3.08,-7.0085,8.805,-1.9467
104.854,-0.3727,6.0142,3.08,-7.0124,8.7952,-1.9467
104.905,-0.3832,6.0148,3.08,-7.0181,8.7806,-1.9467
104.955,-0.3989,6.0158,3.08,-7.0239,8.7659,-1.9467
105.005,-0.4094,6.0165,3.08,-7.0278,8.7562,-1.9467
105.055,-0.4251,6.0174,3.08,-7.0297,8.7513,-1.9467
105.105,-0.4356,6.0181,3.08,-7.0355,8.7366,-1.9467
105.156,-0.446,6.0187,3.08,-7.0413,8.722,-1.9467
105.206,-0.4618,6.0197,3.08,-7.0451,8.7122,-1.9467
105.256,-0.4722,6.0203,3.08,-7.0509,8.6975,-1.9467
105.306,-0.488,6.0213,3.08,-7.0547,8.6878,-1.9467
105.356,-0.4984,6.022,3.08,-7.0605,8.6731,-1.9467
105.407,-0.5089,6.0226,3.08,-7.0644,8.6634,-1.9467
105.457,-0.5246,6.0236,3.08,-7.0682,8.6536,-1.9467
105.507,-0.5351,6.0242,3.08,-7.0721,8.6438,-1.9467
105.557,-0.5508,6.0252,3.08,-7.0779,8.6292,-1.9467
105.608,-0.5613,6.0258,3.08,-7.0817,8.6194,-1.9467
105.658,-0.5718,6.0265,3.08,-7.0875,8.6048,-1.9467
105.708,-0.5875,6.0274,3.08,-7.0914,8.595,-1.9467
105.758,-0.598,6.0281,3.08,-7.0971,8.5803,-1.9467
105.809,-0.6085,6.0287,3.08,-7.101,8.5706,-1.9467
105.86,-0.6242,6.0297,3.08,-7.1068,8.5559,-1.9467
105.91,-0.6347,6.0304,3.08,-7.1087,8.551,-1.9467
105.96,-0.6504,6.0313,3.08,-7.1145,8.5364,-1.9467
106.011,-0.6609,6.032,3.08,-7.1183,8.5266,-1.9467
106.061,-0.6766,6.0329,3.08,-7.1241,8.512,-1.9467
106.111,-0.6871,6.0336,3.08,-7.128,8.5022,-1.9467
106.162,-0.6976,6.0342,3.08,-7.1338,8.4876,-1.9467
106.212,-0.7133,6.0352,3.08,-7.1376,8.4778,-1.9467
106.263,-0.7238,6.0358,3.08,-7.1434,8.4631,-1.9467
106.313,-0.7342,6.0365,3.08,-7.1453,8.4583,-1.9467
106.363,-0.75,6.0375,3.08,-7.1511,8.4436,-1.9467
106.413,-0.7604,6.0381,3.08,-7.155,8.4338,-1.9467
106.464,-0.7762,6.0391,3.08,-7.1607,8.4192,-1.9467
106.514,-0.7866,6.0397,3.08,-7.1665,8.4045,-1.9467
106.564,-0.7971,6.0404,3.08,-7.1704,8.3948,-1.9467
106.614,-0.8128,6.0413,3.08,-7.1742,8.385,-1.9467
106.664,-0.8233,6.042,3.08,-7.18,8.3704,-1.9467
106.715,-0.839,6.043,3.08,-7.1839,8.3606,-1.9467
106.765,-0.8495,6.0436,3.08,-7.1877,8.3508,-1.9467
106.815,-0.86,6.0443,3.08,-7.1935,8.3362,-1.9467
106.865,-0.8757,6.0452,3.08,-7.1974,8.3264,-1.9467
106.916,-0.8862,6.0459,3.08,-7.2031,8.3118,-1.9467
106.966,-0.9019,6.0468,3.08,-7.207,8.302,-1.9467
107.016,-0.9124,6.0475,3.08,-7.2128,8.2873,-1.9467
107.066,-0.9229,6.0481,3.08,-7.2166,8.2776,-1.9467
107.117,-0.9386,6.0491,3.08,-7.2224,8.2629,-1.9467
107.167,-0.9491,6.0497,3.08,-7.2243,8.258,-1.9467
107.217,-0.9648,6.0507,3.08,-7.2301,8.2434,-1.9467
107.267,-0.9753,6.0514,3.08,-7.234,8.2336,-1.9467
107.318,-0.9858,6.052,3.08,-7.2398,8.219,-1.9467
107.368,-1.0015,6.053,3.08,-7.2436,8.2092,-1.9467
107.418,-1.012,6.0536,3.08,-7.2494,8.1945,-1.9467
107.469,-1.0277,6.0546,3.08,-7.2532,8.1848,-1.9467
107.519,-1.0382,6.0552,3.08,-7.259,8.1701,-1.9467
107.569,-1.0486,6.0559,3.08,-7.261,8.1652,-1.9467
107.619,-1.0644,6.0569,3.08,-7.2667,8.1506,-1.9467
107.669,-1.0748,6.0575,3.08,-7.2706,8.1408,-1.9467
107.72,-1.0853,6.0581,3.08,-7.2764,8.1262,-1.9467
107.77,-1.101,6.0591,3.08,-7.2802,8.1164,-1.9467
107.82,-1.1115,6.0598,3.08,-7.286,8.1018,-1.9467
107.871,-1.1272,6.0607,3.08,-7.2899,8.092,-1.9467
107.921,-1.1377,6.0614,3.08,-7.2956,8.0773,-1.9467
107.971,-1.1482,6.062,3.08,-7.2995,8.0676,-1.9467
108.021,-1.1639,6.063,3.08,-7.3033,8.0578,-1.9467
108.072,-1.1744,6.0636,3.08,-7.3072,8.048,-1.9467
108.122,-1.1849,6.0643,3.08,-7.313,8.0334,-1.9467
108.174,-1.2006,6.0653,3.08,-7.3168,8.0236,-1.9467
108.224,-1.2111,6.0659,3.08,-7.3226,8.009,-1.9467
108.275,-1.2268,6.0669,3.08,-7.3265,7.9992,-1.9467
108.325,-1.2373,6.0675,3.08,-7.3323,7.9846,-1.9467
108.375,-1.253,6.0685,3.08,-7.3361,7.9748,-1.9467
108.425,-1.2635,6.0691,3.08,-7.34,7.965,-1.9467
108.477,-1.274,6.0698,3.08,-7.3438,7.9553,-1.9467
108.527,-1.2897,6.0708,3.08,-7.3496,7.9406,-1.9467
108.577,-1.3002,6.0714,3.08,-7.3535,7.9308,-1.9467
108.627,-1.3159,6.0724,3.08,-7.3592,7.9162,-1.9467
108.677,-1.3264,6.073,3.08,-7.365,7.9015,-1.9467
108.728,-1.3368,6.0737,3.08,-7.3689,7.8918,-1.9467
108.778,-1.3526,6.0746,3.08,-7.3727,7.882,-1.9467
108.828,-1.363,6.0753,3.08,-7.3766,7.8722,-1.9467
108.879,-1.3735,6.0759,3.08,-7.3824,7.8576,-1.9467
108.929,-1.3892,6.0769,3.08,-7.3862,7.8478,-1.9467
108.979,-1.3997,6.0775,3.08,-7.392,7.8332,-1.9467
109.029,-1.4154,6.0785,3.08,-7.3959,7.8234,-1.9467
109.08,-1.4259,6.0792,3.08,-7.4016,7.8088,-1.9467
109.13,-1.4364,6.0798,3.08,-7.4055,7.799,-1.9467
109.18,-1.4521,6.0808,3.08,-7.4113,7.7843,-1.9467
109.231,-1.4626,6.0814,3.08,-7.4151,7.7746,-1.9467
109.281,-1.4783,6.0824,3.08,-7.419,7.7648,-1.9467
109.331,-1.4888,6.083,3.08,-7.4228,7.755,-1.9467
109.381,-1.4993,6.0837,3.08,-7.4286,7.7404,-1.9467
109.432,-1.515,6.0846,3.08,-7.4325,7.7306,-1.9467
109.482,-1.5255,6.0853,3.08,-7.4382,7.716,-1.9467
109.532,-1.5412,6.0863,3.08,-7.4421,7.7062,-1.9467
109.582,-1.5517,6.0869,3.08,-7.4479,7.6915,-1.9467
109.632,-1.5622,6.0876,3.08,-7.4517,7.6818,-1.9467
109.683,-1.5779,6.0885,3.08,-7.4556,7.672,-1.9467
109.733,-1.5884,6.0892,3.08,-7.4594,7.6622,-1.9467
109.783,-1.6041,6.0901,3.08,-7.4652,7.6476,-1.9467
109.834,-1.6146,6.0908,3.08,-7.4691,7.6378,-1.9467
109.884,-1.625,6.0914,3.08,-7.4749,7.6232,-1.9467
109.934,-1.6408,6.0924,3.08,-7.4787,7.6134,-1.9467
109.984,-1.6512,6.093,3.08,-7.4845,7.5988,-1.9467
110.035,-1.667,6.094,3.08,-7.4884,7.589,-1.9467
110.085,-1.6774,6.0947,3.08,-7.4922,7.5792,-1.9467
110.135,-1.6879,6.0953,3.08,-7.4961,7.5695,-1.9467
110.185,-1.7036,6.0963,3.08,-7.5018,7.5548,-1.9467
110.236,-1.7141,6.0969,3.08,-7.5057,7.545,-1.9467
110.286,-1.7298,6.0979,3.08,-7.5115,7.5304,-1.9467
110.336,-1.7403,6.0985,3.08,-7.5153,7.5206,-1.9467
110.387,-1.7508,6.0992,3.08,-7.5211,7.506,-1.9467
110.437,-1.7665,6.1002,3.08,-7.525,7.4962,-1.9467
110.487,-1.777,6.1008,3.08,-7.5308,7.4816,-1.9467
110.537,-1.7875,6.1015,3.08,-7.5346,7.4718,-1.9467
110.588,-1.8032,6.1024,3.08,-7.5385,7.462,-1.9467
110.638,-1.8137,6.1031,3.08,-7.5423,7.4523,-1.9467
110.688,-1.8294,6.104,3.08,-7.5481,7.4376,-1.9467
110.738,-1.8399,6.1047,3.08,-7.5539,7.423,-1.9467
110.789,-1.8504,6.1053,3.08,-7.5583,7.4118,-1.9467
110.839,-1.8661,6.1063,3.08,-7.5635,7.3985,-1.9467
110.889,-1.8766,6.1069,3.08,-7.5674,7.3888,-1.9467
110.939,-1.8923,6.1079,3.08,-7.5712,7.379,-1.9467
110.99,-1.9028,6.1086,3.08,-7.5751,7.3692,-1.9467
111.04,-1.9132,6.1092,3.08,-7.5809,7.3546,-1.9467
111.09,-1.929,6.1102,3.08,-7.5847,7.3448,-1.9467
111.14,-1.9394,6.1108,3.08,-7.5905,7.3302,-1.9467
111.191,-1.9552,6.1118,3.08,-7.5943,7.3204,-1.9467
111.241,-1.9656,6.1124,3.08,-7.6001,7.3057,-1.9467
111.291,-1.9761,6.1131,3.08,-7.604,7.296,-1.9467
111.341,-1.9918,6.1141,3.08,-7.6078,7.2862,-1.9467
111.392,-2.0023,6.1147,3.08,-7.6117,7.2764,-1.9467
111.442,-2.018,6.1157,3.08,-7.6175,7.2618,-1.9467
111.492,-2.0285,6.1163,3.08,-7.6213,7.252,-1.9467
111.542,-2.039,6.117,3.08,-7.6271,7.2374,-1.9467
111.592,-2.0547,6.1179,3.08,-7.631,7.2276,-1.9467
111.643,-2.0652,6.1186,3.08,-7.6348,7.2178,-1.9467
111.693,-2.0809,6.1195,3.08,-7.6406,7.2032,-1.9467
111.743,-2.0914,6.1202,3.08,-7.6464,7.1885,-1.9467
111.794,-2.1019,6.1208,3.08,-7.6483,7.1837,-1.9467
111.844,-2.1176,6.1218,3.08,-7.6541,7.169,-1.9467
111.894,-2.1281,6.1225,3.08,-7.6579,7.1592,-1.9467
111.944,-2.1386,6.1231,3.08,-7.6637,7.1446,-1.9467
111.995,-2.1543,6.1241,3.08,-7.6676,7.1348,-1.9467
112.045,-2.1648,6.1247,3.08,-7.6734,7.1202,-1.9467
112.095,-2.1805,6.1257,3.08,-7.6772,7.1104,-1.9467
112.145,-2.191,6.1263,3.08,-7.683,7.0958,-1.9467
112.196,-2.2014,6.127,3.08,-7.6849,7.0909,-1.9467
112.246,-2.2172,6.1279,3.08,-7.6907,7.0762,-1.9467
112.296,-2.2276,6.1286,3.08,-7.6946,7.0665,-1.9467
112.346,-2.2434,6.1296,3.08,-7.7003,7.0518,-1.9467
112.397,-2.2538,6.1302,3.08,-7.7042,7.042,-1.9467
112.447,-2.2643,6.1309,3.08,-7.71,7.0274,-1.9467
112.497,-2.28,6.1318,3.08,-7.7138,7.0176,-1.9467
112.547,-2.2905,6.1325,3.08,-7.7196,7.003,-1.9467
112.598,-2.3062,6.1334,3.08,-7.7235,6.9932,-1.9467
112.648,-2.3167,6.1341,3.08,-7.7273,6.9834,-1.9467
112.698,-2.3272,6.1347,3.08,-7.7331,6.9688,-1.9467
112.748,-2.3429,6.1357,3.08,-7.737,6.959,-1.9467
112.799,-2.3534,6.1364,3.08,-7.7408,6.9493,-1.9467
112.849,-2.3691,6.1373,3.08,-7.7466,6.9346,-1.9467
112.899,-2.3796,6.138,3.08,-7.7504,6.9248,-1.9467
112.95,-2.3901,6.1386,3.08,-7.7562,6.9102,-1.9467
113.0,-2.4058,6.1396,3.08,-7.7604,6.8997,-1.9467
113.05,-2.4163,6.1402,3.08,-7.7639,6.8907,-1.9467
113.1,-2.432,6.1412,3.08,-7.7697,6.876,-1.9467
113.151,-2.4425,6.1418,3.08,-7.7736,6.8662,-1.9467
113.201,-2.453,6.1425,3.08,-7.7794,6.8516,-1.9467
113.251,-2.4687,6.1435,3.08,-7.7832,6.8418,-1.9467
113.302,-2.4792,6.1441,3.08,-7.789,6.8272,-1.9467
113.352,-2.4949,6.1451,3.08,-7.7928,6.8174,-1.9467
113.402,-2.5054,6.1457,3.08,-7.7967,6.8076,-1.9467
113.453,-2.5158,6.1464,3.08,-7.8005,6.7979,-1.9467
113.503,-2.5316,6.1473,3.08,-7.8063,6.7832,-1.9467
113.553,-2.542,6.148,3.08,-7.8102,6.7734,-1.9467
113.603,-2.5525,6.1486,3.08,-7.816,6.7588,-1.9467
113.653,-2.5682,6.1496,3.08,-7.8198,6.749,-1.9467
113.704,-2.5787,6.1502,3.08,-7.8256,6.7344,-1.9467
113.754,-2.5944,6.1512,3.08,-7.8295,6.7246,-1.9467
113.804,-2.6049,6.1519,3.08,-7.8352,6.71,-1.9467
113.854,-2.6154,6.1525,3.08,-7.8391,6.7002,-1.9467
113.905,-2.6311,6.1535,3.08,-7.8429,6.6904,-1.9467
113.955,-2.6416,6.1541,3.08,-7.8468,6.6807,-1.9467
114.005,-2.6573,6.1551,3.08,-7.8526,6.666,-1.9467
114.055,-2.6678,6.1557,3.08,-7.8564,6.6562,-1.9467
114.106,-2.6783,6.1564,3.08,-7.8622,6.6416,-1.9467
114.156,-2.694,6.1574,3.08,-7.8661,6.6318,-1.9467
114.206,-2.7045,6.158,3.08,-7.8721,6.6165,-1.9467
114.256,-2.7202,6.159,3.08,-7.8776,6.6025,-1.9467
114.306,-2.7307,6.1596,3.08,-7.8796,6.5976,-1.9467
114.357,-2.7412,6.1603,3.08,-7.8834,6.5879,-1.9467
114.407,-2.7569,6.1612,3.08,-7.8892,6.5732,-1.9467
114.457,-2.7674,6.1619,3.08,-7.895,6.5586,-1.9467
114.508,-2.7831,6.1629,3.08,-7.8988,6.5488,-1.9467
114.558,-2.7936,6.1635,3.08,-7.9027,6.539,-1.9467
114.608,-2.8041,6.1641,3.08,-7.9085,6.5244,-1.9467
114.658,-2.8198,6.1651,3.08,-7.9123,6.5146,-1.9467
114.708,-2.8303,6.1658,3.08,-7.9162,6.5049,-1.9467
114.759,-2.846,6.1667,3.08,-7.922,6.4902,-1.9467
114.809,-2.8565,6.1674,3.08,-7.9258,6.4804,-1.9467
114.859,-2.8669,6.168,3.08,-7.9316,6.4658,-1.9467
114.909,-2.8827,6.169,3.08,-7.9354,6.456,-1.9467
114.96,-2.8931,6.1696,3.08,-7.9412,6.4414,-1.9467
115.01,-2.9036,6.1703,3.08,-7.9451,6.4316,-1.9467
115.06,-2.9193,6.1713,3.08,-7.9509,6.417,-1.9467
115.11,-2.9298,6.1719,3.08,-7.9547,6.4072,-1.9467
115.161,-2.9455,6.1729,3.08,-7.9586,6.3974,-1.9467
115.211,-2.956,6.1735,3.08,-7.9624,6.3877,-1.9467
115.261,-2.9665,6.1742,3.08,-7.9682,6.373,-1.9467
115.311,-2.9822,6.1751,3.08,-7.9721,6.3632,-1.9467
115.362,-2.9927,6.1758,3.08,-7.9778,6.3486,-1.9467
115.412,-3.0084,6.1767,3.08,-7.9817,6.3388,-1.9467
115.463,-3.0189,6.1774,3.08,-7.9875,6.3242,-1.9467
115.513,-3.0294,6.178,3.08,-7.9913,6.3144,-1.9467
115.563,-3.0451,6.179,3.08,-7.9952,6.3046,-1.9467
115.614,-3.0556,6.1797,3.08,-7.999,6.2949,-1.9467
115.664,-3.0661,6.1803,3.08,-8.0048,6.2802,-1.9467
115.715,-3.0818,6.1813,3.08,-8.0087,6.2704,-1.9467
115.765,-3.0923,6.1819,3.08,-8.0145,6.2558,-1.9467
115.815,-3.108,6.1829,3.08,-8.0183,6.246,-1.9467
115.866,-3.1185,6.1835,3.08,-8.0241,6.2314,-1.9467
115.916,-3.1289,6.1842,3.08,-8.028,6.2216,-1.9467
115.966,-3.1447,6.1851,3.08,-8.0318,6.2118,-1.9467
116.016,-3.1551,6.1858,3.08,-8.0357,6.2021,-1.9467
116.067,-3.1709,6.1868,3.08,-8.0414,6.1874,-1.9467
116.117,-3.1813,6.1874,3.08,-8.0453,6.1777,-1.9467
116.167,-3.1918,6.1881,3.08,-8.0511,6.163,-1.9467
116.217,-3.2075,6.189,3.08,-8.0549,6.1532,-1.9467
116.268,-3.218,6.1897,3.08,-8.0607,6.1386,-1.9467
116.318,-3.2337,6.1906,3.08,-8.0646,6.1288,-1.9467
116.368,-3.2442,6.1913,3.08,-8.0703,6.1142,-1.9467
116.418,-3.2547,6.1919,3.08,-8.0723,6.1093,-1.9467
116.469,-3.2704,6.1929,3.08,-8.0781,6.0946,-1.9467
116.519,-3.2809,6.1936,3.08,-8.0819,6.0849,-1.9467
116.569,-3.2966,6.1945,3.08,-8.0877,6.0702,-1.9467
116.619,-3.3071,6.1952,3.08,-8.0915,6.0605,-1.9467
116.67,-3.3176,6.1958,3.08,-8.0973,6.0458,-1.9467
116.721,-3.3333,6.1968,3.08,-8.1012,6.036,-1.9467
116.771,-3.3438,6.1974,3.08,-8.107,6.0214,-1.9467
116.821,-3.3595,6.1984,3.08,-8.1108,6.0116,-1.9467
116.872,-3.37,6.199,3.08,-8.1147,6.0019,-1.9467
116.922,-3.3805,6.1997,3.08,-8.1185,5.9921,-1.9467
116.972,-3.3962,6.2007,3.08,-8.1243,5.9774,-1.9467
117.023,-3.4067,6.2013,3.08,-8.1301,5.9628,-1.9467
117.073,-3.4224,6.2023,3.08,-8.1339,5.953,-1.9467
117.123,-3.4329,6.2029,3.08,-8.1397,5.9384,-1.9467
117.173,-3.4433,6.2036,3.08,-8.1436,5.9286,-1.9467
117.224,-3.4591,6.2045,3.08,-8.1474,5.9188,-1.9467
117.274,-3.4695,6.2052,3.08,-8.1513,5.9091,-1.9467
117.324,-3.4853,6.2062,3.08,-8.1571,5.8944,-1.9467
117.374,-3.4957,6.2068,3.08,-8.1609,5.8846,-1.9467
117.425,-3.5062,6.2074,3.08,-8.1667,5.87,-1.9467
117.475,-3.5219,6.2084,3.08,-8.1706,5.8602,-1.9467
117.525,-3.5324,6.2091,3.08,-8.1763,5.8456,-1.9467
117.575,-3.5429,6.2097,3.08,-8.1802,5.8358,-1.9467
117.626,-3.5586,6.2107,3.08,-8.186,5.8212,-1.9467
117.677,-3.5691,6.2113,3.08,-8.1879,5.8163,-1.9467
117.727,-3.5848,6.2123,3.08,-8.1937,5.8016,-1.9467
117.777,-3.5953,6.2129,3.08,-8.1975,5.7919,-1.9467
117.828,-3.611,6.2139,3.08,-8.2033,5.7772,-1.9467
117.878,-3.6215,6.2146,3.08,-8.2072,5.7674,-1.9467
117.928,-3.632,6.2152,3.08,-8.213,5.7528,-1.9467
117.978,-3.6477,6.2162,3.08,-8.2168,5.743,-1.9467
118.029,-3.6582,6.2168,3.08,-8.2226,5.7284,-1.9467
118.079,-3.6687,6.2175,3.08,-8.2245,5.7235,-1.9467
118.129,-3.6844,6.2184,3.08,-8.2303,5.7088,-1.9467
118.179,-3.6949,6.2191,3.08,-8.2342,5.6991,-1.9467
118.229,-3.7106,6.22,3.08,-8.2399,5.6844,-1.9467
118.28,-3.7211,6.2207,3.08,-8.2438,5.6747,-1.9467
118.33,-3.7315,6.2213,3.08,-8.2496,5.66,-1.9467
118.38,-3.7473,6.2223,3.08,-8.2534,5.6502,-1.9467
118.43,-3.7577,6.223,3.08,-8.2592,5.6356,-1.9467
118.481,-3.7735,6.2239,3.08,-8.2631,5.6258,-1.9467
118.531,-3.7839,6.2246,3.08,-8.2669,5.6161,-1.9467
118.581,-3.7944,6.2252,3.08,-8.2708,5.6063,-1.9467
118.631,-3.8101,6.2262,3.08,-8.2766,5.5916,-1.9467
118.682,-3.8206,6.2268,3.08,-8.2823,5.577,-1.9467
118.732,-3.8363,6.2278,3.08,-8.2862,5.5672,-1.9467
118.783,-3.8468,6.2285,3.08,-8.292,5.5526,-1.9467
118.833,-3.8573,6.2291,3.08,-8.2958,5.5428,-1.9467
118.883,-3.873,6.2301,3.08,-8.3016,5.5282,-1.9467
118.934,-3.8835,6.2307,3.08,-8.3035,5.5233,-1.9467
118.984,-3.894,6.2314,3.08,-8.3074,5.5135,-1.9467
119.034,-3.9097,6.2323,3.08,-8.3132,5.4989,-1.9467
119.085,-3.9202,6.233,3.08,-8.3189,5.4842,-1.9467
119.135,-3.9359,6.2339,3.08,-8.3228,5.4744,-1.9467
119.185,-3.9464,6.2346,3.08,-8.3286,5.4598,-1.9467
119.235,-3.9569,6.2352,3.08,-8.3324,5.45,-1.9467
119.286,-3.9726,6.2362,3.08,-8.3363,5.4402,-1.9467
119.336,-3.9831,6.2369,3.08,-8.3401,5.4305,-1.9467
119.386,-3.9988,6.2378,3.08,-8.3459,5.4158,-1.9467
119.436,-4.0093,6.2385,3.08,-8.3498,5.4061,-1.9467
119.487,-4.0197,6.2391,3.08,-8.3556,5.3914,-1.9467
119.537,-4.0355,6.2401,3.08,-8.3594,5.3816,-1.9467
119.588,-4.0459,6.2407,3.08,-8.3652,5.367,-1.9467
119.638,-4.0617,6.2417,3.08,-8.3691,5.3572,-1.9467
119.688,-4.0721,6.2423,3.08,-8.3751,5.3419,-1.9467
119.738,-4.0826,6.243,3.08,-8.3787,5.3328,-1.9467
119.789,-4.0983,6.244,3.08,-8.3825,5.323,-1.9467
119.839,-4.1088,6.2446,3.08,-8.3864,5.3133,-1.9467
119.889,-4.1193,6.2453,3.08,-8.3922,5.2986,-1.9467
119.939,-4.135,6.2462,3.08,-8.396,5.2889,-1.9467
119.99,-4.1455,6.2469,3.08,-8.3999,5.2791,-1.9467
120.04,-4.156,6.2475,3.08,-8.4057,5.2644,-1.9467
120.09,-4.1717,6.2485,3.08,-8.4115,5.2498,-1.9467
120.14,-4.1822,6.2491,3.08,-8.4153,5.24,-1.9467
120.191,-4.1927,6.2498,3.08,-8.4172,5.2351,-1.9467
120.241,-4.2084,6.2507,3.08,-8.423,5.2205,-1.9467
120.291,-4.2189,6.2514,3.08,-8.4269,5.2107,-1.9467
120.341,-4.2346,6.2524,3.08,-8.4326,5.1961,-1.9467
120.392,-4.2451,6.253,3.08,-8.4384,5.1814,-1.9467
120.442,-4.2555,6.2537,3.08,-8.4423,5.1717,-1.9467
120.492,-4.2713,6.2546,3.08,-8.4461,5.1619,-1.9467
120.542,-4.2817,6.2553,3.08,-8.4519,5.1472,-1.9467
120.592,-4.2975,6.2562,3.08,-8.4558,5.1375,-1.9467
120.643,-4.3079,6.2569,3.08,-8.4596,5.1277,-1.9467
120.693,-4.3184,6.2575,3.08,-8.4654,5.1131,-1.9467
120.743,-4.3341,6.2585,3.08,-8.4693,5.1033,-1.9467
120.794,-4.3446,6.2592,3.08,-8.475,5.0886,-1.9467
120.844,-4.3551,6.2598,3.08,-8.4789,5.0789,-1.9467
120.894,-4.3708,6.2608,3.08,-8.4828,5.0691,-1.9467
120.944,-4.3813,6.2614,3.08,-8.4888,5.0538,-1.9467
120.995,-4.3918,6.2621,3.08,-8.4924,5.0447,-1.9467
121.045,-4.4075,6.263,3.08,-8.4962,5.0349,-1.9467
121.095,-4.418,6.2637,3.08,-8.5001,5.0252,-1.9467
121.145,-4.4337,6.2646,3.08,-8.5059,5.0105,-1.9467
121.196,-4.4442,6.2653,3.08,-8.5097,5.0007,-1.9467
121.246,-4.4547,6.2659,3.08,-8.5155,4.9861,-1.9467
121.297,-4.4704,6.2669,3.08,-8.5194,4.9763,-1.9467
121.347,-4.4809,6.2676,3.08,-8.5252,4.9617,-1.9467
121.397,-4.4966,6.2685,3.08,-8.529,4.9519,-1.9467
121.447,-4.5071,6.2692,3.08,-8.5329,4.9421,-1.9467
121.498,-4.5175,6.2698,3.08,-8.5367,4.9324,-1.9467
121.548,-4.528,6.2705,3.08,-8.5406,4.9226,-1.9467
121.598,-4.5437,6.2714,3.08,-8.5463,4.9079,-1.9467
121.648,-4.5542,6.2721,3.08,-8.5521,4.8933,-1.9467
121.699,-4.5699,6.273,3.08,-8.556,4.8835,-1.9467
121.749,-4.5804,6.2737,3.08,-8.5618,4.8689,-1.9467
121.799,-4.5909,6.2743,3.08,-8.5656,4.8591,-1.9467
121.849,-4.6066,6.2753,3.08,-8.5714,4.8445,-1.9467
121.9,-4.6171,6.276,3.08,-8.5733,4.8396,-1.9467
121.95,-4.6328,6.2769,3.08,-8.5791,4.8249,-1.9467
122.0,-4.6433,6.2776,3.08,-8.583,4.8152,-1.9467
122.05,-4.6538,6.2782,3.08,-8.5887,4.8005,-1.9467
122.101,-4.6695,6.2792,3.08,-8.5926,4.7907,-1.9467
122.151,-4.68,6.2798,3.08,-8.5984,4.7761,-1.9467
122.201,-4.6957,6.2808,3.08,-8.6022,4.7663,-1.9467
122.251,-4.7062,6.2814,3.08,-8.608,4.7517,-1.9467
122.302,-4.7167,6.2821,3.08,-8.6099,4.7468,-1.9467
122.352,-4.7324,6.2831,3.08,-8.6157,4.7321,-1.9467
122.402,-4.7429,6.2837,3.08,-8.6196,4.7224,-1.9467
122.453,-4.7586,6.2847,3.08,-8.6254,4.7077,-1.9467
122.503,-4.7691,6.2853,3.08,-8.6292,4.698,-1.9467
122.553,-4.7795,6.286,3.08,-8.635,4.6833,-1.9467
122.605,-4.7953,6.2869,3.08,-8.6389,4.6735,-1.9467
122.655,-4.8057,6.2876,3.08,-8.6446,4.6589,-1.9467
122.705,-4.8162,6.2882,3.08,-8.6468,4.6533,-1.9467
122.756,-4.8319,6.2892,3.08,-8.6523,4.6394,-1.9467
122.806,-4.8424,6.2899,3.08,-8.6562,4.6296,-1.9467
122.856,-4.8529,6.2905,3.08,-8.662,4.6149,-1.9467
122.906,-4.8686,6.2915,3.08,-8.6658,4.6052,-1.9467
122.957,-4.8791,6.2921,3.08,-8.6716,4.5905,-1.9467
123.008,-4.8948,6.2931,3.08,-8.6755,4.5808,-1.9467
123.058,-4.9053,6.2937,3.08,-8.6812,4.5661,-1.9467
123.108,-4.9158,6.2944,3.08,-8.6851,4.5563,-1.9467
123.158,-4.9315,6.2953,3.08,-8.689,4.5466,-1.9467
123.209,-4.942,6.296,3.08,-8.6928,4.5368,-1.9467
123.259,-4.9577,6.297,3.08,-8.6986,4.5222,-1.9467
123.309,-4.9682,6.2976,3.08,-8.7024,4.5124,-1.9467
123.359,-4.9787,6.2983,3.08,-8.7082,4.4977,-1.9467
123.41,-4.9944,6.2992,3.08,-8.7121,4.488,-1.9467
123.46,-5.0049,6.2999,3.08,-8.7179,4.4733,-1.9467
123.51,-5.0206,6.3008,3.08,-8.7217,4.4635,-1.9467
123.56,-5.0311,6.3015,3.08,-8.7256,4.4538,-1.9467
123.61,-5.0415,6.3021,3.08,-8.7294,4.444,-1.9467
123.661,-5.0573,6.3031,3.08,-8.7352,4.4294,-1.9467
123.711,-5.0677,6.3037,3.08,-8.7391,4.4196,-1.9467
123.761,-5.0782,6.3044,3.08,-8.7448,4.4049,-1.9467
123.812,-5.0939,6.3054,3.08,-8.7487,4.3952,-1.9467
123.862,-5.1044,6.306,3.08,-8.7545,4.3805,-1.9467
123.912,-5.1201,6.307,3.08,-8.7583,4.3708,-1.9467
123.962,-5.1306,6.3076,3.08,-8.7641,4.3561,-1.9467
124.013,-5.1411,6.3083,3.08,-8.766,4.3512,-1.9467
124.063,-5.1568,6.3092,3.08,-8.7718,4.3366,-1.9467
124.113,-5.1673,6.3099,3.08,-8.7757,4.3268,-1.9467
124.163,-5.183,6.3109,3.08,-8.7815,4.3122,-1.9467
124.214,-5.1935,6.3115,3.08,-8.7872,4.2975,-1.9467
124.264,-5.204,6.3121,3.08,-8.7911,4.2877,-1.9467
124.314,-5.2197,6.3131,3.08,-8.7969,4.2731,-1.9467
124.364,-5.2302,6.3138,3.08,-8.801,4.2626,-1.9467
124.415,-5.2407,6.3144,3.08,-8.8027,4.2584,-1.9467
124.465,-5.2564,6.3154,3.08,-8.8084,4.2438,-1.9467
124.515,-5.2669,6.316,3.08,-8.8142,4.2291,-1.9467
124.566,-5.2826,6.317,3.08,-8.8181,4.2194,-1.9467
124.616,-5.2931,6.3176,3.08,-8.8239,4.2047,-1.9467
124.666,-5.3088,6.3186,3.08,-8.8277,4.195,-1.9467
124.716,-5.3193,6.3193,3.08,-8.8335,4.1803,-1.9467
124.767,-5.3298,6.3199,3.08,-8.8357,4.1747,-1.9467
124.817,-5.3455,6.3209,3.08,-8.8412,4.1608,-1.9467
124.867,-5.356,6.3215,3.08,-8.8451,4.151,-1.9467
124.917,-5.3717,6.3225,3.08,-8.8508,4.1364,-1.9467
124.968,-5.3822,6.3231,3.08,-8.8547,4.1266,-1.9467
125.018,-5.3926,6.3238,3.08,-8.8605,4.1119,-1.9467
125.069,-5.4084,6.3248,3.08,-8.8643,4.1022,-1.9467
125.119,-5.4188,6.3254,3.08,-8.8701,4.0875,-1.9467
125.169,-5.4293,6.326,3.08,-8.874,4.0778,-1.9467
125.219,-5.445,6.327,3.08,-8.8797,4.0631,-1.9467
125.27,-5.4555,6.3277,3.08,-8.8817,4.0582,-1.9467
125.32,-5.4712,6.3286,3.08,-8.8855,4.0484,-1.9467
125.37,-5.4817,6.3293,3.08,-8.8913,4.0338,-1.9467
125.421,-5.4922,6.3299,3.08,-8.8971,4.0191,-1.9467
125.471,-5.5079,6.3309,3.08,-8.9009,4.0094,-1.9467
125.522,-5.5184,6.3315,3.08,-8.9067,3.9947,-1.9467
125.572,-5.5341,6.3325,3.08,-8.9106,3.985,-1.9467
125.622,-5.5446,6.3332,3.08,-8.9164,3.9703,-1.9467
125.672,-5.5551,6.3338,3.08,-8.9183,3.9654,-1.9467
125.723,-5.5708,6.3348,3.08,-8.9241,3.9508,-1.9467
125.773,-5.5813,6.3354,3.08,-8.9279,3.941,-1.9467
125.823,-5.597,6.3364,3.08,-8.9337,3.9264,-1.9467
125.873,-5.6075,6.337,3.08,-8.9376,3.9166,-1.9467
125.923,-5.618,6.3377,3.08,-8.9433,3.9019,-1.9467
125.974,-5.6337,6.3386,3.08,-8.9472,3.8922,-1.9467
126.024,-5.6442,6.3393,3.08,-8.953,3.8775,-1.9467
126.074,-5.6546,6.3399,3.08,-8.9568,3.8678,-1.9467
126.124,-5.6704,6.3409,3.08,-8.9607,3.858,-1.9467
126.175,-5.6808,6.3416,3.08,-8.9645,3.8482,-1.9467
126.225,-5.6966,6.3425,3.08,-8.9703,3.8336,-1.9467
126.275,-5.707,6.3432,3.08,-8.9742,3.8238,-1.9467
126.326,-5.7175,6.3438,3.08,-8.98,3.8092,-1.9467
126.376,-5.7332,6.3448,3.08,-8.9838,3.7994,-1.9467
126.426,-5.7437,6.3454,3.08,-8.9896,3.7847,-1.9467
126.476,-5.7594,6.3464,3.08,-8.9954,3.7701,-1.9467
126.527,-5.7699,6.3471,3.08,-8.9973,3.7652,-1.9467
126.577,-5.7804,6.3477,3.08,-9.0012,3.7554,-1.9467
126.627,-5.7961,6.3487,3.08,-9.0069,3.7408,-1.9467
126.677,-5.8066,6.3493,3.08,-9.0108,3.731,-1.9467
126.728,-5.8223,6.3503,3.08,-9.0166,3.7164,-1.9467
126.778,-5.8328,6.3509,3.08,-9.0224,3.7017,-1.9467
126.828,-5.8433,6.3516,3.08,-9.0262,3.692,-1.9467
126.878,-5.859,6.3525,3.08,-9.032,3.6773,-1.9467
126.929,-5.8695,6.3532,3.08,-9.0339,3.6724,-1.9467
126.979,-5.8852,6.3542,3.08,-9.0397,3.6578,-1.9467
127.029,-5.8957,6.3548,3.08,-9.0436,3.648,-1.9467
127.079,-5.9062,6.3555,3.08,-9.0493,3.6334,-1.9467
127.13,-5.9219,6.3564,3.08,-9.0532,3.6236,-1.9467
127.18,-5.9324,6.3571,3.08,-9.059,3.6089,-1.9467
127.23,-5.9428,6.3577,3.08,-9.0628,3.5992,-1.9467
127.28,-5.9586,6.3587,3.08,-9.0686,3.5845,-1.9467
127.331,-5.969,6.3593,3.08,-9.0725,3.5747,-1.9467
127.381,-5.9795,6.36,3.08,-9.0744,3.5699,-1.9467
127.431,-5.9952,6.3609,3.08,-9.0802,3.5552,-1.9467
127.481,-6.0057,6.3616,3.08,-9.084,3.5454,-1.9467
127.532,-6.0214,6.3626,3.08,-9.0898,3.5308,-1.9467
127.582,-6.0319,6.3632,3.08,-9.0956,3.5161,-1.9467
127.632,-6.0424,6.3639,3.08,-9.0994,3.5064,-1.9467
127.683,-6.0581,6.3648,3.08,-9.1052,3.4917,-1.9467
127.733,-6.0686,6.3655,3.08,-9.1091,3.482,-1.9467
127.783,-6.0843,6.3664,3.08,-9.1129,3.4722,-1.9467
127.833,-6.0948,6.3671,3.08,-9.1168,3.4624,-1.9467
127.886,-6.1053,6.3677,3.08,-9.1206,3.4527,-1.9467
127.936,-6.1158,6.3684,3.08,-9.1264,3.438,-1.9467
127.986,-6.1315,6.3693,3.08,-9.1303,3.4282,-1.9467
128.036,-6.142,6.37,3.08,-9.1361,3.4136,-1.9467
128.087,-6.1577,6.371,3.08,-9.1399,3.4038,-1.9467
128.137,-6.1682,6.3716,3.08,-9.1457,3.3892,-1.9467
128.187,-6.1786,6.3723,3.08,-9.1495,3.3794,-1.9467
128.237,-6.1944,6.3732,3.08,-9.1534,3.3696,-1.9467
128.288,-6.2048,6.3739,3.08,-9.1573,3.3599,-1.9467
128.338,-6.2206,6.3748,3.08,-9.163,3.3452,-1.9467
128.388,-6.231,6.3755,3.08,-9.1669,3.3355,-1.9467
128.439,-6.2415,6.3761,3.08,-9.1727,3.3208,-1.9467
128.489,-6.2572,6.3771,3.08,-9.1765,3.311,-1.9467
128.539,-6.2677,6.3778,3.08,-9.1823,3.2964,-1.9467
128.589,-6.2782,6.3784,3.08,-9.1862,3.2866,-1.9467
128.639,-6.2939,6.3794,3.08,-9.19,3.2769,-1.9467
128.69,-6.3044,6.38,3.08,-9.1939,3.2671,-1.9467
128.74,-6.3201,6.381,3.08,-9.1996,3.2524,-1.9467
128.79,-6.3306,6.3816,3.08,-9.2035,3.2427,-1.9467
128.84,-6.3411,6.3823,3.08,-9.2093,3.228,-1.9467
128.891,-6.3568,6.3832,3.08,-9.2131,3.2183,-1.9467
128.941,-6.3673,6.3839,3.08,-9.2189,3.2036,-1.9467
128.991,-6.3778,6.3845,3.08,-9.2228,3.1938,-1.9467
129.042,-6.3935,6.3855,3.08,-9.2266,3.1841,-1.9467
129.092,-6.404,6.3862,3.08,-9.2305,3.1743,-1.9467
129.142,-6.4197,6.3871,3.08,-9.2363,3.1597,-1.9467
129.193,-6.4302,6.3878,3.08,-9.2401,3.1499,-1.9467
129.243,-6.4459,6.3887,3.08,-9.2459,3.1352,-1.9467
129.293,-6.4564,6.3894,3.08,-9.2498,3.1255,-1.9467
129.344,-6.4668,6.39,3.08,-9.2555,3.1108,-1.9467
129.394,-6.4826,6.391,3.08,-9.2594,3.101,-1.9467
129.445,-6.493,6.3916,3.08,-9.2652,3.0864,-1.9467
129.495,-6.5088,6.3926,3.08,-9.269,3.0766,-1.9467
129.545,-6.5192,6.3933,3.08,-9.2729,3.0669,-1.9467
129.595,-6.5297,6.3939,3.08,-9.2787,3.0522,-1.9467
129.646,-6.5454,6.3949,3.08,-9.2825,3.0424,-1.9467
129.696,-6.5559,6.3955,3.08,-9.2864,3.0327,-1.9467
129.746,-6.5664,6.3962,3.08,-9.2922,3.018,-1.9467
129.796,-6.5821,6.3971,3.08,-9.2979,3.0034,-1.9467
129.847,-6.5926,6.3978,3.08,-9.3018,2.9936,-1.9467
129.897,-6.6083,6.3988,3.08,-9.3056,2.9838,-1.9467
129.947,-6.6188,6.3994,3.08,-9.3095,2.9741,-1.9467
129.997,-6.6293,6.4,3.08,-9.3153,2.9594,-1.9467
130.048,-6.645,6.401,3.08,-9.3191,2.9497,-1.9467
130.098,-6.6555,6.4017,3.08,-9.3249,2.935,-1.9467
130.148,-6.6712,6.4026,3.08,-9.3288,2.9252,-1.9467
130.198,-6.6817,6.4033,3.08,-9.3345,2.9106,-1.9467
130.249,-6.6922,6.4039,3.08,-9.3384,2.9008,-1.9467
130.299,-6.7079,6.4049,3.08,-9.3423,2.8911,-1.9467
130.349,-6.7184,6.4055,3.08,-9.3461,2.8813,-1.9467
130.4,-6.7341,6.4065,3.08,-9.3519,2.8666,-1.9467
130.45,-6.7446,6.4072,3.08,-9.3557,2.8569,-1.9467
130.5,-6.755,6.4078,3.08,-9.3615,2.8422,-1.9467
130.551,-6.7708,6.4088,3.08,-9.3654,2.8325,-1.9467
130.601,-6.7812,6.4094,3.08,-9.3712,2.8178,-1.9467
130.651,-6.797,6.4104,3.08,-9.375,2.808,-1.9467
130.701,-6.8074,6.411,3.08,-9.3808,2.7934,-1.9467
130.752,-6.8179,6.4117,3.08,-9.3827,2.7885,-1.9467
130.802,-6.8336,6.4127,3.08,-9.3885,2.7739,-1.9467
130.852,-6.8441,6.4133,3.08,-9.3924,2.7641,-1.9467
130.903,-6.8598,6.4143,3.08,-9.3981,2.7494,-1.9467
130.953,-6.8703,6.4149,3.08,-9.402,2.7397,-1.9467
131.003,-6.8808,6.4156,3.08,-9.4078,2.725,-1.9467
131.053,-6.8965,6.4165,3.08,-9.4136,2.7104,-1.9467
131.104,-6.907,6.4172,3.08,-9.4174,2.7006,-1.9467
131.154,-6.9175,6.4178,3.08,-9.4193,2.6957,-1.9467
131.204,-6.9332,6.4188,3.08,-9.4251,2.6811,-1.9467
131.254,-6.9437,6.4194,3.08,-9.429,2.6713,-1.9467
131.305,-6.9594,6.4204,3.08,-9.4348,2.6567,-1.9467
131.355,-6.9699,6.4211,3.08,-9.4405,2.642,-1.9467
131.405,-6.9804,6.4217,3.08,-9.4444,2.6322,-1.9467
131.456,-6.9961,6.4227,3.08,-9.4482,2.6225,-1.9467
131.506,-7.0066,6.4233,3.08,-9.454,2.6078,-1.9467
131.556,-7.0223,6.4243,3.08,-9.4579,2.598,-1.9467
131.606,-7.0328,6.4249,3.08,-9.4617,2.5883,-1.9467
131.657,-7.0432,6.4256,3.08,-9.4675,2.5736,-1.9467
131.707,-7.059,6.4265,3.08,-9.4714,2.5639,-1.9467
131.758,-7.0694,6.4272,3.08,-9.4772,2.5492,-1.9467
131.808,-7.0852,6.4282,3.08,-9.481,2.5394,-1.9467
131.858,-7.0956,6.4288,3.08,-9.4868,2.5248,-1.9467
131.908,-7.1061,6.4295,3.08,-9.4906,2.515,-1.9467
131.959,-7.1218,6.4304,3.08,-9.4964,2.5004,-1.9467
132.009,-7.1323,6.4311,3.08,-9.4984,2.4955,-1.9467
132.059,-7.148,6.432,3.08,-9.5041,2.4808,-1.9467
132.109,-7.1585,6.4327,3.08,-9.508,2.4711,-1.9467
132.16,-7.1687,6.4333,3.0801,-9.5133,2.4576,-1.9429
132.21,-7.1766,6.4338,3.101,-9.5168,2.4486,-1.9392
132.26,-7.1797,6.4338,3.1234,-9.522,2.4352,-1.9337
132.31,-7.1846,6.4339,3.1574,-9.5254,2.4262,-1.93
132.361,-7.188,6.4338,3.1804,-9.5304,2.4127,-1.9245
132.411,-7.1914,6.4336,3.2038,-9.532,2.4082,-1.9226
132.462,-7.1968,6.4332,3.2395,-9.5369,2.3948,-1.9171
132.512,-7.2004,6.4328,3.2639,-9.5402,2.3859,-1.9134
132.562,-7.2061,6.432,3.3013,-9.5449,2.3725,-1.9079
132.613,-7.21,6.4313,3.3265,-9.548,2.3635,-1.9042
132.663,-7.2138,6.4305,3.3517,-9.534,2.3883,-1.7589
132.713,-7.2195,6.4292,3.3895,-9.5345,2.3852,-1.7336
132.764,-7.2233,6.4282,3.4147,-9.5351,2.3819,-1.7066
132.814,-7.2289,6.4265,3.4525,-9.5357,2.3774,-1.6706
132.864,-7.2326,6.4253,3.4777,-9.536,2.3741,-1.6454
132.914,-7.2363,6.424,3.5029,-9.5363,2.3694,-1.6076
132.965,-7.2417,6.4218,3.5407,-9.5364,2.3663,-1.5824
133.015,-7.2453,6.4202,3.5659,-9.5364,2.3632,-1.5572
133.065,-7.2488,6.4186,3.5911,-9.5363,2.3585,-1.5194
133.115,-7.2541,6.4159,3.6289,-9.536,2.3538,-1.4816
133.166,-7.2575,6.4141,3.6541,-9.5357,2.3507,-1.4564
133.216,-7.2626,6.4111,3.6919,-9.5351,2.346,-1.4186
133.266,-7.2659,6.409,3.717,-9.5349,2.3444,-1.406
133.316,-7.2691,6.4069,3.7418,-9.5344,2.3412,-1.3808
133.366,-7.2739,6.4035,3.7783,-9.5333,2.3362,-1.343
133.417,-7.2771,6.4013,3.8019,-9.5321,2.3308,-1.3052
133.467,-7.2818,6.3977,3.8367,-9.531,2.327,-1.28
133.517,-7.2848,6.3951,3.8598,-9.5291,2.3209,-1.2422
133.568,-7.288,6.3923,3.8831,-9.5277,2.3166,-1.217
133.618,-7.2928,6.3877,3.9183,-9.5252,2.31,-1.1792
133.668,-7.296,6.3845,3.942,-9.5243,2.3079,-1.1666
133.719,-7.3009,6.3792,3.9779,-9.5212,2.3007,-1.1288
133.769,-7.3042,6.3755,4.0021,-9.5189,2.2959,-1.1036
133.819,-7.3075,6.3716,4.0265,-9.515,2.2883,-1.0658
133.87,-7.3125,6.3652,4.0633,-9.5121,2.2831,-1.0406
133.92,-7.3158,6.3608,4.088,-9.5073,2.2752,-1.0028
133.97,-7.3208,6.3537,4.1254,-9.5039,2.2698,-0.9776
134.02,-7.324,6.3486,4.1505,-9.4982,2.2615,-0.9398
134.071,-7.3273,6.3433,4.1755,-9.4941,2.256,-0.9146
134.121,-7.3323,6.3348,-2.0706,-9.4896,2.2502,-0.8896
134.172,-7.3356,6.3287,-2.0471,-9.485,2.2445,-0.8656
134.222,-7.3407,6.3189,-2.0145,-9.4774,2.2358,-0.8326
134.272,-7.3442,6.312,-1.9944,-9.4721,2.23,-0.8125
134.322,-7.3476,6.3047,-1.9755,-9.4636,2.2211,-0.7853
134.373,-7.3525,6.2933,-1.9489,-9.4577,2.2153,-0.7687
134.423,-7.3557,6.2854,-1.9324,-9.4484,2.2064,-0.746
134.473,-7.3602,6.273,-1.9099,-9.442,2.2005,-0.7323
134.524,-7.3632,6.2645,-1.8963,-9.4354,2.1945,-0.7197
134.574,-7.366,6.2558,-1.884,-9.4285,2.1886,-0.7083
134.624,-7.3702,6.2426,-1.8671,-9.4181,2.1797,-0.6928
134.674,-7.3729,6.2336,-1.8568,-9.4109,2.1738,-0.6834
134.724,-7.3768,6.22,-1.8432,-9.3999,2.1649,-0.6709
134.775,-7.3793,6.2107,-1.8351,-9.3886,2.156,-0.6598
134.825,-7.3818,6.2014,-1.8276,-9.381,2.1501,-0.6533
134.875,-7.3855,6.1873,-1.8174,-9.3694,2.1412,-0.6443
134.925,-7.3878,6.1777,-1.8112,-9.3654,2.1383,-0.6414
134.976,-7.3902,6.1682,-1.8055,-9.3536,2.1295,-0.634
135.026,-7.3936,6.1537,-1.7979,-9.3456,2.1236,-0.6294
135.076,-7.3958,6.1439,-1.7932,-9.3335,2.1148,-0.6233
135.127,-7.3991,6.1292,-1.7871,-9.3253,2.109,-0.6196
135.177,-7.4012,6.1194,-1.7834,-9.313,2.1002,-0.6147
135.227,-7.4033,6.1095,-1.7801,-9.3047,2.0944,-0.6117
135.277,-7.4065,6.0946,-1.7755,-9.2922,2.0856,-0.6077
135.328,-7.4085,6.0846,-1.7728,-9.2838,2.0798,-0.6053
135.379,-7.4116,6.0696,-1.7691,-9.2754,2.074,-0.6032
135.429,-7.4136,6.0595,-1.7669,-9.267,2.0682,-0.6011
135.479,-7.4156,6.0494,-1.7649,-9.2543,2.0595,-0.5985
135.529,-7.4185,6.0343,-1.7624,-9.2457,2.0537,-0.5968
135.58,-7.4205,6.0242,-1.7609,-9.2329,2.045,-0.5946
135.63,-7.4234,6.0091,-1.759,-9.2244,2.0392,-0.5933
135.68,-7.4253,5.9989,-1.7578,-9.2115,2.0306,-0.5915
135.73,-7.4272,5.9888,-1.7568,-9.2029,2.0248,-0.5904
135.781,-7.4301,5.9735,-1.7553,-9.1986,2.0219,-0.5899
135.831,-7.432,5.9633,-1.7544,-9.1856,2.0133,-0.5885
135.881,-7.4339,5.9531,-1.7535,-9.1727,2.0046,-0.5872
135.932,-7.4367,5.9378,-1.7524,-9.164,1.9989,-0.5864
135.982,-7.4386,5.9276,-1.7517,-9.151,1.9902,-0.5853
136.032,-7.4404,5.9174,-1.751,-9.1423,1.9845,-0.5846
136.082,-7.4432,5.902,-1.7501,-9.1336,1.9787,-0.584
136.133,-7.4451,5.8918,-1.7496,-9.1206,1.9701,-0.5832
136.183,-7.4478,5.8764,-1.7488,-9.1118,1.9643,-0.5827
136.235,-7.4497,5.8662,-1.7484,-9.1031,1.9586,-0.5822
136.285,-7.4524,5.8507,-1.7478,-9.0901,1.95,-0.5815
136.336,-7.4543,5.8405,-1.7474,-9.0813,1.9443,-0.5811
136.386,-7.4561,5.8302,-1.747,-9.0682,1.9357,-0.5806
136.436,-7.4589,5.8148,-1.7465,-9.0595,1.9299,-0.5803
136.486,-7.4607,5.8045,-1.7462,-9.0463,1.9213,-0.5798
136.537,-7.4634,5.789,-1.7458,-9.0376,1.9156,-0.5795
136.588,-7.4652,5.7787,-1.7455,-9.0244,1.907,-0.5791
136.639,-7.4671,5.7684,-1.7452,-9.0201,1.9041,-0.579
136.689,-7.4698,5.7529,-1.7449,-9.0069,1.8955,-0.5787
136.739,-7.4716,5.7426,-1.7447,-8.9981,1.8898,-0.5785
136.79,-7.4734,5.7323,-1.7445,-8.985,1.8812,-0.5783
136.84,-7.4761,5.7168,-1.7443,-8.9762,1.8755,-0.5781
136.891,-7.4779,5.7064,-1.7441,-8.963,1.8669,-0.5779
136.941,-7.4807,5.691,-1.744,-8.9542,1.8612,-0.5778
136.991,-7.4825,5.6806,-1.7438,-8.9411,1.8526,-0.5776
137.042,-7.4843,5.6703,-1.7437,-8.9367,1.8497,-0.5775
137.092,-7.487,5.6548,-1.7436,-8.9235,1.8411,-0.5774
137.142,-7.4888,5.6445,-1.7435,-8.9147,1.8354,-0.5773
137.193,-7.4915,5.629,-1.7433,-8.9015,1.8268,-0.5771
137.243,-7.4933,5.6186,-1.7432,-8.8883,1.8182,-0.577
137.293,-7.4951,5.6083,-1.7432,-8.8795,1.8125,-0.577
137.344,-7.4978,5.5928,-1.7431,-8.8707,1.8068,-0.5769
137.394,-7.4996,5.5824,-1.743,-8.8576,1.7982,-0.5768
137.444,-7.5023,5.5669,-1.7429,-8.8488,1.7925,-0.5768
137.494,-7.5041,5.5566,-1.7429,-8.84,1.7868,-0.5767
137.545,-7.5059,5.5463,-1.7428,-8.8268,1.7782,-0.5767
137.595,-7.5086,5.5307,-1.7428,-8.818,1.7725,-0.5766
137.646,-7.5104,5.5204,-1.7427,-8.8048,1.7639,-0.5766
137.696,-7.513,5.5049,-1.7427,-8.796,1.7582,-0.5765
137.746,-7.5148,5.4946,-1.7426,-8.7828,1.7496,-0.5765
137.796,-7.5166,5.4842,-1.7426,-8.774,1.7438,-0.5765
137.847,-7.5193,5.4687,-1.7426,-8.7608,1.7353,-0.5764
137.897,-7.5211,5.4584,-1.7426,-8.7564,1.7324,-0.5764
137.947,-7.5238,5.4428,-1.7425,-8.7432,1.7238,-0.5764
137.998,-7.5256,5.4325,-1.7425,-8.7344,1.7181,-0.5764
138.048,-7.5274,5.4222,-1.7425,-8.7212,1.7095,-0.5764
138.098,-7.5301,5.4066,-1.7425,-8.7124,1.7038,-0.5763
138.148,-7.5319,5.3963,-1.7425,-8.6992,1.6952,-0.5763
138.199,-7.5346,5.3808,-1.7424,-8.6903,1.6895,-0.5763
138.249,-7.5364,5.3704,-1.7424,-8.6771,1.6809,-0.5763
138.299,-7.5382,5.3601,-1.7424,-8.6727,1.6781,-0.5763
138.349,-7.5409,5.3446,-1.7424,-8.6595,1.6695,-0.5763
138.4,-7.5426,5.3342,-1.7424,-8.6507,1.6638,-0.5763
138.45,-7.5444,5.3239,-1.7424,-8.6375,1.6552,-0.5762
138.5,-7.5471,5.3084,-1.7424,-8.6287,1.6495,-0.5762
138.55,-7.5489,5.298,-1.7424,-8.6155,1.6409,-0.5762
138.601,-7.5516,5.2825,-1.7424,-8.6067,1.6351,-0.5762
138.651,-7.5534,5.2722,-1.7424,-8.5935,1.6266,-0.5762
138.701,-7.5552,5.2618,-1.7424,-8.5885,1.6233,-0.5762
138.753,-7.5579,5.2463,-1.7423,-8.5759,1.6151,-0.5762
138.803,-7.5597,5.236,-1.7423,-8.5671,1.6094,-0.5762
138.854,-7.5624,5.2204,-1.7423,-8.5539,1.6008,-0.5762
138.904,-7.5642,5.2101,-1.7423,-8.5451,1.5951,-0.5762
138.954,-7.5659,5.1997,-1.7423,-8.5319,1.5865,-0.5762
139.004,-7.5686,5.1842,-1.7423,-8.5231,1.5808,-0.5762
139.055,-7.5704,5.1739,-1.7423,-8.5099,1.5722,-0.5762
139.105,-7.5731,5.1584,-1.7423,-8.4967,1.5636,-0.5762
139.156,-7.5749,5.148,-1.7423,-8.4923,1.5608,-0.5762
139.209,-7.5767,5.1377,-1.7423,-8.4835,1.5551,-0.5762
139.259,-7.5794,5.1222,-1.7423,-8.4702,1.5465,-0.5762
139.31,-7.5812,5.1118,-1.7423,-8.457,1.5379,-0.5762
139.36,-7.5839,5.0963,-1.7423,-8.4482,1.5322,-0.5762
139.41,-7.5857,5.0859,-1.7423,-8.435,1.5236,-0.5761
139.46,-7.5883,5.0704,-1.7423,-8.4262,1.5179,-0.5761
139.511,-7.5901,5.0601,-1.7423,-8.413,1.5093,-0.5761
139.561,-7.5919,5.0497,-1.7423,-8.4086,1.5064,-0.5761
139.611,-7.5946,5.0342,-1.7423,-8.3954,1.4979,-0.5761
139.662,-7.5964,5.0239,-1.7423,-8.3866,1.4921,-0.5761
139.712,-7.5982,5.0135,-1.7423,-8.3734,1.4836,-0.5761
139.762,-7.6009,4.998,-1.7423,-8.3646,1.4778,-0.5761
139.812,-7.6027,4.9877,-1.7423,-8.3514,1.4693,-0.5761
139.862,-7.6054,4.9721,-1.7423,-8.3426,1.4635,-0.5761
139.913,-7.6072,4.9618,-1.7423,-8.3294,1.455,-0.5761
139.963,-7.6098,4.9463,-1.7423,-8.3206,1.4492,-0.5761
140.013,-7.6116,4.9359,-1.7423,-8.3118,1.4435,-0.5761
140.064,-7.6134,4.9256,-1.7423,-8.303,1.4378,-0.5761
140.114,-7.6161,4.9101,-1.7423,-8.2897,1.4292,-0.5761
140.164,-7.6179,4.8997,-1.7423,-8.2809,1.4235,-0.5761
140.214,-7.6197,4.8894,-1.7423,-8.2677,1.4149,-0.5761
140.265,-7.6224,4.8739,-1.7423,-8.2545,1.4063,-0.5761
140.316,-7.6242,4.8635,-1.7423,-8.2451,1.4002,-0.5761
140.366,-7.6269,4.848,-1.7423,-8.2325,1.392,-0.5761
140.416,-7.6287,4.8376,-1.7423,-8.2281,1.3892,-0.5761
140.466,-7.6305,4.8273,-1.7423,-8.2149,1.3806,-0.5761
140.517,-7.6331,4.8118,-1.7423,-8.2061,1.3749,-0.5761
140.567,-7.6349,4.8014,-1.7423,-8.1929,1.3663,-0.5761
140.617,-7.6376,4.7859,-1.7423,-8.1841,1.3606,-0.5761
140.667,-7.6394,4.7756,-1.7423,-8.1709,1.352,-0.5761
140.718,-7.6412,4.7652,-1.7423,-8.1621,1.3463,-0.5761
140.768,-7.6439,4.7497,-1.7423,-8.1489,1.3377,-0.5761
140.818,-7.6457,4.7394,-1.7423,-8.1445,1.3348,-0.5761
140.868,-7.6484,4.7238,-1.7423,-8.1313,1.3263,-0.5761
140.919,-7.6502,4.7135,-1.7423,-8.1224,1.3205,-0.5761
140.969,-7.652,4.7031,-1.7423,-8.1092,1.312,-0.5761
141.019,-7.6546,4.6876,-1.7423,-8.1004,1.3062,-0.5761
141.07,-7.6564,4.6773,-1.7423,-8.0872,1.2977,-0.5761
141.12,-7.6591,4.6618,-1.7423,-8.0784,1.2919,-0.5761
141.17,-7.6609,4.6514,-1.7423,-8.0652,1.2834,-0.5761
141.22,-7.6627,4.6411,-1.7423,-8.0564,1.2776,-0.5761
141.271,-7.6654,4.6256,-1.7423,-8.0476,1.2719,-0.5761
141.321,-7.6672,4.6152,-1.7423,-8.0388,1.2662,-0.5761
141.371,-7.6699,4.5997,-1.7423,-8.0256,1.2576,-0.5761
141.421,-7.6717,4.5893,-1.7423,-8.0168,1.2519,-0.5761
141.471,-7.6735,4.579,-1.7423,-8.0036,1.2433,-0.5761
141.522,-7.6761,4.5635,-1.7423,-7.9948,1.2376,-0.5761
141.572,-7.6779,4.5531,-1.7423,-7.9816,1.229,-0.5761
141.622,-7.6806,4.5376,-1.7423,-7.9728,1.2233,-0.5761
141.672,-7.6824,4.5273,-1.7423,-7.964,1.2176,-0.5761
141.723,-7.6842,4.5169,-1.7423,-7.9552,1.2118,-0.5761
141.773,-7.6869,4.5014,-1.7423,-7.9419,1.2033,-0.5761
141.823,-7.6887,4.4911,-1.7423,-7.9331,1.1975,-0.5761
141.874,-7.6905,4.4807,-1.7423,-7.9199,1.189,-0.5761
141.924,-7.6932,4.4652,-1.7423,-7.9067,1.1804,-0.5761
141.974,-7.695,4.4548,-1.7423,-7.8979,1.1747,-0.5761
142.024,-7.6976,4.4393,-1.7423,-7.8891,1.1689,-0.5761
142.075,-7.6994,4.429,-1.7423,-7.8803,1.1632,-0.5761
142.125,-7.7012,4.4186,-1.7423,-7.8671,1.1546,-0.5761
142.176,-7.7039,4.4031,-1.7423,-7.8583,1.1489,-0.5761
142.226,-7.7057,4.3928,-1.7423,-7.8451,1.1403,-0.5761
142.276,-7.7084,4.3772,-1.7423,-7.8363,1.1346,-0.5761
142.327,-7.7102,4.3669,-1.7423,-7.8231,1.126,-0.5761
142.377,-7.712,4.3566,-1.7423,-7.8143,1.1203,-0.5761
142.427,-7.7147,4.341,-1.7423,-7.8011,1.1117,-0.5761
142.478,-7.7165,4.3307,-1.7423,-7.7923,1.106,-0.5761
142.528,-7.7191,4.3152,-1.7423,-7.7835,1.1003,-0.5761
142.578,-7.7209,4.3048,-1.7423,-7.7746,1.0946,-0.5761
142.628,-7.7227,4.2945,-1.7423,-7.7614,1.086,-0.5761
142.679,-7.7254,4.279,-1.7423,-7.7526,1.0803,-0.5761
142.729,-7.7272,4.2686,-1.7423,-7.7394,1.0717,-0.5761
142.78,-7.7299,4.2531,-1.7423,-7.7306,1.066,-0.5761
142.83,-7.7317,4.2427,-1.7423,-7.7174,1.0574,-0.5761
142.88,-7.7335,4.2324,-1.7423,-7.7086,1.0517,-0.5761
142.931,-7.7362,4.2169,-1.7423,-7.6998,1.046,-0.5761
142.981,-7.738,4.2065,-1.7423,-7.691,1.0402,-0.5761
143.031,-7.7407,4.191,-1.7423,-7.6778,1.0317,-0.5761
143.081,-7.7424,4.1807,-1.7423,-7.669,1.0259,-0.5761
143.132,-7.7442,4.1703,-1.7423,-7.6558,1.0174,-0.5761
143.182,-7.7469,4.1548,-1.7423,-7.647,1.0116,-0.5761
143.232,-7.7487,4.1445,-1.7423,-7.6338,1.0031,-0.5761
143.282,-7.7514,4.1289,-1.7423,-7.625,0.9973,-0.5761
143.333,-7.7532,4.1186,-1.7423,-7.6162,0.9916,-0.5761
143.383,-7.755,4.1083,-1.7423,-7.6074,0.9859,-0.5761
143.433,-7.7577,4.0927,-1.7423,-7.5941,0.9773,-0.5761
143.483,-7.7595,4.0824,-1.7423,-7.5809,0.9687,-0.5761
143.533,-7.7622,4.0669,-1.7423,-7.5721,0.963,-0.5761
143.584,-7.7639,4.0565,-1.7423,-7.5633,0.9573,-0.5761
143.634,-7.7657,4.0462,-1.7423,-7.5501,0.9487,-0.5761
143.684,-7.7684,4.0307,-1.7423,-7.5413,0.943,-0.5761
143.734,-7.7702,4.0203,-1.7423,-7.5281,0.9344,-0.5761
143.785,-7.772,4.01,-1.7423,-7.5237,0.9316,-0.5761
143.835,-7.7747,3.9944,-1.7423,-7.5105,0.923,-0.5761
143.885,-7.7765,3.9841,-1.7423,-7.5017,0.9173,-0.5761
143.935,-7.7792,3.9686,-1.7423,-7.4885,0.9087,-0.5761
143.986,-7.781,3.9582,-1.7423,-7.4753,0.9001,-0.5761
144.036,-7.7837,3.9427,-1.7423,-7.4665,0.8944,-0.5761
144.086,-7.7854,3.9324,-1.7423,-7.4533,0.8858,-0.5761
144.136,-7.7872,3.922,-1.7423,-7.4445,0.8801,-0.5761
144.187,-7.7899,3.9065,-1.7423,-7.4357,0.8744,-0.5761
144.237,-7.7917,3.8962,-1.7423,-7.4268,0.8686,-0.5761
144.287,-7.7935,3.8858,-1.7423,-7.4136,0.8601,-0.5761
144.337,-7.7962,3.8703,-1.7423,-7.4048,0.8543,-0.5761
144.387,-7.798,3.8599,-1.7423,-7.3916,0.8458,-0.5761
144.438,-7.8007,3.8444,-1.7423,-7.3828,0.84,-0.5761
144.488,-7.8025,3.8341,-1.7423,-7.3696,0.8315,-0.5761
144.538,-7.8043,3.8237,-1.7423,-7.3608,0.8257,-0.5761
144.588,-7.8069,3.8082,-1.7423,-7.352,0.82,-0.5761
144.639,-7.8087,3.7979,-1.7423,-7.3432,0.8143,-0.5761
144.689,-7.8114,3.7824,-1.7423,-7.33,0.8057,-0.5761
144.739,-7.8132,3.772,-1.7423,-7.3212,0.8,-0.5761
144.789,-7.815,3.7617,-1.7423,-7.308,0.7914,-0.5761
144.84,-7.8177,3.7461,-1.7423,-7.2992,0.7857,-0.5761
144.89,-7.8195,3.7358,-1.7423,-7.286,0.7771,-0.5761
144.94,-7.8222,3.7203,-1.7423,-7.2772,0.7714,-0.5761
144.991,-7.824,3.7099,-1.7423,-7.264,0.7628,-0.5761
145.042,-7.8258,3.6996,-1.7423,-7.2596,0.76,-0.5761
145.092,-7.8284,3.6841,-1.7423,-7.2463,0.7514,-0.5761
145.142,-7.8302,3.6737,-1.7423,-7.2375,0.7457,-0.5761
145.192,-7.8329,3.6582,-1.7423,-7.2243,0.7371,-0.5761
145.243,-7.8347,3.6479,-1.7423,-7.2155,0.7314,-0.5761
145.293,-7.8365,3.6375,-1.7423,-7.2023,0.7228,-0.5761
145.344,-7.8392,3.622,-1.7423,-7.1935,0.7171,-0.5761
145.394,-7.841,3.6116,-1.7423,-7.1803,0.7085,-0.5761
145.444,-7.8437,3.5961,-1.7423,-7.1759,0.7056,-0.5761
145.494,-7.8455,3.5858,-1.7423,-7.1627,0.697,-0.5761
145.545,-7.8473,3.5754,-1.7423,-7.1495,0.6885,-0.5761
145.595,-7.85,3.5599,-1.7423,-7.1407,0.6827,-0.5761
145.645,-7.8517,3.5496,-1.7423,-7.1275,0.6742,-0.5761
145.696,-7.8535,3.5392,-1.7423,-7.1187,0.6684,-0.5761
145.746,-7.8562,3.5237,-1.7423,-7.1099,0.6627,-0.5761
145.796,-7.858,3.5134,-1.7423,-7.0967,0.6541,-0.5761
145.847,-7.8607,3.4978,-1.7423,-7.0879,0.6484,-0.5761
145.897,-7.8625,3.4875,-1.7423,-7.079,0.6427,-0.5761
145.947,-7.8643,3.4771,-1.7423,-7.0658,0.6341,-0.5761
145.997,-7.867,3.4616,-1.7423,-7.057,0.6284,-0.5761
146.048,-7.8688,3.4513,-1.7423,-7.0438,0.6198,-0.5761
146.098,-7.8715,3.4358,-1.7423,-7.035,0.6141,-0.5761
146.149,-7.8732,3.4254,-1.7423,-7.0218,0.6055,-0.5761
146.199,-7.875,3.4151,-1.7423,-7.013,0.5998,-0.5761
146.249,-7.8777,3.3996,-1.7423,-6.9998,0.5912,-0.5761
146.299,-7.8795,3.3892,-1.7423,-6.9954,0.5883,-0.5761
146.35,-7.8822,3.3737,-1.7423,-6.9822,0.5798,-0.5761
146.4,-7.884,3.3633,-1.7423,-6.9734,0.574,-0.5761
146.45,-7.8858,3.353,-1.7423,-6.9602,0.5655,-0.5761
146.501,-7.8885,3.3375,-1.7423,-6.9514,0.5597,-0.5761
146.551,-7.8903,3.3271,-1.7423,-6.9382,0.5512,-0.5761
146.601,-7.893,3.3116,-1.7423,-6.9294,0.5454,-0.5761
146.651,-7.8947,3.3013,-1.7423,-6.9162,0.5369,-0.5761
146.701,-7.8965,3.2909,-1.7423,-6.9117,0.534,-0.5761
146.752,-7.8992,3.2754,-1.7423,-6.8985,0.5254,-0.5761
146.802,-7.901,3.2651,-1.7423,-6.8897,0.5197,-0.5761
146.852,-7.9037,3.2495,-1.7423,-6.8765,0.5111,-0.5761
146.903,-7.9055,3.2392,-1.7423,-6.8677,0.5054,-0.5761
146.953,-7.9073,3.2288,-1.7423,-6.8545,0.4968,-0.5761
147.003,-7.91,3.2133,-1.7423,-6.8457,0.4911,-0.5761
147.054,-7.9118,3.203,-1.7423,-6.8325,0.4825,-0.5761
147.104,-7.9145,3.1875,-1.7423,-6.8237,0.4768,-0.5761
147.154,-7.9162,3.1771,-1.7423,-6.8149,0.4711,-0.5761
147.205,-7.918,3.1668,-1.7423,-6.8061,0.4654,-0.5761
147.255,-7.9207,3.1512,-1.7423,-6.7929,0.4568,-0.5761
147.305,-7.9225,3.1409,-1.7423,-6.7841,0.4511,-0.5761
147.355,-7.9252,3.1254,-1.7423,-6.7709,0.4425,-0.5761
147.406,-7.927,3.115,-1.7423,-6.7577,0.4339,-0.5761
147.456,-7.9288,3.1047,-1.7423,-6.7489,0.4282,-0.5761
147.506,-7.9315,3.0892,-1.7423,-6.7356,0.4196,-0.5761
147.556,-7.9333,3.0788,-1.7423,-6.7312,0.4167,-0.5761
147.607,-7.936,3.0633,-1.7423,-6.718,0.4082,-0.5761
147.657,-7.9377,3.053,-1.7423,-6.7092,0.4024,-0.5761
147.707,-7.9395,3.0426,-1.7423,-6.696,0.3939,-0.5761
147.758,-7.9422,3.0271,-1.7423,-6.6872,0.3881,-0.5761
147.808,-7.944,3.0168,-1.7423,-6.674,0.3796,-0.5761
147.858,-7.9458,3.0064,-1.7423,-6.6652,0.3738,-0.5761
147.908,-7.9485,2.9909,-1.7423,-6.652,0.3653,-0.5761
147.959,-7.9503,2.9805,-1.7423,-6.6476,0.3624,-0.5761
148.009,-7.953,2.965,-1.7423,-6.6344,0.3538,-0.5761
148.059,-7.9548,2.9547,-1.7423,-6.6256,0.3481,-0.5761
148.109,-7.9566,2.9443,-1.7423,-6.6124,0.3395,-0.5761
148.16,-7.9593,2.9288,-1.7423,-6.6036,0.3338,-0.5761
148.21,-7.961,2.9185,-1.7423,-6.5904,0.3252,-0.5761
148.26,-7.9637,2.9029,-1.7423,-6.5816,0.3195,-0.5761
148.31,-7.9655,2.8926,-1.7423,-6.5684,0.3109,-0.5761
148.361,-7.9673,2.8823,-1.7423,-6.5595,0.3052,-0.5761
148.411,-7.97,2.8667,-1.7423,-6.5507,0.2995,-0.5761
148.461,-7.9718,2.8564,-1.7423,-6.5419,0.2938,-0.5761
148.511,-7.9745,2.8409,-1.7423,-6.5287,0.2852,-0.5761
148.562,-7.9763,2.8305,-1.7423,-6.5199,0.2795,-0.5761
148.612,-7.9781,2.8202,-1.7423,-6.5067,0.2709,-0.5761
148.662,-7.9808,2.8047,-1.7423,-6.4979,0.2652,-0.5761
148.713,-7.9825,2.7943,-1.7423,-6.4847,0.2566,-0.5761
148.763,-7.9852,2.7788,-1.7423,-6.4759,0.2509,-0.5761
148.813,-7.987,2.7684,-1.7423,-6.4671,0.2451,-0.5761
148.863,-7.9888,2.7581,-1.7423,-6.4583,0.2394,-0.5761
148.914,-7.9915,2.7426,-1.7423,-6.4451,0.2308,-0.5761
148.964,-7.9933,2.7322,-1.7423,-6.4363,0.2251,-0.5761
149.014,-7.9951,2.7219,-1.7423,-6.4231,0.2165,-0.5761
149.065,-7.9978,2.7064,-1.7423,-6.4143,0.2108,-0.5761
149.115,-7.9996,2.696,-1.7423,-6.4011,0.2022,-0.5761
149.165,-8.0014,2.6857,-1.7423,-6.3922,0.1965,-0.5761
149.216,-8.004,2.6702,-1.7423,-6.3834,0.1908,-0.5761
149.266,-8.0058,2.6598,-1.7423,-6.3746,0.1851,-0.5761
149.316,-8.0085,2.6443,-1.7423,-6.3614,0.1765,-0.5761
149.368,-8.0103,2.6339,-1.7423,-6.3526,0.1708,-0.5761
149.418,-8.0121,2.6236,-1.7423,-6.3394,0.1622,-0.5761
149.468,-8.0148,2.6081,-1.7423,-6.3306,0.1565,-0.5761
149.519,-8.0166,2.5977,-1.7423,-6.3174,0.1479,-0.5761
149.569,-8.0193,2.5822,-1.7423,-6.3086,0.1422,-0.5761
149.619,-8.0211,2.5719,-1.7423,-6.2954,0.1336,-0.5761
149.669,-8.0229,2.5615,-1.7423,-6.291,0.1307,-0.5761
149.72,-8.0255,2.546,-1.7423,-6.2778,0.1222,-0.5761
149.77,-8.0273,2.5357,-1.7423,-6.269,0.1164,-0.5761
149.82,-8.03,2.5201,-1.7423,-6.2558,0.1079,-0.5761
149.871,-8.0318,2.5098,-1.7423,-6.247,0.1021,-0.5761
149.921,-8.0336,2.4995,-1.7423,-6.2338,0.0936,-0.5761
149.972,-8.0363,2.4839,-1.7423,-6.2206,0.085,-0.5761
150.022,-8.0381,2.4736,-1.7423,-6.2117,0.0793,-0.5761
150.072,-8.0408,2.4581,-1.7423,-6.2029,0.0735,-0.5761
150.122,-8.0426,2.4477,-1.7423,-6.1941,0.0678,-0.5761
150.172,-8.0444,2.4374,-1.7423,-6.1809,0.0592,-0.5761
150.223,-8.047,2.4219,-1.7423,-6.1721,0.0535,-0.5761
150.273,-8.0488,2.4115,-1.7423,-6.1589,0.0449,-0.5761
150.323,-8.0515,2.396,-1.7423,-6.1501,0.0392,-0.5761
150.373,-8.0533,2.3856,-1.7423,-6.1369,0.0306,-0.5761
150.424,-8.0551,2.3753,-1.7423,-6.1281,0.0249,-0.5761
150.474,-8.0578,2.3598,-1.7423,-6.1193,0.0192,-0.5761
150.524,-8.0596,2.3494,-1.7423,-6.1105,0.0135,-0.5761
150.575,-8.0623,2.3339,-1.7423,-6.0973,0.0049,-0.5761
