t,truth_x,truth_y,truth_yaw,est_x,est_y,est_yaw
0.0,-8.25,1.25,0.0,-0.0,-0.0,0.0239
0.051,-8.2499,1.25,0.0,0.0001,0.0,0.0239
0.101,-8.2468,1.25,-0.0,0.0017,0.0001,0.024
0.151,-8.242,1.25,-0.0,0.005,0.0002,0.0241
0.201,-8.2309,1.25,-0.0,0.0133,0.0004,0.0242
0.252,-8.2208,1.25,-0.0,0.0211,0.0006,0.0243
0.302,-8.2087,1.25,-0.0,0.0367,0.001,0.0244
0.352,-8.1864,1.25,-0.0,0.0493,0.0014,0.0245
0.402,-8.169,1.25,-0.0,0.0734,0.002,0.0246
0.452,-8.1389,1.25,-0.0,0.0922,0.0025,0.0246
0.503,-8.1179,1.25,-0.0,0.1229,0.0032,0.0247
0.553,-8.0969,1.25,-0.0,0.1394,0.0036,0.0248
0.603,-8.0654,1.25,-0.0,0.1696,0.0044,0.0249
0.653,-8.0444,1.25,-0.0,0.1893,0.0049,0.0251
0.703,-8.0129,1.25,-0.0,0.2196,0.0056,0.0251
0.754,-7.9919,1.25,-0.0,0.2408,0.0062,0.0252
0.804,-7.9709,1.25,0.0,0.2711,0.0069,0.0253
0.854,-7.9394,1.25,0.0,0.2923,0.0074,0.0254
0.904,-7.9184,1.25,0.0,0.324,0.0082,0.0255
0.954,-7.8974,1.25,0.0,0.3407,0.0087,0.0256
1.005,-7.8659,1.25,0.0,0.3709,0.0094,0.0257
1.055,-7.8449,1.25,0.0,0.3921,0.01,0.0258
1.105,-7.8134,1.25,0.0,0.4222,0.0108,0.0259
1.155,-7.7924,1.25,0.0,0.4418,0.0113,0.026
1.205,-7.7714,1.25,0.0,0.472,0.012,0.0261
1.256,-7.7399,1.25,0.0,0.4931,0.0126,0.0261
1.306,-7.7189,1.25,0.0,0.5248,0.0134,0.0262
1.356,-7.6874,1.25,0.0,0.5519,0.0141,0.0263
1.406,-7.6664,1.25,0.0,0.573,0.0147,0.0264
1.457,-7.6454,1.25,-0.0,0.5926,0.0152,0.0265
1.507,-7.6139,1.25,-0.0,0.6227,0.016,0.0266
1.557,-7.5929,1.25,-0.0,0.6422,0.0165,0.0267
1.607,-7.5614,1.25,-0.0,0.6723,0.0173,0.0269
1.658,-7.5404,1.25,-0.0,0.7039,0.0182,0.027
1.708,-7.5194,1.25,-0.0,0.725,0.0187,0.0271
1.758,-7.4879,1.25,-0.0,0.7565,0.0196,0.0272
1.808,-7.4669,1.25,-0.0,0.7731,0.02,0.0273
1.858,-7.4354,1.25,-0.0,0.8032,0.0209,0.0274
1.909,-7.4144,1.25,0.0,0.8227,0.0214,0.0275
1.959,-7.3934,1.25,0.0,0.8528,0.0222,0.0276
2.009,-7.3619,1.25,0.0,0.8738,0.0228,0.0277
2.059,-7.3409,1.25,0.0,0.9038,0.0236,0.0278
2.11,-7.3199,1.25,0.0,0.9249,0.0242,0.0279
2.16,-7.2884,1.25,0.0,0.9564,0.0251,0.028
2.21,-7.2674,1.25,0.0,0.973,0.0256,0.028
2.26,-7.2359,1.25,0.0,1.003,0.0264,0.0281
2.31,-7.2149,1.25,0.0,1.024,0.027,0.0282
2.36,-7.1939,1.25,0.0,1.054,0.0278,0.0283
2.411,-7.1624,1.25,0.0,1.0735,0.0284,0.0284
2.461,-7.1414,1.25,0.0,1.1036,0.0293,0.0285
2.511,-7.1099,1.25,0.0,1.1246,0.0298,0.0286
2.561,-7.0889,1.25,0.0,1.1561,0.0308,0.0287
2.611,-7.0679,1.25,0.0,1.1771,0.0314,0.0288
2.662,-7.0364,1.25,-0.0,1.2042,0.0321,0.0289
2.712,-7.0154,1.25,-0.0,1.2237,0.0327,0.029
2.763,-6.9839,1.25,-0.0,1.2537,0.0336,0.0291
2.813,-6.9629,1.25,-0.0,1.2732,0.0341,0.0292
2.863,-6.9419,1.25,-0.0,1.3032,0.035,0.0293
2.914,-6.9104,1.25,-0.0,1.3287,0.0358,0.0294
2.964,-6.8894,1.25,0.0,1.3557,0.0366,0.0295
3.014,-6.8579,1.25,0.0,1.3767,0.0372,0.0296
3.064,-6.8369,1.25,0.0,1.4037,0.038,0.0297
3.115,-6.8159,1.25,0.0,1.4232,0.0386,0.0297
3.165,-6.7844,1.25,0.0,1.4532,0.0395,0.0299
3.215,-6.7634,1.25,0.0,1.4742,0.0401,0.0299
3.265,-6.7424,1.25,0.0,1.5042,0.041,0.03
3.315,-6.7109,1.25,0.0,1.5237,0.0416,0.0301
3.366,-6.6899,1.25,0.0,1.5552,0.0425,0.0302
3.416,-6.6584,1.25,0.0,1.5762,0.0432,0.0303
3.466,-6.6374,1.25,0.0,1.6032,0.044,0.0304
3.516,-6.6164,1.25,0.0,1.6332,0.0449,0.0305
3.566,-6.5849,1.25,0.0,1.6542,0.0455,0.0306
3.617,-6.5639,1.25,0.0,1.6737,0.0461,0.0307
3.667,-6.5324,1.25,0.0,1.7037,0.047,0.0308
3.717,-6.5114,1.25,0.0,1.7232,0.0476,0.0308
3.767,-6.4904,1.25,0.0,1.7547,0.0486,0.0309
3.817,-6.4589,1.25,-0.0,1.7861,0.0496,0.0311
3.868,-6.4379,1.25,-0.0,1.8071,0.0502,0.0311
3.918,-6.4064,1.25,-0.0,1.8237,0.0508,0.0312
3.968,-6.3854,1.25,-0.0,1.8536,0.0517,0.0313
4.018,-6.3644,1.25,-0.0,1.8881,0.0528,0.0315
4.069,-6.3329,1.25,0.0,1.9031,0.0533,0.0316
4.119,-6.3119,1.25,0.0,1.9331,0.0542,0.0316
4.169,-6.2909,1.25,0.0,1.9541,0.0549,0.0317
4.22,-6.2594,1.25,0.0,1.9751,0.0555,0.0318
4.27,-6.2384,1.25,0.0,2.0066,0.0565,0.0319
4.32,-6.2069,1.25,0.0,2.0336,0.0574,0.032
4.37,-6.1859,1.25,0.0,2.0531,0.058,0.032
4.421,-6.1649,1.25,0.0,2.083,0.059,0.0322
4.471,-6.1334,1.25,0.0,2.104,0.0597,0.0322
4.521,-6.1124,1.25,0.0,2.134,0.0606,0.0323
4.572,-6.0809,1.25,0.0,2.1535,0.0613,0.0325
4.622,-6.0599,1.25,0.0,2.185,0.0623,0.0326
4.672,-6.0389,1.25,0.0,2.206,0.063,0.0327
4.722,-6.0074,1.25,0.0,2.233,0.0639,0.0328
4.772,-5.9864,1.25,0.0,2.254,0.0645,0.0328
4.823,-5.9549,1.25,0.0,2.284,0.0655,0.0329
4.873,-5.9339,1.25,0.0,2.3034,0.0662,0.033
4.923,-5.9129,1.25,0.0,2.3334,0.0672,0.0331
4.973,-5.8814,1.25,0.0,2.3529,0.0678,0.0332
5.023,-5.8604,1.25,0.0,2.3844,0.0689,0.0333
5.074,-5.8289,1.25,0.0,2.4054,0.0696,0.0334
5.124,-5.8079,1.25,0.0,2.4369,0.0706,0.0335
5.174,-5.7869,1.25,0.0,2.4534,0.0712,0.0335
5.224,-5.7554,1.25,0.0,2.4834,0.0722,0.0336
5.274,-5.7344,1.25,0.0,2.5028,0.0728,0.0337
5.325,-5.7029,1.25,0.0,2.5328,0.0738,0.0339
5.375,-5.6819,1.25,0.0,2.5538,0.0746,0.0339
5.425,-5.6609,1.25,0.0,2.5838,0.0756,0.034
5.475,-5.6294,1.25,0.0,2.6048,0.0763,0.0341
5.525,-5.6084,1.25,0.0,2.6363,0.0774,0.0342
5.576,-5.5874,1.25,0.0,2.6528,0.0779,0.0343
5.626,-5.5559,1.25,0.0,2.6827,0.079,0.0344
5.676,-5.5349,1.25,0.0,2.7037,0.0797,0.0345
5.727,-5.5034,1.25,0.0,2.7337,0.0807,0.0346
5.777,-5.4824,1.25,0.0,2.7532,0.0814,0.0347
5.827,-5.4614,1.25,0.0,2.7832,0.0824,0.0348
5.878,-5.4299,1.25,0.0,2.8042,0.0832,0.0349
5.928,-5.4089,1.25,0.0,2.8357,0.0843,0.035
5.978,-5.3774,1.25,0.0,2.8626,0.0852,0.0351
6.029,-5.3564,1.25,0.0,2.8836,0.0859,0.0352
6.079,-5.3354,1.25,0.0,2.9031,0.0866,0.0353
6.13,-5.3039,1.25,0.0,2.9331,0.0877,0.0354
6.18,-5.2829,1.25,0.0,2.9631,0.0888,0.0355
6.23,-5.2514,1.25,0.0,2.9826,0.0894,0.0356
6.28,-5.2304,1.25,0.0,3.014,0.0906,0.0357
6.331,-5.2094,1.25,0.0,3.035,0.0913,0.0358
6.381,-5.1779,1.25,0.0,3.0665,0.0924,0.0359
6.431,-5.1569,1.25,0.0,3.083,0.093,0.036
6.481,-5.1254,1.25,0.0,3.113,0.0941,0.0362
6.531,-5.1044,1.25,0.0,3.1325,0.0948,0.0363
6.582,-5.0834,1.25,0.0,3.1625,0.0959,0.0364
6.632,-5.0519,1.25,0.0,3.1834,0.0967,0.0365
6.682,-5.0309,1.25,0.0,3.2134,0.0978,0.0366
6.732,-4.9994,1.25,0.0,3.2344,0.0985,0.0367
6.782,-4.9784,1.25,0.0,3.2659,0.0997,0.0368
6.832,-4.9574,1.25,0.0,3.2824,0.1003,0.0368
6.883,-4.9259,1.25,0.0,3.3124,0.1014,0.0369
6.933,-4.9049,1.25,0.0,3.3333,0.1022,0.037
6.983,-4.8734,1.25,0.0,3.3633,0.1033,0.0371
7.033,-4.8524,1.25,0.0,3.3828,0.104,0.0372
7.083,-4.8314,1.25,0.0,3.4128,0.1051,0.0373
7.134,-4.7999,1.25,0.0,3.4338,0.1059,0.0374
7.184,-4.7789,1.25,0.0,3.4652,0.1071,0.0375
7.234,-4.7579,1.25,0.0,3.4862,0.1079,0.0375
7.285,-4.7264,1.25,0.0,3.5132,0.1089,0.0377
7.335,-4.7054,1.25,0.0,3.5327,0.1096,0.0377
7.385,-4.6739,1.25,0.0,3.5627,0.1108,0.0378
7.436,-4.6529,1.25,0.0,3.5822,0.1115,0.0379
7.486,-4.6319,1.25,0.0,3.6121,0.1126,0.038
7.536,-4.6004,1.25,0.0,3.6331,0.1134,0.0381
7.586,-4.5794,1.25,0.0,3.6646,0.1146,0.0382
7.637,-4.5479,1.25,0.0,3.6856,0.1155,0.0383
7.687,-4.5269,1.25,0.0,3.7126,0.1165,0.0384
7.737,-4.5059,1.25,0.0,3.7321,0.1172,0.0384
7.788,-4.4744,1.25,0.0,3.762,0.1184,0.0386
7.838,-4.4534,1.25,0.0,3.792,0.1195,0.0387
7.888,-4.4219,1.25,0.0,3.813,0.1204,0.0388
7.938,-4.4009,1.25,0.0,3.8325,0.1211,0.0389
7.989,-4.3799,1.25,0.0,3.864,0.1223,0.039
8.039,-4.3484,1.25,0.0,3.8954,0.1236,0.0391
8.09,-4.3274,1.25,0.0,3.9119,0.1242,0.0392
8.14,-4.2959,1.25,0.0,3.9419,0.1254,0.0393
8.19,-4.2749,1.25,0.0,3.9629,0.1262,0.0393
8.24,-4.2539,1.25,0.0,3.9929,0.1274,0.0395
8.29,-4.2224,1.25,0.0,4.0123,0.1282,0.0396
8.341,-4.2014,1.25,0.0,4.0423,0.1294,0.0397
8.391,-4.1699,1.25,0.0,4.0633,0.1302,0.0397
8.441,-4.1489,1.25,0.0,4.0948,0.1314,0.0399
8.491,-4.1279,1.25,0.0,4.1158,0.1323,0.04
8.541,-4.0964,1.25,0.0,4.1427,0.1334,0.0401
8.592,-4.0754,1.25,0.0,4.1622,0.1341,0.0402
8.642,-4.0439,1.25,0.0,4.1922,0.1354,0.0403
8.692,-4.0229,1.25,0.0,4.2117,0.1361,0.0404
8.742,-4.0019,1.25,0.0,4.2417,0.1374,0.0405
8.793,-3.9704,1.25,0.0,4.2626,0.1382,0.0406
8.843,-3.9494,1.25,0.0,4.2941,0.1395,0.0407
8.893,-3.9284,1.25,0.0,4.3151,0.1403,0.0408
8.943,-3.8969,1.25,0.0,4.3421,0.1414,0.0408
8.993,-3.8759,1.25,0.0,4.3616,0.1422,0.0409
9.044,-3.8444,1.25,0.0,4.3915,0.1435,0.0411
9.094,-3.8234,1.25,0.0,4.4125,0.1443,0.0411
9.145,-3.8024,1.25,0.0,4.4425,0.1456,0.0412
9.195,-3.7709,1.25,0.0,4.462,0.1464,0.0413
9.245,-3.7499,1.25,0.0,4.4935,0.1477,0.0414
9.296,-3.7184,1.25,0.0,4.5144,0.1485,0.0415
9.346,-3.6974,1.25,0.0,4.5414,0.1497,0.0416
9.396,-3.6764,1.25,0.0,4.5624,0.1505,0.0417
9.446,-3.6449,1.25,0.0,4.5924,0.1518,0.0418
9.497,-3.6239,1.25,0.0,4.6118,0.1526,0.0419
9.547,-3.5924,1.25,0.0,4.6418,0.1539,0.042
9.597,-3.5714,1.25,0.0,4.6613,0.1547,0.0421
9.648,-3.5504,1.25,0.0,4.6928,0.156,0.0422
9.698,-3.5189,1.25,0.0,4.7242,0.1573,0.0423
9.748,-3.4979,1.25,0.0,4.7452,0.1582,0.0424
9.798,-3.4664,1.25,0.0,4.7617,0.1589,0.0424
9.849,-3.4454,1.25,0.0,4.7917,0.1602,0.0426
9.899,-3.4244,1.25,0.0,4.8112,0.161,0.0426
9.949,-3.3929,1.25,0.0,4.8411,0.1623,0.0427
9.999,-3.3719,1.25,0.0,4.8711,0.1636,0.0428
10.05,-3.3404,1.25,0.0,4.8921,0.1645,0.0429
10.1,-3.3194,1.25,0.0,4.9236,0.1658,0.043
10.15,-3.2984,1.25,0.0,4.9445,0.1667,0.0431
10.2,-3.2669,1.25,0.0,4.9715,0.1679,0.0432
10.25,-3.2459,1.25,0.0,4.991,0.1687,0.0432
10.301,-3.2144,1.25,0.0,5.021,0.17,0.0434
10.351,-3.1934,1.25,0.0,5.042,0.171,0.0434
10.401,-3.1724,1.25,0.0,5.0719,0.1723,0.0435
10.451,-3.1409,1.25,0.0,5.0914,0.1731,0.0436
10.501,-3.1199,1.25,0.0,5.1229,0.1745,0.0438
10.552,-3.0989,1.25,0.0,5.1439,0.1754,0.0439
10.602,-3.0674,1.25,0.0,5.1708,0.1766,0.044
10.652,-3.0464,1.25,0.0,5.1918,0.1775,0.044
10.702,-3.0149,1.25,0.0,5.2218,0.1788,0.0442
10.752,-2.9939,1.25,0.0,5.2413,0.1797,0.0442
10.803,-2.9729,1.25,0.0,5.2712,0.181,0.0443
10.853,-2.9414,1.25,0.0,5.2907,0.1819,0.0444
10.903,-2.9204,1.25,0.0,5.3222,0.1833,0.0445
10.954,-2.8889,1.25,0.0,5.3432,0.1842,0.0446
11.004,-2.8679,1.25,0.0,5.3746,0.1856,0.0447
11.054,-2.8469,1.25,0.0,5.3911,0.1864,0.0448
11.105,-2.8154,1.25,0.0,5.4211,0.1877,0.0449
11.155,-2.7944,1.25,0.0,5.4406,0.1886,0.045
11.205,-2.7629,1.25,0.0,5.4705,0.1899,0.0451
11.255,-2.7419,1.25,0.0,5.4915,0.1909,0.0452
11.306,-2.7209,1.25,0.0,5.5215,0.1922,0.0454
11.356,-2.6894,1.25,0.0,5.5425,0.1932,0.0454
11.406,-2.6684,1.25,0.0,5.5739,0.1946,0.0455
11.457,-2.6369,1.25,0.0,5.5904,0.1954,0.0456
11.507,-2.6159,1.25,0.0,5.6204,0.1968,0.0457
11.557,-2.5949,1.25,0.0,5.6414,0.1977,0.0458
11.608,-2.5634,1.25,0.0,5.6713,0.1991,0.0459
11.658,-2.5424,1.25,0.0,5.6908,0.2,0.046
11.708,-2.5214,1.25,0.0,5.7208,0.2014,0.0461
11.758,-2.4899,1.25,0.0,5.7522,0.2028,0.0462
11.809,-2.4689,1.25,0.0,5.7732,0.2038,0.0463
11.859,-2.4374,1.25,0.0,5.8002,0.205,0.0464
11.91,-2.4164,1.25,0.0,5.8212,0.206,0.0465
11.96,-2.3849,1.25,0.0,5.8511,0.2074,0.0466
12.01,-2.3639,1.25,0.0,5.8706,0.2083,0.0467
12.06,-2.3429,1.25,0.0,5.9006,0.2097,0.0468
12.111,-2.3114,1.25,0.0,5.9201,0.2106,0.0469
12.161,-2.2904,1.25,0.0,5.9515,0.2121,0.047
12.211,-2.2694,1.25,0.0,5.9725,0.2131,0.047
12.261,-2.2379,1.25,0.0,6.004,0.2146,0.0472
12.311,-2.2169,1.25,0.0,6.0204,0.2154,0.0472
12.362,-2.1854,1.25,0.0,6.0504,0.2168,0.0474
12.412,-2.1644,1.25,0.0,6.0699,0.2177,0.0474
12.462,-2.1434,1.25,0.0,6.0999,0.2191,0.0476
12.512,-2.1119,1.25,0.0,6.1208,0.2201,0.0476
12.562,-2.0909,1.25,0.0,6.1508,0.2216,0.0477
12.613,-2.0594,1.25,0.0,6.1718,0.2226,0.0478
12.663,-2.0384,1.25,0.0,6.2032,0.2241,0.0479
12.713,-2.0174,1.25,0.0,6.2197,0.2249,0.0479
12.763,-1.9859,1.25,0.0,6.2497,0.2263,0.0481
12.814,-1.9649,1.25,0.0,6.2707,0.2273,0.0481
12.864,-1.9334,1.25,0.0,6.3006,0.2287,0.0482
12.914,-1.9124,1.25,0.0,6.3201,0.2297,0.0483
12.965,-1.8914,1.25,0.0,6.3501,0.2311,0.0485
13.015,-1.8599,1.25,0.0,6.371,0.2322,0.0486
13.065,-1.8389,1.25,0.0,6.4025,0.2337,0.0487
13.115,-1.8074,1.25,0.0,6.4235,0.2347,0.0488
13.166,-1.7864,1.25,0.0,6.4505,0.236,0.0489
13.216,-1.7654,1.25,0.0,6.4699,0.237,0.049
13.266,-1.7339,1.25,0.0,6.4999,0.2385,0.0491
13.316,-1.7129,1.25,0.0,6.5194,0.2394,0.0492
13.366,-1.6919,1.25,0.0,6.5493,0.2409,0.0493
13.416,-1.6604,1.25,0.0,6.5808,0.2424,0.0494
13.467,-1.6394,1.25,0.0,6.6018,0.2435,0.0495
13.517,-1.6079,1.25,0.0,6.6227,0.2445,0.0496
13.567,-1.5869,1.25,0.0,6.6497,0.2459,0.0496
13.617,-1.5659,1.25,0.0,6.6692,0.2468,0.0497
13.667,-1.5344,1.25,0.0,6.6991,0.2483,0.0498
13.718,-1.5134,1.25,0.0,6.7291,0.2498,0.0499
13.768,-1.4819,1.25,0.0,6.7501,0.2509,0.05
13.818,-1.4609,1.25,0.0,6.78,0.2524,0.0502
13.868,-1.4399,1.25,0.0,6.801,0.2534,0.0502
13.919,-1.4084,1.25,0.0,6.8325,0.255,0.0503
13.969,-1.3874,1.25,0.0,6.849,0.2558,0.0504
14.019,-1.3559,1.25,0.0,6.8789,0.2573,0.0505
14.07,-1.3349,1.25,0.0,6.8999,0.2584,0.0506
14.12,-1.3139,1.25,0.0,6.9299,0.2599,0.0507
14.17,-1.2824,1.25,0.0,6.9493,0.2609,0.0507
14.221,-1.2614,1.25,0.0,6.9793,0.2624,0.0508
14.271,-1.2299,1.25,0.0,7.0003,0.2635,0.0509
14.321,-1.2089,1.25,0.0,7.0317,0.2651,0.0511
14.371,-1.1879,1.25,0.0,7.0527,0.2662,0.0512
14.422,-1.1669,1.25,0.0,7.0692,0.267,0.0512
14.472,-1.1354,1.25,0.0,7.0991,0.2686,0.0513
14.522,-1.1144,1.25,0.0,7.1186,0.2696,0.0514
14.573,-1.0829,1.25,0.0,7.1486,0.2711,0.0516
14.623,-1.0619,1.25,0.0,7.1785,0.2727,0.0517
14.673,-1.0409,1.25,0.0,7.1995,0.2737,0.0518
14.723,-1.0094,1.25,0.0,7.2205,0.2748,0.0519
14.774,-0.9884,1.25,0.0,7.2519,0.2765,0.052
14.824,-0.9569,1.25,0.0,7.2789,0.2779,0.0521
14.874,-0.9359,1.25,0.0,7.2984,0.2789,0.0522
14.924,-0.9149,1.25,0.0,7.3283,0.2805,0.0524
14.975,-0.8834,1.25,0.0,7.3493,0.2816,0.0524
15.025,-0.8624,1.25,0.0,7.3793,0.2831,0.0526
15.075,-0.8309,1.25,0.0,7.3987,0.2842,0.0526
15.125,-0.8099,1.25,0.0,7.4302,0.2858,0.0527
15.175,-0.7889,1.25,0.0,7.4512,0.2869,0.0528
15.226,-0.7574,1.25,0.0,7.4781,0.2884,0.0528
15.276,-0.7364,1.25,0.0,7.4991,0.2895,0.0529
15.326,-0.7049,1.25,0.0,7.529,0.291,0.053
15.376,-0.6839,1.25,0.0,7.5485,0.2921,0.0531
15.427,-0.6629,1.25,0.0,7.5785,0.2937,0.0532
15.477,-0.6314,1.25,0.0,7.598,0.2947,0.0533
15.527,-0.6104,1.25,0.0,7.6294,0.2964,0.0534
15.577,-0.5789,1.25,0.0,7.6504,0.2975,0.0535
15.627,-0.5579,1.25,0.0,7.6818,0.2992,0.0536
15.678,-0.5369,1.25,0.0,7.6983,0.3001,0.0536
15.728,-0.5054,1.25,0.0,7.7283,0.3017,0.0537
15.778,-0.4844,1.25,0.0,7.7477,0.3027,0.0538
15.829,-0.4634,1.25,0.0,7.7777,0.3044,0.054
15.879,-0.4319,1.25,0.0,7.7987,0.3055,0.054
15.929,-0.4109,1.25,0.0,7.8286,0.3071,0.0541
15.979,-0.3794,1.25,0.0,7.8496,0.3082,0.0542
16.03,-0.3584,1.25,0.0,7.881,0.31,0.0543
16.08,-0.3374,1.25,0.0,7.8975,0.3109,0.0544
16.13,-0.3059,1.25,0.0,7.9275,0.3125,0.0545
16.18,-0.2849,1.25,0.0,7.9484,0.3136,0.0546
16.231,-0.2534,1.25,0.0,7.9784,0.3153,0.0547
16.281,-0.2324,1.25,0.0,7.9979,0.3163,0.0548
16.331,-0.2114,1.25,0.0,8.0278,0.318,0.0549
16.381,-0.1799,1.25,0.0,8.0488,0.3191,0.055
16.431,-0.1589,1.25,0.0,8.0802,0.3209,0.0552
16.482,-0.1274,1.25,0.0,8.1072,0.3224,0.0553
16.532,-0.1064,1.25,0.0,8.1282,0.3235,0.0554
16.582,-0.0854,1.25,0.0,8.1476,0.3246,0.0555
16.632,-0.0539,1.25,0.0,8.1776,0.3263,0.0556
16.682,-0.0329,1.25,0.0,8.2075,0.3279,0.0557
16.733,-0.0119,1.25,0.0,8.227,0.329,0.0557
16.783,0.0196,1.25,0.0,8.2585,0.3308,0.0558
16.833,0.0406,1.25,0.0,8.2794,0.332,0.0559
16.883,0.0721,1.25,0.0,8.3004,0.3331,0.056
16.933,0.0931,1.25,0.0,8.3274,0.3346,0.0561
16.984,0.1141,1.25,0.0,8.3573,0.3363,0.0562
17.034,0.1456,1.25,0.0,8.3768,0.3374,0.0563
17.084,0.1666,1.25,0.0,8.3977,0.3386,0.0564
17.135,0.1876,1.25,0.0,8.4277,0.3403,0.0565
17.185,0.2191,1.25,0.0,8.4472,0.3414,0.0566
17.235,0.2401,1.25,0.0,8.4786,0.3432,0.0568
17.286,0.2716,1.25,0.0,8.4996,0.3444,0.0568
17.336,0.2926,1.25,0.0,8.5265,0.3459,0.057
17.386,0.3136,1.25,0.0,8.5565,0.3476,0.0571
17.437,0.3451,1.25,0.0,8.5775,0.3488,0.0572
17.487,0.3661,1.25,0.0,8.5969,0.3499,0.0573
17.537,0.3976,1.25,0.0,8.6269,0.3517,0.0574
17.588,0.4186,1.25,0.0,8.6463,0.3528,0.0575
17.638,0.4396,1.25,0.0,8.6778,0.3546,0.0576
17.688,0.4711,1.25,0.0,8.6988,0.3558,0.0576
17.738,0.4921,1.25,0.0,8.7302,0.3576,0.0578
17.789,0.5131,1.25,0.0,8.7467,0.3586,0.0578
17.839,0.5446,1.25,0.0,8.7766,0.3603,0.0579
17.889,0.5656,1.25,0.0,8.7961,0.3614,0.058
17.94,0.5971,1.25,0.0,8.826,0.3632,0.0581
17.99,0.6181,1.25,0.0,8.856,0.3649,0.0582
18.04,0.6391,1.25,0.0,8.877,0.3661,0.0583
18.09,0.6706,1.25,0.0,8.8979,0.3674,0.0584
18.141,0.6916,1.25,0.0,8.9294,0.3692,0.0586
18.191,0.7126,1.25,0.0,8.9458,0.3702,0.0586
18.241,0.7441,1.25,0.0,8.9758,0.3719,0.0587
18.291,0.7651,1.25,0.0,9.0057,0.3737,0.0588
18.342,0.7966,1.25,0.0,9.0267,0.3749,0.0589
18.392,0.8176,1.25,0.0,9.0566,0.3767,0.0591
18.442,0.8491,1.25,0.0,9.0761,0.3778,0.0591
18.492,0.8701,1.25,0.0,9.1076,0.3797,0.0593
18.542,0.8911,1.25,0.0,9.1285,0.3809,0.0594
18.593,0.9226,1.25,0.0,9.1555,0.3825,0.0595
18.643,0.9436,1.25,0.0,9.1764,0.3838,0.0595
18.693,0.9751,1.25,0.0,9.2064,0.3856,0.0596
18.743,0.9961,1.25,0.0,9.2258,0.3867,0.0597
18.794,1.0171,1.25,0.0,9.2558,0.3885,0.0598
18.844,1.0486,1.25,0.0,9.2753,0.3897,0.0598
18.894,1.0696,1.25,0.0,9.3067,0.3916,0.0599
18.944,1.1011,1.25,0.0,9.3277,0.3928,0.06
18.994,1.1221,1.25,0.0,9.3591,0.3947,0.0601
19.045,1.1431,1.25,0.0,9.3756,0.3957,0.0602
19.095,1.1746,1.25,0.0,9.4055,0.3975,0.0603
19.145,1.1956,1.25,0.0,9.425,0.3987,0.0603
19.195,1.2166,1.25,0.0,9.4549,0.4005,0.0605
19.246,1.2481,1.25,0.0,9.4759,0.4018,0.0605
19.296,1.2691,1.25,0.0,9.5058,0.4036,0.0606
19.346,1.3006,1.25,0.0,9.5268,0.4049,0.0607
19.396,1.3216,1.25,0.0,9.5553,0.4066,0.0608
19.447,1.3426,1.25,0.0,9.5747,0.4078,0.0609
19.497,1.3741,1.25,0.0,9.6047,0.4096,0.061
19.547,1.3951,1.25,0.0,9.6256,0.4109,0.0611
19.597,1.4161,1.25,0.0,9.6451,0.4121,0.0611
19.648,1.4476,1.25,0.0,9.675,0.4139,0.0613
19.698,1.4686,1.25,0.0,9.705,0.4158,0.0614
19.748,1.5001,1.25,0.0,9.7259,0.4171,0.0615
19.799,1.5211,1.25,0.0,9.7574,0.419,0.0616
19.849,1.5421,1.25,0.0,9.7783,0.4203,0.0617
19.899,1.5631,1.25,0.0,9.7948,0.4213,0.0617
19.949,1.5946,1.25,0.0,9.8247,0.4232,0.0619
20.0,1.6156,1.25,0.0,9.8442,0.4244,0.0619
20.05,1.6471,1.25,0.0,9.8741,0.4262,0.0621
20.1,1.6681,1.25,0.0,9.8951,0.4275,0.0621
20.152,1.6996,1.25,0.0,9.9251,0.4294,0.0623
20.202,1.7206,1.25,0.0,9.9565,0.4313,0.0624
20.253,1.7416,1.25,0.0,9.9774,0.4327,0.0625
20.303,1.7731,1.25,0.0,10.0044,0.4343,0.0626
20.353,1.7941,1.25,0.0,10.0239,0.4356,0.0627
20.403,1.8256,1.25,0.0,10.0538,0.4374,0.0628
20.456,1.8466,1.25,0.0,10.0748,0.4388,0.0629
20.507,1.8676,1.25,0.0,10.1047,0.4407,0.063
20.557,1.8991,1.25,0.0,10.1242,0.4419,0.0631
20.608,1.9201,1.25,0.0,10.1556,0.4439,0.0632
20.658,1.9411,1.25,0.0,10.1766,0.4452,0.0633
20.709,1.9726,1.25,0.0,10.2035,0.4469,0.0634
20.759,1.9936,1.25,0.0,10.2245,0.4482,0.0635
20.81,2.0146,1.25,0.0,10.2439,0.4495,0.0635
20.861,2.0461,1.25,0.0,10.2783,0.4517,0.0637
20.911,2.0671,1.25,0.0,10.2933,0.4526,0.0638
20.961,2.0986,1.25,0.0,10.3233,0.4545,0.0638
21.012,2.1196,1.25,0.0,10.3547,0.4565,0.0639
21.064,2.1406,1.25,0.0,10.3757,0.4579,0.064
21.114,2.1721,1.25,0.0,10.4071,0.4599,0.0641
21.164,2.1931,1.25,0.0,10.4236,0.461,0.0642
21.214,2.2246,1.25,0.0,10.4535,0.4629,0.0643
21.264,2.2456,1.25,0.0,10.4729,0.4641,0.0644
21.315,2.2666,1.25,0.0,10.5029,0.4661,0.0645
21.365,2.2981,1.25,0.0,10.5238,0.4674,0.0646
21.415,2.3191,1.25,0.0,10.5538,0.4694,0.0647
21.466,2.3401,1.25,0.0,10.5747,0.4707,0.0648
21.516,2.3716,1.25,0.0,10.6062,0.4728,0.0648
21.566,2.3926,1.25,0.0,10.6226,0.4738,0.0649
21.616,2.4241,1.25,0.0,10.6526,0.4758,0.065
21.667,2.4451,1.25,0.0,10.6735,0.4771,0.0651
21.717,2.4661,1.25,0.0,10.7035,0.4791,0.0652
21.768,2.4976,1.25,0.0,10.7229,0.4804,0.0653
21.818,2.5186,1.25,0.0,10.7529,0.4823,0.0654
21.869,2.5501,1.25,0.0,10.7738,0.4837,0.0655
21.919,2.5711,1.25,0.0,10.8052,0.4858,0.0656
21.971,2.6026,1.25,0.0,10.8262,0.4871,0.0657
22.022,2.6236,1.25,0.0,10.8531,0.4889,0.0658
22.072,2.6446,1.25,0.0,10.8726,0.4902,0.0659
22.122,2.6761,1.25,0.0,10.9025,0.4922,0.066
22.172,2.6971,1.25,0.0,10.9325,0.4942,0.0661
22.223,2.7286,1.25,0.0,10.9519,0.4954,0.0662
22.273,2.7496,1.25,0.0,10.9729,0.4968,0.0663
22.323,2.7706,1.25,0.0,11.0043,0.4989,0.0664
22.373,2.8021,1.25,0.0,11.0223,0.5001,0.0665
22.424,2.8231,1.25,0.0,11.0522,0.5021,0.0666
22.474,2.8441,1.25,0.0,11.0717,0.5034,0.0667
22.524,2.8756,1.25,0.0,11.1016,0.5054,0.0668
22.574,2.8966,1.25,0.0,11.1225,0.5068,0.0669
22.625,2.9176,1.25,0.0,11.1525,0.5088,0.067
22.675,2.9491,1.25,0.0,11.1719,0.5101,0.0671
22.725,2.9701,1.25,0.0,11.2034,0.5122,0.0672
22.775,3.0016,1.25,0.0,11.2213,0.5135,0.0672
22.825,3.0226,1.25,0.0,11.2513,0.5155,0.0673
22.876,3.0436,1.25,0.0,11.2812,0.5175,0.0675
22.926,3.0751,1.25,0.0,11.3021,0.5189,0.0676
22.976,3.0961,1.25,0.0,11.3216,0.5202,0.0676
23.027,3.1171,1.25,0.0,11.3515,0.5223,0.0677
23.077,3.1486,1.25,0.0,11.371,0.5236,0.0678
23.127,3.1696,1.25,0.0,11.4024,0.5257,0.0679
23.178,3.2011,1.25,0.0,11.4234,0.5271,0.068
23.229,3.2221,1.25,0.0,11.4548,0.5293,0.0681
23.279,3.2431,1.25,0.0,11.4713,0.5304,0.0682
23.329,3.2746,1.25,0.0,11.5012,0.5324,0.0683
23.38,3.2956,1.25,0.0,11.5206,0.5338,0.0684
23.43,3.3271,1.25,0.0,11.5506,0.5358,0.0685
23.48,3.3481,1.25,0.0,11.576,0.5376,0.0686
23.531,3.3691,1.25,0.0,11.6014,0.5393,0.0687
23.581,3.3901,1.25,0.0,11.6224,0.5408,0.0687
23.631,3.4216,1.25,0.0,11.6508,0.5427,0.0689
23.682,3.4426,1.25,0.0,11.6703,0.5441,0.0689
23.732,3.4636,1.25,0.0,11.6912,0.5455,0.069
23.783,3.4951,1.25,0.0,11.7212,0.5476,0.0692
23.833,3.5161,1.25,0.0,11.7406,0.5489,0.0692
23.884,3.5476,1.25,0.0,11.7705,0.551,0.0694
23.934,3.5686,1.25,0.0,11.79,0.5524,0.0694
23.984,3.5896,1.25,0.0,11.8214,0.5545,0.0696
24.034,3.6211,1.25,0.0,11.8424,0.556,0.0697
24.085,3.6421,1.25,0.0,11.8738,0.5582,0.0698
24.135,3.6631,1.25,0.0,11.8903,0.5593,0.0698
24.185,3.6946,1.25,0.0,11.9202,0.5614,0.0699
24.236,3.7156,1.25,0.0,11.9396,0.5628,0.07
24.292,3.7471,1.25,0.0,11.9696,0.5649,0.0701
24.342,3.7681,1.25,0.0,11.9995,0.567,0.0703
24.393,3.7996,1.25,0.0,12.0204,0.5685,0.0704
24.443,3.8206,1.25,0.0,12.0414,0.57,0.0705
24.493,3.8416,1.25,0.0,12.0728,0.5722,0.0706
24.543,3.8731,1.25,0.0,12.0997,0.5741,0.0707
24.594,3.8941,1.25,0.0,12.1192,0.5755,0.0707
24.644,3.9256,1.25,0.0,12.1491,0.5776,0.0709
24.695,3.9466,1.25,0.0,12.1701,0.5791,0.0709
24.745,3.9676,1.25,0.0,12.2,0.5812,0.071
24.795,3.9991,1.25,0.0,12.2194,0.5826,0.0711
24.846,4.0201,1.25,0.0,12.2509,0.5848,0.0713
24.896,4.0516,1.25,0.0,12.2718,0.5863,0.0713
24.947,4.0726,1.25,0.0,12.2987,0.5883,0.0714
24.997,4.0936,1.25,0.0,12.3197,0.5898,0.0715
25.047,4.1251,1.25,0.0,12.3496,0.5919,0.0716
25.098,4.1461,1.25,0.0,12.3691,0.5933,0.0716
25.148,4.1776,1.25,0.0,12.399,0.5954,0.0718
25.199,4.1986,1.25,0.0,12.4184,0.5968,0.0718
25.25,4.2196,1.25,0.0,12.4498,0.5991,0.0719
25.301,4.2511,1.25,0.0,12.4813,0.6014,0.0721
25.351,4.2721,1.25,0.0,12.5022,0.6029,0.0722
25.402,4.3036,1.25,0.0,12.5291,0.6048,0.0722
25.452,4.3246,1.25,0.0,12.5486,0.6062,0.0723
25.502,4.3456,1.25,0.0,12.568,0.6076,0.0724
25.553,4.3771,1.25,0.0,12.598,0.6098,0.0725
25.603,4.3981,1.25,0.0,12.6279,0.612,0.0726
25.654,4.4296,1.25,0.0,12.6488,0.6135,0.0727
25.705,4.4506,1.25,0.0,12.6698,0.615,0.0728
25.755,4.4716,1.25,0.0,12.6982,0.6171,0.0729
25.806,4.5031,1.25,0.0,12.7281,0.6193,0.073
25.856,4.5241,1.25,0.0,12.7476,0.6207,0.0731
25.907,4.5556,1.25,0.0,12.7775,0.6229,0.0732
25.957,4.5766,1.25,0.0,12.7984,0.6245,0.0733
26.007,4.5976,1.25,0.0,12.8283,0.6267,0.0734
26.058,4.6186,1.25,0.0,12.8478,0.6281,0.0735
26.108,4.6501,1.25,0.0,12.8687,0.6296,0.0736
26.158,4.6711,1.25,0.0,12.9001,0.6319,0.0737
26.209,4.7026,1.25,0.0,12.9181,0.6333,0.0738
26.26,4.7236,1.25,0.0,12.948,0.6355,0.0739
26.31,4.7446,1.25,0.0,12.9675,0.6369,0.074
26.36,4.7656,1.25,0.0,12.9869,0.6384,0.0741
26.41,4.7971,1.25,0.0,13.0168,0.6406,0.0742
26.461,4.8181,1.25,0.0,13.0378,0.6421,0.0743
26.511,4.8391,1.25,0.0,13.0677,0.6444,0.0744
26.562,4.8706,1.25,0.0,13.0886,0.6459,0.0745
26.612,4.8916,1.25,0.0,13.12,0.6483,0.0746
26.662,4.9126,1.25,0.0,13.1365,0.6495,0.0747
26.713,4.9441,1.25,0.0,13.1664,0.6517,0.0748
26.763,4.9651,1.25,0.0,13.1874,0.6533,0.0749
26.813,4.9861,1.25,0.0,13.2173,0.6556,0.075
26.863,5.0176,1.25,0.0,13.2367,0.657,0.0751
26.914,5.0386,1.25,0.0,13.2562,0.6585,0.0751
26.964,5.0596,1.25,0.0,13.2861,0.6607,0.0752
27.015,5.0911,1.25,0.0,13.3085,0.6624,0.0753
27.066,5.1121,1.25,0.0,13.3369,0.6646,0.0754
27.116,5.1331,1.25,0.0,13.3564,0.666,0.0755
27.166,5.1646,1.25,0.0,13.3758,0.6675,0.0756
27.216,5.1856,1.25,0.0,13.4057,0.6698,0.0757
27.266,5.2066,1.25,0.0,13.4267,0.6714,0.0758
27.317,5.2381,1.25,0.0,13.4566,0.6736,0.0759
27.368,5.2591,1.25,0.0,13.4865,0.6759,0.0761
27.418,5.2801,1.25,0.0,13.5074,0.6775,0.0762
27.469,5.3116,1.25,0.0,13.5284,0.6791,0.0763
27.519,5.3326,1.25,0.0,13.5553,0.6812,0.0763
27.569,5.3536,1.25,0.0,13.5762,0.6828,0.0764
27.619,5.3851,1.25,0.0,13.6062,0.6851,0.0765
27.671,5.4061,1.25,0.0,13.6256,0.6866,0.0765
27.721,5.4356,1.25,0.0,13.6497,0.6884,0.0767
27.771,5.4466,1.25,0.0047,13.6564,0.6889,0.0798
27.822,5.4537,1.2501,0.0239,13.6666,0.6899,0.1085
27.877,5.4631,1.2505,0.0573,13.6761,0.6911,0.1421
27.927,5.4693,1.2509,0.0798,13.6824,0.692,0.1647
27.977,5.4755,1.2514,0.1023,13.6872,0.6928,0.1824
28.029,5.4847,1.2525,0.1363,13.6961,0.6946,0.2149
28.079,5.4908,1.2534,0.1591,13.7018,0.6959,0.2362
28.13,5.4968,1.2545,0.1821,13.7105,0.6981,0.2691
28.181,5.5059,1.2563,0.2164,13.7166,0.6998,0.2921
28.232,5.5119,1.2577,0.2391,13.7252,0.7025,0.3247
28.283,5.5208,1.26,0.2731,13.7311,0.7046,0.3474
28.333,5.5268,1.2617,0.2956,13.74,0.7079,0.3813
28.383,5.5357,1.2646,0.3292,13.7445,0.7097,0.399
28.434,5.5416,1.2667,0.3515,13.7528,0.7133,0.431
28.484,5.5475,1.2689,0.3737,13.7585,0.716,0.4533
28.534,5.5563,1.2725,0.4071,13.7665,0.72,0.4851
28.585,5.562,1.2751,0.4293,13.7717,0.7228,0.5058
28.635,5.5677,1.2778,0.4515,13.7795,0.7273,0.5377
28.685,5.5762,1.282,0.4849,13.7849,0.7305,0.56
28.736,5.5818,1.285,0.5073,13.792,0.7351,0.5906
28.786,5.5901,1.2896,0.5414,13.798,0.7392,0.6167
28.836,5.5957,1.2928,0.5646,13.8046,0.7439,0.6467
28.886,5.6013,1.2961,0.5884,13.8092,0.7475,0.6689
28.937,5.6099,1.3013,0.6252,13.8164,0.7534,0.7041
28.987,5.6158,1.305,0.6505,13.8213,0.7576,0.7276
29.037,5.6218,1.3092,0.676,13.8293,0.7648,0.7643
29.087,5.6311,1.3163,0.715,13.8349,0.7703,0.7904
29.138,5.6375,1.3216,0.7414,13.8407,0.7762,0.8169
29.188,5.644,1.3274,0.768,13.8498,0.7861,0.8569
29.238,5.6505,1.3337,0.7949,13.8545,0.7916,0.8781
29.289,5.6605,1.3441,0.8354,13.8634,0.8026,0.9168
29.339,5.6672,1.3516,0.8625,13.8696,0.8109,0.944
29.389,5.6774,1.3639,0.9021,13.8787,0.8238,0.9818
29.439,5.6841,1.3725,0.928,13.8845,0.8327,1.006
29.49,5.6909,1.3817,0.9532,13.8936,0.8474,1.0421
29.54,5.7009,1.3964,0.991,13.8998,0.8583,1.0674
29.59,5.7076,1.4069,1.0162,13.9091,0.8757,1.1053
29.64,5.7142,1.4179,1.0414,13.9151,0.8879,1.1306
29.691,5.7241,1.4354,1.0792,13.9197,0.8978,1.1505
29.741,5.7305,1.4477,1.1037,13.9279,0.9168,1.1858
29.791,5.7368,1.4607,1.1264,13.9358,0.937,1.2175
29.841,5.7462,1.4811,1.1576,13.9407,0.9505,1.2366
29.892,5.7522,1.4953,1.1768,13.9479,0.9722,1.2637
29.942,5.7612,1.5176,1.2027,13.9528,0.9879,1.2809
29.992,5.767,1.5329,1.2186,13.9575,1.004,1.2971
30.042,5.7727,1.5487,1.2335,13.9645,1.03,1.3204
30.094,5.781,1.5732,1.2547,13.9676,1.0421,1.3306
30.144,5.7864,1.59,1.2684,13.9734,1.0667,1.3503
30.194,5.7917,1.6073,1.2814,13.9788,1.0919,1.3687
30.245,5.7993,1.6337,1.2994,13.9824,1.1098,1.3804
30.295,5.8042,1.6516,1.3102,13.9856,1.1267,1.3907
30.346,5.8089,1.6697,1.32,13.9903,1.1531,1.4047
30.397,5.8158,1.6974,1.3334,13.9933,1.1718,1.4136
30.447,5.8203,1.7161,1.3414,13.9977,1.2002,1.4257
30.498,5.8267,1.7444,1.3519,14.0,1.2166,1.4318
30.548,5.8309,1.7636,1.3582,14.0025,1.2345,1.438
30.598,5.835,1.7828,1.364,14.0061,1.2623,1.4464
30.649,5.839,1.8022,1.3693,14.0083,1.2805,1.4514
30.699,5.843,1.8216,1.3744,14.0116,1.3087,1.4585
30.75,5.8487,1.8509,1.3809,14.0138,1.3285,1.4628
30.8,5.8524,1.8705,1.3846,14.0168,1.357,1.4682
30.851,5.8579,1.9,1.3896,14.0189,1.377,1.4716
30.902,5.8615,1.9198,1.3927,14.0218,1.4071,1.4763
30.954,5.8651,1.9397,1.3955,14.0233,1.423,1.4786
31.004,5.8703,1.9696,1.3994,14.0259,1.4519,1.4824
31.054,5.8737,1.9896,1.4018,14.0277,1.4722,1.4848
31.105,5.8771,2.0097,1.404,14.0293,1.4911,1.487
31.156,5.8805,2.0298,1.4061,14.0317,1.5202,1.49
31.206,5.8855,2.06,1.409,14.0332,1.5392,1.4918
31.257,5.8888,2.0803,1.4109,14.0356,1.5699,1.4948
31.307,5.892,2.1006,1.4127,14.0372,1.5904,1.4967
31.357,5.8969,2.1312,1.4153,14.0387,1.611,1.4985
31.407,5.9001,2.1516,1.4169,14.0406,1.6375,1.5006
31.458,5.9048,2.1822,1.4189,14.0426,1.667,1.5027
31.508,5.9079,2.2027,1.4202,14.0439,1.6861,1.5039
31.559,5.911,2.2232,1.4213,14.0459,1.7157,1.5056
31.611,5.9156,2.254,1.4228,14.0472,1.7364,1.5067
31.661,5.9187,2.2746,1.4236,14.0491,1.7661,1.508
31.711,5.9232,2.3055,1.4247,14.0504,1.7868,1.5088
31.761,5.9263,2.3262,1.4254,14.0523,1.818,1.5099
31.812,5.9293,2.3468,1.426,14.0533,1.8344,1.5104
31.863,5.9323,2.3674,1.4266,14.0551,1.8641,1.5113
31.913,5.9368,2.3984,1.4273,14.0563,1.8849,1.5119
31.964,5.9398,2.419,1.4278,14.0574,1.9043,1.5125
32.014,5.9442,2.45,1.4285,14.0592,1.934,1.5132
32.065,5.9472,2.4707,1.4289,14.0603,1.9534,1.5137
32.116,5.9501,2.4914,1.4293,14.062,1.9832,1.5144
32.166,5.9545,2.5224,1.4299,14.0632,2.0056,1.5149
32.217,5.9575,2.5431,1.4302,14.065,2.0369,1.5155
32.268,5.9604,2.5638,1.4305,14.0659,2.0533,1.5158
32.32,5.9648,2.5949,1.4309,14.0675,2.0832,1.5164
32.37,5.9677,2.6156,1.4312,14.0686,2.1026,1.5167
32.42,5.972,2.6467,1.4316,14.0702,2.1324,1.5172
32.471,5.9749,2.6674,1.4319,14.0713,2.1533,1.5176
32.521,5.9793,2.6986,1.4322,14.0729,2.1832,1.5181
32.573,5.9822,2.7193,1.4324,14.0745,2.2146,1.5185
32.623,5.9851,2.7401,1.4326,14.0756,2.2355,1.5187
32.674,5.9894,2.7712,1.4329,14.077,2.2625,1.519
32.725,5.9923,2.792,1.433,14.078,2.2819,1.5193
32.775,5.9952,2.8127,1.4331,14.0796,2.3118,1.5195
32.826,5.9995,2.8439,1.4333,14.0806,2.3328,1.5197
32.877,6.0023,2.8647,1.4334,14.0822,2.3627,1.52
32.927,6.0067,2.8959,1.4335,14.0832,2.3821,1.5202
32.977,6.0095,2.9166,1.4336,14.0847,2.4136,1.5205
33.028,6.0124,2.9374,1.4337,14.0856,2.4315,1.5206
33.078,6.0167,2.9686,1.4338,14.0871,2.4615,1.5208
33.129,6.0196,2.9894,1.4339,14.0882,2.4824,1.521
33.179,6.0239,3.0206,1.434,14.0897,2.5124,1.5212
33.229,6.0267,3.0413,1.434,14.0906,2.5318,1.5213
33.28,6.0296,3.0621,1.4341,14.0921,2.5618,1.5215
33.33,6.0339,3.0933,1.4342,14.0931,2.5812,1.5217
33.381,6.0367,3.1141,1.4342,14.0946,2.6127,1.5218
33.431,6.041,3.1453,1.4343,14.0957,2.6336,1.5219
33.482,6.0439,3.1661,1.4343,14.097,2.6621,1.5221
33.533,6.0467,3.1869,1.4344,14.098,2.6816,1.5222
33.583,6.051,3.2181,1.4344,14.0995,2.7115,1.5224
33.633,6.0539,3.2389,1.4344,14.1004,2.731,1.5225
33.684,6.0581,3.2701,1.4345,14.1018,2.7609,1.5227
33.734,6.061,3.2909,1.4345,14.1033,2.7909,1.5228
33.784,6.0653,3.3221,1.4346,14.1043,2.8118,1.523
33.834,6.0681,3.3429,1.4346,14.1053,2.8328,1.5231
33.885,6.071,3.3637,1.4346,14.1068,2.8643,1.5232
33.935,6.0752,3.3949,1.4346,14.1076,2.8808,1.5233
33.985,6.0781,3.4157,1.4346,14.109,2.9107,1.5235
34.037,6.0809,3.4365,1.4347,14.11,2.9317,1.5235
34.087,6.0852,3.4677,1.4347,14.1114,2.9617,1.5237
34.138,6.0881,3.4885,1.4347,14.1123,2.9811,1.5238
34.19,6.0923,3.5197,1.4347,14.1137,3.0111,1.524
34.241,6.0952,3.5405,1.4347,14.1152,3.0425,1.5241
34.291,6.098,3.5613,1.4347,14.1162,3.0635,1.5242
34.341,6.1023,3.5925,1.4347,14.1172,3.0845,1.5243
34.392,6.1052,3.6133,1.4347,14.1184,3.1115,1.5244
34.442,6.1094,3.6445,1.4348,14.1193,3.1309,1.5244
34.492,6.1123,3.6653,1.4348,14.1207,3.1609,1.5246
34.543,6.1151,3.6861,1.4348,14.1216,3.1804,1.5247
34.593,6.1194,3.7173,1.4348,14.123,3.2104,1.5248
34.644,6.1222,3.7381,1.4348,14.1244,3.2418,1.5249
34.694,6.1265,3.7693,1.4348,14.1254,3.2628,1.525
34.747,6.1294,3.7901,1.4348,14.1268,3.2943,1.5251
34.798,6.1322,3.8109,1.4348,14.1276,3.3107,1.5252
34.848,6.1365,3.8422,1.4348,14.1289,3.3407,1.5253
34.899,6.1393,3.863,1.4348,14.1298,3.3602,1.5254
34.949,6.1422,3.8838,1.4348,14.1308,3.3812,1.5255
35.0,6.145,3.9046,1.4348,14.1321,3.4111,1.5256
35.051,6.1493,3.9358,1.4348,14.133,3.4306,1.5257
35.101,6.1521,3.9566,1.4348,14.1344,3.4606,1.5258
35.152,6.1564,3.9878,1.4348,14.1354,3.4831,1.5259
35.202,6.1592,4.0086,1.4348,14.1366,3.51,1.526
35.252,6.1621,4.0294,1.4348,14.1375,3.531,1.5261
35.304,6.1649,4.0502,1.4348,14.1384,3.5505,1.5261
35.355,6.1692,4.0814,1.4348,14.1397,3.5805,1.5263
35.407,6.1721,4.1022,1.4348,14.1411,3.6104,1.5264
35.457,6.1763,4.1334,1.4348,14.1419,3.6299,1.5265
35.508,6.1792,4.1542,1.4348,14.1433,3.6614,1.5266
35.558,6.182,4.175,1.4349,14.1443,3.6824,1.5266
35.61,6.1863,4.2063,1.4349,14.1452,3.7033,1.5267
35.66,6.1891,4.2271,1.4349,14.1464,3.7303,1.5268
35.711,6.192,4.2479,1.4349,14.1472,3.7498,1.5269
35.761,6.1962,4.2791,1.4349,14.1486,3.7798,1.527
35.811,6.1991,4.2999,1.4349,14.1499,3.8097,1.5271
35.861,6.2034,4.3311,1.4349,14.1508,3.8307,1.5272
35.912,6.2062,4.3519,1.4349,14.1516,3.8502,1.5272
35.964,6.2091,4.3727,1.4349,14.153,3.8817,1.5274
36.014,6.2133,4.4039,1.4349,14.1544,3.9131,1.5275
36.065,6.2162,4.4247,1.4349,14.1551,3.9296,1.5276
36.116,6.2204,4.4559,1.4349,14.156,3.9506,1.5276
36.167,6.2233,4.4767,1.4349,14.1573,3.9806,1.5278
36.217,6.2261,4.4975,1.4349,14.1586,4.0105,1.5279
36.267,6.2304,4.5287,1.4349,14.1594,4.03,1.5279
36.318,6.2332,4.5496,1.4349,14.1607,4.06,1.528
36.368,6.2375,4.5808,1.4349,14.1616,4.081,1.5281
36.418,6.2404,4.6016,1.4349,14.1629,4.1124,1.5282
36.468,6.2432,4.6224,1.4349,14.1638,4.1334,1.5283
36.519,6.2475,4.6536,1.4349,14.165,4.1604,1.5284
36.569,6.2503,4.6744,1.4349,14.1658,4.1799,1.5285
36.619,6.2532,4.6952,1.4349,14.1666,4.1994,1.5286
36.669,6.2574,4.7264,1.4349,14.1679,4.2293,1.5287
36.72,6.2603,4.7472,1.4349,14.1691,4.2593,1.5289
36.77,6.2645,4.7784,1.4349,14.17,4.2803,1.5289
36.821,6.2674,4.7992,1.4349,14.1713,4.3118,1.529
36.871,6.2702,4.82,1.4349,14.1722,4.3328,1.5291
36.921,6.2745,4.8512,1.4349,14.1733,4.3597,1.5292
36.973,6.2774,4.872,1.4349,14.1742,4.3792,1.5293
37.023,6.2816,4.9033,1.4349,14.1754,4.4092,1.5294
37.073,6.2845,4.9241,1.4349,14.1763,4.4302,1.5295
37.123,6.2873,4.9449,1.4349,14.1775,4.4601,1.5296
37.174,6.2916,4.9761,1.4349,14.1783,4.4796,1.5297
37.224,6.2944,4.9969,1.4349,14.1796,4.5111,1.5298
37.274,6.2987,5.0281,1.4349,14.1805,4.5321,1.5299
37.325,6.3015,5.0489,1.4349,14.1816,4.5591,1.53
37.376,6.3044,5.0697,1.4349,14.1824,4.58,1.5301
37.427,6.3087,5.1009,1.4349,14.1836,4.61,1.5303
37.477,6.3115,5.1217,1.4349,14.1844,4.6295,1.5303
37.528,6.3143,5.1425,1.4349,14.1856,4.6595,1.5304
37.579,6.3186,5.1737,1.4349,14.1864,4.679,1.5305
37.629,6.3215,5.1945,1.4349,14.1877,4.7104,1.5306
37.679,6.3243,5.2154,1.4349,14.1885,4.7314,1.5307
37.729,6.3286,5.2466,1.4349,14.1898,4.7629,1.5308
37.78,6.3314,5.2674,1.4349,14.1904,4.7794,1.5309
37.83,6.3357,5.2986,1.4349,14.1916,4.8094,1.5311
37.88,6.3385,5.3194,1.4349,14.1924,4.8288,1.5311
37.932,6.3414,5.3402,1.4349,14.1932,4.8498,1.5312
37.983,6.3456,5.3714,1.4349,14.1944,4.8798,1.5313
38.033,6.3485,5.3922,1.4349,14.1954,4.9038,1.5314
38.083,6.3528,5.4234,1.4349,14.1964,4.9308,1.5315
38.134,6.3551,5.4431,1.4351,14.1973,4.9523,1.5326
38.185,6.3565,5.4545,1.4408,14.1975,4.9592,1.5398
38.235,6.3577,5.4644,1.4722,14.1977,4.968,1.571
38.285,6.3583,5.4704,1.4954,14.1976,4.9743,1.5943
38.335,6.3588,5.4791,1.5315,14.1972,4.9834,1.6289
38.386,6.359,5.4848,1.5564,14.1969,4.9892,1.6521
38.436,6.3591,5.4903,1.5818,14.196,4.9982,1.6885
38.487,6.3588,5.4988,1.6205,14.1952,5.0045,1.7144
38.537,6.3585,5.5046,1.6468,14.1937,5.0138,1.7541
38.587,6.3579,5.5104,1.6735,14.1925,5.02,1.7811
38.637,6.3568,5.5193,1.7146,14.1907,5.0278,1.8165
38.688,6.3559,5.5253,1.7427,14.1893,5.0335,1.8427
38.738,6.3541,5.5345,1.7858,14.1867,5.0421,1.8839
38.79,6.3527,5.5406,1.815,14.1849,5.0477,1.9111
38.841,6.3502,5.5497,1.8587,14.1817,5.0561,1.9528
38.891,6.3483,5.5557,1.8878,14.1781,5.0648,1.9966
38.941,6.3463,5.5617,1.9169,14.1754,5.0705,2.0258
38.991,6.3429,5.5705,1.9606,14.1726,5.0762,2.055
39.042,6.3404,5.5763,1.9897,14.1687,5.0832,2.0926
39.092,6.3378,5.582,2.0188,14.1658,5.0883,2.1197
39.142,6.3335,5.5904,2.0625,14.1609,5.0959,2.1614
39.192,6.3305,5.5959,2.0915,14.1574,5.1011,2.1905
39.243,6.3273,5.6013,2.1203,14.152,5.1083,2.2315
39.294,6.3223,5.6091,2.1628,14.1484,5.1129,2.2578
39.345,6.3189,5.614,2.1905,14.1423,5.1201,2.2994
39.395,6.3137,5.6211,2.2309,14.1381,5.1248,2.3263
39.445,6.3101,5.6256,2.2568,14.1325,5.1306,2.3599
39.496,6.3065,5.6298,2.2821,14.128,5.135,2.3852
39.546,6.3006,5.6365,2.3199,14.1199,5.1424,2.4267
39.596,6.2962,5.6411,2.3451,14.116,5.1458,2.4448
39.647,6.2912,5.646,2.3703,14.1074,5.1528,2.4809
39.697,6.2831,5.6537,2.4081,14.1014,5.1574,2.5044
39.748,6.2771,5.6589,2.4333,14.0908,5.165,2.5423
39.798,6.2672,5.6671,2.4711,14.0832,5.1702,2.5676
39.848,6.2601,5.6726,2.4963,14.0708,5.178,2.6056
39.899,6.2524,5.6783,2.5215,14.0639,5.182,2.6254
39.949,6.2399,5.6868,2.5593,14.0505,5.1894,2.6615
39.999,6.2311,5.6925,2.5845,14.0412,5.1942,2.685
40.049,6.2167,5.7011,2.6224,14.0259,5.2014,2.7212
40.099,6.2065,5.7069,2.6477,14.0147,5.2064,2.7466
40.15,6.1956,5.7127,2.6731,13.9975,5.2133,2.783
40.2,6.1784,5.7214,2.7114,13.985,5.2178,2.8086
40.25,6.1663,5.7273,2.7371,13.9651,5.2244,2.8472
40.301,6.1535,5.733,2.7628,13.9543,5.2276,2.8673
40.352,6.1329,5.7411,2.8001,13.9337,5.2331,2.9031
40.404,6.1185,5.7462,2.8242,13.9188,5.2366,2.927
40.454,6.1033,5.751,2.846,13.8964,5.2412,2.9574
40.505,6.0797,5.7579,2.8758,13.8814,5.2439,2.9761
40.556,6.0634,5.7622,2.8935,13.854,5.2481,3.0044
40.606,6.0467,5.7663,2.9093,13.8404,5.2499,3.0164
40.657,6.0211,5.7722,2.9306,13.8142,5.253,3.0372
40.709,6.0037,5.7759,2.9432,13.7963,5.2548,3.0492
40.759,5.9772,5.7811,2.959,13.7821,5.2561,3.0575
40.81,5.9592,5.7844,2.9684,13.7558,5.2581,3.0711
40.86,5.9409,5.7876,2.977,13.7385,5.2593,3.0791
40.91,5.9133,5.792,2.989,13.7196,5.2604,3.0873
40.962,5.8946,5.7948,2.9964,13.6925,5.2618,3.0982
41.013,5.8758,5.7975,3.0032,13.6651,5.2628,3.1079
41.065,5.8473,5.8013,3.0127,13.6361,5.2637,3.1173
41.115,5.8281,5.8038,3.0185,13.6166,5.2641,3.123
41.167,5.7991,5.8072,3.0264,13.5913,5.2645,3.1297
41.217,5.7796,5.8095,3.0313,13.573,5.2647,3.1344
41.268,5.7499,5.8126,3.0387,13.5446,5.2648,3.1416
41.318,5.7301,5.8146,3.0433,13.5246,5.2648,-3.137
41.369,5.7101,5.8166,3.0473,13.506,5.2647,-3.1331
41.42,5.69,5.8184,3.0511,13.4873,5.2645,-3.1294
41.47,5.6598,5.8211,3.0562,13.457,5.264,-3.1242
41.521,5.6395,5.8228,3.0593,13.4266,5.2634,-3.1195
41.571,5.6192,5.8245,3.0621,13.4062,5.263,-3.1167
41.621,5.5887,5.8268,3.0659,13.3901,5.2625,-3.1147
41.672,5.5683,5.8284,3.0682,13.3609,5.2617,-3.1112
41.722,5.5375,5.8306,3.0712,13.3316,5.2608,-3.1082
41.773,5.517,5.832,3.0731,13.3125,5.2601,-3.1065
41.823,5.4964,5.8334,3.0747,13.2831,5.2591,-3.1041
41.876,5.4655,5.8354,3.0766,13.2624,5.2583,-3.1027
41.927,5.4449,5.8368,3.0777,13.2285,5.2569,-3.1008
41.978,5.4139,5.8387,3.0791,13.2137,5.2563,-3.1001
42.029,5.3932,5.84,3.08,13.1841,5.2551,-3.0987
42.079,5.3725,5.8413,3.0809,13.1648,5.2542,-3.0979
42.129,5.3414,5.8432,3.082,13.1352,5.2529,-3.0967
42.18,5.3206,5.8444,3.0828,13.1144,5.252,-3.0958
42.23,5.2999,5.8456,3.0835,13.0847,5.2506,-3.0947
42.28,5.2687,5.8474,3.0846,13.0654,5.2497,-3.094
42.331,5.248,5.8486,3.0852,13.0342,5.2482,-3.0929
42.381,5.2167,5.8503,3.0862,13.0134,5.2471,-3.0921
42.431,5.1959,5.8515,3.0868,12.9866,5.2458,-3.0912
42.481,5.1751,5.8526,3.0873,12.9657,5.2447,-3.0906
42.532,5.1438,5.8543,3.0881,12.9359,5.2432,-3.0898
42.582,5.1229,5.8554,3.0885,12.9165,5.2422,-3.0893
42.632,5.102,5.8565,3.0889,12.8972,5.2412,-3.0889
42.684,5.0707,5.8582,3.0895,12.8673,5.2396,-3.0882
42.735,5.0498,5.8592,3.0898,12.836,5.2379,-3.0876
42.785,5.0184,5.8609,3.0903,12.8151,5.2368,-3.0872
42.836,4.9975,5.8619,3.0905,12.7867,5.2352,-3.0867
42.886,4.9766,5.863,3.0908,12.7673,5.2342,-3.0864
42.936,4.9452,5.8646,3.0911,12.7374,5.2325,-3.086
42.989,4.9243,5.8657,3.0913,12.718,5.2314,-3.0858
43.04,4.8929,5.8672,3.0915,12.6881,5.2297,-3.0854
43.09,4.872,5.8683,3.0916,12.6672,5.2286,-3.0852
43.14,4.851,5.8693,3.0917,12.6373,5.2269,-3.0849
43.192,4.8196,5.8709,3.0919,12.6163,5.2257,-3.0847
43.242,4.7987,5.8719,3.092,12.5879,5.2241,-3.0845
43.293,4.7672,5.8735,3.0921,12.5684,5.2229,-3.0843
43.343,4.7463,5.8745,3.0922,12.5385,5.2212,-3.0841
43.396,4.7253,5.8756,3.0923,12.5176,5.22,-3.0839
43.447,4.6939,5.8771,3.0924,12.4877,5.2183,-3.0836
43.497,4.673,5.8781,3.0925,12.4682,5.2172,-3.0835
43.547,4.652,5.8792,3.0926,12.4383,5.2154,-3.0833
43.597,4.6206,5.8807,3.0927,12.4174,5.2142,-3.0831
43.648,4.5996,5.8817,3.0928,12.3859,5.2123,-3.0829
43.698,4.5787,5.8828,3.0928,12.365,5.2111,-3.0828
43.748,4.5472,5.8843,3.0929,12.3485,5.2101,-3.0826
43.798,4.5262,5.8853,3.093,12.3186,5.2084,-3.0824
43.849,4.5053,5.8863,3.093,12.2991,5.2072,-3.0823
43.899,4.4738,5.8879,3.0931,12.2692,5.2054,-3.0821
43.949,4.4529,5.8889,3.0931,12.2393,5.2037,-3.082
43.999,4.4214,5.8904,3.0932,12.2183,5.2024,-3.0818
44.049,4.4004,5.8914,3.0932,12.1974,5.2011,-3.0817
44.1,4.3795,5.8924,3.0932,12.1689,5.1994,-3.0816
44.15,4.3585,5.8934,3.0932,12.1495,5.1983,-3.0815
44.2,4.3271,5.895,3.0933,12.1285,5.197,-3.0814
44.25,4.3061,5.896,3.0933,12.0986,5.1952,-3.0812
44.301,4.2851,5.897,3.0933,12.0686,5.1934,-3.0811
44.352,4.2537,5.8985,3.0933,12.0492,5.1922,-3.081
44.402,4.2327,5.8995,3.0933,12.0297,5.191,-3.0809
44.452,4.2117,5.9005,3.0933,11.9983,5.1891,-3.0808
44.503,4.1803,5.9021,3.0934,11.9773,5.1878,-3.0807
44.554,4.1593,5.9031,3.0934,11.9444,5.1858,-3.0806
44.604,4.1278,5.9046,3.0934,11.9189,5.1843,-3.0805
44.654,4.1068,5.9056,3.0934,11.8995,5.1831,-3.0804
44.704,4.0859,5.9066,3.0934,11.8695,5.1813,-3.0803
44.755,4.0544,5.9081,3.0934,11.8501,5.1801,-3.0802
44.805,4.0334,5.9091,3.0934,11.8201,5.1782,-3.0801
44.856,4.002,5.9107,3.0934,11.7992,5.1769,-3.08
44.906,3.981,5.9117,3.0934,11.7677,5.175,-3.0799
44.956,3.96,5.9127,3.0935,11.7468,5.1737,-3.0798
45.006,3.9286,5.9142,3.0935,11.7198,5.172,-3.0797
45.057,3.9076,5.9152,3.0935,11.7004,5.1708,-3.0796
45.107,3.8866,5.9162,3.0935,11.6704,5.169,-3.0795
45.157,3.8552,5.9177,3.0935,11.6495,5.1677,-3.0794
45.209,3.8342,5.9187,3.0935,11.63,5.1664,-3.0794
45.259,3.8132,5.9197,3.0935,11.6001,5.1646,-3.0793
45.309,3.7817,5.9213,3.0935,11.5791,5.1633,-3.0792
45.36,3.7608,5.9223,3.0935,11.5477,5.1613,-3.079
45.411,3.7293,5.9238,3.0935,11.5207,5.1596,-3.0789
45.461,3.7083,5.9248,3.0935,11.4998,5.1583,-3.0788
45.511,3.6874,5.9258,3.0935,11.4803,5.1571,-3.0787
45.562,3.6664,5.9268,3.0935,11.4504,5.1552,-3.0786
45.613,3.6349,5.9283,3.0935,11.4309,5.154,-3.0785
45.664,3.6035,5.9298,3.0935,11.401,5.1521,-3.0784
45.714,3.5825,5.9309,3.0935,11.3695,5.1501,-3.0783
45.764,3.5615,5.9319,3.0935,11.3486,5.1487,-3.0782
45.814,3.53,5.9334,3.0935,11.3276,5.1474,-3.0781
45.865,3.5091,5.9344,3.0935,11.3007,5.1457,-3.078
45.915,3.4881,5.9354,3.0935,11.2812,5.1445,-3.0779
45.966,3.4566,5.9369,3.0935,11.2513,5.1425,-3.0778
46.016,3.4357,5.9379,3.0935,11.2303,5.1412,-3.0777
46.067,3.4042,5.9394,3.0935,11.2004,5.1393,-3.0775
46.117,3.3832,5.9404,3.0935,11.1809,5.138,-3.0775
46.167,3.3622,5.9414,3.0935,11.1495,5.136,-3.0774
46.218,3.3413,5.9425,3.0935,11.1285,5.1347,-3.0773
46.269,3.3098,5.944,3.0935,11.1016,5.1329,-3.0772
46.319,3.2888,5.945,3.0935,11.0806,5.1316,-3.0771
46.369,3.2574,5.9465,3.0935,11.0507,5.1296,-3.077
46.42,3.2364,5.9475,3.0935,11.0312,5.1284,-3.0769
46.47,3.2154,5.9485,3.0935,11.0118,5.1271,-3.0768
46.52,3.1839,5.95,3.0935,10.9818,5.1252,-3.0767
46.571,3.163,5.951,3.0935,10.9504,5.1231,-3.0766
46.622,3.142,5.952,3.0935,10.9294,5.1218,-3.0765
46.673,3.1105,5.9536,3.0935,10.898,5.1197,-3.0764
46.723,3.0896,5.9546,3.0935,10.8815,5.1186,-3.0763
46.773,3.0581,5.9561,3.0935,10.8516,5.1167,-3.0762
46.824,3.0371,5.9571,3.0935,10.8321,5.1154,-3.0761
46.874,3.0161,5.9581,3.0935,10.8022,5.1134,-3.076
46.924,2.9952,5.9591,3.0935,10.7812,5.1121,-3.076
46.974,2.9637,5.9606,3.0935,10.7618,5.1108,-3.0759
47.024,2.9427,5.9616,3.0935,10.7304,5.1087,-3.0758
47.075,2.9113,5.9631,3.0935,10.7094,5.1073,-3.0756
47.125,2.8903,5.9642,3.0935,10.6825,5.1056,-3.0756
47.176,2.8588,5.9657,3.0935,10.6525,5.1036,-3.0755
47.226,2.8378,5.9667,3.0935,10.6316,5.1022,-3.0754
47.28,2.8169,5.9677,3.0935,10.6121,5.1009,-3.0753
47.33,2.7854,5.9692,3.0935,10.5822,5.0989,-3.0752
47.381,2.7644,5.9702,3.0935,10.5522,5.0969,-3.0751
47.431,2.7435,5.9712,3.0935,10.5313,5.0955,-3.075
47.481,2.712,5.9727,3.0935,10.5029,5.0936,-3.0748
47.531,2.691,5.9737,3.0935,10.4789,5.092,-3.0747
47.582,2.6596,5.9753,3.0935,10.4624,5.0909,-3.0747
47.633,2.6386,5.9763,3.0935,10.4325,5.0889,-3.0745
47.683,2.6176,5.9773,3.0935,10.4026,5.0869,-3.0744
47.733,2.5861,5.9788,3.0935,10.3831,5.0856,-3.0743
47.783,2.5652,5.9798,3.0935,10.3622,5.0842,-3.0743
47.834,2.5442,5.9808,3.0935,10.3322,5.0822,-3.0742
47.884,2.5127,5.9823,3.0935,10.3113,5.0807,-3.0741
47.935,2.4918,5.9833,3.0935,10.2799,5.0786,-3.0739
47.985,2.4603,5.9848,3.0935,10.2634,5.0775,-3.0739
48.036,2.4393,5.9858,3.0935,10.2335,5.0755,-3.0738
48.088,2.4183,5.9869,3.0935,10.2125,5.074,-3.0737
48.139,2.3869,5.9884,3.0935,10.1826,5.072,-3.0736
48.189,2.3659,5.9894,3.0935,10.1631,5.0707,-3.0735
48.239,2.3449,5.9904,3.0935,10.1332,5.0686,-3.0734
48.29,2.3135,5.9919,3.0935,10.1123,5.0672,-3.0733
48.34,2.2925,5.9929,3.0935,10.0838,5.0653,-3.0732
48.39,2.261,5.9944,3.0935,10.0629,5.0638,-3.0731
48.441,2.24,5.9954,3.0935,10.0434,5.0625,-3.0731
48.492,2.2191,5.9964,3.0935,10.0135,5.0604,-3.0729
48.542,2.1981,5.9974,3.0935,9.9836,5.0584,-3.0728
48.592,2.1666,5.999,3.0935,9.9641,5.057,-3.0727
48.647,2.1457,6.0,3.0935,9.9342,5.055,-3.0726
48.698,2.1142,6.0015,3.0935,9.9132,5.0535,-3.0725
48.748,2.0932,6.0025,3.0935,9.8818,5.0513,-3.0723
48.799,2.0722,6.0035,3.0935,9.8638,5.0501,-3.0723
48.849,2.0408,6.005,3.0935,9.8339,5.048,-3.0721
48.899,2.0198,6.006,3.0935,9.8145,5.0467,-3.0721
48.95,1.9883,6.0075,3.0935,9.7845,5.0446,-3.072
49.0,1.9674,6.0085,3.0935,9.7636,5.0431,-3.0718
49.05,1.9464,6.0096,3.0935,9.7337,5.041,-3.0718
49.1,1.9149,6.0111,3.0935,9.7097,5.0393,-3.0717
49.151,1.8939,6.0121,3.0935,9.6828,5.0375,-3.0716
49.201,1.873,6.0131,3.0935,9.6618,5.036,-3.0715
49.251,1.8415,6.0146,3.0935,9.6409,5.0345,-3.0714
49.301,1.8205,6.0156,3.0935,9.6139,5.0326,-3.0714
49.352,1.7996,6.0166,3.0935,9.5945,5.0313,-3.0713
49.402,1.7681,6.0181,3.0935,9.5646,5.0291,-3.0711
49.452,1.7471,6.0191,3.0935,9.5451,5.0278,-3.0711
49.503,1.7156,6.0207,3.0935,9.5152,5.0257,-3.071
49.553,1.6947,6.0217,3.0935,9.4942,5.0242,-3.0709
49.603,1.6737,6.0227,3.0935,9.4628,5.0219,-3.0707
49.654,1.6422,6.0242,3.0935,9.4419,5.0205,-3.0706
49.704,1.6213,6.0252,3.0935,9.4149,5.0185,-3.0705
49.754,1.6003,6.0262,3.0935,9.3955,5.0172,-3.0704
49.805,1.5688,6.0277,3.0935,9.3656,5.015,-3.0703
49.855,1.5478,6.0287,3.0935,9.3446,5.0135,-3.0702
49.905,1.5164,6.0302,3.0935,9.3147,5.0114,-3.0701
49.956,1.4954,6.0312,3.0935,9.2953,5.01,-3.07
50.006,1.4744,6.0323,3.0935,9.2638,5.0077,-3.0698
50.056,1.443,6.0338,3.0935,9.2429,5.0062,-3.0697
50.107,1.422,6.0348,3.0935,9.216,5.0043,-3.0697
50.157,1.401,6.0358,3.0935,9.195,5.0028,-3.0696
50.207,1.3695,6.0373,3.0935,9.1651,5.0006,-3.0695
50.257,1.3486,6.0383,3.0935,9.1456,4.9992,-3.0694
50.308,1.3276,6.0393,3.0935,9.1262,4.9978,-3.0693
50.358,1.2961,6.0408,3.0935,9.0963,4.9956,-3.0692
50.409,1.2752,6.0418,3.0935,9.0649,4.9933,-3.0691
50.459,1.2542,6.0429,3.0935,9.0439,4.9918,-3.0689
50.509,1.2227,6.0444,3.0935,9.023,4.9903,-3.0689
50.56,1.2017,6.0454,3.0935,8.996,4.9883,-3.0688
50.611,1.1703,6.0469,3.0935,8.9661,4.9862,-3.0686
50.661,1.1493,6.0479,3.0935,8.9467,4.9847,-3.0685
50.711,1.1283,6.0489,3.0935,8.9167,4.9825,-3.0684
50.761,1.0969,6.0504,3.0935,8.8958,4.981,-3.0684
50.812,1.0759,6.0514,3.0935,8.8659,4.9788,-3.0683
50.862,1.0444,6.0529,3.0935,8.8449,4.9773,-3.0682
50.912,1.0234,6.0539,3.0935,8.8165,4.9752,-3.0681
50.962,1.0025,6.055,3.0935,8.7971,4.9737,-3.068
51.013,0.971,6.0565,3.0935,8.7671,4.9715,-3.0679
51.063,0.95,6.0575,3.0935,8.7462,4.97,-3.0678
51.113,0.9186,6.059,3.0935,8.7163,4.9678,-3.0677
51.164,0.8976,6.06,3.0935,8.6968,4.9663,-3.0676
51.214,0.8766,6.061,3.0935,8.6669,4.9641,-3.0675
51.264,0.8452,6.0625,3.0935,8.646,4.9626,-3.0674
51.314,0.8242,6.0635,3.0935,8.6146,4.9602,-3.0673
51.365,0.8032,6.0645,3.0935,8.5936,4.9587,-3.0673
51.415,0.7717,6.0661,3.0935,8.5667,4.9567,-3.0672
51.466,0.7508,6.0671,3.0935,8.5473,4.9552,-3.0671
51.516,0.7298,6.0681,3.0935,8.5278,4.9538,-3.067
51.567,0.6983,6.0696,3.0935,8.4979,4.9515,-3.0669
51.618,0.6773,6.0706,3.0935,8.477,4.95,-3.0668
51.669,0.6564,6.0716,3.0935,8.447,4.9477,-3.0667
51.719,0.6249,6.0731,3.0935,8.4156,4.9454,-3.0665
51.77,0.6039,6.0741,3.0935,8.3947,4.9438,-3.0665
51.82,0.5725,6.0756,3.0935,8.3678,4.9418,-3.0664
51.87,0.5515,6.0766,3.0935,8.3483,4.9403,-3.0663
51.921,0.5305,6.0777,3.0935,8.3274,4.9387,-3.0662
51.971,0.4991,6.0792,3.0935,8.2975,4.9364,-3.0661
52.021,0.4781,6.0802,3.0935,8.278,4.935,-3.066
52.071,0.4571,6.0812,3.0935,8.2481,4.9327,-3.0659
52.122,0.4256,6.0827,3.0935,8.2272,4.9311,-3.0659
52.172,0.4047,6.0837,3.0935,8.1987,4.929,-3.0658
52.222,0.3837,6.0847,3.0935,8.1778,4.9274,-3.0657
52.272,0.3522,6.0862,3.0935,8.1479,4.9251,-3.0656
52.323,0.3312,6.0872,3.0935,8.1284,4.9236,-3.0655
52.373,0.3103,6.0883,3.0935,8.109,4.9221,-3.0654
52.424,0.2788,6.0898,3.0935,8.0791,4.9199,-3.0653
52.474,0.2578,6.0908,3.0935,8.0492,4.9176,-3.0652
52.525,0.2264,6.0923,3.0935,8.0282,4.916,-3.0651
52.575,0.2054,6.0933,3.0935,7.9968,4.9136,-3.065
52.625,0.1844,6.0943,3.0935,7.9759,4.9119,-3.0649
52.675,0.153,6.0958,3.0935,7.949,4.9099,-3.0648
52.726,0.132,6.0968,3.0935,7.9295,4.9084,-3.0647
52.776,0.1005,6.0983,3.0935,7.8996,4.9061,-3.0646
52.826,0.0795,6.0994,3.0935,7.8787,4.9045,-3.0645
52.876,0.0586,6.1004,3.0935,7.8488,4.9021,-3.0644
52.927,0.0271,6.1019,3.0935,7.8293,4.9006,-3.0643
52.977,0.0061,6.1029,3.0935,7.7979,4.8982,-3.0642
53.032,-0.0253,6.1044,3.0935,7.7665,4.8958,-3.0641
53.083,-0.0463,6.1054,3.0935,7.7501,4.8945,-3.0641
53.134,-0.0673,6.1064,3.0935,7.7202,4.8922,-3.0639
53.184,-0.0988,6.1079,3.0935,7.6947,4.8902,-3.0638
53.236,-0.1197,6.1089,3.0935,7.6798,4.889,-3.0638
53.286,-0.1512,6.1104,3.0935,7.6499,4.8867,-3.0637
53.336,-0.1722,6.1115,3.0935,7.62,4.8844,-3.0635
53.387,-0.1931,6.1125,3.0935,7.599,4.8827,-3.0634
53.438,-0.2246,6.114,3.0935,7.5781,4.8811,-3.0634
53.488,-0.2456,6.115,3.0935,7.5467,4.8786,-3.0633
53.539,-0.277,6.1165,3.0935,7.5198,4.8765,-3.0631
53.589,-0.298,6.1175,3.0935,7.5003,4.875,-3.063
53.64,-0.319,6.1185,3.0935,7.4704,4.8726,-3.063
53.69,-0.3505,6.12,3.0935,7.451,4.8711,-3.0629
53.74,-0.3714,6.121,3.0935,7.4211,4.8687,-3.0628
53.791,-0.3924,6.1221,3.0935,7.4001,4.8671,-3.0627
53.845,-0.4239,6.1236,3.0935,7.3792,4.8654,-3.0626
53.895,-0.4449,6.1246,3.0935,7.3478,4.8629,-3.0625
53.946,-0.4658,6.1256,3.0935,7.3314,4.8616,-3.0624
53.996,-0.4973,6.1271,3.0935,7.3014,4.8592,-3.0623
54.046,-0.5183,6.1281,3.0935,7.2805,4.8576,-3.0623
54.098,-0.5392,6.1291,3.0935,7.2611,4.856,-3.0622
54.148,-0.5602,6.1301,3.0935,7.2312,4.8537,-3.0621
54.198,-0.5917,6.1316,3.0935,7.2117,4.8521,-3.062
54.249,-0.6127,6.1326,3.0935,7.1908,4.8504,-3.0619
54.299,-0.6336,6.1337,3.0935,7.1594,4.8479,-3.0618
54.351,-0.6651,6.1352,3.0935,7.1385,4.8463,-3.0617
54.402,-0.6861,6.1362,3.0935,7.1116,4.8441,-3.0616
54.452,-0.7175,6.1377,3.0935,7.0816,4.8417,-3.0615
54.502,-0.7385,6.1387,3.0935,7.0622,4.8401,-3.0614
54.553,-0.7595,6.1397,3.0935,7.0413,4.8385,-3.0613
54.603,-0.7805,6.1407,3.0935,7.0114,4.836,-3.0612
54.654,-0.8119,6.1422,3.0935,6.9919,4.8345,-3.0611
54.704,-0.8329,6.1432,3.0935,6.971,4.8328,-3.0611
54.754,-0.8539,6.1442,3.0935,6.9396,4.8303,-3.0609
54.805,-0.8853,6.1458,3.0935,6.9127,4.8281,-3.0608
54.855,-0.9063,6.1468,3.0935,6.8918,4.8264,-3.0607
54.906,-0.9273,6.1478,3.0935,6.8723,4.8248,-3.0607
54.956,-0.9588,6.1493,3.0935,6.8424,4.8224,-3.0606
55.006,-0.9797,6.1503,3.0935,6.8125,4.82,-3.0605
55.056,-1.0112,6.1518,3.0935,6.7931,4.8184,-3.0604
55.107,-1.0322,6.1528,3.0935,6.7722,4.8167,-3.0604
55.157,-1.0532,6.1538,3.0935,6.7408,4.8141,-3.0602
55.207,-1.0846,6.1553,3.0935,6.7228,4.8127,-3.0602
55.257,-1.1056,6.1564,3.0935,6.6929,4.8102,-3.0601
55.308,-1.1266,6.1574,3.0935,6.6735,4.8086,-3.06
55.358,-1.158,6.1589,3.0935,6.6436,4.8062,-3.0599
55.409,-1.179,6.1599,3.0935,6.6227,4.8045,-3.0598
55.459,-1.2,6.1609,3.0935,6.5928,4.802,-3.0597
55.509,-1.2314,6.1624,3.0935,6.5733,4.8004,-3.0596
55.56,-1.2524,6.1634,3.0935,6.5419,4.7978,-3.0595
55.61,-1.2839,6.1649,3.0935,6.521,4.7961,-3.0594
55.661,-1.3049,6.1659,3.0935,6.4941,4.7939,-3.0593
55.711,-1.3258,6.1669,3.0935,6.4732,4.7922,-3.0593
55.761,-1.3573,6.1685,3.0935,6.4433,4.7897,-3.0592
55.812,-1.3783,6.1695,3.0935,6.4238,4.7881,-3.0591
55.862,-1.4097,6.171,3.0935,6.3939,4.7856,-3.059
55.912,-1.4307,6.172,3.0935,6.3745,4.784,-3.0589
55.963,-1.4517,6.173,3.0935,6.3431,4.7814,-3.0587
56.013,-1.4832,6.1745,3.0935,6.3147,4.779,-3.0586
56.063,-1.5041,6.1755,3.0935,6.2908,4.777,-3.0585
56.113,-1.5356,6.177,3.0935,6.2639,4.7748,-3.0584
56.164,-1.5566,6.178,3.0935,6.2444,4.7732,-3.0583
56.214,-1.5775,6.1791,3.0935,6.2145,4.7707,-3.0582
56.264,-1.5985,6.1801,3.0935,6.1951,4.7691,-3.0581
56.314,-1.6195,6.1811,3.0935,6.1742,4.7673,-3.058
56.365,-1.651,6.1826,3.0935,6.1548,4.7657,-3.0579
56.415,-1.6719,6.1836,3.0935,6.1234,4.763,-3.0578
56.466,-1.6929,6.1846,3.0935,6.1024,4.7613,-3.0578
56.524,-1.7244,6.1861,3.0935,6.0815,4.7595,-3.0577
56.574,-1.7558,6.1876,3.0935,6.0456,4.7565,-3.0576
56.624,-1.7768,6.1886,3.0935,6.0247,4.7548,-3.0575
56.675,-1.7978,6.1896,3.0935,6.0053,4.7531,-3.0574
56.725,-1.8293,6.1912,3.0935,5.9754,4.7506,-3.0573
56.775,-1.8502,6.1922,3.0935,5.9455,4.7481,-3.0572
56.826,-1.8817,6.1937,3.0935,5.9246,4.7463,-3.0571
56.876,-1.9027,6.1947,3.0935,5.8932,4.7436,-3.0569
56.926,-1.9236,6.1957,3.0935,5.8723,4.7418,-3.0568
56.977,-1.9551,6.1972,3.0935,5.8454,4.7396,-3.0568
57.027,-1.9761,6.1982,3.0935,5.8259,4.7379,-3.0567
57.077,-1.9971,6.1992,3.0935,5.796,4.7354,-3.0566
57.127,-2.0285,6.2007,3.0935,5.7766,4.7337,-3.0565
57.178,-2.0495,6.2018,3.0935,5.7467,4.7312,-3.0563
57.228,-2.081,6.2033,3.0935,5.7258,4.7294,-3.0562
57.279,-2.1019,6.2043,3.0935,5.7049,4.7276,-3.0562
57.33,-2.1229,6.2053,3.0935,5.6765,4.7251,-3.0561
57.38,-2.1544,6.2068,3.0935,5.657,4.7235,-3.056
57.43,-2.1754,6.2078,3.0935,5.6272,4.7209,-3.0559
57.481,-2.1963,6.2088,3.0935,5.5973,4.7183,-3.0558
57.533,-2.2278,6.2103,3.0935,5.5763,4.7165,-3.0557
57.584,-2.2488,6.2113,3.0935,5.5569,4.7149,-3.0556
57.635,-2.2802,6.2129,3.0935,5.527,4.7123,-3.0555
57.685,-2.3012,6.2139,3.0935,5.4956,4.7096,-3.0554
57.736,-2.3222,6.2149,3.0935,5.4747,4.7078,-3.0553
57.786,-2.3536,6.2164,3.0935,5.4478,4.7054,-3.0552
57.836,-2.3746,6.2174,3.0935,5.4269,4.7036,-3.0551
57.887,-2.3956,6.2184,3.0935,5.4075,4.7019,-3.0551
57.937,-2.4271,6.2199,3.0935,5.3776,4.6994,-3.0549
57.987,-2.448,6.2209,3.0935,5.3477,4.6968,-3.0548
58.038,-2.4795,6.2224,3.0935,5.3283,4.6951,-3.0547
58.088,-2.5005,6.2234,3.0935,5.2969,4.6923,-3.0546
58.138,-2.5319,6.225,3.0935,5.276,4.6905,-3.0545
58.188,-2.5529,6.226,3.0935,5.255,4.6887,-3.0544
58.239,-2.5739,6.227,3.0935,5.2282,4.6863,-3.0543
58.292,-2.6054,6.2285,3.0935,5.1983,4.6837,-3.0542
58.342,-2.6263,6.2295,3.0935,5.1788,4.682,-3.0541
58.392,-2.6473,6.2305,3.0935,5.1579,4.6802,-3.054
58.442,-2.6788,6.232,3.0935,5.128,4.6775,-3.0539
58.493,-2.6997,6.233,3.0935,5.1086,4.6758,-3.0538
58.543,-2.7207,6.234,3.0935,5.0772,4.6731,-3.0537
58.593,-2.7522,6.2356,3.0935,5.0459,4.6703,-3.0536
58.643,-2.7732,6.2366,3.0935,5.0294,4.6689,-3.0535
58.694,-2.8046,6.2381,3.0935,4.9995,4.6662,-3.0535
58.744,-2.8256,6.2391,3.0935,4.9786,4.6644,-3.0534
58.794,-2.8466,6.2401,3.0935,4.9592,4.6626,-3.0533
58.844,-2.878,6.2416,3.0935,4.9293,4.66,-3.0532
58.895,-2.899,6.2426,3.0935,4.8994,4.6573,-3.0531
58.945,-2.92,6.2436,3.0935,4.8785,4.6555,-3.053
58.995,-2.9515,6.2451,3.0935,4.8576,4.6536,-3.0529
59.046,-2.9724,6.2461,3.0935,4.8292,4.6511,-3.0528
59.098,-3.0039,6.2477,3.0935,4.8098,4.6494,-3.0527
59.149,-3.0249,6.2487,3.0935,4.7799,4.6467,-3.0526
59.199,-3.0563,6.2502,3.0935,4.75,4.644,-3.0525
59.25,-3.0668,6.2507,3.0935,4.7306,4.6423,-3.0524
59.3,-3.0983,6.2522,3.0935,4.7097,4.6404,-3.0523
59.35,-3.1193,6.2532,3.0935,4.6903,4.6387,-3.0522
59.4,-3.1402,6.2542,3.0935,4.6589,4.6359,-3.0521
59.451,-3.1717,6.2557,3.0935,4.641,4.6343,-3.052
59.501,-3.1927,6.2567,3.0935,4.6111,4.6316,-3.0519
59.551,-3.2137,6.2578,3.0935,4.5902,4.6297,-3.0518
59.601,-3.2346,6.2588,3.0935,4.5707,4.628,-3.0518
59.652,-3.2661,6.2603,3.0935,4.5409,4.6253,-3.0516
59.702,-3.2871,6.2613,3.0935,4.5214,4.6235,-3.0515
59.753,-3.308,6.2623,3.0935,4.4916,4.6208,-3.0514
59.803,-3.3395,6.2638,3.0935,4.4706,4.6189,-3.0513
59.853,-3.3605,6.2648,3.0935,4.4393,4.6161,-3.0512
59.903,-3.3919,6.2663,3.0935,4.4184,4.6142,-3.0511
59.954,-3.4129,6.2673,3.0935,4.3915,4.6117,-3.051
60.004,-3.4339,6.2683,3.0935,4.372,4.61,-3.051
60.054,-3.4654,6.2699,3.0935,4.3422,4.6073,-3.0508
60.105,-3.4863,6.2709,3.0935,4.3213,4.6054,-3.0508
60.155,-3.5073,6.2719,3.0935,4.2914,4.6026,-3.0507
60.205,-3.5388,6.2734,3.0935,4.272,4.6009,-3.0506
60.256,-3.5598,6.2744,3.0935,4.2406,4.598,-3.0505
60.306,-3.5807,6.2754,3.0935,4.2227,4.5964,-3.0504
60.356,-3.6122,6.2769,3.0935,4.1928,4.5936,-3.0503
60.408,-3.6332,6.2779,3.0935,4.1719,4.5917,-3.0502
60.459,-3.6646,6.2794,3.0935,4.142,4.589,-3.0501
60.511,-3.6856,6.2805,3.0935,4.1226,4.5872,-3.05
60.561,-3.7171,6.282,3.0935,4.0927,4.5844,-3.0499
60.612,-3.738,6.283,3.0935,4.0628,4.5817,-3.0498
60.662,-3.759,6.284,3.0935,4.0419,4.5798,-3.0497
60.713,-3.7905,6.2855,3.0935,4.021,4.5778,-3.0496
60.763,-3.8115,6.2865,3.0935,3.9926,4.5752,-3.0495
60.815,-3.8429,6.288,3.0935,3.9732,4.5734,-3.0494
60.866,-3.8639,6.289,3.0935,3.9433,4.5707,-3.0492
60.916,-3.8849,6.29,3.0935,3.9239,4.5689,-3.0492
60.966,-3.9163,6.2916,3.0935,3.8941,4.5661,-3.049
61.016,-3.9373,6.2926,3.0935,3.8731,4.5641,-3.049
61.069,-3.9583,6.2936,3.0935,3.8433,4.5614,-3.0489
61.12,-3.9898,6.2951,3.0935,3.8194,4.5592,-3.0488
61.174,-4.0107,6.2961,3.0935,3.791,4.5565,-3.0487
61.225,-4.0422,6.2976,3.0935,3.7641,4.554,-3.0485
61.275,-4.0632,6.2986,3.0935,3.7447,4.5522,-3.0485
61.327,-4.0841,6.2996,3.0935,3.7238,4.5502,-3.0484
61.377,-4.1156,6.3011,3.0935,3.6939,4.5474,-3.0483
61.427,-4.1366,6.3021,3.0935,3.6745,4.5456,-3.0483
61.478,-4.1576,6.3032,3.0935,3.6446,4.5428,-3.0482
61.528,-4.189,6.3047,3.0935,3.6237,4.5409,-3.0481
61.581,-4.21,6.3057,3.0935,3.5924,4.5379,-3.048
61.635,-4.2415,6.3072,3.0935,3.5655,4.5354,-3.0479
61.685,-4.2624,6.3082,3.0935,3.5446,4.5334,-3.0479
61.737,-4.2834,6.3092,3.0935,3.5252,4.5316,-3.0478
61.789,-4.3149,6.3107,3.0935,3.4953,4.5288,-3.0477
61.84,-4.3359,6.3117,3.0935,3.4759,4.527,-3.0476
61.891,-4.3673,6.3132,3.0935,3.446,4.5242,-3.0475
61.941,-4.3883,6.3143,3.0935,3.4147,4.5212,-3.0474
61.991,-4.4093,6.3153,3.0935,3.3938,4.5192,-3.0473
62.043,-4.4407,6.3168,3.0935,3.3714,4.5171,-3.0473
62.094,-4.4617,6.3178,3.0935,3.346,4.5147,-3.0472
62.147,-4.4932,6.3193,3.0935,3.3161,4.5119,-3.047
62.197,-4.5141,6.3203,3.0935,3.2967,4.51,-3.047
62.247,-4.5351,6.3213,3.0935,3.2668,4.5072,-3.0469
62.298,-4.5666,6.3228,3.0935,3.2459,4.5052,-3.0468
62.348,-4.5876,6.3238,3.0935,3.2265,4.5034,-3.0467
62.399,-4.6085,6.3248,3.0935,3.1951,4.5004,-3.0466
62.449,-4.64,6.3264,3.0935,3.1638,4.4974,-3.0465
62.499,-4.661,6.3274,3.0935,3.1474,4.4958,-3.0464
62.549,-4.6924,6.3289,3.0935,3.1265,4.4938,-3.0464
62.6,-4.7134,6.3299,3.0935,3.0966,4.491,-3.0463
62.65,-4.7344,6.3309,3.0935,3.0772,4.4891,-3.0462
62.7,-4.7554,6.3319,3.0935,3.0473,4.4863,-3.046
62.751,-4.7868,6.3334,3.0935,3.0279,4.4844,-3.046
62.801,-4.8078,6.3344,3.0935,2.9965,4.4814,-3.0458
62.852,-4.8393,6.3359,3.0935,2.9756,4.4794,-3.0458
62.902,-4.8602,6.337,3.0935,2.9443,4.4764,-3.0457
62.952,-4.8812,6.338,3.0935,2.9279,4.4748,-3.0456
63.002,-4.9127,6.3395,3.0935,2.898,4.4719,-3.0455
63.053,-4.9337,6.3405,3.0935,2.8786,4.47,-3.0454
63.104,-4.9546,6.3415,3.0935,2.8577,4.468,-3.0453
63.154,-4.9861,6.343,3.0935,2.8278,4.4651,-3.0452
63.205,-5.0071,6.344,3.0935,2.798,4.4622,-3.0451
63.255,-5.0385,6.3455,3.0935,2.7771,4.4602,-3.045
63.305,-5.0595,6.3465,3.0935,2.7592,4.4585,-3.0449
63.355,-5.0805,6.3475,3.0935,2.7293,4.4556,-3.0448
63.406,-5.1015,6.3486,3.0935,2.7084,4.4535,-3.0447
63.456,-5.1224,6.3496,3.0935,2.689,4.4517,-3.0446
63.506,-5.1539,6.3511,3.0935,2.6591,4.4488,-3.0445
63.556,-5.1749,6.3521,3.0935,2.6397,4.4469,-3.0444
63.607,-5.2063,6.3536,3.0935,2.6099,4.4439,-3.0443
63.657,-5.2273,6.3546,3.0935,2.5785,4.4409,-3.0441
63.708,-5.2483,6.3556,3.0935,2.5576,4.4388,-3.0441
63.758,-5.2798,6.3571,3.0935,2.5397,4.4371,-3.044
63.808,-5.3007,6.3581,3.0935,2.5098,4.4342,-3.0438
63.859,-5.3217,6.3591,3.0935,2.4904,4.4323,-3.0437
63.909,-5.3427,6.3602,3.0935,2.4606,4.4293,-3.0436
63.959,-5.3742,6.3617,3.0935,2.4397,4.4273,-3.0436
64.01,-5.3951,6.3627,3.0935,2.4098,4.4243,-3.0435
64.061,-5.4266,6.3642,3.0935,2.3904,4.4224,-3.0434
64.111,-5.4476,6.3652,3.0935,2.3591,4.4193,-3.0433
64.161,-5.479,6.3667,3.0935,2.3382,4.4173,-3.0432
64.211,-5.5,6.3677,3.0935,2.3113,4.4146,-3.0431
64.262,-5.521,6.3687,3.0935,2.2904,4.4126,-3.0431
64.312,-5.5524,6.3702,3.0935,2.2605,4.4096,-3.0429
64.362,-5.5734,6.3713,3.0935,2.2411,4.4077,-3.0428
64.412,-5.6049,6.3728,3.0935,2.2113,4.4047,-3.0427
64.463,-5.6259,6.3738,3.0935,2.1919,4.4028,-3.0426
64.513,-5.6468,6.3748,3.0935,2.1605,4.3997,-3.0425
64.563,-5.6783,6.3763,3.0935,2.1396,4.3976,-3.0424
64.613,-5.6993,6.3773,3.0935,2.1083,4.3945,-3.0423
64.664,-5.7203,6.3783,3.0935,2.0919,4.3928,-3.0422
64.714,-5.7517,6.3798,3.0935,2.062,4.3899,-3.0421
64.764,-5.7727,6.3808,3.0935,2.0426,4.3879,-3.042
64.814,-5.8042,6.3824,3.0935,2.0128,4.3849,-3.0419
64.865,-5.8251,6.3834,3.0935,1.9829,4.382,-3.0417
64.915,-5.8461,6.3844,3.0935,1.962,4.3799,-3.0416
64.965,-5.8776,6.3859,3.0935,1.9411,4.3778,-3.0416
65.015,-5.8985,6.3869,3.0935,1.9098,4.3746,-3.0414
65.066,-5.9195,6.3879,3.0935,1.8934,4.373,-3.0414
65.116,-5.9405,6.3889,3.0935,1.8725,4.3709,-3.0413
65.166,-5.972,6.3904,3.0935,1.8426,4.3679,-3.0412
65.217,-5.9929,6.3914,3.0935,1.8232,4.3659,-3.0411
65.267,-6.0244,6.3929,3.0935,1.7934,4.3629,-3.041
65.317,-6.0454,6.394,3.0935,1.774,4.3609,-3.041
65.368,-6.0664,6.395,3.0935,1.7426,4.3578,-3.0408
65.418,-6.0978,6.3965,3.0935,1.7217,4.3557,-3.0408
65.468,-6.1188,6.3975,3.0935,1.6904,4.3525,-3.0407
65.519,-6.1398,6.3985,3.0935,1.674,4.3508,-3.0406
65.569,-6.1712,6.4,3.0935,1.6441,4.3478,-3.0405
65.62,-6.1922,6.401,3.0935,1.6247,4.3458,-3.0404
65.672,-6.2132,6.402,3.0935,1.5949,4.3428,-3.0403
65.722,-6.2446,6.4035,3.0935,1.574,4.3407,-3.0402
65.773,-6.2656,6.4046,3.0935,1.5441,4.3376,-3.04
65.823,-6.2866,6.4056,3.0935,1.5233,4.3355,-3.0399
65.873,-6.3181,6.4071,3.0935,1.4919,4.3323,-3.0399
65.924,-6.339,6.4081,3.0935,1.4755,4.3306,-3.0398
65.974,-6.3705,6.4096,3.0935,1.4457,4.3276,-3.0397
66.025,-6.3915,6.4106,3.0935,1.4248,4.3254,-3.0396
66.075,-6.4125,6.4116,3.0935,1.4054,4.3235,-3.0395
66.125,-6.4334,6.4126,3.0935,1.386,4.3215,-3.0394
66.176,-6.4544,6.4136,3.0935,1.3561,4.3184,-3.0393
66.226,-6.4859,6.4151,3.0935,1.3352,4.3163,-3.0392
66.276,-6.5068,6.4162,3.0935,1.3039,4.313,-3.0391
66.327,-6.5383,6.4177,3.0935,1.283,4.3109,-3.039
66.378,-6.5593,6.4187,3.0935,1.2562,4.3081,-3.0389
66.428,-6.5803,6.4197,3.0935,1.2368,4.3061,-3.0389
66.478,-6.6117,6.4212,3.0935,1.2069,4.303,-3.0388
66.528,-6.6327,6.4222,3.0935,1.1771,4.3,-3.0386
66.579,-6.6642,6.4237,3.0935,1.1562,4.2978,-3.0385
66.629,-6.6851,6.4247,3.0935,1.1368,4.2958,-3.0385
66.68,-6.7061,6.4257,3.0935,1.1055,4.2926,-3.0383
66.73,-6.7376,6.4273,3.0935,1.0846,4.2904,-3.0383
66.78,-6.7586,6.4283,3.0935,1.0577,4.2876,-3.0382
66.831,-6.7795,6.4293,3.0935,1.0368,4.2854,-3.0381
66.881,-6.811,6.4308,3.0935,1.007,4.2823,-3.038
66.932,-6.832,6.4318,3.0935,0.9876,4.2803,-3.0379
66.983,-6.8529,6.4328,3.0935,0.9578,4.2772,-3.0378
67.033,-6.8844,6.4343,3.0935,0.9384,4.2752,-3.0377
67.084,-6.9054,6.4353,3.0935,0.907,4.2719,-3.0376
67.134,-6.9264,6.4363,3.0935,0.8861,4.2697,-3.0375
67.185,-6.9578,6.4378,3.0935,0.8548,4.2665,-3.0374
67.235,-6.9788,6.4389,3.0935,0.8384,4.2647,-3.0373
67.285,-7.0103,6.4404,3.0935,0.8086,4.2616,-3.0372
67.335,-7.0312,6.4414,3.0935,0.7892,4.2596,-3.0371
67.386,-7.0522,6.4424,3.0935,0.7593,4.2565,-3.0369
67.437,-7.0732,6.4434,3.0935,0.7384,4.2543,-3.0369
67.487,-7.1047,6.4449,3.0935,0.7191,4.2522,-3.0368
67.537,-7.1256,6.4459,3.0935,0.6877,4.2489,-3.0367
67.587,-7.1466,6.4469,3.0935,0.6698,4.247,-3.0366
67.638,-7.1781,6.4484,3.0935,0.64,4.2439,-3.0365
67.688,-7.1987,6.4494,3.0936,0.6214,4.2419,-3.0363
67.739,-7.2166,6.4501,3.1015,0.6129,4.241,-3.0272
67.789,-7.2232,6.4503,3.1225,0.6071,4.2403,-3.0072
67.839,-7.2295,6.4503,3.1448,0.6013,4.2394,-2.9865
67.89,-7.2389,6.4501,3.1781,0.5923,4.2379,-2.9546
67.94,-7.2452,6.4498,3.2005,0.5861,4.2367,-2.9322
67.99,-7.2516,6.4494,3.2231,0.5769,4.2346,-2.8982
68.04,-7.2613,6.4484,3.2575,0.5708,4.233,-2.8751
68.091,-7.2679,6.4476,3.2809,0.5631,4.2308,-2.8449
68.142,-7.2745,6.4466,3.3048,0.5575,4.2291,-2.8226
68.192,-7.2847,6.4447,3.3416,0.5489,4.2261,-2.7874
68.243,-7.2916,6.4433,3.3667,0.5431,4.2239,-2.7622
68.293,-7.2984,6.4416,3.3919,0.5347,4.2205,-2.7261
68.344,-7.3086,6.4388,3.4297,0.5294,4.2181,-2.7027
68.395,-7.3154,6.4367,3.4549,0.5209,4.2139,-2.6648
68.445,-7.3254,6.4333,3.4927,0.5153,4.211,-2.6395
68.495,-7.332,6.4308,3.5179,0.5083,4.207,-2.607
68.545,-7.3385,6.4281,3.5431,0.5029,4.2038,-2.5817
68.597,-7.3482,6.4238,3.5809,0.4954,4.1989,-2.5456
68.651,-7.3545,6.4208,3.6061,0.488,4.1937,-2.5095
68.702,-7.3639,6.4162,3.6439,0.4833,4.1902,-2.486
68.753,-7.37,6.413,3.6691,0.4762,4.1846,-2.45
68.803,-7.379,6.4082,3.7066,0.4714,4.1806,-2.4248
68.853,-7.3848,6.4051,3.7314,0.4643,4.1743,-2.3876
68.903,-7.3906,6.4018,3.7561,0.4596,4.1698,-2.3627
68.954,-7.3989,6.3964,3.7936,0.4536,4.1637,-2.3304
69.004,-7.4042,6.3924,3.8188,0.4489,4.1588,-2.3069
69.054,-7.4097,6.3879,3.844,0.4415,4.1503,-2.2708
69.104,-7.4182,6.3804,3.8818,0.4366,4.1444,-2.2473
69.155,-7.4239,6.375,3.907,0.4289,4.1346,-2.2112
69.205,-7.4331,6.3659,3.9448,0.4234,4.1271,-2.1859
69.258,-7.4393,6.3593,3.97,0.415,4.115,-2.148
69.309,-7.4457,6.3522,3.9952,0.4103,4.1077,-2.1263
69.359,-7.4555,6.3406,4.033,0.4024,4.0945,-2.0902
69.409,-7.462,6.3323,4.0582,0.3972,4.0853,-2.0668
69.46,-7.472,6.3188,4.096,0.3893,4.0703,-2.0307
69.511,-7.4786,6.3092,4.1212,0.3839,4.0592,-2.0054
69.561,-7.4853,6.299,4.1464,0.3764,4.0423,-1.9692
69.612,-7.4953,6.2827,4.1844,0.3706,4.0282,-1.9401
69.663,-7.5019,6.2713,-2.0732,0.3643,4.0114,-1.9072
69.713,-7.5117,6.2528,-2.0351,0.3597,3.9977,-1.8817
69.763,-7.5183,6.2396,-2.0098,0.3541,3.9796,-1.8491
69.813,-7.5247,6.2255,-1.9855,0.35,3.9647,-1.825
69.864,-7.534,6.2035,-1.9522,0.3445,3.9426,-1.7933
69.914,-7.54,6.1882,-1.932,0.3413,3.9278,-1.7744
69.965,-7.5458,6.1725,-1.9138,0.3366,3.9041,-1.7489
70.016,-7.5542,6.148,-1.889,0.3339,3.8884,-1.7333
70.066,-7.5596,6.1313,-1.8742,0.3299,3.8623,-1.7114
70.116,-7.5648,6.1141,-1.8608,0.3274,3.8445,-1.6984
70.166,-7.5724,6.0879,-1.8427,0.3252,3.8265,-1.6863
70.217,-7.5773,6.0701,-1.832,0.3222,3.799,-1.6703
70.267,-7.582,6.0521,-1.8227,0.3209,3.7857,-1.6638
70.317,-7.5866,6.0341,-1.8145,0.3185,3.7588,-1.6523
70.367,-7.5932,6.0066,-1.8033,0.317,3.7398,-1.6448
70.418,-7.5975,5.9881,-1.7964,0.3151,3.7124,-1.635
70.468,-7.6039,5.96,-1.7872,0.314,3.6945,-1.6293
70.518,-7.608,5.9411,-1.7816,0.3124,3.6653,-1.6209
70.568,-7.612,5.922,-1.7765,0.3115,3.6457,-1.6158
70.619,-7.618,5.8932,-1.7693,0.3104,3.6203,-1.6097
70.669,-7.6218,5.8738,-1.7648,0.3097,3.6005,-1.6052
70.72,-7.6276,5.8446,-1.7585,0.3091,3.5821,-1.6012
70.771,-7.6313,5.825,-1.7543,0.3083,3.5535,-1.5949
70.821,-7.6349,5.8053,-1.7502,0.3078,3.5349,-1.5911
70.872,-7.6402,5.7755,-1.7446,0.3073,3.5061,-1.5856
70.922,-7.6437,5.7555,-1.7413,0.307,3.4758,-1.5805
70.973,-7.6471,5.7355,-1.7382,0.3068,3.4555,-1.5774
71.023,-7.6521,5.7054,-1.734,0.3067,3.4351,-1.5746
71.073,-7.6554,5.6852,-1.7315,0.3066,3.4088,-1.5713
71.124,-7.6587,5.665,-1.7292,0.3066,3.3898,-1.569
71.175,-7.6635,5.6346,-1.7261,0.3067,3.3605,-1.566
71.225,-7.6666,5.6142,-1.7243,0.3068,3.3399,-1.564
71.276,-7.6713,5.5837,-1.7217,0.3071,3.3105,-1.5615
71.327,-7.6744,5.5632,-1.7203,0.3073,3.2913,-1.56
71.377,-7.6775,5.5428,-1.719,0.3076,3.2603,-1.5581
71.427,-7.682,5.5121,-1.7174,0.3079,3.2396,-1.5569
71.477,-7.6851,5.4917,-1.7164,0.3083,3.2129,-1.5555
71.53,-7.6881,5.4711,-1.7154,0.3086,3.1922,-1.5545
71.58,-7.6925,5.4403,-1.7141,0.3091,3.1625,-1.5532
71.632,-7.6955,5.4198,-1.7134,0.3095,3.1432,-1.5525
71.682,-7.6999,5.3889,-1.7125,0.31,3.1135,-1.5514
71.735,-7.7028,5.3682,-1.7119,0.3104,3.0941,-1.5508
71.788,-7.7058,5.3476,-1.7113,0.3111,3.0629,-1.5498
71.838,-7.7087,5.327,-1.7108,0.3115,3.0421,-1.5492
71.889,-7.713,5.296,-1.7099,0.3121,3.0137,-1.5483
71.939,-7.7159,5.2753,-1.7094,0.3126,2.9944,-1.5477
71.99,-7.7202,5.2443,-1.7086,0.3133,2.9646,-1.5468
72.04,-7.7231,5.2236,-1.7081,0.3137,2.9452,-1.5462
72.091,-7.726,5.2029,-1.7076,0.3143,2.9243,-1.5457
72.142,-7.7288,5.1822,-1.7072,0.3147,2.9049,-1.5453
72.193,-7.7316,5.1615,-1.7068,0.3155,2.875,-1.5446
72.243,-7.7359,5.1304,-1.7063,0.3161,2.8541,-1.5442
72.294,-7.7387,5.1096,-1.706,0.3169,2.8227,-1.5436
72.344,-7.7415,5.0889,-1.7057,0.3175,2.8018,-1.5432
72.394,-7.7458,5.0578,-1.7053,0.3182,2.7749,-1.5428
72.445,-7.7486,5.037,-1.7051,0.3188,2.7554,-1.5425
72.495,-7.7528,5.0059,-1.7048,0.3196,2.7255,-1.5421
72.546,-7.7556,4.9851,-1.7046,0.3202,2.7061,-1.5419
72.596,-7.7584,4.9643,-1.7044,0.3211,2.6761,-1.5415
72.646,-7.7625,4.9332,-1.7042,0.3217,2.6552,-1.5413
72.697,-7.7653,4.9124,-1.7041,0.3226,2.6238,-1.541
72.747,-7.7695,4.8812,-1.7039,0.3232,2.6028,-1.5408
72.798,-7.7723,4.8605,-1.7038,0.3241,2.5758,-1.5405
72.848,-7.7751,4.8397,-1.7037,0.3247,2.5564,-1.5404
72.898,-7.7792,4.8085,-1.7036,0.3256,2.5264,-1.5402
72.949,-7.782,4.7877,-1.7035,0.3262,2.5055,-1.54
73.0,-7.7862,4.7565,-1.7034,0.3271,2.4755,-1.5398
73.051,-7.7889,4.7357,-1.7033,0.3277,2.456,-1.5396
73.101,-7.7917,4.7149,-1.7032,0.3287,2.4246,-1.5394
73.152,-7.7959,4.6837,-1.7031,0.3297,2.3931,-1.5391
73.202,-7.7986,4.6629,-1.7031,0.3302,2.3766,-1.539
73.253,-7.8028,4.6317,-1.703,0.3312,2.3467,-1.5388
73.303,-7.8056,4.6109,-1.7029,0.3319,2.3257,-1.5387
73.354,-7.8097,4.5797,-1.7028,0.3328,2.2957,-1.5385
73.404,-7.8125,4.5589,-1.7028,0.3335,2.2762,-1.5384
73.454,-7.8152,4.5381,-1.7027,0.3344,2.2463,-1.5382
73.505,-7.8194,4.5069,-1.7027,0.3351,2.2253,-1.538
73.555,-7.8221,4.4861,-1.7027,0.3362,2.1938,-1.5379
73.605,-7.8249,4.4652,-1.7026,0.3368,2.1728,-1.5378
73.656,-7.829,4.434,-1.7026,0.3377,2.1459,-1.5377
73.707,-7.8318,4.4132,-1.7026,0.3384,2.1264,-1.5376
73.757,-7.8359,4.382,-1.7025,0.3394,2.0964,-1.5374
73.807,-7.8387,4.3612,-1.7025,0.34,2.0769,-1.5373
73.858,-7.8428,4.33,-1.7025,0.341,2.047,-1.5372
73.908,-7.8456,4.3092,-1.7025,0.3418,2.026,-1.5371
73.959,-7.8483,4.2883,-1.7024,0.3428,1.9945,-1.5369
74.009,-7.8525,4.2571,-1.7024,0.3435,1.9735,-1.5368
74.059,-7.8552,4.2363,-1.7024,0.3444,1.9465,-1.5367
74.11,-7.858,4.2155,-1.7024,0.3451,1.927,-1.5367
74.161,-7.8621,4.1843,-1.7024,0.3461,1.8971,-1.5365
74.211,-7.8649,4.1634,-1.7024,0.3469,1.8761,-1.5364
74.261,-7.8676,4.1426,-1.7024,0.3479,1.8461,-1.5363
74.312,-7.8717,4.1114,-1.7023,0.3486,1.8266,-1.5362
74.362,-7.8745,4.0906,-1.7023,0.3497,1.7951,-1.5361
74.413,-7.8786,4.0594,-1.7023,0.3503,1.7771,-1.536
74.463,-7.8814,4.0386,-1.7023,0.3513,1.7472,-1.5359
74.513,-7.8841,4.0177,-1.7023,0.3521,1.7262,-1.5358
74.564,-7.8883,3.9865,-1.7023,0.3531,1.6962,-1.5357
74.614,-7.891,3.9657,-1.7023,0.3538,1.6767,-1.5356
74.664,-7.8952,3.9345,-1.7023,0.3549,1.6467,-1.5355
74.716,-7.8979,3.9136,-1.7023,0.3555,1.6273,-1.5354
74.766,-7.9007,3.8928,-1.7023,0.3567,1.5958,-1.5352
74.817,-7.9048,3.8616,-1.7023,0.3575,1.5718,-1.5352
74.867,-7.9075,3.8408,-1.7023,0.3584,1.5463,-1.5351
74.917,-7.9103,3.82,-1.7023,0.3593,1.5223,-1.535
74.969,-7.9144,3.7887,-1.7023,0.3602,1.4968,-1.5348
75.019,-7.9172,3.7679,-1.7023,0.3609,1.4774,-1.5348
75.07,-7.9199,3.7471,-1.7023,0.3617,1.4564,-1.5347
75.12,-7.9227,3.7263,-1.7023,0.3627,1.4264,-1.5345
75.171,-7.9268,3.6951,-1.7022,0.3634,1.4069,-1.5345
75.221,-7.9296,3.6742,-1.7022,0.3642,1.3859,-1.5344
75.272,-7.9323,3.6534,-1.7022,0.3654,1.3544,-1.5343
75.323,-7.9364,3.6222,-1.7022,0.3663,1.3275,-1.5341
75.374,-7.9392,3.6014,-1.7022,0.3671,1.3065,-1.5341
75.424,-7.9419,3.5806,-1.7022,0.3678,1.287,-1.534
75.476,-7.9461,3.5493,-1.7022,0.3689,1.257,-1.5338
75.526,-7.9488,3.5285,-1.7022,0.3701,1.227,-1.5337
75.576,-7.953,3.4973,-1.7022,0.3708,1.2075,-1.5336
75.627,-7.9557,3.4765,-1.7022,0.3719,1.1761,-1.5335
75.677,-7.9585,3.4556,-1.7022,0.3727,1.1551,-1.5334
75.727,-7.9626,3.4244,-1.7022,0.3738,1.1266,-1.5333
75.778,-7.9653,3.4036,-1.7022,0.3745,1.1071,-1.5333
75.828,-7.9695,3.3724,-1.7022,0.3757,1.0771,-1.5331
75.878,-7.9722,3.3516,-1.7022,0.3764,1.0576,-1.5331
75.929,-7.975,3.3307,-1.7022,0.3775,1.0277,-1.5329
75.979,-7.9791,3.2995,-1.7022,0.3783,1.0067,-1.5328
76.029,-7.9819,3.2787,-1.7022,0.3795,0.9767,-1.5327
76.079,-7.986,3.2475,-1.7022,0.3803,0.9557,-1.5326
76.13,-7.9887,3.2266,-1.7022,0.3815,0.9242,-1.5325
76.18,-7.9915,3.2058,-1.7022,0.3821,0.9078,-1.5325
76.232,-7.9942,3.185,-1.7022,0.3832,0.8778,-1.5324
76.282,-7.9984,3.1538,-1.7022,0.3841,0.8568,-1.5323
76.333,-8.0011,3.133,-1.7022,0.3848,0.8373,-1.5322
76.383,-8.0039,3.1121,-1.7022,0.386,0.8073,-1.5321
76.433,-8.008,3.0809,-1.7022,0.3867,0.7878,-1.532
76.484,-8.0107,3.0601,-1.7022,0.3875,0.7669,-1.5319
76.534,-8.0135,3.0393,-1.7022,0.3888,0.7354,-1.5318
76.586,-8.0176,3.008,-1.7022,0.3896,0.7144,-1.5318
76.637,-8.0204,2.9872,-1.7022,0.3906,0.6874,-1.5317
76.69,-8.0231,2.9664,-1.7022,0.3918,0.6574,-1.5316
76.74,-8.0273,2.9352,-1.7022,0.3926,0.638,-1.5315
76.791,-8.03,2.9144,-1.7022,0.3937,0.608,-1.5314
76.842,-8.0341,2.8831,-1.7022,0.3946,0.587,-1.5313
76.892,-8.0369,2.8623,-1.7022,0.3953,0.5675,-1.5313
76.943,-8.0396,2.8415,-1.7022,0.3966,0.536,-1.5312
76.993,-8.0438,2.8103,-1.7022,0.3978,0.5046,-1.531
77.043,-8.0465,2.7894,-1.7022,0.3985,0.4881,-1.531
77.093,-8.0493,2.7686,-1.7022,0.3993,0.4671,-1.5309
77.144,-8.0534,2.7374,-1.7022,0.4005,0.4371,-1.5307
77.194,-8.0562,2.7166,-1.7022,0.4013,0.4176,-1.5307
77.245,-8.0603,2.6854,-1.7022,0.4025,0.3877,-1.5305
77.296,-8.063,2.6645,-1.7022,0.4037,0.3577,-1.5304
77.346,-8.0658,2.6437,-1.7022,0.4046,0.3367,-1.5303
77.396,-8.0699,2.6125,-1.7022,0.4059,0.3052,-1.5302
77.446,-8.0727,2.5917,-1.7022,0.4067,0.2842,-1.5301
77.497,-8.0754,2.5709,-1.7022,0.4074,0.2678,-1.53
77.547,-8.0795,2.5396,-1.7022,0.4086,0.2378,-1.5299
77.597,-8.0823,2.5188,-1.7022,0.4094,0.2183,-1.5298
77.648,-8.085,2.498,-1.7022,0.4103,0.1973,-1.5298
77.698,-8.0878,2.4772,-1.7022,0.4115,0.1673,-1.5297
77.748,-8.0919,2.4459,-1.7022,0.4123,0.1479,-1.5296
77.798,-8.0947,2.4251,-1.7022,0.4136,0.1164,-1.5295
77.849,-8.0988,2.3939,-1.7022,0.4143,0.0984,-1.5294
77.899,-8.1016,2.3731,-1.7022,0.4156,0.0684,-1.5293
77.949,-8.1043,2.3523,-1.7022,0.4165,0.0474,-1.5292
77.999,-8.1084,2.321,-1.7022,0.4177,0.0175,-1.529
78.05,-8.1109,2.3008,-1.7021,0.4184,0.0007,-1.5288
78.1,-8.1123,2.2882,-1.6981,0.4187,-0.0056,-1.5252
78.15,-8.1132,2.2809,-1.6794,0.4193,-0.0152,-1.4975
78.2,-8.1141,2.2715,-1.6447,0.4198,-0.0217,-1.4743
78.25,-8.1145,2.2654,-1.6209,0.4209,-0.0311,-1.4384
78.301,-8.1147,2.2595,-1.5967,0.4217,-0.0374,-1.414
78.351,-8.1148,2.2508,-1.5599,0.4231,-0.0453,-1.3822
78.402,-8.1147,2.2453,-1.5348,0.4242,-0.0511,-1.3588
78.452,-8.1144,2.2397,-1.5096,0.4262,-0.0599,-1.3227
78.503,-8.1138,2.2314,-1.4718,0.4278,-0.0659,-1.2975
78.554,-8.1132,2.2259,-1.4466,0.4304,-0.0746,-1.2613
78.604,-8.112,2.2177,-1.4088,0.4322,-0.0802,-1.2379
78.654,-8.111,2.2122,-1.3836,0.4354,-0.0891,-1.1999
78.704,-8.1099,2.2068,-1.3584,0.4374,-0.094,-1.1783
78.755,-8.108,2.1987,-1.3206,0.441,-0.1023,-1.1422
78.805,-8.1066,2.1933,-1.2954,0.4436,-0.108,-1.1169
78.855,-8.1042,2.1854,-1.2576,0.4477,-0.116,-1.0807
78.905,-8.1024,2.1801,-1.2324,0.4505,-0.1212,-1.0573
78.956,-8.1005,2.1749,-1.2072,0.455,-0.129,-1.0211
79.007,-8.0974,2.1672,-1.1694,0.4581,-0.1339,-0.9977
79.057,-8.0952,2.1621,-1.1442,0.4633,-0.1418,-0.9597
79.108,-8.0916,2.1546,-1.1064,0.467,-0.1469,-0.9345
79.158,-8.0891,2.1497,-1.0812,0.4727,-0.1544,-0.8965
79.208,-8.0864,2.1448,-1.056,0.4758,-0.1583,-0.8767
79.259,-8.0836,2.14,-1.0308,0.4796,-0.1627,-0.8532
79.309,-8.0792,2.133,-0.993,0.4856,-0.1694,-0.8171
79.359,-8.0762,2.1284,-0.9678,0.4899,-0.174,-0.7918
79.411,-8.0713,2.1216,-0.93,0.4964,-0.1803,-0.7557
79.462,-8.068,2.1172,-0.9048,0.5006,-0.1843,-0.7321
79.513,-8.0645,2.1129,-0.8795,0.5078,-0.1905,-0.6939
79.565,-8.0589,2.1064,-0.8412,0.5153,-0.1966,-0.6556
79.617,-8.0548,2.1019,-0.8157,0.5194,-0.1997,-0.6355
79.667,-8.0478,2.0947,-0.7776,0.528,-0.2059,-0.599
79.718,-8.0426,2.0897,-0.752,0.5345,-0.2103,-0.5734
79.769,-8.0338,2.0817,-0.7136,0.5447,-0.2168,-0.5367
79.819,-8.0273,2.0763,-0.6876,0.5519,-0.221,-0.5125
79.869,-8.0203,2.0706,-0.6616,0.564,-0.2276,-0.4752
79.92,-8.0128,2.0648,-0.6353,0.5729,-0.2321,-0.4487
79.97,-8.0047,2.059,-0.6088,0.5824,-0.2366,-0.4221
80.02,-7.9916,2.0501,-0.5688,0.5931,-0.2413,-0.3934
80.071,-7.9822,2.0443,-0.542,0.6059,-0.2464,-0.3609
80.121,-7.9723,2.0384,-0.5156,0.6163,-0.2502,-0.3363
80.172,-7.9566,2.0298,-0.4768,0.6332,-0.2559,-0.2993
80.222,-7.9456,2.0243,-0.4516,0.6512,-0.2612,-0.2631
80.272,-7.928,2.0161,-0.4138,0.6672,-0.2653,-0.2324
80.323,-7.9156,2.0109,-0.3888,0.6771,-0.2676,-0.2145
80.373,-7.8958,2.0032,-0.3535,0.6986,-0.272,-0.1788
80.423,-7.882,1.9982,-0.3317,0.7212,-0.2758,-0.1466
80.474,-7.8675,1.9934,-0.3118,0.7334,-0.2775,-0.1312
80.524,-7.8451,1.9865,-0.2843,0.7564,-0.2803,-0.105
80.575,-7.8296,1.9821,-0.2674,0.7729,-0.2819,-0.0882
80.625,-7.8136,1.9779,-0.2519,0.7971,-0.2838,-0.0665
80.675,-7.789,1.9717,-0.2306,0.8131,-0.2848,-0.0533
80.726,-7.7723,1.9678,-0.2174,0.8382,-0.286,-0.0347
80.777,-7.7464,1.9621,-0.1996,0.8561,-0.2865,-0.0229
80.827,-7.7288,1.9585,-0.1886,0.8806,-0.2869,-0.0078
80.878,-7.7108,1.9551,-0.1781,0.9017,-0.287,0.0042
80.928,-7.6833,1.9503,-0.163,0.9257,-0.2868,0.0171
80.979,-7.6646,1.9474,-0.1537,0.9431,-0.2864,0.0259
81.029,-7.6458,1.9445,-0.1451,0.9703,-0.2856,0.0379
81.08,-7.6172,1.9405,-0.1333,0.9881,-0.2848,0.0452
81.13,-7.598,1.938,-0.1262,1.0075,-0.2839,0.0524
81.18,-7.5786,1.9356,-0.1197,1.0353,-0.2823,0.0616
81.231,-7.5493,1.9322,-0.111,1.0549,-0.2811,0.0675
81.281,-7.5296,1.9301,-0.1056,1.0846,-0.279,0.0755
81.331,-7.4998,1.927,-0.0986,1.1101,-0.2769,0.0815
81.382,-7.4799,1.9251,-0.0943,1.1287,-0.2754,0.0855
81.435,-7.4599,1.9232,-0.0906,1.1487,-0.2737,0.0892
81.485,-7.4298,1.9205,-0.086,1.1774,-0.271,0.0937
81.536,-7.4097,1.9188,-0.0832,1.2063,-0.2683,0.0976
81.586,-7.3793,1.9164,-0.0795,1.2251,-0.2664,0.1
81.636,-7.3591,1.9148,-0.0772,1.2454,-0.2643,0.1023
81.687,-7.3387,1.9132,-0.0751,1.2759,-0.2612,0.1056
81.737,-7.3183,1.9117,-0.0731,1.2963,-0.259,0.1076
81.787,-7.2877,1.9095,-0.0704,1.3225,-0.2561,0.11
81.838,-7.2672,1.9081,-0.0688,1.3415,-0.254,0.1116
81.889,-7.2365,1.906,-0.0666,1.3707,-0.2507,0.1138
81.939,-7.2159,1.9046,-0.0651,1.4,-0.2473,0.116
81.989,-7.1953,1.9033,-0.0637,1.4191,-0.2451,0.1174
82.04,-7.1643,1.9013,-0.0618,1.4397,-0.2426,0.1187
82.09,-7.1435,1.9001,-0.0608,1.4705,-0.2389,0.1204
82.14,-7.1124,1.8982,-0.0594,1.4911,-0.2364,0.1214
82.19,-7.0916,1.897,-0.0585,1.5177,-0.2332,0.1226
82.24,-7.0709,1.8958,-0.0577,1.5368,-0.2308,0.1234
82.291,-7.0397,1.894,-0.0566,1.5663,-0.2271,0.1245
82.341,-7.0189,1.8928,-0.0559,1.587,-0.2245,0.1253
82.392,-6.9876,1.8911,-0.0549,1.6165,-0.2208,0.1264
82.442,-6.9668,1.8899,-0.0543,1.6357,-0.2184,0.127
82.493,-6.946,1.8888,-0.0537,1.6668,-0.2144,0.1279
82.543,-6.9147,1.8871,-0.053,1.6846,-0.2121,0.1284
82.594,-6.8938,1.886,-0.0526,1.7142,-0.2082,0.1291
82.644,-6.873,1.8849,-0.0522,1.7349,-0.2056,0.1296
82.694,-6.8417,1.8833,-0.0517,1.7645,-0.2017,0.1302
82.744,-6.8208,1.8822,-0.0514,1.7838,-0.1992,0.1305
82.795,-6.7999,1.8812,-0.0511,1.803,-0.1966,0.1309
82.845,-6.7685,1.8796,-0.0507,1.8327,-0.1927,0.1313
82.895,-6.7476,1.8785,-0.0505,1.8638,-0.1886,0.1318
82.945,-6.7267,1.8774,-0.0503,1.8742,-0.1872,0.132
82.996,-6.7058,1.8764,-0.0501,1.9053,-0.1831,0.1324
83.046,-6.6744,1.8748,-0.0498,1.9321,-0.1795,0.1328
83.097,-6.6535,1.8738,-0.0496,1.9513,-0.1769,0.133
83.147,-6.6326,1.8727,-0.0494,1.9721,-0.1742,0.1333
83.197,-6.6012,1.8712,-0.0492,2.0018,-0.1702,0.1336
83.247,-6.5802,1.8702,-0.0491,2.0211,-0.1676,0.1338
83.301,-6.5593,1.8691,-0.0489,2.0508,-0.1636,0.1341
83.353,-6.5278,1.8676,-0.0488,2.0715,-0.1608,0.1342
83.403,-6.5069,1.8666,-0.0487,2.0998,-0.157,0.1345
83.453,-6.4755,1.8651,-0.0485,2.1295,-0.1529,0.1348
83.504,-6.4545,1.864,-0.0485,2.1502,-0.1501,0.1349
83.554,-6.4336,1.863,-0.0484,2.1695,-0.1475,0.1351
83.605,-6.4126,1.862,-0.0483,2.1889,-0.1449,0.1353
83.655,-6.3812,1.8605,-0.0482,2.2185,-0.1408,0.1355
83.706,-6.3602,1.8595,-0.0481,2.2482,-0.1368,0.1356
83.756,-6.3288,1.858,-0.048,2.269,-0.1339,0.1358
83.806,-6.3078,1.857,-0.048,2.2898,-0.1311,0.1359
83.856,-6.2868,1.856,-0.0479,2.321,-0.1268,0.1361
83.907,-6.2659,1.8549,-0.0479,2.3374,-0.1246,0.1362
83.957,-6.2344,1.8534,-0.0478,2.3671,-0.1205,0.1364
84.007,-6.2135,1.8524,-0.0478,2.3879,-0.1177,0.1365
84.058,-6.1925,1.8514,-0.0478,2.4072,-0.115,0.1366
84.108,-6.161,1.8499,-0.0477,2.4369,-0.1109,0.1368
84.158,-6.1401,1.8489,-0.0477,2.4666,-0.1068,0.137
84.208,-6.1086,1.8474,-0.0477,2.4874,-0.104,0.1371
84.259,-6.0876,1.8464,-0.0476,2.5186,-0.0996,0.1373
84.309,-6.0667,1.8454,-0.0476,2.5364,-0.0972,0.1374
84.359,-6.0352,1.8439,-0.0476,2.5661,-0.0931,0.1375
84.41,-6.0142,1.8429,-0.0476,2.5855,-0.0904,0.1376
84.46,-5.9933,1.8419,-0.0476,2.6152,-0.0863,0.1377
84.51,-5.9618,1.8404,-0.0475,2.6345,-0.0836,0.1378
84.56,-5.9408,1.8394,-0.0475,2.6642,-0.0795,0.1379
84.611,-5.9094,1.8379,-0.0475,2.685,-0.0766,0.138
84.661,-5.8884,1.837,-0.0475,2.7058,-0.0737,0.1381
84.711,-5.8674,1.836,-0.0475,2.737,-0.0694,0.1382
84.763,-5.836,1.8345,-0.0475,2.7637,-0.0656,0.1383
84.813,-5.815,1.8335,-0.0475,2.783,-0.063,0.1384
84.863,-5.7835,1.832,-0.0474,2.8127,-0.0588,0.1386
84.914,-5.7626,1.831,-0.0474,2.8335,-0.0559,0.1387
84.965,-5.7416,1.83,-0.0474,2.8528,-0.0532,0.1387
85.016,-5.7101,1.8285,-0.0474,2.8825,-0.0491,0.1389
85.066,-5.6892,1.8275,-0.0474,2.9137,-0.0447,0.139
85.116,-5.6682,1.8265,-0.0474,2.9316,-0.0422,0.1391
85.167,-5.6472,1.8255,-0.0474,2.9553,-0.0389,0.1392
85.218,-5.6157,1.824,-0.0474,2.9821,-0.0351,0.1393
85.269,-5.5948,1.823,-0.0474,3.0014,-0.0324,0.1394
85.319,-5.5633,1.8215,-0.0474,3.0311,-0.0283,0.1395
85.369,-5.5423,1.8205,-0.0474,3.0504,-0.0255,0.1396
85.419,-5.5109,1.819,-0.0474,3.0801,-0.0214,0.1397
85.47,-5.4899,1.818,-0.0474,3.1009,-0.0184,0.1398
85.52,-5.4689,1.817,-0.0474,3.1321,-0.0141,0.1399
85.57,-5.4374,1.8156,-0.0474,3.1633,-0.0097,0.14
85.62,-5.4165,1.8146,-0.0474,3.1796,-0.0074,0.1401
85.671,-5.385,1.8131,-0.0474,3.1989,-0.0046,0.1402
85.721,-5.364,1.8121,-0.0474,3.2286,-0.0004,0.1403
85.771,-5.3431,1.8111,-0.0474,3.2494,0.0025,0.1403
85.822,-5.3116,1.8096,-0.0474,3.2791,0.0067,0.1404
85.873,-5.2906,1.8086,-0.0474,3.2984,0.0094,0.1405
85.923,-5.2696,1.8076,-0.0474,3.3296,0.0138,0.1406
85.973,-5.2382,1.8061,-0.0474,3.3504,0.0168,0.1407
86.023,-5.2172,1.8051,-0.0474,3.3772,0.0206,0.1409
86.074,-5.1962,1.8041,-0.0474,3.3979,0.0235,0.141
86.124,-5.1752,1.8031,-0.0474,3.4173,0.0263,0.1411
86.174,-5.1438,1.8016,-0.0474,3.447,0.0305,0.1411
86.225,-5.1228,1.8006,-0.0474,3.4767,0.0347,0.1413
86.275,-5.0913,1.7991,-0.0473,3.496,0.0374,0.1413
86.325,-5.0704,1.7982,-0.0473,3.5271,0.0419,0.1415
86.375,-5.0389,1.7967,-0.0473,3.5479,0.0448,0.1416
86.425,-5.0179,1.7957,-0.0473,3.5791,0.0493,0.1417
86.476,-4.9969,1.7947,-0.0473,3.5955,0.0516,0.1418
86.526,-4.9655,1.7932,-0.0473,3.6252,0.0559,0.1419
86.576,-4.9445,1.7922,-0.0473,3.6445,0.0586,0.1419
86.626,-4.9235,1.7912,-0.0473,3.6742,0.0629,0.1421
86.677,-4.8921,1.7897,-0.0473,3.6949,0.0658,0.1422
86.727,-4.8711,1.7887,-0.0473,3.7246,0.0701,0.1423
86.777,-4.8396,1.7872,-0.0473,3.7454,0.0731,0.1424
86.827,-4.8187,1.7862,-0.0473,3.7736,0.0771,0.1425
86.878,-4.7977,1.7852,-0.0473,3.7929,0.0799,0.1425
86.929,-4.7767,1.7842,-0.0473,3.8226,0.0841,0.1426
86.979,-4.7452,1.7827,-0.0473,3.8434,0.0871,0.1427
87.029,-4.7243,1.7818,-0.0473,3.8731,0.0914,0.1429
87.08,-4.6928,1.7803,-0.0473,3.8924,0.0942,0.1429
87.13,-4.6718,1.7793,-0.0473,3.9117,0.097,0.143
87.18,-4.6404,1.7778,-0.0473,3.9429,0.1014,0.1431
87.23,-4.6194,1.7768,-0.0473,3.9741,0.1059,0.1433
87.282,-4.5984,1.7758,-0.0473,3.9949,0.1089,0.1434
87.332,-4.5669,1.7743,-0.0473,4.0216,0.1128,0.1435
87.382,-4.546,1.7733,-0.0473,4.0409,0.1156,0.1435
87.433,-4.525,1.7723,-0.0473,4.0706,0.1199,0.1436
87.483,-4.4935,1.7708,-0.0473,4.0899,0.1227,0.1437
87.533,-4.4725,1.7698,-0.0473,4.1196,0.127,0.1438
87.583,-4.4411,1.7683,-0.0473,4.1403,0.13,0.1439
87.634,-4.4201,1.7673,-0.0473,4.1715,0.1345,0.144
87.684,-4.3991,1.7664,-0.0473,4.1938,0.1377,0.1441
87.734,-4.3677,1.7649,-0.0473,4.219,0.1414,0.1442
87.785,-4.3467,1.7639,-0.0473,4.2383,0.1442,0.1443
87.835,-4.3152,1.7624,-0.0473,4.268,0.1485,0.1444
87.886,-4.2942,1.7614,-0.0473,4.2888,0.1515,0.1444
87.936,-4.2733,1.7604,-0.0473,4.3185,0.1558,0.1445
87.986,-4.2523,1.7594,-0.0473,4.3378,0.1587,0.1446
88.036,-4.2208,1.7579,-0.0473,4.3586,0.1617,0.1447
88.087,-4.1998,1.7569,-0.0473,4.3897,0.1662,0.1448
88.139,-4.1684,1.7554,-0.0473,4.4164,0.1701,0.145
88.189,-4.1474,1.7544,-0.0473,4.4372,0.1732,0.145
88.24,-4.1159,1.7529,-0.0473,4.4565,0.176,0.1451
88.29,-4.095,1.7519,-0.0473,4.4862,0.1803,0.1453
88.34,-4.074,1.7509,-0.0473,4.5055,0.1831,0.1454
88.391,-4.053,1.75,-0.0473,4.5352,0.1875,0.1455
88.443,-4.0215,1.7485,-0.0473,4.5604,0.1912,0.1456
88.493,-4.0006,1.7475,-0.0473,4.5871,0.1951,0.1457
88.547,-3.9691,1.746,-0.0473,4.6079,0.1982,0.1457
88.597,-3.9481,1.745,-0.0473,4.6346,0.2021,0.1458
88.65,-3.9167,1.7435,-0.0473,4.6643,0.2064,0.146
88.7,-3.8957,1.7425,-0.0473,4.6836,0.2093,0.146
88.75,-3.8642,1.741,-0.0473,4.7133,0.2136,0.1461
88.8,-3.8432,1.74,-0.0473,4.734,0.2167,0.1462
88.851,-3.8223,1.739,-0.0473,4.7637,0.2211,0.1463
88.901,-3.7908,1.7375,-0.0473,4.7845,0.2241,0.1464
88.951,-3.7698,1.7365,-0.0473,4.8157,0.2287,0.1465
89.001,-3.7384,1.735,-0.0473,4.832,0.2311,0.1466
89.052,-3.7174,1.7341,-0.0473,4.8617,0.2355,0.1467
89.102,-3.6964,1.7331,-0.0473,4.8824,0.2386,0.1468
89.153,-3.6649,1.7316,-0.0473,4.9121,0.243,0.1469
89.204,-3.644,1.7306,-0.0473,4.9314,0.2458,0.147
89.254,-3.6125,1.7291,-0.0473,4.9611,0.2502,0.1471
89.304,-3.5915,1.7281,-0.0473,4.9819,0.2533,0.1472
89.355,-3.5706,1.7271,-0.0473,5.0101,0.2575,0.1473
89.406,-3.5391,1.7256,-0.0473,5.0397,0.2619,0.1475
89.457,-3.5181,1.7246,-0.0473,5.0605,0.265,0.1476
89.51,-3.4971,1.7236,-0.0473,5.0798,0.2679,0.1477
89.561,-3.4657,1.7221,-0.0473,5.1095,0.2723,0.1478
89.612,-3.4447,1.7211,-0.0473,5.1391,0.2767,0.1479
89.662,-3.4132,1.7196,-0.0473,5.1584,0.2796,0.148
89.712,-3.3923,1.7187,-0.0473,5.1896,0.2842,0.1481
89.763,-3.3608,1.7172,-0.0473,5.2103,0.2873,0.1482
89.813,-3.3398,1.7162,-0.0473,5.2385,0.2915,0.1483
89.863,-3.3188,1.7152,-0.0473,5.2578,0.2944,0.1484
89.914,-3.2874,1.7137,-0.0473,5.2875,0.2988,0.1485
89.964,-3.2664,1.7127,-0.0473,5.3068,0.3017,0.1485
90.015,-3.2349,1.7112,-0.0473,5.3364,0.3062,0.1486
90.065,-3.214,1.7102,-0.0473,5.3572,0.3093,0.1487
90.116,-3.193,1.7092,-0.0473,5.3869,0.3137,0.1488
90.166,-3.1615,1.7077,-0.0473,5.4076,0.3168,0.1489
90.216,-3.1405,1.7067,-0.0473,5.4388,0.3215,0.149
90.267,-3.1196,1.7057,-0.0473,5.4551,0.324,0.1491
90.317,-3.0881,1.7042,-0.0473,5.4848,0.3284,0.1492
90.367,-3.0671,1.7032,-0.0473,5.5055,0.3315,0.1492
90.418,-3.0357,1.7018,-0.0473,5.5352,0.336,0.1494
90.468,-3.0147,1.7008,-0.0473,5.5545,0.3389,0.1494
90.518,-2.9937,1.6998,-0.0473,5.5842,0.3434,0.1495
90.568,-2.9622,1.6983,-0.0473,5.6049,0.3465,0.1496
90.619,-2.9413,1.6973,-0.0473,5.6361,0.3512,0.1497
90.67,-2.9203,1.6963,-0.0473,5.6568,0.3543,0.1498
90.72,-2.8888,1.6948,-0.0473,5.6835,0.3584,0.15
90.771,-2.8678,1.6938,-0.0473,5.7028,0.3613,0.15
90.821,-2.8364,1.6923,-0.0473,5.7325,0.3658,0.1502
90.871,-2.8154,1.6913,-0.0473,5.7518,0.3687,0.1502
90.922,-2.7944,1.6903,-0.0473,5.7814,0.3732,0.1503
90.972,-2.763,1.6888,-0.0473,5.8066,0.377,0.1504
91.022,-2.742,1.6878,-0.0473,5.8333,0.381,0.1505
91.073,-2.721,1.6868,-0.0473,5.8511,0.3837,0.1506
91.124,-2.6895,1.6854,-0.0473,5.8808,0.3882,0.1507
91.174,-2.6686,1.6844,-0.0473,5.9001,0.3912,0.1508
91.224,-2.6476,1.6834,-0.0473,5.9297,0.3957,0.151
91.275,-2.6161,1.6819,-0.0473,5.9505,0.3988,0.151
91.325,-2.5951,1.6809,-0.0473,5.9698,0.4018,0.1511
91.375,-2.5637,1.6794,-0.0473,5.9994,0.4063,0.1512
91.425,-2.5427,1.6784,-0.0473,6.0202,0.4095,0.1513
91.476,-2.5217,1.6774,-0.0473,6.0513,0.4142,0.1514
91.526,-2.4903,1.6759,-0.0473,6.078,0.4183,0.1515
91.576,-2.4693,1.6749,-0.0473,6.0988,0.4214,0.1516
91.626,-2.4378,1.6734,-0.0473,6.1284,0.426,0.1518
91.676,-2.4168,1.6724,-0.0473,6.1477,0.4289,0.1518
91.727,-2.3959,1.6714,-0.0473,6.1774,0.4335,0.152
91.777,-2.3644,1.67,-0.0473,6.1966,0.4364,0.152
91.827,-2.3434,1.669,-0.0473,6.2174,0.4396,0.1521
91.877,-2.3225,1.668,-0.0473,6.2485,0.4444,0.1523
91.928,-2.3015,1.667,-0.0473,6.2693,0.4476,0.1523
91.98,-2.27,1.6655,-0.0473,6.296,0.4517,0.1524
92.03,-2.249,1.6645,-0.0473,6.3152,0.4546,0.1525
92.08,-2.2176,1.663,-0.0473,6.3449,0.4592,0.1526
92.131,-2.1966,1.662,-0.0473,6.3657,0.4624,0.1527
92.182,-2.1756,1.661,-0.0473,6.3953,0.4669,0.1529
92.232,-2.1442,1.6595,-0.0473,6.4146,0.4699,0.153
92.282,-2.1232,1.6585,-0.0473,6.4457,0.4747,0.1531
92.332,-2.0917,1.657,-0.0473,6.4665,0.4779,0.1532
92.383,-2.0707,1.656,-0.0473,6.4931,0.482,0.1533
92.433,-2.0498,1.655,-0.0473,6.5139,0.4852,0.1534
92.483,-2.0288,1.6541,-0.0473,6.5332,0.4882,0.1535
92.534,-1.9973,1.6526,-0.0473,6.5628,0.4928,0.1536
92.584,-1.9763,1.6516,-0.0473,6.5821,0.4958,0.1537
92.635,-1.9449,1.6501,-0.0473,6.6117,0.5004,0.1538
92.685,-1.9239,1.6491,-0.0473,6.6325,0.5036,0.1538
92.736,-1.9029,1.6481,-0.0473,6.6636,0.5084,0.1539
92.786,-1.8715,1.6466,-0.0473,6.6844,0.5117,0.154
92.836,-1.8505,1.6456,-0.0473,6.711,0.5158,0.1541
92.887,-1.819,1.6441,-0.0473,6.7407,0.5204,0.1543
92.937,-1.798,1.6431,-0.0473,6.76,0.5234,0.1543
92.988,-1.7771,1.6421,-0.0473,6.7807,0.5266,0.1544
93.038,-1.7456,1.6406,-0.0473,6.8104,0.5312,0.1546
93.089,-1.7246,1.6396,-0.0473,6.84,0.5359,0.1547
93.141,-1.6932,1.6382,-0.0473,6.8607,0.5391,0.1547
93.192,-1.6722,1.6372,-0.0473,6.8919,0.544,0.1549
93.242,-1.6512,1.6362,-0.0473,6.9082,0.5465,0.1549
93.293,-1.6197,1.6347,-0.0473,6.9378,0.5511,0.155
93.343,-1.5988,1.6337,-0.0473,6.9586,0.5544,0.1551
93.393,-1.5673,1.6322,-0.0473,6.9882,0.559,0.1552
93.444,-1.5463,1.6312,-0.0473,7.0075,0.562,0.1553
93.496,-1.5253,1.6302,-0.0473,7.0267,0.565,0.1554
93.548,-1.5044,1.6292,-0.0473,7.0578,0.5699,0.1555
93.599,-1.4729,1.6277,-0.0473,7.0786,0.5732,0.1556
93.65,-1.4519,1.6267,-0.0473,7.1097,0.5781,0.1557
93.7,-1.4205,1.6252,-0.0473,7.1364,0.5822,0.1558
93.751,-1.3995,1.6242,-0.0473,7.1557,0.5853,0.1559
93.801,-1.3785,1.6232,-0.0473,7.1853,0.5899,0.156
93.851,-1.347,1.6218,-0.0473,7.2046,0.593,0.1561
93.902,-1.3261,1.6208,-0.0473,7.2342,0.5976,0.1562
93.952,-1.3051,1.6198,-0.0473,7.2549,0.6009,0.1563
94.002,-1.2736,1.6183,-0.0473,7.2757,0.6042,0.1564
94.053,-1.2527,1.6173,-0.0473,7.3083,0.6093,0.1565
94.103,-1.2317,1.6163,-0.0473,7.3231,0.6116,0.1566
94.153,-1.2002,1.6148,-0.0473,7.3527,0.6163,0.1567
94.204,-1.1792,1.6138,-0.0473,7.3735,0.6196,0.1568
94.254,-1.1583,1.6128,-0.0473,7.3927,0.6226,0.1568
94.304,-1.1373,1.6118,-0.0473,7.412,0.6257,0.1569
94.354,-1.1058,1.6103,-0.0473,7.4416,0.6304,0.157
94.405,-1.0848,1.6093,-0.0473,7.4727,0.6353,0.1571
94.455,-1.0534,1.6078,-0.0473,7.4935,0.6386,0.1572
94.507,-1.0324,1.6069,-0.0473,7.5246,0.6435,0.1573
94.558,-1.0114,1.6059,-0.0473,7.5409,0.6461,0.1573
94.61,-0.98,1.6044,-0.0473,7.5705,0.6508,0.1574
94.661,-0.959,1.6034,-0.0473,7.5898,0.6539,0.1575
94.711,-0.938,1.6024,-0.0473,7.6194,0.6586,0.1576
94.762,-0.9065,1.6009,-0.0473,7.6401,0.6619,0.1577
94.812,-0.8856,1.5999,-0.0473,7.6594,0.6649,0.1577
94.862,-0.8646,1.5989,-0.0473,7.6905,0.6699,0.1579
94.913,-0.8331,1.5974,-0.0473,7.7216,0.6748,0.158
94.963,-0.8121,1.5964,-0.0473,7.7379,0.6774,0.1581
95.013,-0.7912,1.5954,-0.0473,7.7586,0.6807,0.1581
95.063,-0.7597,1.5939,-0.0473,7.7883,0.6855,0.1583
95.114,-0.7387,1.5929,-0.0473,7.8075,0.6885,0.1583
95.164,-0.7073,1.5914,-0.0473,7.8416,0.694,0.1585
95.215,-0.6863,1.5905,-0.0473,7.8564,0.6964,0.1586
95.266,-0.6548,1.589,-0.0473,7.8875,0.7013,0.1587
95.316,-0.6338,1.588,-0.0473,7.9186,0.7063,0.1588
95.367,-0.6129,1.587,-0.0473,7.9393,0.7096,0.1589
95.417,-0.5814,1.5855,-0.0473,7.966,0.7139,0.159
95.468,-0.5604,1.5845,-0.0473,7.9853,0.717,0.1591
95.518,-0.529,1.583,-0.0473,8.0045,0.7201,0.1592
95.569,-0.508,1.582,-0.0473,8.0341,0.7248,0.1593
95.619,-0.487,1.581,-0.0473,8.0638,0.7296,0.1594
95.669,-0.4555,1.5795,-0.0473,8.0845,0.7329,0.1595
95.72,-0.4346,1.5785,-0.0473,8.1156,0.7379,0.1596
95.77,-0.4031,1.577,-0.0473,8.1363,0.7413,0.1597
95.821,-0.3821,1.576,-0.0473,8.163,0.7456,0.1598
95.871,-0.3612,1.5751,-0.0473,8.1822,0.7487,0.1599
95.922,-0.3297,1.5736,-0.0473,8.2118,0.7535,0.16
95.972,-0.3087,1.5726,-0.0473,8.2326,0.7568,0.1601
96.022,-0.2877,1.5716,-0.0473,8.2622,0.7616,0.1603
96.072,-0.2563,1.5701,-0.0473,8.2814,0.7647,0.1604
96.123,-0.2353,1.5691,-0.0473,8.3125,0.7697,0.1605
96.175,-0.2143,1.5681,-0.0473,8.3333,0.7731,0.1606
96.225,-0.1829,1.5666,-0.0473,8.3599,0.7774,0.1607
96.276,-0.1619,1.5656,-0.0473,8.3807,0.7808,0.1607
96.326,-0.1409,1.5646,-0.0473,8.3999,0.7839,0.1608
96.376,-0.1094,1.5631,-0.0473,8.4295,0.7887,0.1609
96.427,-0.0885,1.5621,-0.0473,8.4488,0.7918,0.1609
96.477,-0.057,1.5606,-0.0473,8.4784,0.7966,0.161
96.528,-0.036,1.5596,-0.0473,8.4991,0.8,0.1611
96.578,-0.015,1.5587,-0.0473,8.5302,0.805,0.1612
96.628,0.0164,1.5572,-0.0473,8.548,0.8079,0.1612
96.679,0.0374,1.5562,-0.0473,8.5776,0.8127,0.1613
96.729,0.0689,1.5547,-0.0473,8.5968,0.8159,0.1614
96.779,0.0898,1.5537,-0.0473,8.6264,0.8207,0.1616
96.829,0.1108,1.5527,-0.0473,8.656,0.8255,0.1616
96.88,0.1423,1.5512,-0.0473,8.6768,0.8289,0.1617
96.93,0.1633,1.5502,-0.0473,8.696,0.8321,0.1618
96.98,0.1842,1.5492,-0.0473,8.7271,0.8371,0.1619
97.031,0.2157,1.5477,-0.0473,8.7478,0.8405,0.162
97.081,0.2367,1.5467,-0.0473,8.7745,0.8449,0.1621
97.131,0.2681,1.5452,-0.0473,8.8041,0.8497,0.1623
97.182,0.2891,1.5442,-0.0473,8.8248,0.8531,0.1624
97.232,0.3101,1.5432,-0.0473,8.8544,0.858,0.1624
97.282,0.3416,1.5418,-0.0473,8.8736,0.8611,0.1625
97.334,0.3625,1.5408,-0.0473,8.9032,0.866,0.1626
97.384,0.394,1.5393,-0.0473,8.924,0.8694,0.1627
97.434,0.415,1.5383,-0.0473,8.9551,0.8745,0.1628
97.484,0.436,1.5373,-0.0473,8.9758,0.8779,0.1629
97.535,0.4569,1.5363,-0.0473,8.9921,0.8806,0.1629
97.585,0.4884,1.5348,-0.0473,9.0217,0.8854,0.163
97.635,0.5094,1.5338,-0.0473,9.0409,0.8886,0.1631
97.685,0.5408,1.5323,-0.0473,9.0705,0.8935,0.1632
97.736,0.5618,1.5313,-0.0473,9.1001,0.8983,0.1633
97.786,0.5828,1.5303,-0.0473,9.1208,0.9018,0.1634
97.836,0.6143,1.5288,-0.0473,9.1415,0.9052,0.1634
97.886,0.6352,1.5278,-0.0473,9.1726,0.9103,0.1636
97.937,0.6667,1.5264,-0.0473,9.1889,0.913,0.1636
97.987,0.6877,1.5254,-0.0473,9.2185,0.9179,0.1637
98.037,0.7086,1.5244,-0.0473,9.2481,0.9228,0.1639
98.087,0.7401,1.5229,-0.0473,9.2688,0.9262,0.164
98.138,0.7611,1.5219,-0.0473,9.2881,0.9294,0.164
98.188,0.7926,1.5204,-0.0473,9.3177,0.9343,0.1641
98.238,0.8135,1.5194,-0.0473,9.3487,0.9394,0.1643
98.288,0.8345,1.5184,-0.0473,9.3695,0.9429,0.1643
98.339,0.866,1.5169,-0.0473,9.3916,0.9465,0.1644
98.389,0.8869,1.5159,-0.0473,9.4168,0.9507,0.1645
98.439,0.9079,1.5149,-0.0473,9.436,0.9539,0.1646
98.489,0.9394,1.5134,-0.0473,9.4656,0.9588,0.1648
98.539,0.9604,1.5124,-0.0473,9.4849,0.962,0.1648
98.59,0.9918,1.511,-0.0473,9.5145,0.967,0.1649
98.64,1.0128,1.51,-0.0473,9.5352,0.9704,0.165
98.69,1.0338,1.509,-0.0473,9.5663,0.9756,0.1651
98.74,1.0548,1.508,-0.0473,9.587,0.979,0.1652
98.791,1.0862,1.5065,-0.0473,9.6136,0.9835,0.1653
98.841,1.1072,1.5055,-0.0473,9.6328,0.9867,0.1654
98.891,1.1387,1.504,-0.0473,9.6624,0.9916,0.1655
98.942,1.1596,1.503,-0.0473,9.6831,0.9951,0.1655
98.992,1.1806,1.502,-0.0473,9.7127,1.0,0.1656
99.042,1.2121,1.5005,-0.0473,9.732,1.0032,0.1657
99.093,1.2331,1.4995,-0.0473,9.763,1.0084,0.1659
99.143,1.2645,1.498,-0.0473,9.7837,1.0119,0.1659
99.193,1.2855,1.497,-0.0473,9.8104,1.0164,0.166
99.244,1.317,1.4955,-0.0473,9.84,1.0213,0.1661
99.296,1.3379,1.4946,-0.0473,9.8607,1.0248,0.1662
99.346,1.3589,1.4936,-0.0473,9.8799,1.028,0.1663
99.397,1.3799,1.4926,-0.0473,9.9095,1.033,0.1664
99.448,1.4114,1.4911,-0.0473,9.9287,1.0362,0.1665
99.498,1.4323,1.4901,-0.0473,9.9598,1.0414,0.1666
99.548,1.4638,1.4886,-0.0473,9.9908,1.0467,0.1667
99.598,1.4848,1.4876,-0.0473,10.0115,1.0502,0.1668
99.649,1.5162,1.4861,-0.0473,10.0278,1.0529,0.1669
99.699,1.5372,1.4851,-0.0473,10.0574,1.0579,0.167
99.751,1.5582,1.4841,-0.0473,10.087,1.0629,0.1671
99.801,1.5897,1.4826,-0.0473,10.1062,1.0661,0.1672
99.852,1.6106,1.4816,-0.0473,10.1358,1.0711,0.1673
99.902,1.6316,1.4806,-0.0473,10.1565,1.0746,0.1673
99.952,1.6631,1.4792,-0.0473,10.1772,1.0781,0.1674
100.003,1.6841,1.4782,-0.0473,10.2083,1.0834,0.1675
100.053,1.7155,1.4767,-0.0473,10.2349,1.0879,0.1676
100.103,1.7365,1.4757,-0.0473,10.2541,1.0911,0.1677
100.154,1.7575,1.4747,-0.0473,10.2837,1.0961,0.1678
100.204,1.7889,1.4732,-0.0473,10.3044,1.0996,0.1679
100.254,1.8099,1.4722,-0.0473,10.334,1.1046,0.168
100.304,1.8414,1.4707,-0.0473,10.3532,1.1079,0.1681
100.354,1.8624,1.4697,-0.0473,10.3739,1.1114,0.1681
100.405,1.8833,1.4687,-0.0473,10.402,1.1162,0.1683
100.456,1.9148,1.4672,-0.0473,10.4316,1.1212,0.1684
100.507,1.9358,1.4662,-0.0473,10.4523,1.1247,0.1685
100.557,1.9567,1.4652,-0.0473,10.4715,1.128,0.1685
100.607,1.9882,1.4637,-0.0473,10.5011,1.133,0.1687
100.658,2.0092,1.4628,-0.0473,10.5203,1.1363,0.1688
100.708,2.0302,1.4618,-0.0473,10.5499,1.1414,0.1689
100.758,2.0616,1.4603,-0.0473,10.5706,1.1449,0.169
100.809,2.0826,1.4593,-0.0473,10.6016,1.1502,0.1691
100.859,2.1141,1.4578,-0.0473,10.6223,1.1537,0.1691
100.91,2.135,1.4568,-0.0473,10.6489,1.1583,0.1692
100.96,2.156,1.4558,-0.0473,10.6682,1.1615,0.1693
101.01,2.1875,1.4543,-0.0473,10.6977,1.1666,0.1695
101.061,2.2085,1.4533,-0.0473,10.7184,1.1701,0.1696
101.111,2.2294,1.4523,-0.0473,10.748,1.1752,0.1697
101.161,2.2609,1.4508,-0.0473,10.7672,1.1785,0.1698
101.212,2.2819,1.4498,-0.0473,10.7983,1.1838,0.1699
101.262,2.3029,1.4488,-0.0473,10.816,1.1869,0.1699
101.314,2.3343,1.4474,-0.0473,10.8397,1.1909,0.1701
101.365,2.3553,1.4464,-0.0473,10.8663,1.1955,0.1701
101.415,2.3868,1.4449,-0.0473,10.8855,1.1988,0.1702
101.465,2.4077,1.4439,-0.0473,10.9151,1.2039,0.1703
101.516,2.4287,1.4429,-0.0473,10.9446,1.209,0.1704
101.566,2.4602,1.4414,-0.0473,10.9638,1.2123,0.1705
101.619,2.4812,1.4404,-0.0473,10.9949,1.2176,0.1706
101.669,2.5126,1.4389,-0.0473,11.0156,1.2212,0.1707
101.72,2.5336,1.4379,-0.0473,11.0466,1.2265,0.1708
101.77,2.5546,1.4369,-0.0473,11.0629,1.2294,0.1709
101.821,2.586,1.4354,-0.0473,11.0821,1.2327,0.1709
101.871,2.607,1.4344,-0.0473,11.1117,1.2378,0.1711
101.921,2.628,1.4334,-0.0473,11.1412,1.2429,0.1712
101.971,2.6595,1.4319,-0.0473,11.1619,1.2465,0.1713
102.022,2.6804,1.431,-0.0473,11.1915,1.2516,0.1714
102.072,2.7014,1.43,-0.0473,11.2122,1.2552,0.1715
102.122,2.7329,1.4285,-0.0473,11.2432,1.2605,0.1716
102.172,2.7539,1.4275,-0.0473,11.2595,1.2634,0.1717
102.222,2.7853,1.426,-0.0473,11.289,1.2685,0.1718
102.273,2.8063,1.425,-0.0473,11.3097,1.2721,0.1719
102.323,2.8273,1.424,-0.0473,11.3393,1.2772,0.172
102.374,2.8587,1.4225,-0.0473,11.3585,1.2805,0.172
102.424,2.8797,1.4215,-0.0473,11.388,1.2857,0.1722
102.474,2.9112,1.42,-0.0473,11.4087,1.2893,0.1723
102.525,2.9322,1.419,-0.0473,11.4398,1.2947,0.1724
102.575,2.9531,1.418,-0.0473,11.4605,1.2983,0.1725
102.625,2.9846,1.4165,-0.0473,11.4871,1.3029,0.1726
102.675,3.0056,1.4156,-0.0473,11.5063,1.3063,0.1727
102.726,3.037,1.4141,-0.0473,11.5358,1.3114,0.1728
102.776,3.058,1.4131,-0.0473,11.555,1.3148,0.1729
102.827,3.079,1.4121,-0.0473,11.5846,1.3199,0.1731
102.877,3.1105,1.4106,-0.0473,11.6053,1.3236,0.1732
102.927,3.1314,1.4096,-0.0473,11.6363,1.329,0.1733
102.978,3.1629,1.4081,-0.0473,11.6585,1.3329,0.1734
103.029,3.1839,1.4071,-0.0473,11.6836,1.3373,0.1735
103.079,3.2048,1.4061,-0.0473,11.7028,1.3406,0.1736
103.13,3.2363,1.4046,-0.0473,11.7323,1.3458,0.1737
103.18,3.2573,1.4036,-0.0473,11.753,1.3495,0.1738
103.23,3.2888,1.4021,-0.0473,11.7826,1.3547,0.174
103.281,3.3097,1.4011,-0.0473,11.8121,1.3598,0.1741
103.331,3.3307,1.4001,-0.0473,11.8328,1.3635,0.1742
103.381,3.3622,1.3987,-0.0473,11.8638,1.3689,0.1744
103.431,3.3831,1.3977,-0.0473,11.8801,1.3718,0.1744
103.481,3.4041,1.3967,-0.0473,11.9007,1.3755,0.1745
103.532,3.4356,1.3952,-0.0473,11.9303,1.3807,0.1747
103.582,3.4566,1.3942,-0.0473,11.9495,1.3841,0.1747
103.632,3.488,1.3927,-0.0473,11.979,1.3893,0.1748
103.682,3.509,1.3917,-0.0473,11.9982,1.3927,0.1749
103.733,3.53,1.3907,-0.0473,12.0293,1.3981,0.175
103.783,3.5614,1.3892,-0.0473,12.0499,1.4018,0.1751
103.833,3.5824,1.3882,-0.0473,12.081,1.4073,0.1751
103.883,3.6139,1.3867,-0.0473,12.0972,1.4102,0.1752
103.934,3.6349,1.3857,-0.0473,12.1267,1.4154,0.1753
103.985,3.6558,1.3847,-0.0473,12.1459,1.4188,0.1754
104.035,3.6873,1.3833,-0.0473,12.1755,1.424,0.1755
104.085,3.7083,1.3823,-0.0473,12.1962,1.4277,0.1756
104.135,3.7293,1.3813,-0.0473,12.2257,1.4329,0.1758
104.185,3.7607,1.3798,-0.0473,12.2464,1.4366,0.1758
104.236,3.7817,1.3788,-0.0473,12.2774,1.4421,0.176
104.286,3.8027,1.3778,-0.0473,12.2936,1.445,0.176
104.336,3.8341,1.3763,-0.0473,12.3232,1.4503,0.1762
104.386,3.8551,1.3753,-0.0473,12.3438,1.454,0.1762
104.437,3.8866,1.3738,-0.0473,12.3734,1.4592,0.1764
104.487,3.9076,1.3728,-0.0473,12.3926,1.4626,0.1764
104.537,3.9285,1.3718,-0.0473,12.4221,1.4679,0.1765
104.587,3.96,1.3703,-0.0473,12.4428,1.4716,0.1767
104.637,3.981,1.3693,-0.0473,12.4738,1.4771,0.1768
104.688,4.0124,1.3678,-0.0473,12.4945,1.4808,0.1769
104.738,4.0334,1.3669,-0.0473,12.521,1.4856,0.177
104.789,4.0544,1.3659,-0.0473,12.5402,1.489,0.1771
104.839,4.0859,1.3644,-0.0473,12.5698,1.4943,0.1772
104.889,4.1068,1.3634,-0.0473,12.589,1.4977,0.1773
104.939,4.1278,1.3624,-0.0473,12.6185,1.503,0.1774
104.99,4.1593,1.3609,-0.0473,12.6392,1.5067,0.1774
105.04,4.1803,1.3599,-0.0473,12.6702,1.5123,0.1776
105.09,4.2117,1.3584,-0.0473,12.6908,1.516,0.1776
105.141,4.2327,1.3574,-0.0473,12.7174,1.5208,0.1777
105.191,4.2537,1.3564,-0.0473,12.7366,1.5242,0.1778
105.241,4.2851,1.3549,-0.0473,12.7661,1.5295,0.1779
105.292,4.3061,1.3539,-0.0473,12.7957,1.5348,0.178
105.342,4.3376,1.3524,-0.0473,12.8163,1.5386,0.1781
105.393,4.3586,1.3515,-0.0473,12.8459,1.5439,0.1782
105.443,4.3795,1.3505,-0.0473,12.8695,1.5481,0.1784
105.493,4.411,1.349,-0.0473,12.8975,1.5532,0.1785
105.544,4.432,1.348,-0.0473,12.9138,1.5561,0.1785
105.594,4.4634,1.3465,-0.0473,12.9433,1.5614,0.1787
105.644,4.4844,1.3455,-0.0473,12.9639,1.5652,0.1787
105.694,4.5054,1.3445,-0.0473,12.9935,1.5705,0.1788
105.744,4.5369,1.343,-0.0473,13.0127,1.574,0.1789
105.795,4.5578,1.342,-0.0473,13.0422,1.5793,0.179
105.845,4.5788,1.341,-0.0473,13.0628,1.5831,0.1791
105.895,4.6103,1.3395,-0.0473,13.0938,1.5887,0.1792
105.945,4.6312,1.3385,-0.0473,13.1145,1.5924,0.1793
105.996,4.6627,1.337,-0.0473,13.1411,1.5972,0.1794
106.046,4.6837,1.336,-0.0473,13.1603,1.6007,0.1795
106.096,4.7047,1.3351,-0.0473,13.1898,1.6061,0.1795
106.146,4.7361,1.3336,-0.0473,13.209,1.6096,0.1796
106.197,4.7571,1.3326,-0.0473,13.2385,1.6149,0.1798
106.247,4.7781,1.3316,-0.0473,13.2591,1.6187,0.1799
106.297,4.8095,1.3301,-0.0473,13.2798,1.6224,0.1799
106.347,4.8305,1.3291,-0.0473,13.3108,1.6281,0.1801
106.398,4.8515,1.3281,-0.0473,13.327,1.631,0.1801
106.448,4.883,1.3266,-0.0473,13.3565,1.6364,0.1802
106.498,4.9039,1.3256,-0.0473,13.3861,1.6418,0.1803
106.548,4.9354,1.3241,-0.0473,13.4067,1.6455,0.1804
106.599,4.9564,1.3231,-0.0473,13.4259,1.649,0.1805
106.649,4.9774,1.3221,-0.0473,13.4554,1.6544,0.1806
106.699,4.9983,1.3211,-0.0473,13.4761,1.6582,0.1807
106.75,5.0298,1.3197,-0.0473,13.5071,1.6639,0.1808
106.8,5.0508,1.3187,-0.0473,13.5277,1.6676,0.1809
106.85,5.0822,1.3172,-0.0473,13.5439,1.6706,0.181
106.9,5.1032,1.3162,-0.0473,13.5734,1.676,0.1811
106.951,5.1242,1.3152,-0.0473,13.5926,1.6795,0.1812
107.004,5.1557,1.3137,-0.0473,13.6221,1.6849,0.1813
107.054,5.1766,1.3127,-0.0473,13.6428,1.6887,0.1814
107.104,5.1976,1.3117,-0.0473,13.6723,1.6941,0.1816
107.155,5.2291,1.3102,-0.0473,13.693,1.6979,0.1816
107.205,5.2501,1.3092,-0.0473,13.7239,1.7036,0.1818
107.255,5.271,1.3082,-0.0473,13.7402,1.7066,0.1818
107.305,5.3025,1.3067,-0.0473,13.7697,1.712,0.1819
107.355,5.3235,1.3057,-0.0473,13.7903,1.7158,0.1821
107.406,5.3549,1.3042,-0.0473,13.8198,1.7213,0.1821
107.456,5.3759,1.3033,-0.0473,13.839,1.7248,0.1822
107.506,5.3969,1.3023,-0.0473,13.8685,1.7302,0.1824
107.556,5.4179,1.3013,-0.0473,13.8892,1.7341,0.1824
107.607,5.4482,1.3,-0.0472,13.9104,1.738,0.183
107.657,5.4599,1.2995,-0.0432,13.9179,1.7394,0.1896
107.708,5.4703,1.2992,-0.0136,13.9263,1.7411,0.2199
107.764,5.4766,1.2991,0.0086,13.9319,1.7425,0.2406
107.814,5.4861,1.2994,0.0419,13.9407,1.7447,0.2725
107.865,5.4923,1.2997,0.0641,13.9494,1.7473,0.3043
107.915,5.5018,1.3005,0.0974,13.9549,1.7491,0.325
107.966,5.508,1.3011,0.1196,13.9639,1.7522,0.3585
108.016,5.5143,1.3019,0.1418,13.9697,1.7544,0.3808
108.066,5.5236,1.3034,0.1751,13.9785,1.7581,0.4142
108.116,5.5298,1.3046,0.1973,13.9829,1.76,0.4317
108.166,5.536,1.3059,0.2195,13.9882,1.7625,0.4523
108.217,5.5452,1.3081,0.2529,13.9963,1.7666,0.4842
108.268,5.5512,1.3097,0.2751,14.0018,1.7695,0.5065
108.319,5.5603,1.3124,0.3084,14.0097,1.774,0.5383
108.37,5.5663,1.3144,0.3306,14.0147,1.777,0.559
108.42,5.5722,1.3165,0.3528,14.0226,1.7822,0.5924
108.471,5.581,1.3199,0.3861,14.0304,1.7875,0.6259
108.521,5.5868,1.3224,0.4083,14.0343,1.7904,0.6434
108.571,5.5955,1.3262,0.4416,14.0415,1.7959,0.6752
108.621,5.6011,1.329,0.4638,14.0464,1.7999,0.6974
108.672,5.6067,1.3319,0.486,14.0532,1.8057,0.7293
108.722,5.615,1.3364,0.5193,14.0576,1.8097,0.75
108.772,5.6204,1.3396,0.5415,14.0618,1.8137,0.7707
108.823,5.6258,1.3429,0.5638,14.0685,1.8204,0.8042
108.873,5.6337,1.3481,0.5972,14.0743,1.8265,0.8346
108.923,5.639,1.3517,0.6197,14.0786,1.8313,0.8574
108.974,5.6473,1.3577,0.6547,14.0828,1.8362,0.8791
109.024,5.6529,1.3621,0.6785,14.0894,1.8443,0.9131
109.074,5.6588,1.3668,0.7028,14.0938,1.8501,0.9358
109.125,5.668,1.3744,0.7404,14.1008,1.8598,0.9717
109.175,5.6743,1.38,0.7658,14.1078,1.8703,1.0081
109.225,5.6809,1.3861,0.7913,14.1127,1.8783,1.0338
109.276,5.6912,1.396,0.83,14.1177,1.8867,1.0597
109.326,5.6983,1.4033,0.8559,14.125,1.9003,1.0987
109.378,5.7056,1.411,0.8819,14.1288,1.9077,1.1192
109.428,5.7166,1.4236,0.9206,14.1356,1.9223,1.1562
109.48,5.7239,1.4325,0.9461,14.1402,1.9331,1.1818
109.531,5.7348,1.4469,0.984,14.1467,1.9495,1.218
109.581,5.7421,1.4571,1.0092,14.1507,1.9607,1.2414
109.631,5.7491,1.4679,1.0344,14.1567,1.9789,1.2775
109.682,5.7593,1.485,1.0722,14.1606,1.9921,1.3028
109.733,5.7658,1.497,1.0971,14.166,2.013,1.3399
109.784,5.7752,1.5163,1.1317,14.1701,2.0316,1.3693
109.835,5.7814,1.5297,1.1531,14.1731,2.0467,1.3905
109.885,5.7905,1.551,1.182,14.1769,2.0692,1.418
109.936,5.7964,1.5657,1.1997,14.1792,2.0842,1.4344
109.987,5.8021,1.5809,1.2161,14.1822,2.1079,1.4575
110.037,5.8106,1.6044,1.2387,14.1839,2.1236,1.4714
110.087,5.816,1.6205,1.2527,14.1863,2.1496,1.4924
110.138,5.8239,1.6453,1.2719,14.1876,2.1672,1.5052
110.189,5.829,1.6623,1.284,14.1891,2.1941,1.5235
110.239,5.8341,1.6797,1.2958,14.1897,2.2084,1.5328
110.289,5.8414,1.7064,1.3127,14.1906,2.2347,1.5491
110.339,5.846,1.7245,1.3231,14.1909,2.252,1.5588
110.39,5.8528,1.7521,1.3368,14.191,2.279,1.572
110.44,5.8572,1.7707,1.345,14.191,2.2981,1.5805
110.491,5.8614,1.7895,1.3525,14.1906,2.3256,1.5912
110.541,5.8676,1.8181,1.3627,14.1901,2.345,1.5981
110.591,5.8716,1.8373,1.3688,14.1892,2.3744,1.6072
110.642,5.8775,1.8664,1.3769,14.1886,2.3899,1.6115
110.692,5.8812,1.8859,1.3817,14.1874,2.4182,1.6186
110.742,5.885,1.9056,1.3861,14.1859,2.4467,1.6248
110.792,5.8904,1.9351,1.392,14.1848,2.4667,1.6287
110.843,5.894,1.9549,1.3954,14.1837,2.4853,1.6319
110.893,5.8992,1.9846,1.3999,14.1819,2.5141,1.6364
110.943,5.9026,2.0045,1.4026,14.1798,2.5445,1.6406
110.993,5.9059,2.0245,1.4052,14.1784,2.5648,1.6432
111.043,5.9109,2.0546,1.4087,14.1764,2.5909,1.6463
111.094,5.9142,2.0747,1.4109,14.1749,2.6113,1.6485
111.144,5.9174,2.0948,1.4129,14.1734,2.6302,1.6504
111.194,5.9222,2.1251,1.4157,14.171,2.6594,1.6532
111.244,5.9253,2.1454,1.4175,14.1686,2.6887,1.6557
111.295,5.93,2.1759,1.4198,14.1669,2.7077,1.6573
111.345,5.9331,2.1963,1.4215,14.1642,2.7386,1.6598
111.395,5.9362,2.2167,1.423,14.1624,2.7591,1.6614
111.446,5.9407,2.2474,1.4251,14.1605,2.7797,1.6629
111.496,5.9437,2.2679,1.4264,14.158,2.8063,1.6646
111.546,5.9481,2.2987,1.428,14.1552,2.8358,1.6663
111.598,5.9511,2.3192,1.4291,14.1534,2.855,1.6673
111.649,5.954,2.3398,1.43,14.1505,2.8845,1.6687
111.699,5.9584,2.3707,1.4312,14.1484,2.9052,1.6696
111.75,5.9613,2.3914,1.4319,14.1455,2.9348,1.6706
111.802,5.9656,2.4224,1.4328,14.1434,2.9556,1.6713
111.852,5.9685,2.4431,1.4333,14.1402,2.9867,1.6723
111.902,5.9713,2.4637,1.4338,14.1386,3.003,1.6727
111.952,5.9756,2.4948,1.4345,14.1355,3.0327,1.6734
112.003,5.9784,2.5154,1.4349,14.1334,3.0535,1.6739
112.053,5.9826,2.5465,1.4355,14.1303,3.0831,1.6746
112.103,5.9855,2.5672,1.4358,14.1283,3.1024,1.675
112.153,5.9883,2.5879,1.4362,14.1252,3.1321,1.6756
112.204,5.9925,2.619,1.4367,14.123,3.153,1.676
112.254,5.9953,2.6397,1.437,14.1197,3.1842,1.6765
112.304,5.9981,2.6604,1.4372,14.1175,3.205,1.6769
112.354,6.0022,2.6916,1.4376,14.1146,3.2318,1.6773
112.405,6.005,2.7123,1.4378,14.1125,3.2511,1.6775
112.455,6.0092,2.7434,1.4382,14.1094,3.2808,1.678
112.505,6.0119,2.7642,1.4384,14.1073,3.3002,1.6783
112.556,6.0147,2.785,1.4386,14.1041,3.3299,1.6786
112.606,6.0188,2.8161,1.4389,14.1018,3.3508,1.6789
112.658,6.0216,2.8369,1.4391,14.0984,3.382,1.6793
112.709,6.0257,2.8681,1.4393,14.0961,3.4029,1.6796
112.76,6.0285,2.8889,1.4394,14.0932,3.4297,1.6798
112.81,6.0312,2.9097,1.4396,14.0911,3.449,1.6799
112.86,6.0353,2.9409,1.4397,14.0878,3.4788,1.6802
112.91,6.0381,2.9617,1.4398,14.0855,3.4997,1.6804
112.96,6.0408,2.9825,1.4399,14.0822,3.5294,1.6806
113.011,6.0449,3.0137,1.44,14.0801,3.5488,1.6808
113.061,6.0477,3.0345,1.4401,14.0766,3.5801,1.681
113.111,6.0504,3.0553,1.4401,14.0743,3.6009,1.6812
113.161,6.0545,3.0865,1.4402,14.0713,3.6278,1.6813
113.211,6.0572,3.1073,1.4403,14.069,3.6486,1.6815
113.262,6.0613,3.1385,1.4403,14.0657,3.6784,1.6817
113.312,6.064,3.1593,1.4404,14.0636,3.6978,1.6818
113.362,6.0668,3.1801,1.4404,14.0602,3.7276,1.682
113.413,6.0709,3.2113,1.4405,14.0581,3.747,1.6821
113.464,6.0736,3.2321,1.4405,14.0546,3.7782,1.6822
113.519,6.0777,3.2634,1.4406,14.0522,3.7991,1.6823
113.57,6.0804,3.2842,1.4406,14.0502,3.817,1.6824
113.62,6.0831,3.305,1.4407,14.0469,3.8468,1.6826
113.671,6.0859,3.3258,1.4407,14.0447,3.8662,1.6827
113.721,6.0899,3.357,1.4407,14.0414,3.896,1.6828
113.772,6.0927,3.3778,1.4408,14.038,3.9258,1.683
113.822,6.0967,3.4091,1.4408,14.0357,3.9466,1.6831
113.872,6.0995,3.4299,1.4408,14.0323,3.9764,1.6833
113.922,6.1022,3.4507,1.4408,14.0299,3.9973,1.6834
113.973,6.1063,3.4819,1.4409,14.0264,4.0286,1.6835
114.023,6.109,3.5028,1.4409,14.0245,4.045,1.6836
114.073,6.1131,3.534,1.4409,14.0212,4.0748,1.6838
114.124,6.1158,3.5548,1.4409,14.0188,4.0957,1.6839
114.174,6.1185,3.5756,1.4409,14.0166,4.115,1.6839
114.224,6.1226,3.6069,1.4409,14.0132,4.1448,1.6841
114.275,6.1253,3.6277,1.4409,14.011,4.1642,1.6842
114.325,6.128,3.6485,1.441,14.0074,4.1955,1.6843
114.375,6.1321,3.6797,1.441,14.0039,4.2268,1.6845
114.425,6.1348,3.7006,1.441,14.0015,4.2477,1.6846
114.475,6.1389,3.7318,1.441,13.9984,4.2745,1.6846
114.526,6.1416,3.7526,1.441,13.9962,4.2938,1.6848
114.576,6.1443,3.7734,1.441,13.9928,4.3237,1.6849
114.626,6.1484,3.8047,1.441,13.9906,4.343,1.685
114.676,6.1511,3.8255,1.441,13.9872,4.3728,1.6851
114.727,6.1552,3.8567,1.441,13.9848,4.3937,1.6851
114.777,6.1579,3.8775,1.441,13.9824,4.4145,1.6852
114.827,6.1606,3.8984,1.441,13.9788,4.4458,1.6853
114.877,6.1647,3.9296,1.441,13.9757,4.4727,1.6855
114.928,6.1674,3.9504,1.441,13.9734,4.492,1.6855
114.978,6.1701,3.9712,1.441,13.97,4.5218,1.6857
115.028,6.1742,4.0025,1.441,13.9676,4.5427,1.6857
115.078,6.1769,4.0233,1.4411,13.9654,4.5621,1.6858
115.129,6.181,4.0545,1.4411,13.9619,4.5919,1.6859
115.179,6.1837,4.0754,1.4411,13.9595,4.6127,1.686
115.229,6.1864,4.0962,1.4411,13.9559,4.644,1.6862
115.279,6.1905,4.1274,1.4411,13.9528,4.6708,1.6863
115.33,6.1932,4.1482,1.4411,13.9504,4.6917,1.6864
115.38,6.196,4.1691,1.4411,13.9469,4.7215,1.6865
115.43,6.2,4.2003,1.4411,13.9446,4.7409,1.6865
115.481,6.2027,4.2211,1.4411,13.9424,4.7602,1.6866
115.531,6.2055,4.2419,1.4411,13.9389,4.79,1.6867
115.582,6.2095,4.2732,1.4411,13.936,4.8154,1.6868
115.632,6.2123,4.294,1.4411,13.9328,4.8422,1.6869
115.683,6.215,4.3148,1.4411,13.9304,4.863,1.687
115.735,6.219,4.3461,1.4411,13.9285,4.8794,1.6871
115.785,6.2218,4.3669,1.4411,13.925,4.9092,1.6872
115.835,6.2258,4.3981,1.4411,13.9215,4.939,1.6873
115.886,6.2286,4.4189,1.4411,13.9191,4.9599,1.6874
115.936,6.2313,4.4398,1.4411,13.9156,4.9897,1.6875
115.986,6.2353,4.471,1.4411,13.9133,5.009,1.6875
116.036,6.2381,4.4918,1.4411,13.9097,5.0403,1.6876
116.087,6.2408,4.5126,1.4411,13.9072,5.0612,1.6877
116.137,6.2449,4.5439,1.4411,13.9041,5.088,1.6878
116.187,6.2476,4.5647,1.4411,13.9016,5.1089,1.6879
116.237,6.2516,4.5959,1.4411,13.8981,5.1386,1.688
116.289,6.2544,4.6168,1.4411,13.8958,5.158,1.6881
116.339,6.2571,4.6376,1.4411,13.8923,5.1878,1.6881
116.389,6.2611,4.6688,1.4411,13.89,5.2072,1.6882
116.44,6.2639,4.6896,1.4411,13.8863,5.2385,1.6883
116.49,6.2679,4.7209,1.4411,13.8839,5.2593,1.6884
116.541,6.2707,4.7417,1.4411,13.8802,5.2906,1.6885
116.591,6.2734,4.7625,1.4411,13.8782,5.307,1.6886
116.642,6.2774,4.7938,1.4411,13.8747,5.3368,1.6887
116.692,6.2802,4.8146,1.4411,13.8724,5.3561,1.6888
116.742,6.2842,4.8458,1.4411,13.8689,5.3859,1.6889
116.792,6.287,4.8666,1.4411,13.8664,5.4068,1.689
116.843,6.2897,4.8875,1.4411,13.8629,5.4366,1.6891
116.893,6.2937,4.9187,1.4411,13.8606,5.4559,1.6892
116.943,6.2965,4.9395,1.4411,13.8567,5.4887,1.6893
116.994,6.2992,4.9603,1.4411,13.8547,5.5051,1.6893
117.044,6.3033,4.9916,1.4411,13.8512,5.5349,1.6894
117.094,6.306,5.0124,1.4411,13.8487,5.5557,1.6895
117.144,6.3087,5.0332,1.4411,13.8464,5.5751,1.6895
117.195,6.3128,5.0645,1.4411,13.8428,5.6049,1.6897
117.245,6.3155,5.0853,1.4411,13.8405,5.6242,1.6897
117.296,6.3182,5.1061,1.4411,13.8368,5.6555,1.6898
117.347,6.3209,5.1269,1.4411,13.8343,5.6764,1.6899
117.397,6.325,5.1582,1.4411,13.8305,5.7076,1.69
117.447,6.3277,5.179,1.4411,13.8286,5.724,1.6901
117.497,6.3318,5.2102,1.4411,13.825,5.7538,1.6902
117.548,6.3345,5.231,1.4411,13.8227,5.7732,1.6903
117.598,6.3372,5.2519,1.4411,13.8191,5.803,1.6904
117.648,6.3399,5.2727,1.4411,13.8166,5.8238,1.6905
117.698,6.344,5.3039,1.4411,13.8143,5.8432,1.6905
117.749,6.3467,5.3248,1.4411,13.8105,5.8744,1.6907
117.799,6.3508,5.356,1.4411,13.8067,5.9057,1.6907
117.849,6.3535,5.3768,1.4411,13.8048,5.9221,1.6908
117.899,6.3576,5.4081,1.4411,13.8012,5.9519,1.6909
117.95,6.3603,5.4289,1.4411,13.7986,5.9727,1.691
118.0,6.3628,5.4494,1.4411,13.7961,5.9937,1.6919
118.05,6.3647,5.4667,1.4513,13.7953,5.9998,1.7003
118.1,6.3654,5.4731,1.4731,13.7945,6.0059,1.7203
118.152,6.366,5.4793,1.4956,13.7929,6.0155,1.7542
118.202,6.3666,5.4885,1.5297,13.791,6.0248,1.7886
118.253,6.3668,5.4946,1.5528,13.7896,6.0309,1.8118
118.303,6.3668,5.5036,1.5877,13.7884,6.0357,1.8301
118.353,6.3666,5.5096,1.6112,13.786,6.0443,1.8638
118.405,6.3663,5.5155,1.635,13.7833,6.0529,1.8979
118.456,6.3656,5.5242,1.6709,13.7814,6.0585,1.9203
118.506,6.3649,5.53,1.695,13.7782,6.0669,1.9548
118.556,6.3637,5.5388,1.7312,13.7758,6.0727,1.979
118.607,6.3627,5.5447,1.7556,13.7719,6.0814,2.0157
118.659,6.3616,5.5507,1.7802,13.7696,6.0861,2.037
118.71,6.3597,5.5598,1.8176,13.7654,6.0941,2.0728
118.76,6.3582,5.566,1.8431,13.7626,6.0993,2.0966
118.811,6.3556,5.5755,1.8822,13.7579,6.107,2.134
118.861,6.3537,5.582,1.9087,13.7545,6.1123,2.1606
118.911,6.3516,5.5884,1.9353,13.7494,6.1197,2.1987
118.961,6.3481,5.5978,1.9754,13.7459,6.1244,2.2236
119.011,6.3455,5.6039,2.0023,13.7401,6.1318,2.2641
119.062,6.3428,5.61,2.0293,13.736,6.1366,2.2912
119.113,6.34,5.6159,2.0564,13.7318,6.1413,2.3184
119.163,6.3355,5.6247,2.0972,13.7263,6.1472,2.3535
119.214,6.3324,5.6304,2.1245,13.7221,6.1513,2.379
119.264,6.3275,5.6388,2.1656,13.7155,6.1574,2.4182
119.315,6.3241,5.6442,2.193,13.7111,6.1612,2.4437
119.365,6.3188,5.6522,2.2338,13.7041,6.1669,2.4827
119.417,6.3151,5.6574,2.2608,13.6965,6.1726,2.5232
119.467,6.3113,5.6626,2.2874,13.6912,6.1763,2.5497
119.517,6.3052,5.67,2.3261,13.6827,6.1818,2.5881
119.567,6.3007,5.6747,2.3513,13.678,6.1847,2.6079
119.618,6.2931,5.6822,2.3891,13.6683,6.1903,2.6441
119.668,6.2875,5.6873,2.4143,13.6616,6.1939,2.6675
119.718,6.2814,5.6926,2.4395,13.6502,6.1996,2.7036
119.768,6.2714,5.7008,2.4773,13.6417,6.2035,2.7289
119.819,6.2642,5.7062,2.5025,13.6288,6.209,2.765
119.869,6.2523,5.7147,2.5403,13.6191,6.2127,2.7903
119.92,6.2438,5.7204,2.5655,13.6036,6.2182,2.8282
119.97,6.2348,5.7262,2.5907,13.5951,6.2209,2.8481
120.02,6.2202,5.7347,2.6285,13.5788,6.2256,2.8842
120.072,6.21,5.7403,2.6537,13.5668,6.2286,2.9095
120.122,6.1936,5.7487,2.6915,13.5487,6.2327,2.9456
120.173,6.182,5.7541,2.7167,13.5364,6.235,2.9691
120.223,6.1698,5.7596,2.742,13.5166,6.2382,3.0054
120.274,6.1503,5.7676,2.7797,13.5022,6.24,3.0305
120.324,6.1364,5.7728,2.8044,13.4797,6.2422,3.0675
120.374,6.1217,5.7778,2.8281,13.4641,6.2432,3.0907
120.425,6.0987,5.7848,2.8606,13.4436,6.2441,3.1184
120.477,6.0828,5.7893,2.8805,13.4283,6.2443,3.1369
120.527,6.0581,5.7955,2.9065,13.4041,6.2442,-3.1215
120.577,6.0411,5.7995,2.9223,13.3792,6.2435,-3.0996
120.628,6.0238,5.8032,2.9365,13.3627,6.2427,-3.0869
120.678,5.9972,5.8085,2.9554,13.3446,6.2416,-3.0742
120.728,5.9791,5.8118,2.9667,13.3172,6.2396,-3.0576
120.778,5.9609,5.815,2.9766,13.2986,6.2379,-3.048
120.829,5.9332,5.8195,2.9897,13.2745,6.2356,-3.037
120.879,5.9146,5.8223,2.9972,13.257,6.2337,-3.03
120.929,5.8958,5.825,3.004,13.2297,6.2305,-3.0205
120.979,5.8672,5.8289,3.0133,13.2105,6.2281,-3.0143
121.029,5.8481,5.8313,3.019,13.1829,6.2245,-3.0062
121.08,5.819,5.8347,3.0268,13.1649,6.222,-3.0014
121.13,5.7995,5.8369,3.0316,13.1454,6.2192,-2.9964
121.181,5.78,5.8391,3.036,13.1187,6.2152,-2.9903
121.231,5.7504,5.8421,3.0422,13.0906,6.2109,-2.9843
121.281,5.7306,5.844,3.046,13.0709,6.2077,-2.9805
121.331,5.7006,5.8468,3.0516,13.0425,6.203,-2.975
121.382,5.6805,5.8486,3.0552,13.0241,6.1999,-2.9717
121.432,5.6603,5.8503,3.0585,12.9955,6.1949,-2.967
121.483,5.6299,5.8528,3.063,12.977,6.1916,-2.9642
121.534,5.6096,5.8544,3.0657,12.9469,6.1862,-2.96
121.584,5.5892,5.8559,3.0682,12.9268,6.1825,-2.9576
121.634,5.5586,5.8581,3.0715,12.8965,6.1768,-2.9542
121.684,5.5381,5.8595,3.0736,12.8807,6.1738,-2.9525
121.735,5.5072,5.8616,3.0762,12.8518,6.1682,-2.9499
121.785,5.4866,5.8629,3.0778,12.833,6.1645,-2.9483
121.835,5.4557,5.8649,3.08,12.804,6.1588,-2.9462
121.885,5.435,5.8661,3.0812,12.7837,6.1548,-2.9448
121.936,5.4143,5.8674,3.0823,12.7547,6.149,-2.9432
121.986,5.3833,5.8692,3.0837,12.7343,6.1449,-2.9422
122.036,5.3625,5.8704,3.0844,12.7038,6.1387,-2.941
122.087,5.3314,5.8721,3.0855,12.6877,6.1354,-2.9404
122.139,5.3106,5.8733,3.0861,12.6586,6.1295,-2.9394
122.189,5.2898,5.8745,3.0867,12.6295,6.1235,-2.9384
122.24,5.2586,5.8762,3.0875,12.6047,6.1184,-2.9377
122.291,5.2378,5.8773,3.088,12.5901,6.1153,-2.9373
122.341,5.2065,5.8789,3.0887,12.5609,6.1093,-2.9365
122.391,5.1857,5.88,3.0892,12.5303,6.1029,-2.9357
122.442,5.1649,5.8811,3.0897,12.5098,6.0986,-2.9351
122.492,5.1336,5.8827,3.0904,12.4835,6.0931,-2.9344
122.542,5.1127,5.8838,3.0908,12.4631,6.0888,-2.9339
122.592,5.0814,5.8854,3.0914,12.4338,6.0826,-2.9332
122.642,5.0605,5.8864,3.0918,12.4148,6.0786,-2.9328
122.693,5.0396,5.8875,3.0921,12.3856,6.0724,-2.9322
122.743,5.0082,5.889,3.0925,12.3666,6.0683,-2.9319
122.793,4.9873,5.8901,3.0927,12.3358,6.0618,-2.9314
122.843,4.9664,5.8911,3.093,12.3154,6.0574,-2.9311
122.894,4.935,5.8926,3.0933,12.2949,6.053,-2.9308
122.944,4.914,5.8936,3.0935,12.2685,6.0474,-2.9305
122.994,4.8826,5.8951,3.0937,12.2392,6.0411,-2.9301
123.045,4.8617,5.8961,3.0939,12.2202,6.037,-2.9299
123.095,4.8408,5.8971,3.094,12.1909,6.0307,-2.9297
123.145,4.8093,5.8986,3.0942,12.1704,6.0263,-2.9295
123.195,4.7884,5.8996,3.0942,12.1411,6.02,-2.9292
123.246,4.7674,5.9006,3.0943,12.1206,6.0156,-2.9291
123.296,4.736,5.9021,3.0944,12.0899,6.0089,-2.9289
123.346,4.715,5.9031,3.0945,12.0737,6.0055,-2.9288
123.396,4.6836,5.9045,3.0946,12.0445,5.9991,-2.9286
123.447,4.6626,5.9055,3.0947,12.0239,5.9947,-2.9284
123.497,4.6417,5.9065,3.0947,12.0049,5.9906,-2.9283
123.548,4.6103,5.908,3.0948,11.9756,5.9842,-2.9281
123.598,4.5893,5.909,3.0949,11.9566,5.9801,-2.9279
123.648,4.5683,5.9099,3.095,11.9258,5.9734,-2.9277
123.698,4.5369,5.9114,3.095,11.895,5.9667,-2.9275
123.748,4.5159,5.9124,3.0951,11.8745,5.9623,-2.9274
123.799,4.4845,5.9139,3.0951,11.8481,5.9565,-2.9272
123.849,4.4635,5.9148,3.0952,11.8291,5.9524,-2.9271
123.899,4.4425,5.9158,3.0952,11.8101,5.9482,-2.927
123.949,4.4111,5.9173,3.0953,11.7808,5.9418,-2.9268
123.999,4.3901,5.9182,3.0953,11.7602,5.9374,-2.9267
124.051,4.3586,5.9197,3.0953,11.7309,5.931,-2.9266
124.101,4.3377,5.9207,3.0953,11.7002,5.9242,-2.9264
124.152,4.3167,5.9216,3.0954,11.6797,5.9198,-2.9263
124.204,4.2852,5.9231,3.0954,11.6635,5.9162,-2.9263
124.255,4.2643,5.9241,3.0954,11.6342,5.9098,-2.9261
124.305,4.2433,5.925,3.0954,11.605,5.9034,-2.926
124.355,4.2118,5.9265,3.0954,11.5844,5.8989,-2.9259
124.406,4.1908,5.9274,3.0954,11.5654,5.8947,-2.9258
124.456,4.1594,5.9289,3.0955,11.5361,5.8883,-2.9257
124.506,4.1384,5.9299,3.0955,11.5156,5.8838,-2.9255
124.556,4.1174,5.9308,3.0955,11.4877,5.8777,-2.9254
124.607,4.086,5.9323,3.0955,11.4643,5.8726,-2.9253
124.657,4.065,5.9333,3.0955,11.4379,5.8668,-2.9252
124.707,4.044,5.9342,3.0955,11.4189,5.8626,-2.9251
124.757,4.0126,5.9357,3.0955,11.3896,5.8561,-2.925
124.807,3.9916,5.9366,3.0955,11.3706,5.8519,-2.9249
124.858,3.9706,5.9376,3.0955,11.3413,5.8455,-2.9248
124.908,3.9391,5.9391,3.0955,11.3208,5.841,-2.9247
124.958,3.9182,5.94,3.0955,11.29,5.8342,-2.9246
125.008,3.8972,5.941,3.0955,11.268,5.8294,-2.9245
125.059,3.8657,5.9424,3.0956,11.2431,5.8239,-2.9244
125.109,3.8447,5.9434,3.0956,11.2241,5.8197,-2.9243
125.161,3.8133,5.9449,3.0956,11.1948,5.8132,-2.9242
125.212,3.7923,5.9458,3.0956,11.1743,5.8087,-2.9241
125.262,3.7608,5.9473,3.0956,11.145,5.8022,-2.9239
125.313,3.7399,5.9482,3.0956,11.126,5.798,-2.9239
125.363,3.7189,5.9492,3.0956,11.0952,5.7912,-2.9237
125.413,3.6874,5.9507,3.0956,11.0747,5.7866,-2.9237
125.464,3.6664,5.9516,3.0956,11.0483,5.7808,-2.9236
125.514,3.6455,5.9526,3.0956,11.019,5.7743,-2.9235
125.564,3.614,5.954,3.0956,10.9985,5.7698,-2.9234
125.614,3.593,5.955,3.0956,10.9795,5.7655,-2.9233
125.665,3.5616,5.9565,3.0956,10.9502,5.759,-2.9232
125.716,3.5406,5.9574,3.0956,10.9209,5.7525,-2.9231
125.766,3.5196,5.9584,3.0956,10.9004,5.748,-2.923
125.817,3.4881,5.9598,3.0956,10.8726,5.7418,-2.9229
125.868,3.4672,5.9608,3.0956,10.8492,5.7366,-2.9228
125.919,3.4462,5.9618,3.0956,10.8331,5.733,-2.9228
125.969,3.4147,5.9632,3.0956,10.8038,5.7265,-2.9226
126.02,3.3937,5.9642,3.0956,10.7848,5.7223,-2.9226
126.071,3.3623,5.9656,3.0956,10.7555,5.7157,-2.9225
126.121,3.3413,5.9666,3.0956,10.7262,5.7092,-2.9223
126.171,3.3098,5.968,3.0956,10.7057,5.7046,-2.9223
126.221,3.2888,5.969,3.0956,10.675,5.6978,-2.9221
126.272,3.2679,5.97,3.0956,10.6545,5.6932,-2.922
126.322,3.2364,5.9714,3.0956,10.6281,5.6873,-2.9219
126.372,3.2154,5.9724,3.0956,10.6091,5.6831,-2.9218
126.422,3.1944,5.9733,3.0956,10.5798,5.6765,-2.9217
126.473,3.1735,5.9743,3.0956,10.5593,5.672,-2.9217
126.523,3.142,5.9758,3.0956,10.5403,5.6677,-2.9216
126.573,3.121,5.9767,3.0956,10.511,5.6612,-2.9215
126.623,3.0896,5.9782,3.0956,10.4905,5.6566,-2.9214
126.674,3.0686,5.9791,3.0956,10.4598,5.6497,-2.9212
126.724,3.0476,5.9801,3.0956,10.4393,5.6451,-2.9211
126.774,3.0161,5.9816,3.0956,10.4129,5.6392,-2.921
126.824,2.9952,5.9825,3.0956,10.3939,5.6349,-2.921
126.874,2.9742,5.9835,3.0956,10.3646,5.6284,-2.9208
126.925,2.9427,5.9849,3.0956,10.3456,5.6241,-2.9208
126.975,2.9217,5.9859,3.0956,10.3163,5.6175,-2.9206
127.026,2.8903,5.9873,3.0956,10.2958,5.6129,-2.9206
127.078,2.8693,5.9883,3.0956,10.2651,5.606,-2.9204
127.128,2.8483,5.9893,3.0956,10.2446,5.6014,-2.9204
127.178,2.8168,5.9907,3.0956,10.2183,5.5955,-2.9203
127.229,2.7959,5.9917,3.0956,10.1993,5.5912,-2.9201
127.279,2.7644,5.9931,3.0956,10.17,5.5846,-2.92
127.329,2.7434,5.9941,3.0956,10.1495,5.58,-2.9199
127.38,2.712,5.9956,3.0956,10.1202,5.5734,-2.9198
127.431,2.691,5.9965,3.0956,10.1012,5.5691,-2.9198
127.481,2.67,5.9975,3.0956,10.0705,5.5622,-2.9196
127.532,2.6385,5.9989,3.0956,10.05,5.5575,-2.9195
127.582,2.6176,5.9999,3.0956,10.0237,5.5516,-2.9194
127.632,2.5966,6.0009,3.0956,10.0032,5.547,-2.9193
127.682,2.5651,6.0023,3.0956,9.9739,5.5404,-2.9192
127.732,2.5441,6.0033,3.0956,9.9549,5.5361,-2.9192
127.783,2.5127,6.0047,3.0956,9.9256,5.5294,-2.919
127.833,2.4917,6.0057,3.0956,9.9066,5.5251,-2.9189
127.884,2.4707,6.0067,3.0956,9.8759,5.5182,-2.9188
127.935,2.4392,6.0081,3.0956,9.8554,5.5135,-2.9188
127.986,2.4183,6.0091,3.0956,9.8247,5.5066,-2.9186
128.038,2.3868,6.0105,3.0956,9.8086,5.5029,-2.9186
128.088,2.3658,6.0115,3.0956,9.7793,5.4963,-2.9185
128.138,2.3448,6.0124,3.0956,9.7603,5.492,-2.9184
128.188,2.3134,6.0139,3.0956,9.7311,5.4853,-2.9182
128.239,2.2924,6.0149,3.0956,9.7018,5.4787,-2.9181
128.289,2.2714,6.0158,3.0956,9.6813,5.474,-2.9181
128.339,2.24,6.0173,3.0956,9.6609,5.4694,-2.918
128.389,2.219,6.0182,3.0956,9.6302,5.4624,-2.9178
128.44,2.1875,6.0197,3.0956,9.6141,5.4587,-2.9177
128.49,2.1665,6.0207,3.0956,9.5848,5.4521,-2.9176
128.54,2.1456,6.0216,3.0956,9.5643,5.4474,-2.9176
128.591,2.1246,6.0226,3.0956,9.5453,5.4431,-2.9175
128.641,2.0931,6.024,3.0956,9.5161,5.4364,-2.9174
128.691,2.0721,6.025,3.0956,9.4868,5.4297,-2.9173
128.741,2.0407,6.0264,3.0956,9.4664,5.4251,-2.9172
128.791,2.0197,6.0274,3.0956,9.4356,5.418,-2.9171
128.842,1.9987,6.0284,3.0956,9.4152,5.4134,-2.917
128.892,1.9672,6.0298,3.0956,9.3888,5.4074,-2.9169
128.942,1.9463,6.0308,3.0956,9.3698,5.403,-2.9168
128.992,1.9253,6.0318,3.0956,9.3406,5.3963,-2.9167
129.043,1.8938,6.0332,3.0956,9.3216,5.392,-2.9166
129.094,1.8728,6.0342,3.0956,9.2923,5.3853,-2.9165
129.144,1.8414,6.0356,3.0956,9.2719,5.3806,-2.9164
129.195,1.8204,6.0366,3.0956,9.2514,5.3759,-2.9163
129.245,1.7994,6.0375,3.0956,9.2236,5.3695,-2.9162
129.295,1.768,6.039,3.0956,9.1944,5.3628,-2.9161
129.345,1.747,6.04,3.0956,9.1754,5.3585,-2.916
129.395,1.7155,6.0414,3.0956,9.1461,5.3517,-2.9159
129.446,1.6945,6.0424,3.0956,9.1257,5.347,-2.9158
129.496,1.6736,6.0433,3.0956,9.0964,5.3403,-2.9157
129.549,1.6421,6.0448,3.0956,9.0774,5.336,-2.9156
129.6,1.6211,6.0458,3.0956,9.0467,5.3289,-2.9155
129.65,1.5896,6.0472,3.0956,9.0263,5.3242,-2.9154
129.702,1.5687,6.0482,3.0956,8.9999,5.3181,-2.9153
129.754,1.5372,6.0496,3.0956,8.9707,5.3114,-2.9152
129.805,1.5162,6.0506,3.0956,8.9502,5.3067,-2.9151
129.855,1.4952,6.0515,3.0956,8.921,5.3,-2.915
129.906,1.4638,6.053,3.0956,8.902,5.2956,-2.915
129.956,1.4428,6.054,3.0956,8.8728,5.2888,-2.9148
130.006,1.4113,6.0554,3.0956,8.8523,5.2841,-2.9148
130.056,1.3904,6.0564,3.0956,8.8216,5.277,-2.9146
130.107,1.3694,6.0573,3.0956,8.8041,5.273,-2.9146
130.157,1.3379,6.0588,3.0956,8.7749,5.2662,-2.9145
130.207,1.3169,6.0597,3.0956,8.7559,5.2618,-2.9144
130.258,1.2855,6.0612,3.0956,8.7266,5.2551,-2.9143
130.309,1.2645,6.0622,3.0956,8.7076,5.2507,-2.9142
130.359,1.2435,6.0631,3.0956,8.6784,5.2439,-2.9141
130.409,1.212,6.0646,3.0956,8.6579,5.2392,-2.914
130.459,1.1911,6.0655,3.0956,8.6273,5.2321,-2.9139
130.509,1.1596,6.067,3.0956,8.6097,5.228,-2.9139
130.56,1.1386,6.068,3.0956,8.5805,5.2212,-2.9137
130.61,1.1176,6.0689,3.0956,8.5615,5.2168,-2.9136
130.66,1.0862,6.0704,3.0956,8.5323,5.21,-2.9135
130.71,1.0652,6.0713,3.0956,8.5118,5.2053,-2.9134
130.761,1.0442,6.0723,3.0956,8.4826,5.1985,-2.9133
130.812,1.0128,6.0737,3.0956,8.4636,5.1941,-2.9132
130.862,0.9918,6.0747,3.0956,8.4329,5.187,-2.9131
130.913,0.9603,6.0762,3.0956,8.4125,5.1822,-2.913
130.963,0.9393,6.0771,3.0956,8.3862,5.1761,-2.9129
131.013,0.9079,6.0786,3.0956,8.3657,5.1713,-2.9128
131.064,0.8869,6.0795,3.0956,8.3365,5.1645,-2.9127
131.114,0.8659,6.0805,3.0956,8.3175,5.1601,-2.9126
131.164,0.8344,6.082,3.0956,8.2883,5.1533,-2.9125
131.214,0.8135,6.0829,3.0956,8.2693,5.1488,-2.9124
131.265,0.7925,6.0839,3.0956,8.2386,5.1417,-2.9123
131.316,0.761,6.0853,3.0956,8.2182,5.1369,-2.9122
131.366,0.74,6.0863,3.0956,8.1875,5.1297,-2.9121
131.416,0.7191,6.0873,3.0956,8.1714,5.126,-2.912
131.466,0.6876,6.0887,3.0956,8.1422,5.1192,-2.9119
131.517,0.6666,6.0897,3.0956,8.1232,5.1147,-2.9118
131.567,0.6352,6.0911,3.0956,8.094,5.1079,-2.9117
131.619,0.6142,6.0921,3.0956,8.0648,5.1011,-2.9116
131.669,0.5932,6.0931,3.0956,8.0444,5.0963,-2.9115
131.719,0.5617,6.0945,3.0956,8.0137,5.0891,-2.9114
131.769,0.5408,6.0955,3.0956,7.9933,5.0843,-2.9113
131.82,0.5093,6.0969,3.0956,7.967,5.0781,-2.9112
131.87,0.4883,6.0979,3.0956,7.948,5.0737,-2.9111
131.92,0.4673,6.0988,3.0956,7.9188,5.0668,-2.911
131.97,0.4359,6.1003,3.0956,7.8983,5.062,-2.9109
132.02,0.4149,6.1013,3.0956,7.8793,5.0575,-2.9108
132.071,0.3834,6.1027,3.0956,7.8458,5.0497,-2.9106
132.121,0.3624,6.1037,3.0956,7.8297,5.0459,-2.9106
132.171,0.3415,6.1046,3.0956,7.802,5.0394,-2.9105
132.223,0.31,6.1061,3.0956,7.7728,5.0325,-2.9104
132.273,0.289,6.1071,3.0956,7.7523,5.0277,-2.9104
132.323,0.2576,6.1085,3.0956,7.7231,5.0208,-2.9103
132.373,0.2366,6.1095,3.0956,7.7041,5.0163,-2.9102
132.424,0.2156,6.1104,3.0956,7.6749,5.0094,-2.9101
132.474,0.1841,6.1119,3.0956,7.656,5.005,-2.91
132.524,0.1632,6.1128,3.0956,7.6253,4.9977,-2.9099
132.574,0.1317,6.1143,3.0956,7.6049,4.9929,-2.9098
132.625,0.1107,6.1153,3.0956,7.5742,4.9857,-2.9097
132.675,0.0897,6.1162,3.0956,7.5581,4.9819,-2.9096
132.726,0.0583,6.1177,3.0956,7.5289,4.975,-2.9096
132.777,0.0373,6.1186,3.0956,7.51,4.9705,-2.9095
132.828,0.0163,6.1196,3.0956,7.4808,4.9636,-2.9094
132.878,-0.0152,6.121,3.0956,7.4603,4.9588,-2.9093
132.928,-0.0361,6.122,3.0956,7.4414,4.9543,-2.9093
132.978,-0.0571,6.123,3.0956,7.4107,4.947,-2.9091
133.03,-0.0886,6.1244,3.0956,7.3903,4.9422,-2.9091
133.08,-0.1096,6.1254,3.0956,7.364,4.936,-2.909
133.13,-0.1305,6.1264,3.0956,7.3436,4.9311,-2.9089
133.181,-0.162,6.1278,3.0956,7.3144,4.9242,-2.9088
133.231,-0.183,6.1288,3.0956,7.2954,4.9197,-2.9087
133.281,-0.2144,6.1302,3.0956,7.2662,4.9128,-2.9086
133.331,-0.2354,6.1312,3.0956,7.2472,4.9083,-2.9086
133.381,-0.2564,6.1322,3.0956,7.2166,4.901,-2.9085
133.431,-0.2774,6.1331,3.0956,7.1962,4.8961,-2.9084
133.482,-0.3088,6.1346,3.0956,7.1655,4.8889,-2.9083
133.532,-0.3298,6.1355,3.0956,7.1495,4.885,-2.9083
133.582,-0.3613,6.137,3.0956,7.1203,4.8781,-2.9081
133.633,-0.3823,6.1379,3.0956,7.1013,4.8736,-2.9081
133.683,-0.4032,6.1389,3.0956,7.0721,4.8667,-2.908
133.733,-0.4347,6.1404,3.0956,7.0517,4.8618,-2.9079
133.784,-0.4557,6.1413,3.0956,7.0225,4.8548,-2.9078
133.834,-0.4872,6.1428,3.0956,7.0021,4.85,-2.9077
133.884,-0.5081,6.1437,3.0956,6.9714,4.8427,-2.9076
133.934,-0.5291,6.1447,3.0956,6.9554,4.8389,-2.9075
133.985,-0.5606,6.1461,3.0956,6.9262,4.8319,-2.9074
134.035,-0.5816,6.1471,3.0956,6.9058,4.827,-2.9073
134.085,-0.6025,6.1481,3.0956,6.8766,4.8201,-2.9072
134.136,-0.634,6.1495,3.0956,6.8576,4.8155,-2.9072
134.187,-0.655,6.1505,3.0956,6.8284,4.8086,-2.9071
134.238,-0.6864,6.1519,3.0956,6.808,4.8037,-2.907
134.288,-0.7074,6.1529,3.0956,6.7803,4.797,-2.9069
134.339,-0.7284,6.1539,3.0956,6.757,4.7915,-2.9068
134.391,-0.7599,6.1553,3.0956,6.7307,4.7852,-2.9066
134.442,-0.7808,6.1563,3.0956,6.7117,4.7806,-2.9066
134.492,-0.8123,6.1577,3.0956,6.6826,4.7737,-2.9065
134.543,-0.8333,6.1587,3.0956,6.6534,4.7667,-2.9064
134.594,-0.8648,6.1601,3.0956,6.6344,4.7621,-2.9064
134.644,-0.8857,6.1611,3.0956,6.6038,4.7548,-2.9062
134.694,-0.9067,6.1621,3.0956,6.5834,4.7499,-2.9061
134.745,-0.9382,6.1635,3.0956,6.5629,4.745,-2.9061
134.796,-0.9592,6.1645,3.0956,6.5367,4.7387,-2.9059
134.846,-0.9906,6.1659,3.0956,6.5075,4.7317,-2.9058
134.897,-1.0116,6.1669,3.0956,6.4886,4.7271,-2.9058
134.947,-1.0326,6.1679,3.0956,6.4594,4.7201,-2.9056
134.997,-1.064,6.1693,3.0956,6.439,4.7152,-2.9056
135.048,-1.085,6.1703,3.0956,6.42,4.7106,-2.9055
135.099,-1.106,6.1712,3.0956,6.3894,4.7033,-2.9054
135.149,-1.1375,6.1727,3.0956,6.3719,4.6991,-2.9053
135.2,-1.1584,6.1737,3.0956,6.3427,4.692,-2.9052
135.25,-1.1794,6.1746,3.0956,6.3223,4.6871,-2.9051
135.3,-1.2109,6.1761,3.0956,6.2931,4.6801,-2.9049
135.351,-1.2319,6.177,3.0956,6.2742,4.6755,-2.9049
135.401,-1.2633,6.1785,3.0956,6.245,4.6685,-2.9047
135.451,-1.2843,6.1795,3.0956,6.2261,4.6639,-2.9047
135.501,-1.3053,6.1804,3.0956,6.1955,4.6565,-2.9045
135.551,-1.3263,6.1814,3.0956,6.175,4.6516,-2.9044
135.602,-1.3577,6.1828,3.0956,6.1473,4.6449,-2.9043
135.652,-1.3787,6.1838,3.0956,6.1284,4.6403,-2.9042
135.703,-1.4102,6.1852,3.0956,6.1094,4.6357,-2.9041
135.753,-1.4312,6.1862,3.0956,6.0803,4.6286,-2.9041
135.804,-1.4521,6.1872,3.0956,6.0511,4.6216,-2.9039
135.854,-1.4836,6.1886,3.0956,6.0307,4.6166,-2.9039
135.904,-1.5046,6.1896,3.0956,6.0016,4.6096,-2.9037
135.954,-1.5256,6.1906,3.0956,5.9811,4.6046,-2.9037
136.006,-1.557,6.192,3.0956,5.9607,4.5997,-2.9036
136.056,-1.578,6.193,3.0956,5.9345,4.5933,-2.9035
136.106,-1.599,6.1939,3.0956,5.9141,4.5884,-2.9035
136.158,-1.6304,6.1954,3.0956,5.8849,4.5813,-2.9034
136.209,-1.6514,6.1963,3.0956,5.866,4.5767,-2.9033
136.259,-1.6829,6.1978,3.0956,5.8368,4.5696,-2.9031
136.309,-1.7039,6.1988,3.0956,5.8179,4.565,-2.9031
136.359,-1.7248,6.1997,3.0956,5.7873,4.5575,-2.903
136.41,-1.7563,6.2012,3.0956,5.7669,4.5526,-2.9029
136.46,-1.7773,6.2021,3.0956,5.7363,4.5451,-2.9028
136.51,-1.7983,6.2031,3.0956,5.7202,4.5412,-2.9027
136.56,-1.8297,6.2046,3.0956,5.6911,4.5341,-2.9026
136.611,-1.8507,6.2055,3.0956,5.6721,4.5295,-2.9026
136.661,-1.8822,6.207,3.0956,5.643,4.5224,-2.9024
136.711,-1.9032,6.2079,3.0956,5.6226,4.5174,-2.9023
136.761,-1.9241,6.2089,3.0956,5.5934,4.5103,-2.9022
136.813,-1.9556,6.2103,3.0956,5.573,4.5053,-2.9021
136.863,-1.9766,6.2113,3.0956,5.5454,4.4986,-2.902
136.916,-1.9976,6.2123,3.0956,5.5264,4.4939,-2.902
136.967,-2.029,6.2137,3.0956,5.4973,4.4868,-2.9019
137.017,-2.05,6.2147,3.0956,5.4769,4.4818,-2.9017
137.067,-2.0815,6.2161,3.0956,5.4477,4.4747,-2.9016
137.12,-2.1024,6.2171,3.0956,5.4288,4.4701,-2.9015
137.17,-2.1234,6.2181,3.0956,5.3997,4.4629,-2.9014
137.221,-2.1444,6.219,3.0956,5.3807,4.4583,-2.9013
137.271,-2.1759,6.2205,3.0956,5.3589,4.4529,-2.9012
137.322,-2.1968,6.2214,3.0956,5.3283,4.4454,-2.9011
137.372,-2.2178,6.2224,3.0956,5.3122,4.4415,-2.901
137.423,-2.2493,6.2239,3.0956,5.2831,4.4344,-2.9009
137.474,-2.2703,6.2248,3.0956,5.2642,4.4297,-2.9008
137.527,-2.3017,6.2263,3.0956,5.235,4.4226,-2.9007
137.577,-2.3227,6.2272,3.0956,5.2059,4.4154,-2.9005
137.627,-2.3542,6.2287,3.0956,5.1855,4.4104,-2.9004
137.678,-2.3752,6.2297,3.0956,5.1651,4.4054,-2.9003
137.728,-2.3961,6.2306,3.0956,5.1345,4.3978,-2.9002
137.779,-2.4276,6.2321,3.0956,5.1083,4.3914,-2.9001
137.829,-2.4486,6.233,3.0956,5.0894,4.3867,-2.9
137.88,-2.4696,6.234,3.0956,5.0603,4.3795,-2.8999
137.93,-2.501,6.2354,3.0956,5.0399,4.3745,-2.8998
137.98,-2.522,6.2364,3.0956,5.0107,4.3673,-2.8997
138.03,-2.5535,6.2379,3.0956,4.9918,4.3627,-2.8996
138.081,-2.5744,6.2388,3.0956,4.9612,4.3551,-2.8995
138.131,-2.5954,6.2398,3.0956,4.9437,4.3508,-2.8995
138.181,-2.6269,6.2412,3.0956,4.9146,4.3436,-2.8993
138.231,-2.6479,6.2422,3.0956,4.8942,4.3386,-2.8992
138.282,-2.6793,6.2436,3.0956,4.8753,4.3339,-2.8992
138.332,-2.7003,6.2446,3.0956,4.8462,4.3267,-2.899
138.383,-2.7213,6.2456,3.0956,4.8171,4.3195,-2.8989
138.434,-2.7528,6.247,3.0956,4.7981,4.3148,-2.8989
138.484,-2.7737,6.248,3.0956,4.7676,4.3072,-2.8987
138.534,-2.8052,6.2494,3.0956,4.7472,4.3022,-2.8986
138.585,-2.8262,6.2504,3.0956,4.7166,4.2946,-2.8985
138.635,-2.8472,6.2514,3.0956,4.7006,4.2906,-2.8984
138.685,-2.8786,6.2528,3.0956,4.6715,4.2834,-2.8984
138.736,-2.8996,6.2538,3.0956,4.6525,4.2787,-2.8983
138.786,-2.9311,6.2552,3.0956,4.6234,4.2715,-2.8982
138.837,-2.952,6.2562,3.0956,4.603,4.2664,-2.8981
138.888,-2.973,6.2572,3.0956,4.5739,4.2592,-2.898
138.942,-3.0045,6.2586,3.0956,4.5535,4.2541,-2.8979
138.992,-3.0255,6.2596,3.0956,4.523,4.2465,-2.8977
139.045,-3.0569,6.261,3.0956,4.507,4.2425,-2.8977
139.096,-3.0779,6.262,3.0956,4.4779,4.2353,-2.8976
139.146,-3.0989,6.263,3.0956,4.4487,4.228,-2.8974
139.196,-3.1304,6.2644,3.0956,4.4284,4.2229,-2.8973
139.247,-3.1513,6.2654,3.0956,4.4094,4.2182,-2.8973
139.297,-3.1723,6.2663,3.0956,4.3803,4.211,-2.8972
139.347,-3.2038,6.2678,3.0956,4.36,4.2059,-2.8971
139.397,-3.2248,6.2687,3.0956,4.3294,4.1982,-2.897
139.447,-3.2562,6.2702,3.0956,4.3032,4.1917,-2.8969
139.498,-3.2772,6.2712,3.0956,4.2828,4.1866,-2.8968
139.548,-3.2982,6.2721,3.0956,4.2639,4.1819,-2.8967
139.598,-3.3296,6.2736,3.0956,4.2348,4.1746,-2.8966
139.648,-3.3506,6.2745,3.0956,4.2057,4.1673,-2.8964
139.699,-3.3821,6.276,3.0956,4.1868,4.1626,-2.8964
139.749,-3.4031,6.277,3.0956,4.1562,4.155,-2.8962
139.8,-3.424,6.2779,3.0956,4.1359,4.1499,-2.8962
139.852,-3.4555,6.2794,3.0956,4.1155,4.1448,-2.8961
139.902,-3.4765,6.2803,3.0956,4.0893,4.1382,-2.8959
139.952,-3.4975,6.2813,3.0956,4.0704,4.1334,-2.8959
140.003,-3.5289,6.2827,3.0956,4.0413,4.1261,-2.8957
140.053,-3.5499,6.2837,3.0956,4.0122,4.1188,-2.8956
140.104,-3.5814,6.2852,3.0956,3.9918,4.1137,-2.8956
140.154,-3.6024,6.2861,3.0956,3.9729,4.109,-2.8955
140.204,-3.6233,6.2871,3.0956,3.9424,4.1013,-2.8954
140.255,-3.6548,6.2885,3.0956,3.922,4.0962,-2.8953
140.306,-3.6758,6.2895,3.0956,3.8958,4.0896,-2.8952
140.356,-3.7072,6.291,3.0956,3.8754,4.0845,-2.8951
140.406,-3.7282,6.2919,3.0956,3.8463,4.0772,-2.895
140.457,-3.7492,6.2929,3.0956,3.8274,4.0724,-2.895
140.507,-3.7807,6.2943,3.0956,3.7983,4.0651,-2.8949
140.558,-3.8016,6.2953,3.0956,3.7794,4.0603,-2.8948
140.609,-3.8226,6.2963,3.0956,3.7489,4.0526,-2.8947
140.659,-3.8541,6.2977,3.0956,3.7183,4.0449,-2.8946
140.709,-3.8751,6.2987,3.0956,3.698,4.0398,-2.8945
140.76,-3.896,6.2996,3.0956,3.682,4.0357,-2.8944
140.811,-3.9275,6.3011,3.0956,3.6529,4.0284,-2.8942
140.861,-3.9485,6.3021,3.0956,3.6238,4.0211,-2.8942
140.911,-3.98,6.3035,3.0956,3.6049,4.0163,-2.8941
140.961,-4.0009,6.3045,3.0956,3.5758,4.0089,-2.894
141.012,-4.0219,6.3054,3.0956,3.5555,4.0038,-2.8939
141.062,-4.0534,6.3069,3.0956,3.5351,3.9986,-2.8938
141.112,-4.0744,6.3078,3.0956,3.5046,3.9909,-2.8937
141.163,-4.0953,6.3088,3.0956,3.4784,3.9843,-2.8936
141.214,-4.1268,6.3103,3.0956,3.4595,3.9795,-2.8935
141.264,-4.1478,6.3112,3.0956,3.4304,3.9721,-2.8934
141.314,-4.1792,6.3127,3.0956,3.41,3.967,-2.8934
141.364,-4.2002,6.3136,3.0956,3.381,3.9596,-2.8933
141.414,-4.2317,6.3151,3.0956,3.3621,3.9548,-2.8932
141.465,-4.2527,6.3161,3.0956,3.3315,3.9471,-2.8931
141.516,-4.2736,6.317,3.0956,3.3112,3.9419,-2.893
141.567,-4.3051,6.3185,3.0956,3.285,3.9352,-2.8929
141.617,-4.3261,6.3194,3.0956,3.2647,3.9301,-2.8929
141.667,-4.3576,6.3209,3.0956,3.2356,3.9227,-2.8928
141.718,-4.3785,6.3218,3.0956,3.2167,3.9179,-2.8927
141.768,-4.3995,6.3228,3.0956,3.1876,3.9105,-2.8926
141.819,-4.431,6.3243,3.0956,3.1687,3.9057,-2.8925
141.869,-4.452,6.3252,3.0956,3.1382,3.8979,-2.8924
141.919,-4.4834,6.3267,3.0956,3.1178,3.8927,-2.8923
141.97,-4.5044,6.3276,3.0956,3.0902,3.8857,-2.8921
142.02,-4.5254,6.3286,3.0956,3.0713,3.8809,-2.8921
142.07,-4.5464,6.3296,3.0956,3.0524,3.8761,-2.892
142.12,-4.5778,6.331,3.0956,3.0233,3.8687,-2.8919
142.17,-4.5988,6.332,3.0956,2.9943,3.8612,-2.8918
142.221,-4.6303,6.3334,3.0956,2.9739,3.8561,-2.8917
142.271,-4.6512,6.3344,3.0956,2.9449,3.8486,-2.8915
142.321,-4.6722,6.3354,3.0956,2.9245,3.8434,-2.8915
142.372,-4.7037,6.3368,3.0956,2.894,3.8356,-2.8913
142.422,-4.7247,6.3378,3.0956,2.878,3.8316,-2.8913
142.472,-4.7561,6.3392,3.0956,2.8489,3.8241,-2.8912
142.522,-4.7771,6.3402,3.0956,2.8286,3.8189,-2.8911
142.573,-4.7981,6.3412,3.0956,2.7995,3.8115,-2.891
142.623,-4.8296,6.3426,3.0956,2.7806,3.8066,-2.8909
142.673,-4.8505,6.3436,3.0956,2.7516,3.7992,-2.8908
142.723,-4.882,6.345,3.0956,2.7312,3.794,-2.8907
142.774,-4.903,6.346,3.0956,2.7007,3.7862,-2.8906
142.825,-4.924,6.3469,3.0956,2.6833,3.7817,-2.8905
142.875,-4.9554,6.3484,3.0956,2.6542,3.7742,-2.8905
142.925,-4.9764,6.3494,3.0956,2.6353,3.7694,-2.8904
142.976,-5.0079,6.3508,3.0956,2.6063,3.7619,-2.8903
143.027,-5.0288,6.3518,3.0956,2.5874,3.7571,-2.8902
143.077,-5.0498,6.3527,3.0956,2.5583,3.7496,-2.89
143.127,-5.0813,6.3542,3.0956,2.538,3.7444,-2.8899
143.178,-5.1023,6.3551,3.0956,2.5075,3.7365,-2.8898
143.228,-5.1337,6.3566,3.0956,2.4872,3.7313,-2.8898
143.278,-5.1547,6.3576,3.0956,2.461,3.7246,-2.8897
143.333,-5.1862,6.359,3.0956,2.432,3.7171,-2.8896
143.383,-5.2072,6.36,3.0956,2.4131,3.7122,-2.8895
143.434,-5.2281,6.3609,3.0956,2.384,3.7048,-2.8894
143.484,-5.2596,6.3624,3.0956,2.3637,3.6995,-2.8893
143.535,-5.2806,6.3634,3.0956,2.3346,3.692,-2.8892
143.585,-5.312,6.3648,3.0956,2.3143,3.6868,-2.8891
143.636,-5.333,6.3658,3.0956,2.2838,3.6789,-2.889
143.686,-5.354,6.3667,3.0956,2.2678,3.6748,-2.8889
143.736,-5.3855,6.3682,3.0956,2.2388,3.6673,-2.8889
143.787,-5.4064,6.3691,3.0956,2.2184,3.662,-2.8888
143.837,-5.4274,6.3701,3.0956,2.1894,3.6545,-2.8887
143.887,-5.4589,6.3716,3.0956,2.1705,3.6497,-2.8886
143.937,-5.4799,6.3725,3.0956,2.1415,3.6421,-2.8885
143.988,-5.5113,6.374,3.0956,2.1211,3.6369,-2.8884
144.038,-5.5323,6.3749,3.0956,2.0906,3.629,-2.8883
144.089,-5.5533,6.3759,3.0956,2.0689,3.6234,-2.8883
144.14,-5.5848,6.3774,3.0956,2.0543,3.6196,-2.8882
144.19,-5.6057,6.3783,3.0956,2.0253,3.6121,-2.8881
144.241,-5.6267,6.3793,3.0956,1.9963,3.6045,-2.888
144.291,-5.6582,6.3807,3.0956,1.9774,3.5997,-2.8879
144.341,-5.6792,6.3817,3.0956,1.9483,3.5921,-2.8878
144.391,-5.7001,6.3827,3.0956,1.928,3.5868,-2.8877
144.441,-5.7316,6.3841,3.0956,1.9077,3.5816,-2.8876
144.492,-5.7526,6.3851,3.0956,1.8801,3.5744,-2.8875
144.543,-5.7736,6.386,3.0956,1.8612,3.5695,-2.8874
144.593,-5.805,6.3875,3.0956,1.8322,3.562,-2.8873
144.644,-5.826,6.3885,3.0956,1.8119,3.5567,-2.8872
144.694,-5.8575,6.3899,3.0956,1.7828,3.5491,-2.8871
144.744,-5.8784,6.3909,3.0956,1.764,3.5442,-2.887
144.795,-5.8994,6.3918,3.0956,1.7349,3.5367,-2.8869
144.845,-5.9309,6.3933,3.0956,1.7146,3.5314,-2.8868
144.897,-5.9519,6.3942,3.0956,1.6841,3.5234,-2.8867
144.947,-5.9728,6.3952,3.0956,1.6638,3.5181,-2.8867
144.998,-6.0043,6.3967,3.0956,1.6377,3.5113,-2.8866
145.048,-6.0253,6.3976,3.0956,1.6188,3.5064,-2.8864
145.098,-6.0568,6.3991,3.0956,1.5898,3.4988,-2.8864
145.148,-6.0777,6.4,3.0956,1.5709,3.4939,-2.8862
145.198,-6.0987,6.401,3.0956,1.5419,3.4863,-2.8861
145.249,-6.1302,6.4025,3.0956,1.5216,3.481,-2.8861
145.299,-6.1512,6.4034,3.0956,1.4911,3.4731,-2.8859
145.349,-6.1826,6.4049,3.0956,1.4708,3.4677,-2.8859
145.399,-6.2036,6.4058,3.0956,1.4447,3.4609,-2.8858
145.45,-6.2246,6.4068,3.0956,1.4258,3.456,-2.8857
145.5,-6.256,6.4082,3.0956,1.3968,3.4484,-2.8856
145.55,-6.277,6.4092,3.0956,1.3765,3.4431,-2.8855
145.6,-6.3085,6.4107,3.0956,1.3474,3.4355,-2.8854
145.651,-6.3295,6.4116,3.0956,1.3286,3.4305,-2.8853
145.701,-6.3504,6.4126,3.0956,1.2981,3.4225,-2.8852
145.751,-6.3819,6.414,3.0956,1.2778,3.4172,-2.8851
145.801,-6.4029,6.415,3.0956,1.2517,3.4104,-2.885
145.852,-6.4239,6.416,3.0956,1.2226,3.4027,-2.8848
145.902,-6.4553,6.4174,3.0956,1.2023,3.3974,-2.8848
145.952,-6.4763,6.4184,3.0956,1.1733,3.3898,-2.8847
146.002,-6.5078,6.4198,3.0956,1.1545,3.3848,-2.8846
146.052,-6.5288,6.4208,3.0956,1.1254,3.3772,-2.8845
146.103,-6.5497,6.4218,3.0956,1.1051,3.3719,-2.8844
146.153,-6.5812,6.4232,3.0956,1.0747,3.3639,-2.8843
146.203,-6.6022,6.4242,3.0956,1.0544,3.3585,-2.8842
146.253,-6.6336,6.4256,3.0956,1.0283,3.3516,-2.8841
146.303,-6.6546,6.4266,3.0956,1.0094,3.3467,-2.8841
146.354,-6.6756,6.4275,3.0956,0.9804,3.339,-2.8839
146.404,-6.7071,6.429,3.0956,0.9615,3.3341,-2.8838
146.454,-6.7281,6.43,3.0956,0.9325,3.3264,-2.8837
146.504,-6.7595,6.4314,3.0956,0.9122,3.321,-2.8836
146.555,-6.7805,6.4324,3.0956,0.8818,3.313,-2.8835
146.605,-6.8015,6.4333,3.0956,0.8615,3.3076,-2.8834
146.655,-6.8329,6.4348,3.0956,0.8354,3.3008,-2.8833
146.705,-6.8539,6.4358,3.0956,0.8165,3.2958,-2.8832
146.755,-6.8854,6.4372,3.0956,0.7875,3.2881,-2.8831
146.806,-6.9064,6.4382,3.0956,0.7672,3.2827,-2.8831
146.856,-6.9273,6.4391,3.0956,0.7382,3.2751,-2.8829
146.906,-6.9588,6.4406,3.0956,0.7193,3.2701,-2.8829
146.956,-6.9798,6.4415,3.0956,0.6889,3.262,-2.8827
147.007,-7.0008,6.4425,3.0956,0.6686,3.2566,-2.8827
147.057,-7.0322,6.444,3.0956,0.6425,3.2497,-2.8826
147.107,-7.0532,6.4449,3.0956,0.6222,3.2443,-2.8825
147.157,-7.0847,6.4464,3.0956,0.5932,3.2367,-2.8824
147.207,-7.1057,6.4473,3.0956,0.5743,3.2317,-2.8823
147.258,-7.1266,6.4483,3.0956,0.5453,3.224,-2.8822
147.308,-7.1581,6.4498,3.0956,0.5265,3.219,-2.8821
147.358,-7.1785,6.4506,3.0957,0.5043,3.2131,-2.8817
147.408,-7.1957,6.4512,3.1047,0.497,3.2111,-2.8749
147.459,-7.2022,6.4514,3.1261,0.4874,3.2083,-2.843
147.509,-7.2085,6.4514,3.1483,0.4825,3.2068,-2.8255
147.559,-7.2179,6.4512,3.1817,0.474,3.2039,-2.7937
147.609,-7.2242,6.4509,3.2039,0.4685,3.2018,-2.773
147.659,-7.2336,6.4502,3.2372,0.4601,3.1985,-2.7412
147.71,-7.2399,6.4495,3.2594,0.4543,3.196,-2.7189
147.76,-7.2461,6.4487,3.2816,0.4462,3.1922,-2.687
147.81,-7.2555,6.4472,3.3149,0.4405,3.1894,-2.6647
147.86,-7.2617,6.4461,3.3372,0.4322,3.185,-2.6311
147.911,-7.2679,6.4448,3.3597,0.4279,3.1826,-2.6134
147.961,-7.2774,6.4425,3.394,0.4202,3.1779,-2.5805
148.011,-7.2837,6.4408,3.4174,0.4126,3.173,-2.5468
148.061,-7.2934,6.4379,3.4534,0.4074,3.1695,-2.5226
148.112,-7.3,6.4357,3.4781,0.4027,3.166,-2.4996
148.162,-7.3066,6.4333,3.5032,0.3956,3.1605,-2.4635
148.212,-7.3164,6.4294,3.541,0.3883,3.1545,-2.4256
148.262,-7.3229,6.4265,3.5662,0.3836,3.1503,-2.4004
148.312,-7.3325,6.422,3.604,0.3777,3.1448,-2.3678
148.363,-7.3387,6.4188,3.6292,0.3732,3.1404,-2.3426
148.413,-7.3449,6.4154,3.6544,0.367,3.1338,-2.3064
148.463,-7.3541,6.4101,3.6922,0.3631,3.1295,-2.283
148.513,-7.36,6.4063,3.7174,0.3573,3.1226,-2.2468
148.563,-7.3689,6.4004,3.7552,0.3536,3.1179,-2.2234
148.613,-7.3748,6.3962,3.7803,0.3476,3.1097,-2.1857
148.664,-7.3808,6.392,3.805,0.3434,3.1037,-2.161
148.714,-7.3901,6.3852,3.8418,0.337,3.0939,-2.1241
148.764,-7.3963,6.3803,3.8663,0.3337,3.0886,-2.1048
148.814,-7.4056,6.3719,3.9033,0.3274,3.0777,-2.0695
148.864,-7.4118,6.3659,3.928,0.3234,3.0702,-2.0464
148.915,-7.4182,6.3594,3.953,0.3171,3.0576,-2.0106
148.965,-7.4278,6.3489,3.9906,0.3129,3.0484,-1.9855
149.015,-7.4343,6.3413,4.0156,0.3069,3.0343,-1.9495
149.065,-7.4443,6.329,4.0533,0.3028,3.0238,-1.9244
149.115,-7.451,6.3201,4.0783,0.2969,3.0072,-1.8866
149.166,-7.4577,6.3107,4.1035,0.294,2.9981,-1.8667
149.216,-7.4678,6.2958,4.1413,0.2889,2.9806,-1.8306
149.266,-7.4745,6.2852,4.1665,0.2857,2.9679,-1.8053
149.316,-7.4812,6.274,-2.0914,0.2813,2.9486,-1.7692
149.366,-7.4911,6.2563,-2.0538,0.2788,2.9357,-1.7459
149.417,-7.4977,6.2438,-2.0294,0.2754,2.9149,-1.7113
149.467,-7.5076,6.2236,-1.9949,0.2734,2.8998,-1.6883
149.517,-7.514,6.2094,-1.9728,0.271,2.8764,-1.6552
149.567,-7.5202,6.1944,-1.952,0.2697,2.8601,-1.6348
149.617,-7.5291,6.1711,-1.9231,0.2686,2.8389,-1.6105
149.668,-7.5349,6.1551,-1.9056,0.268,2.8231,-1.594
149.718,-7.5432,6.1303,-1.8822,0.2677,2.7982,-1.5717
149.768,-7.5485,6.1133,-1.8683,0.2677,2.7818,-1.5589
149.818,-7.5538,6.0959,-1.8555,0.2682,2.7559,-1.5407
149.868,-7.5613,6.0694,-1.838,0.2689,2.7376,-1.5289
149.919,-7.5661,6.0515,-1.8275,0.2702,2.7097,-1.5134
149.969,-7.5731,6.024,-1.8135,0.2714,2.6909,-1.504
150.019,-7.5776,6.0055,-1.8052,0.2731,2.6665,-1.4932
150.069,-7.582,5.9869,-1.7979,0.2746,2.6487,-1.4864
150.119,-7.5883,5.9588,-1.7886,0.277,2.6211,-1.4774
150.17,-7.5925,5.9399,-1.783,0.2789,2.6017,-1.4717
150.22,-7.5965,5.9208,-1.7778,0.2817,2.5738,-1.4642
150.27,-7.6025,5.892,-1.7706,0.2837,2.5556,-1.4597
150.32,-7.6063,5.8727,-1.7662,0.2871,2.526,-1.453
150.37,-7.612,5.8434,-1.7603,0.2895,2.5062,-1.4491
150.42,-7.6158,5.8238,-1.7568,0.2927,2.4806,-1.4445
150.471,-7.6195,5.8041,-1.7537,0.2964,2.4521,-1.44
150.521,-7.6249,5.7743,-1.7493,0.299,2.4321,-1.437
150.571,-7.6285,5.7543,-1.7463,0.3015,2.4135,-1.4341
150.621,-7.6338,5.7243,-1.7419,0.3055,2.3848,-1.4298
150.671,-7.6372,5.7042,-1.7391,0.3097,2.3561,-1.4256
150.722,-7.6406,5.6841,-1.7364,0.3127,2.3359,-1.423
150.772,-7.6456,5.6538,-1.7329,0.3172,2.3055,-1.4194
150.822,-7.6489,5.6336,-1.7307,0.3204,2.2852,-1.4172
150.872,-7.6538,5.6031,-1.7278,0.3228,2.2692,-1.4156
150.922,-7.657,5.5828,-1.7261,0.3274,2.2402,-1.413
150.973,-7.6601,5.5624,-1.7245,0.3321,2.2111,-1.4107
151.023,-7.6649,5.5317,-1.7223,0.3352,2.1921,-1.4093
151.073,-7.668,5.5113,-1.721,0.3399,2.1629,-1.4073
151.123,-7.6726,5.4805,-1.7192,0.3433,2.1425,-1.4061
151.173,-7.6757,5.46,-1.7183,0.3485,2.1118,-1.4047
151.224,-7.6787,5.4395,-1.7175,0.3519,2.0913,-1.4038
151.274,-7.6832,5.4086,-1.7163,0.3564,2.0649,-1.4027
151.324,-7.6862,5.3881,-1.7156,0.3596,2.0458,-1.4019
151.374,-7.6892,5.3675,-1.7149,0.3646,2.0165,-1.4009
151.424,-7.6937,5.3366,-1.714,0.3681,1.996,-1.4002
151.475,-7.6967,5.3159,-1.7134,0.3732,1.9666,-1.3993
151.525,-7.7011,5.285,-1.7127,0.3765,1.9475,-1.3988
151.575,-7.7041,5.2643,-1.7123,0.3819,1.9167,-1.398
151.625,-7.707,5.2436,-1.7119,0.3855,1.8961,-1.3975
151.675,-7.7114,5.2126,-1.7113,0.3901,1.8696,-1.3969
151.726,-7.7143,5.1919,-1.7109,0.3938,1.8491,-1.3965
151.776,-7.7187,5.1608,-1.7104,0.399,1.8197,-1.3958
151.826,-7.7216,5.1401,-1.71,0.4023,1.8005,-1.3953
151.876,-7.7245,5.1194,-1.7096,0.4076,1.7711,-1.3947
151.927,-7.7288,5.0883,-1.7092,0.411,1.752,-1.3944
151.977,-7.7317,5.0675,-1.7089,0.4165,1.7211,-1.3938
152.027,-7.736,5.0364,-1.7085,0.4202,1.7005,-1.3935
152.077,-7.7389,5.0157,-1.7083,0.4257,1.6695,-1.393
152.127,-7.7418,4.9949,-1.7081,0.4286,1.6533,-1.3928
152.178,-7.7461,4.9638,-1.7078,0.4339,1.6238,-1.3925
152.228,-7.7489,4.943,-1.7076,0.4374,1.6047,-1.3922
152.278,-7.7518,4.9223,-1.7074,0.4427,1.5752,-1.3919
152.328,-7.7561,4.8911,-1.7073,0.4465,1.5546,-1.3917
152.378,-7.7589,4.8703,-1.7071,0.4518,1.5251,-1.3914
152.429,-7.7632,4.8392,-1.707,0.4555,1.5045,-1.3912
152.479,-7.7661,4.8184,-1.7069,0.4612,1.4735,-1.391
152.529,-7.7689,4.7976,-1.7068,0.4641,1.4573,-1.3908
152.579,-7.7732,4.7664,-1.7067,0.4695,1.4278,-1.3906
152.63,-7.776,4.7457,-1.7066,0.4732,1.4072,-1.3905
152.68,-7.7803,4.7145,-1.7065,0.4786,1.3777,-1.3903
152.73,-7.7831,4.6937,-1.7064,0.4821,1.3585,-1.3902
152.78,-7.7859,4.6729,-1.7064,0.4875,1.3291,-1.39
152.83,-7.7902,4.6417,-1.7063,0.4913,1.3084,-1.3898
152.881,-7.793,4.6209,-1.7062,0.497,1.2774,-1.3896
152.931,-7.7973,4.5897,-1.7062,0.5007,1.2568,-1.3895
152.981,-7.8001,4.5689,-1.7061,0.5056,1.2302,-1.3893
153.031,-7.8029,4.5481,-1.7061,0.5091,1.2111,-1.3892
153.081,-7.8072,4.5169,-1.706,0.5145,1.1816,-1.389
153.132,-7.81,4.4961,-1.706,0.5181,1.1624,-1.3889
153.182,-7.8143,4.4649,-1.7059,0.5235,1.1329,-1.3887
153.232,-7.8171,4.4441,-1.7059,0.5292,1.102,-1.3886
153.282,-7.8199,4.4233,-1.7058,0.533,1.0813,-1.3885
153.332,-7.8241,4.3921,-1.7058,0.5368,1.0607,-1.3884
153.383,-7.827,4.3713,-1.7058,0.5417,1.0341,-1.3882
153.433,-7.8298,4.3505,-1.7058,0.5472,1.0046,-1.3881
153.483,-7.834,4.3193,-1.7057,0.5507,0.9855,-1.388
153.533,-7.8369,4.2985,-1.7057,0.5562,0.956,-1.3878
153.584,-7.8411,4.2673,-1.7057,0.56,0.9353,-1.3877
153.634,-7.8439,4.2465,-1.7057,0.5654,0.9058,-1.3876
153.684,-7.8467,4.2257,-1.7057,0.5693,0.8852,-1.3876
153.734,-7.851,4.1945,-1.7057,0.575,0.8542,-1.3874
153.784,-7.8538,4.1737,-1.7056,0.578,0.838,-1.3873
153.834,-7.858,4.1425,-1.7056,0.5835,0.8085,-1.3872
153.885,-7.8609,4.1216,-1.7056,0.5873,0.7879,-1.3871
153.935,-7.8637,4.1008,-1.7056,0.5928,0.7584,-1.387
153.985,-7.8679,4.0696,-1.7056,0.5964,0.7392,-1.3869
154.035,-7.8707,4.0488,-1.7056,0.6019,0.7097,-1.3868
154.085,-7.875,4.0176,-1.7056,0.6057,0.6891,-1.3867
154.136,-7.8778,3.9968,-1.7056,0.6115,0.6581,-1.3866
154.186,-7.8806,3.976,-1.7056,0.6153,0.6375,-1.3865
154.236,-7.8848,3.9448,-1.7056,0.6203,0.6109,-1.3864
154.286,-7.8877,3.924,-1.7056,0.6238,0.5917,-1.3863
154.336,-7.8919,3.8928,-1.7055,0.6293,0.5623,-1.3862
154.387,-7.8947,3.872,-1.7055,0.6329,0.5431,-1.3862
154.437,-7.8975,3.8511,-1.7055,0.6384,0.5136,-1.386
154.487,-7.9018,3.8199,-1.7055,0.6423,0.493,-1.386
154.537,-7.9046,3.7991,-1.7055,0.6481,0.462,-1.3858
154.587,-7.9074,3.7783,-1.7055,0.6519,0.4414,-1.3857
154.638,-7.9116,3.7471,-1.7055,0.6569,0.4148,-1.3855
154.688,-7.9145,3.7263,-1.7055,0.6605,0.3957,-1.3854
154.738,-7.9187,3.6951,-1.7055,0.666,0.3662,-1.3853
154.788,-7.9215,3.6743,-1.7055,0.6699,0.3455,-1.3852
154.839,-7.9243,3.6535,-1.7055,0.6755,0.316,-1.3851
154.889,-7.9286,3.6222,-1.7055,0.6791,0.2969,-1.385
154.939,-7.9314,3.6014,-1.7055,0.6849,0.2659,-1.3849
154.989,-7.9356,3.5702,-1.7055,0.6888,0.2453,-1.3849
155.039,-7.9384,3.5494,-1.7055,0.6938,0.2187,-1.3848
155.09,-7.9413,3.5286,-1.7055,0.6976,0.1981,-1.3847
155.14,-7.9455,3.4974,-1.7055,0.7032,0.1686,-1.3846
155.19,-7.9483,3.4766,-1.7055,0.7068,0.1495,-1.3845
155.24,-7.9525,3.4454,-1.7055,0.7124,0.12,-1.3844
155.291,-7.9554,3.4246,-1.7055,0.716,0.1008,-1.3843
155.341,-7.9582,3.4037,-1.7055,0.7218,0.0699,-1.3842
155.391,-7.9624,3.3725,-1.7055,0.7277,0.0389,-1.3841
155.441,-7.9652,3.3517,-1.7055,0.7316,0.0183,-1.384
155.491,-7.9695,3.3205,-1.7055,0.7346,0.0021,-1.384
155.542,-7.9723,3.2997,-1.7055,0.7402,-0.0274,-1.3839
155.592,-7.9751,3.2789,-1.7055,0.7458,-0.0569,-1.3838
155.642,-7.9793,3.2477,-1.7055,0.7494,-0.076,-1.3837
155.692,-7.9821,3.2269,-1.7055,0.755,-0.1055,-1.3835
155.742,-7.985,3.2061,-1.7055,0.7589,-0.1261,-1.3835
155.792,-7.9892,3.1748,-1.7055,0.7648,-0.1571,-1.3833
155.843,-7.992,3.154,-1.7055,0.7687,-0.1777,-1.3832
155.893,-7.9962,3.1228,-1.7055,0.7737,-0.2043,-1.3832
155.943,-7.9991,3.102,-1.7055,0.7773,-0.2234,-1.3831
155.993,-8.0019,3.0812,-1.7055,0.7829,-0.2529,-1.383
156.043,-8.0061,3.05,-1.7055,0.7869,-0.2735,-1.3829
156.094,-8.0089,3.0292,-1.7055,0.7925,-0.303,-1.3828
156.144,-8.0132,2.998,-1.7055,0.7961,-0.3221,-1.3827
156.194,-8.016,2.9771,-1.7055,0.802,-0.3531,-1.3826
156.244,-8.0188,2.9563,-1.7055,0.8059,-0.3737,-1.3825
156.294,-8.023,2.9251,-1.7055,0.811,-0.4002,-1.3824
156.345,-8.0258,2.9043,-1.7055,0.8149,-0.4209,-1.3823
156.395,-8.0301,2.8731,-1.7055,0.8205,-0.4503,-1.3822
156.445,-8.0329,2.8523,-1.7055,0.8242,-0.4695,-1.3821
156.495,-8.0357,2.8315,-1.7055,0.8298,-0.499,-1.382
156.545,-8.0399,2.8003,-1.7055,0.8335,-0.5181,-1.3819
156.596,-8.0428,2.7795,-1.7055,0.8394,-0.549,-1.3818
156.646,-8.0456,2.7586,-1.7055,0.8434,-0.5697,-1.3817
156.696,-8.0498,2.7274,-1.7055,0.8493,-0.6006,-1.3816
156.746,-8.0526,2.7066,-1.7055,0.8524,-0.6168,-1.3815
156.797,-8.0569,2.6754,-1.7055,0.858,-0.6463,-1.3814
156.848,-8.0597,2.6546,-1.7055,0.8617,-0.6654,-1.3813
156.898,-8.0639,2.6234,-1.7055,0.8674,-0.6949,-1.3811
156.949,-8.0667,2.6026,-1.7055,0.8713,-0.7155,-1.3811
156.999,-8.0696,2.5818,-1.7055,0.877,-0.745,-1.381
157.049,-8.0738,2.5505,-1.7055,0.8809,-0.7656,-1.3809
157.099,-8.0766,2.5297,-1.7055,0.8869,-0.7965,-1.3808
157.15,-8.0794,2.5089,-1.7055,0.89,-0.8127,-1.3807
157.2,-8.0837,2.4777,-1.7055,0.8957,-0.8422,-1.3806
157.25,-8.0865,2.4569,-1.7055,0.8996,-0.8628,-1.3805
157.3,-8.0907,2.4257,-1.7055,0.9053,-0.8923,-1.3804
157.351,-8.0935,2.4049,-1.7055,0.909,-0.9114,-1.3803
157.401,-8.0963,2.3841,-1.7055,0.9147,-0.9409,-1.3803
157.451,-8.1006,2.3529,-1.7055,0.9187,-0.9615,-1.3802
157.502,-8.1034,2.332,-1.7055,0.9246,-0.9924,-1.38
157.552,-8.1069,2.3028,-1.705,0.9285,-1.0123,-1.3792
157.602,-8.1083,2.2923,-1.6974,0.9296,-1.0182,-1.3695
157.652,-8.109,2.2856,-1.6759,0.9316,-1.0268,-1.3371
157.703,-8.1099,2.2757,-1.6409,0.933,-1.0325,-1.3152
157.753,-8.1103,2.269,-1.6169,0.9354,-1.0413,-1.2807
157.803,-8.1106,2.2587,-1.5803,0.9371,-1.0469,-1.2579
157.853,-8.1106,2.2517,-1.5554,0.9402,-1.0558,-1.2204
157.903,-8.1104,2.2447,-1.5302,0.9424,-1.0617,-1.1951
157.954,-8.1098,2.2341,-1.4924,0.946,-1.0705,-1.1572
158.004,-8.1091,2.2271,-1.4672,0.948,-1.0749,-1.1373
158.054,-8.1079,2.2166,-1.4294,0.9518,-1.083,-1.1012
158.104,-8.1068,2.2096,-1.4042,0.9545,-1.0883,-1.0778
158.154,-8.1056,2.2027,-1.379,0.9589,-1.0961,-1.0417
158.205,-8.1035,2.1924,-1.3415,0.9621,-1.1016,-1.0167
158.255,-8.1021,2.1856,-1.3167,0.967,-1.1092,-0.9812
158.305,-8.0997,2.1758,-1.2802,0.9705,-1.1144,-0.9568
158.355,-8.098,2.1693,-1.2563,0.9761,-1.122,-0.921
158.405,-8.0961,2.1631,-1.2328,0.979,-1.1259,-0.9026
158.456,-8.0929,2.154,-1.1986,0.9847,-1.1329,-0.87
158.506,-8.0905,2.1481,-1.1763,0.9888,-1.1377,-0.8476
158.556,-8.088,2.1423,-1.1541,0.9949,-1.1444,-0.8158
158.606,-8.0841,2.1338,-1.1208,0.9989,-1.1486,-0.7951
158.656,-8.0813,2.1281,-1.0986,1.0053,-1.155,-0.7632
158.707,-8.0769,2.1198,-1.0653,1.0099,-1.1593,-0.7409
158.757,-8.0737,2.1143,-1.0431,1.0169,-1.1656,-0.7075
158.807,-8.0705,2.1089,-1.0209,1.0217,-1.1696,-0.6852
158.857,-8.0655,2.1009,-0.9876,1.028,-1.1746,-0.6565
158.907,-8.0619,2.0957,-0.9654,1.0327,-1.1782,-0.6358
158.958,-8.0564,2.088,-0.9321,1.04,-1.1834,-0.6039
159.008,-8.0526,2.083,-0.9099,1.0448,-1.1867,-0.5833
159.058,-8.0487,2.078,-0.8877,1.0524,-1.1916,-0.5515
159.108,-8.0426,2.0708,-0.8542,1.0578,-1.1949,-0.5291
159.158,-8.0383,2.0659,-0.8317,1.0665,-1.1998,-0.4949
159.209,-8.0312,2.0583,-0.7966,1.0728,-1.2032,-0.4714
159.259,-8.0261,2.0531,-0.7726,1.0813,-1.2074,-0.4404
159.309,-8.0207,2.0478,-0.748,1.0882,-1.2106,-0.4174
159.359,-8.0119,2.0397,-0.7101,1.0994,-1.2154,-0.3812
159.41,-8.0056,2.034,-0.6847,1.1077,-1.2187,-0.3557
159.46,-7.9986,2.0283,-0.6593,1.1206,-1.2233,-0.3193
159.51,-7.9874,2.0193,-0.621,1.1294,-1.2262,-0.2954
159.56,-7.9793,2.0131,-0.5951,1.1446,-1.2305,-0.2567
159.61,-7.966,2.0035,-0.5565,1.1553,-1.2333,-0.2308
159.661,-7.9565,1.9973,-0.5306,1.1698,-1.2365,-0.1975
159.711,-7.9465,1.991,-0.5048,1.187,-1.2397,-0.1606
159.761,-7.9305,1.9817,-0.4664,1.1996,-1.2416,-0.1349
159.811,-7.9193,1.9756,-0.441,1.2117,-1.2432,-0.1113
159.862,-7.9014,1.9668,-0.4032,1.2313,-1.2451,-0.0751
159.912,-7.8888,1.9612,-0.3784,1.2517,-1.2464,-0.0399
159.962,-7.8755,1.9559,-0.3549,1.2666,-1.2468,-0.0168
160.012,-7.8547,1.9485,-0.3224,1.2897,-1.2469,0.0152
160.062,-7.8403,1.9438,-0.3023,1.3055,-1.2466,0.0346
160.113,-7.8175,1.937,-0.2755,1.3182,-1.2461,0.0487
160.163,-7.8018,1.9327,-0.2591,1.3419,-1.2447,0.0725
160.213,-7.7857,1.9286,-0.244,1.3577,-1.2435,0.0865
160.263,-7.761,1.9227,-0.2232,1.3823,-1.2411,0.1064
160.313,-7.7441,1.919,-0.2104,1.4074,-1.2383,0.1245
160.364,-7.7181,1.9136,-0.1932,1.4252,-1.236,0.136
160.414,-7.7005,1.9103,-0.1826,1.4523,-1.2321,0.1518
160.464,-7.6825,1.907,-0.1726,1.4706,-1.2292,0.1617
160.514,-7.6551,1.9024,-0.1583,1.4942,-1.2252,0.174
160.564,-7.6365,1.8995,-0.1491,1.5115,-1.2221,0.1826
160.615,-7.6176,1.8967,-0.1405,1.5383,-1.217,0.1946
160.665,-7.589,1.8929,-0.1288,1.5571,-1.2132,0.2024
160.715,-7.5698,1.8904,-0.1218,1.5842,-1.2076,0.2122
160.765,-7.5405,1.887,-0.1126,1.602,-1.2037,0.2179
160.815,-7.5209,1.8848,-0.1071,1.6308,-1.1972,0.2261
160.866,-7.5011,1.8827,-0.1021,1.6502,-1.1927,0.231
160.916,-7.4713,1.8798,-0.0953,1.6751,-1.1868,0.2369
160.966,-7.4514,1.8779,-0.0911,1.6946,-1.182,0.2411
161.016,-7.4213,1.8752,-0.0855,1.7225,-1.1751,0.2465
161.066,-7.4011,1.8736,-0.0821,1.7407,-1.1705,0.2496
161.117,-7.3809,1.8719,-0.0792,1.7688,-1.1633,0.2536
161.167,-7.3506,1.8696,-0.0756,1.7871,-1.1585,0.256
161.217,-7.3303,1.868,-0.0733,1.8167,-1.1507,0.2594
161.267,-7.2997,1.8659,-0.0703,1.8365,-1.1454,0.2615
161.318,-7.2793,1.8644,-0.0685,1.8662,-1.1374,0.2643
161.368,-7.2588,1.863,-0.0668,1.8818,-1.1332,0.2657
161.418,-7.2281,1.861,-0.0644,1.9102,-1.1254,0.268
161.468,-7.2076,1.8597,-0.063,1.9286,-1.1204,0.2694
161.518,-7.1767,1.8578,-0.061,1.9571,-1.1125,0.2714
161.569,-7.1561,1.8565,-0.0598,1.977,-1.1069,0.2727
161.619,-7.1354,1.8553,-0.0586,2.0055,-1.0989,0.2745
161.669,-7.1043,1.8535,-0.0568,2.0254,-1.0933,0.2757
161.719,-7.0836,1.8524,-0.0558,2.0554,-1.0848,0.2774
161.769,-7.0629,1.8512,-0.0548,2.0711,-1.0803,0.2782
161.82,-7.0317,1.8495,-0.0535,2.0997,-1.0721,0.2796
161.87,-7.0109,1.8484,-0.0528,2.1197,-1.0664,0.2804
161.92,-6.9796,1.8468,-0.0519,2.1483,-1.0581,0.2814
161.97,-6.9588,1.8457,-0.0513,2.1669,-1.0527,0.282
162.02,-6.9379,1.8446,-0.0508,2.1955,-1.0444,0.2828
162.071,-6.9066,1.843,-0.0501,2.2156,-1.0386,0.2833
162.121,-6.8858,1.842,-0.0497,2.2457,-1.0298,0.2841
162.171,-6.8545,1.8405,-0.0491,2.2657,-1.024,0.2846
162.221,-6.8336,1.8394,-0.0487,2.2915,-1.0164,0.2851
162.271,-6.8127,1.8384,-0.0484,2.3102,-1.0109,0.2855
162.322,-6.7814,1.8369,-0.048,2.3388,-1.0025,0.2861
162.372,-6.7605,1.8359,-0.0477,2.3675,-0.9941,0.2865
162.422,-6.7291,1.8344,-0.0473,2.3862,-0.9886,0.2869
162.472,-6.7082,1.8334,-0.0471,2.4163,-0.9797,0.2873
162.522,-6.6873,1.8324,-0.0469,2.4364,-0.9737,0.2877
162.572,-6.6559,1.831,-0.0466,2.4665,-0.9648,0.2881
162.623,-6.635,1.83,-0.0464,2.4823,-0.9601,0.2883
162.673,-6.614,1.829,-0.0463,2.511,-0.9516,0.2886
162.723,-6.5826,1.8276,-0.046,2.5297,-0.9461,0.2888
162.773,-6.5617,1.8266,-0.0459,2.5584,-0.9375,0.2892
162.823,-6.5303,1.8252,-0.0456,2.5785,-0.9316,0.2894
162.874,-6.5093,1.8242,-0.0455,2.6072,-0.923,0.2897
162.924,-6.4884,1.8233,-0.0454,2.6273,-0.917,0.2899
162.974,-6.4569,1.8218,-0.0453,2.6574,-0.908,0.2901
163.024,-6.436,1.8209,-0.0452,2.6732,-0.9033,0.2902
163.074,-6.4045,1.8195,-0.0451,2.7019,-0.8947,0.2904
163.124,-6.3836,1.8185,-0.045,2.722,-0.8887,0.2906
163.175,-6.3626,1.8176,-0.0449,2.7508,-0.8801,0.2908
163.225,-6.3312,1.8162,-0.0448,2.7694,-0.8745,0.2909
163.275,-6.3102,1.8152,-0.0448,2.7981,-0.8659,0.2911
163.325,-6.2892,1.8143,-0.0447,2.8182,-0.8599,0.2912
163.375,-6.2578,1.8129,-0.0447,2.8484,-0.8509,0.2914
163.426,-6.2368,1.812,-0.0446,2.8685,-0.8448,0.2915
163.476,-6.2054,1.8105,-0.0446,2.8843,-0.8401,0.2916
163.526,-6.1844,1.8096,-0.0445,2.913,-0.8315,0.2918
163.576,-6.1634,1.8087,-0.0445,2.9417,-0.8228,0.2919
163.626,-6.132,1.8073,-0.0445,2.9604,-0.8172,0.292
163.677,-6.111,1.8063,-0.0444,2.9891,-0.8086,0.2921
163.727,-6.0795,1.8049,-0.0444,3.0092,-0.8025,0.2923
163.777,-6.0586,1.804,-0.0444,3.0394,-0.7935,0.2924
163.827,-6.0376,1.8031,-0.0444,3.0595,-0.7874,0.2925
163.877,-6.0061,1.8017,-0.0443,3.0854,-0.7796,0.2926
163.928,-5.9852,1.8008,-0.0443,3.104,-0.774,0.2926
163.978,-5.9642,1.7998,-0.0443,3.1327,-0.7653,0.2928
164.028,-5.9327,1.7984,-0.0443,3.1528,-0.7593,0.2929
164.078,-5.9117,1.7975,-0.0443,3.1816,-0.7506,0.293
164.128,-5.8803,1.7961,-0.0442,3.2002,-0.745,0.2931
164.179,-5.8593,1.7952,-0.0442,3.2304,-0.7359,0.2932
164.229,-5.8383,1.7943,-0.0442,3.2505,-0.7298,0.2933
164.279,-5.8069,1.7929,-0.0442,3.2763,-0.722,0.2934
164.329,-5.7859,1.7919,-0.0442,3.2964,-0.7159,0.2935
164.379,-5.7544,1.7905,-0.0442,3.3251,-0.7073,0.2936
164.43,-5.7334,1.7896,-0.0442,3.3438,-0.7016,0.2937
164.48,-5.7125,1.7887,-0.0442,3.3725,-0.6929,0.2938
164.53,-5.681,1.7873,-0.0442,3.3912,-0.6873,0.2939
164.58,-5.66,1.7864,-0.0442,3.4213,-0.6782,0.294
164.631,-5.6285,1.785,-0.0441,3.4414,-0.6721,0.2941
164.681,-5.6076,1.7841,-0.0441,3.4716,-0.6629,0.2942
164.731,-5.5866,1.7831,-0.0441,3.4874,-0.6582,0.2943
164.781,-5.5551,1.7817,-0.0441,3.5161,-0.6495,0.2944
164.831,-5.5341,1.7808,-0.0441,3.5347,-0.6438,0.2945
164.882,-5.5132,1.7799,-0.0441,3.5634,-0.6351,0.2947
164.932,-5.4817,1.7785,-0.0441,3.5835,-0.629,0.2948
164.982,-5.4607,1.7776,-0.0441,3.6122,-0.6203,0.2949
165.032,-5.4293,1.7762,-0.0441,3.6323,-0.6142,0.295
165.083,-5.4083,1.7753,-0.0441,3.6625,-0.605,0.2951
165.133,-5.3873,1.7743,-0.0441,3.6782,-0.6002,0.2951
165.183,-5.3558,1.7729,-0.0441,3.7069,-0.5915,0.2953
165.233,-5.3348,1.772,-0.0441,3.727,-0.5854,0.2954
165.283,-5.3034,1.7706,-0.0441,3.7557,-0.5766,0.2955
165.334,-5.2824,1.7697,-0.0441,3.7744,-0.571,0.2956
165.384,-5.2614,1.7688,-0.0441,3.8031,-0.5622,0.2957
165.434,-5.2299,1.7674,-0.0441,3.8232,-0.5561,0.2957
165.484,-5.209,1.7665,-0.0441,3.8533,-0.5469,0.2959
165.534,-5.1775,1.7651,-0.0441,3.8791,-0.539,0.296
165.585,-5.1565,1.7642,-0.0441,3.8992,-0.5329,0.2961
165.635,-5.1355,1.7632,-0.0441,3.9179,-0.5272,0.2962
165.685,-5.1041,1.7618,-0.0441,3.9466,-0.5185,0.2963
165.735,-5.0831,1.7609,-0.0441,3.9753,-0.5097,0.2964
165.785,-5.0516,1.7595,-0.0441,3.9939,-0.504,0.2965
165.835,-5.0306,1.7586,-0.0441,4.024,-0.4948,0.2966
165.886,-5.0097,1.7577,-0.0441,4.0441,-0.4887,0.2967
165.936,-4.9782,1.7563,-0.0441,4.0742,-0.4794,0.2968
165.986,-4.9572,1.7554,-0.0441,4.09,-0.4746,0.2969
166.036,-4.9362,1.7544,-0.0441,4.1187,-0.4658,0.297
166.087,-4.9048,1.753,-0.0441,4.1373,-0.4601,0.2971
166.137,-4.8838,1.7521,-0.0441,4.166,-0.4514,0.2973
166.187,-4.8523,1.7507,-0.0441,4.1861,-0.4452,0.2973
166.237,-4.8313,1.7498,-0.0441,4.2048,-0.4395,0.2974
166.287,-4.8104,1.7489,-0.0441,4.2349,-0.4303,0.2976
166.338,-4.7789,1.7475,-0.0441,4.2549,-0.4241,0.2977
166.388,-4.7579,1.7466,-0.0441,4.2808,-0.4162,0.2978
166.438,-4.7264,1.7452,-0.0441,4.3094,-0.4074,0.2979
166.488,-4.7055,1.7443,-0.0441,4.3295,-0.4012,0.298
166.538,-4.6845,1.7433,-0.0441,4.3582,-0.3924,0.2981
166.589,-4.653,1.7419,-0.0441,4.3768,-0.3867,0.2982
166.639,-4.632,1.741,-0.0441,4.4055,-0.3779,0.2983
166.689,-4.6006,1.7396,-0.0441,4.4256,-0.3717,0.2984
166.739,-4.5796,1.7387,-0.0441,4.4557,-0.3624,0.2985
166.789,-4.5586,1.7378,-0.0441,4.4758,-0.3562,0.2986
166.84,-4.5271,1.7364,-0.0441,4.5016,-0.3483,0.2987
166.89,-4.5062,1.7355,-0.0441,4.5202,-0.3426,0.2987
166.94,-4.4747,1.7341,-0.0441,4.5489,-0.3337,0.2988
166.99,-4.4537,1.7331,-0.0441,4.5675,-0.328,0.2989
167.04,-4.4327,1.7322,-0.0441,4.5962,-0.3192,0.299
167.091,-4.4013,1.7308,-0.0441,4.6162,-0.313,0.2991
167.141,-4.3803,1.7299,-0.0441,4.6463,-0.3037,0.2992
167.191,-4.3593,1.729,-0.0441,4.6664,-0.2975,0.2993
167.241,-4.3278,1.7276,-0.0441,4.6922,-0.2895,0.2994
167.291,-4.3069,1.7267,-0.0441,4.7108,-0.2838,0.2995
167.342,-4.2754,1.7253,-0.0441,4.7395,-0.2749,0.2996
167.392,-4.2544,1.7244,-0.0441,4.7596,-0.2687,0.2997
167.442,-4.2334,1.7234,-0.0441,4.7882,-0.2599,0.2997
167.492,-4.202,1.722,-0.0441,4.8069,-0.2541,0.2998
167.543,-4.181,1.7211,-0.0441,4.837,-0.2448,0.2999
167.593,-4.1495,1.7197,-0.0441,4.857,-0.2386,0.3
167.643,-4.1285,1.7188,-0.0441,4.8828,-0.2306,0.3001
167.693,-4.1075,1.7179,-0.0441,4.9029,-0.2244,0.3001
167.743,-4.0761,1.7165,-0.0441,4.9315,-0.2155,0.3003
167.793,-4.0551,1.7156,-0.0441,4.9502,-0.2098,0.3003
167.844,-4.0236,1.7142,-0.0441,4.9788,-0.2009,0.3004
167.894,-4.0026,1.7133,-0.0441,4.9974,-0.1951,0.3005
167.944,-3.9817,1.7123,-0.0441,5.0275,-0.1858,0.3006
167.994,-3.9502,1.7109,-0.0441,5.0576,-0.1765,0.3008
168.044,-3.9292,1.71,-0.0441,5.0777,-0.1703,0.3008
168.095,-3.8978,1.7086,-0.0441,5.0934,-0.1654,0.3009
168.145,-3.8768,1.7077,-0.0441,5.1221,-0.1565,0.3009
168.195,-3.8558,1.7068,-0.0441,5.1507,-0.1476,0.301
168.245,-3.8243,1.7054,-0.0441,5.1694,-0.1418,0.3011
168.295,-3.8033,1.7045,-0.0441,5.198,-0.1329,0.3012
168.345,-3.7824,1.7035,-0.0441,5.2181,-0.1267,0.3013
168.396,-3.7509,1.7021,-0.0441,5.2381,-0.1204,0.3014
168.446,-3.7299,1.7012,-0.0441,5.2682,-0.1111,0.3014
168.496,-3.6984,1.6998,-0.0441,5.294,-0.1031,0.3015
168.546,-3.6775,1.6989,-0.0441,5.3126,-0.0973,0.3016
168.596,-3.6565,1.698,-0.0441,5.3412,-0.0884,0.3018
168.647,-3.625,1.6966,-0.0441,5.3613,-0.0821,0.3018
168.697,-3.604,1.6957,-0.0441,5.3899,-0.0732,0.302
168.747,-3.5726,1.6943,-0.0441,5.4086,-0.0674,0.302
168.797,-3.5516,1.6934,-0.0441,5.4386,-0.058,0.3022
168.847,-3.5306,1.6924,-0.0441,5.4587,-0.0518,0.3023
168.898,-3.4991,1.691,-0.0441,5.4845,-0.0437,0.3024
168.948,-3.4782,1.6901,-0.0441,5.5045,-0.0375,0.3025
168.998,-3.4467,1.6887,-0.0441,5.5331,-0.0285,0.3026
169.048,-3.4257,1.6878,-0.0441,5.5518,-0.0227,0.3026
169.099,-3.4047,1.6869,-0.0441,5.5804,-0.0138,0.3027
169.149,-3.3733,1.6855,-0.0441,5.599,-0.008,0.3028
169.199,-3.3523,1.6846,-0.0441,5.6291,0.0014,0.303
169.249,-3.3208,1.6832,-0.0441,5.6491,0.0077,0.3031
169.299,-3.2998,1.6823,-0.0441,5.6792,0.0171,0.3032
169.35,-3.2789,1.6813,-0.0441,5.6949,0.022,0.3033
169.4,-3.2474,1.6799,-0.0441,5.7236,0.031,0.3034
169.45,-3.2264,1.679,-0.0441,5.7422,0.0368,0.3035
169.5,-3.2054,1.6781,-0.0441,5.7708,0.0458,0.3036
169.55,-3.174,1.6767,-0.0441,5.7908,0.052,0.3037
169.601,-3.153,1.6758,-0.0441,5.8195,0.061,0.3038
169.651,-3.1215,1.6744,-0.0441,5.8395,0.0673,0.3039
169.701,-3.1005,1.6735,-0.0441,5.8696,0.0767,0.304
169.751,-3.0795,1.6725,-0.0441,5.8853,0.0817,0.3041
169.801,-3.0481,1.6711,-0.0441,5.9139,0.0907,0.3042
169.852,-3.0271,1.6702,-0.0441,5.934,0.0969,0.3043
169.902,-2.9956,1.6688,-0.0441,5.9626,0.1059,0.3044
169.952,-2.9746,1.6679,-0.0441,5.9812,0.1118,0.3045
170.002,-2.9537,1.667,-0.0441,6.0098,0.1208,0.3046
170.052,-2.9222,1.6656,-0.0441,6.0298,0.1271,0.3047
170.102,-2.9012,1.6647,-0.0441,6.0599,0.1365,0.3048
170.153,-2.8802,1.6637,-0.0441,6.0799,0.1428,0.3049
170.203,-2.8488,1.6624,-0.0441,6.1057,0.1509,0.305
170.253,-2.8278,1.6614,-0.0441,6.1243,0.1568,0.3051
170.303,-2.7963,1.66,-0.0441,6.1529,0.1658,0.3051
170.354,-2.7753,1.6591,-0.0441,6.1715,0.1717,0.3052
170.404,-2.7544,1.6582,-0.0441,6.2001,0.1807,0.3053
170.454,-2.7229,1.6568,-0.0441,6.2201,0.187,0.3054
170.504,-2.7019,1.6559,-0.0441,6.2502,0.1965,0.3055
170.554,-2.6704,1.6545,-0.0441,6.2702,0.2028,0.3055
170.605,-2.6495,1.6536,-0.0441,6.2959,0.2109,0.3057
170.655,-2.6285,1.6526,-0.0441,6.3145,0.2168,0.3057
170.705,-2.597,1.6513,-0.0441,6.3431,0.2258,0.3058
170.755,-2.576,1.6503,-0.0441,6.3718,0.2348,0.3059
170.805,-2.5446,1.6489,-0.0441,6.3918,0.2412,0.306
170.856,-2.5236,1.648,-0.0441,6.4104,0.247,0.3061
170.906,-2.5026,1.6471,-0.0441,6.4404,0.2565,0.3062
170.956,-2.4711,1.6457,-0.0441,6.4704,0.266,0.3064
171.006,-2.4502,1.6448,-0.0441,6.4862,0.271,0.3064
171.056,-2.4187,1.6434,-0.0441,6.5148,0.2801,0.3065
171.107,-2.3977,1.6425,-0.0441,6.5348,0.2864,0.3066
171.157,-2.3767,1.6415,-0.0441,6.5534,0.2923,0.3067
171.207,-2.3453,1.6401,-0.0441,6.582,0.3013,0.3068
171.257,-2.3243,1.6392,-0.0441,6.6106,0.3104,0.3069
171.307,-2.3033,1.6383,-0.0441,6.6306,0.3167,0.307
171.358,-2.2718,1.6369,-0.0441,6.6606,0.3263,0.3071
171.408,-2.2509,1.636,-0.0441,6.6806,0.3326,0.3072
171.458,-2.2194,1.6346,-0.0441,6.7064,0.3408,0.3073
171.508,-2.1984,1.6337,-0.0441,6.725,0.3467,0.3074
171.559,-2.1774,1.6327,-0.0441,6.7536,0.3558,0.3075
171.609,-2.146,1.6314,-0.0441,6.7721,0.3617,0.3075
171.659,-2.125,1.6304,-0.0441,6.8007,0.3707,0.3077
171.709,-2.0935,1.629,-0.0441,6.8208,0.3771,0.3077
171.759,-2.0725,1.6281,-0.0441,6.8508,0.3866,0.3079
171.81,-2.0515,1.6272,-0.0441,6.8708,0.393,0.308
171.86,-2.0201,1.6258,-0.0441,6.8965,0.4012,0.308
171.91,-1.9991,1.6249,-0.0441,6.9151,0.4071,0.3081
171.96,-1.9676,1.6235,-0.0441,6.9437,0.4162,0.3082
172.01,-1.9466,1.6226,-0.0441,6.9637,0.4226,0.3083
172.061,-1.9257,1.6216,-0.0441,6.9923,0.4317,0.3084
172.111,-1.8942,1.6203,-0.0441,7.0109,0.4376,0.3085
172.161,-1.8732,1.6193,-0.0441,7.0409,0.4472,0.3086
172.211,-1.8417,1.6179,-0.0441,7.0609,0.4535,0.3087
172.261,-1.8208,1.617,-0.0441,7.0866,0.4618,0.3088
172.312,-1.7998,1.6161,-0.0441,7.1066,0.4681,0.3089
172.362,-1.7683,1.6147,-0.0441,7.1352,0.4773,0.309
172.412,-1.7473,1.6138,-0.0441,7.1538,0.4832,0.3091
172.462,-1.7159,1.6124,-0.0441,7.1823,0.4923,0.3092
172.512,-1.6949,1.6115,-0.0441,7.2009,0.4983,0.3093
172.563,-1.6739,1.6105,-0.0441,7.2309,0.5078,0.3094
172.613,-1.6424,1.6091,-0.0441,7.2509,0.5142,0.3095
172.663,-1.6215,1.6082,-0.0441,7.2809,0.5238,0.3096
172.713,-1.6005,1.6073,-0.0441,7.2966,0.5289,0.3097
172.764,-1.569,1.6059,-0.0441,7.3252,0.538,0.3097
172.814,-1.548,1.605,-0.0441,7.3438,0.5439,0.3098
172.864,-1.5166,1.6036,-0.0441,7.3724,0.5531,0.3099
172.914,-1.4956,1.6027,-0.0441,7.3924,0.5595,0.31
172.964,-1.4746,1.6017,-0.0441,7.4209,0.5686,0.3101
173.014,-1.4431,1.6004,-0.0441,7.4409,0.5751,0.3102
173.065,-1.4222,1.5994,-0.0441,7.4709,0.5847,0.3103
173.115,-1.3907,1.598,-0.0441,7.4866,0.5897,0.3104
173.165,-1.3697,1.5971,-0.0441,7.5152,0.5989,0.3105
173.215,-1.3487,1.5962,-0.0441,7.5438,0.608,0.3107
173.266,-1.3173,1.5948,-0.0441,7.5638,0.6145,0.3108
173.316,-1.2963,1.5939,-0.0441,7.5923,0.6236,0.3109
173.366,-1.2648,1.5925,-0.0441,7.6109,0.6296,0.311
173.416,-1.2438,1.5916,-0.0441,7.6409,0.6393,0.3111
173.466,-1.2229,1.5906,-0.0441,7.6609,0.6457,0.3112
173.517,-1.1914,1.5893,-0.0441,7.6866,0.6539,0.3113
173.567,-1.1704,1.5883,-0.0441,7.7066,0.6604,0.3114
173.617,-1.1494,1.5874,-0.0441,7.7351,0.6696,0.3115
173.667,-1.118,1.586,-0.0441,7.7537,0.6755,0.3116
173.717,-1.097,1.5851,-0.0441,7.7822,0.6847,0.3117
173.768,-1.0655,1.5837,-0.0441,7.8008,0.6907,0.3118
173.818,-1.0445,1.5828,-0.0441,7.8308,0.7004,0.3119
173.868,-1.0235,1.5818,-0.0441,7.8508,0.7068,0.3119
173.918,-0.9921,1.5805,-0.0441,7.8807,0.7165,0.312
173.969,-0.9711,1.5795,-0.0441,7.8964,0.7216,0.3121
174.019,-0.9396,1.5781,-0.0441,7.925,0.7308,0.3122
174.069,-0.9186,1.5772,-0.0441,7.9436,0.7368,0.3122
174.119,-0.8977,1.5763,-0.0441,7.9721,0.746,0.3123
174.169,-0.8662,1.5749,-0.0441,7.9921,0.7524,0.3124
174.22,-0.8452,1.574,-0.0441,8.0206,0.7617,0.3125
174.27,-0.8137,1.5726,-0.0441,8.0406,0.7681,0.3126
174.32,-0.7928,1.5717,-0.0441,8.0706,0.7778,0.3127
174.37,-0.7718,1.5707,-0.0441,8.0863,0.7829,0.3128
174.42,-0.7403,1.5694,-0.0441,8.1148,0.7921,0.3129
174.471,-0.7193,1.5684,-0.0441,8.1348,0.7986,0.313
174.521,-0.6984,1.5675,-0.0441,8.1634,0.8078,0.3131
174.571,-0.6669,1.5661,-0.0441,8.1819,0.8138,0.3132
174.621,-0.6459,1.5652,-0.0441,8.2104,0.8231,0.3133
174.672,-0.6144,1.5638,-0.0441,8.2304,0.8296,0.3134
174.722,-0.5935,1.5629,-0.0441,8.2604,0.8393,0.3135
174.772,-0.5725,1.562,-0.0441,8.2804,0.8457,0.3136
174.822,-0.541,1.5606,-0.0441,8.306,0.8541,0.3137
174.872,-0.52,1.5596,-0.0441,8.3246,0.8601,0.3138
174.923,-0.4886,1.5583,-0.0441,8.3531,0.8693,0.3139
174.973,-0.4676,1.5573,-0.0441,8.3717,0.8754,0.314
175.023,-0.4466,1.5564,-0.0441,8.4002,0.8846,0.3141
175.073,-0.4151,1.555,-0.0441,8.4302,0.8944,0.3143
175.124,-0.3942,1.5541,-0.0441,8.4501,0.9009,0.3144
175.174,-0.3627,1.5527,-0.0441,8.4701,0.9074,0.3144
175.224,-0.3417,1.5518,-0.0441,8.4958,0.9157,0.3146
175.274,-0.3207,1.5508,-0.0441,8.5143,0.9217,0.3147
175.325,-0.2893,1.5495,-0.0441,8.5429,0.931,0.3148
175.375,-0.2683,1.5485,-0.0441,8.5714,0.9403,0.3149
175.425,-0.2368,1.5471,-0.0441,8.5913,0.9468,0.3149
175.475,-0.2158,1.5462,-0.0441,8.6099,0.9529,0.315
175.526,-0.1949,1.5453,-0.0441,8.6398,0.9626,0.3151
175.576,-0.1634,1.5439,-0.0441,8.6698,0.9724,0.3152
175.626,-0.1424,1.543,-0.0441,8.6855,0.9775,0.3153
175.676,-0.1109,1.5416,-0.0441,8.714,0.9868,0.3154
175.728,-0.09,1.5407,-0.0441,8.734,0.9933,0.3155
175.778,-0.069,1.5397,-0.0441,8.7625,1.0026,0.3156
175.828,-0.0375,1.5384,-0.0441,8.781,1.0087,0.3157
175.878,-0.0165,1.5374,-0.0441,8.8095,1.018,0.3158
175.928,0.0149,1.536,-0.0441,8.8295,1.0245,0.3159
175.979,0.0359,1.5351,-0.0441,8.8594,1.0343,0.316
176.029,0.0569,1.5342,-0.0441,8.8794,1.0408,0.316
176.079,0.0884,1.5328,-0.0441,8.9051,1.0492,0.3161
176.129,0.1094,1.5319,-0.0441,8.9236,1.0553,0.3162
176.179,0.1303,1.531,-0.0441,8.9521,1.0646,0.3163
176.23,0.1618,1.5296,-0.0441,8.9706,1.0707,0.3164
176.28,0.1828,1.5286,-0.0441,8.9991,1.08,0.3165
176.33,0.2143,1.5273,-0.0441,9.0191,1.0866,0.3166
176.38,0.2352,1.5263,-0.0441,9.049,1.0964,0.3167
176.43,0.2562,1.5254,-0.0441,9.069,1.1029,0.3168
176.481,0.2877,1.524,-0.0441,9.0946,1.1113,0.3169
176.531,0.3087,1.5231,-0.0441,9.1132,1.1174,0.317
176.581,0.3401,1.5217,-0.0441,9.1417,1.1268,0.3171
176.631,0.3611,1.5208,-0.0441,9.1616,1.1333,0.3172
176.682,0.3821,1.5198,-0.0441,9.1901,1.1427,0.3173
176.732,0.4136,1.5185,-0.0441,9.2087,1.1487,0.3173
176.782,0.4345,1.5175,-0.0441,9.2386,1.1586,0.3174
176.832,0.466,1.5161,-0.0441,9.2585,1.1651,0.3175
176.882,0.487,1.5152,-0.0441,9.2842,1.1736,0.3176
176.933,0.508,1.5143,-0.0441,9.3041,1.1801,0.3177
176.983,0.5394,1.5129,-0.0441,9.3326,1.1895,0.3178
177.033,0.5604,1.512,-0.0441,9.3512,1.1956,0.3179
177.083,0.5814,1.5111,-0.0441,9.3797,1.205,0.3181
177.133,0.6129,1.5097,-0.0441,9.3982,1.2111,0.3181
177.184,0.6338,1.5087,-0.0441,9.4281,1.2209,0.3182
177.234,0.6653,1.5074,-0.0441,9.448,1.2275,0.3183
177.284,0.6863,1.5064,-0.0441,9.478,1.2374,0.3184
177.334,0.7073,1.5055,-0.0441,9.4936,1.2425,0.3185
177.385,0.7387,1.5041,-0.0441,9.5221,1.2519,0.3186
177.435,0.7597,1.5032,-0.0441,9.5406,1.258,0.3187
177.485,0.7807,1.5023,-0.0441,9.5691,1.2674,0.3187
177.535,0.8122,1.5009,-0.0441,9.5891,1.274,0.3188
177.586,0.8331,1.5,-0.0441,9.6176,1.2834,0.3189
177.636,0.8646,1.4986,-0.0441,9.6375,1.29,0.319
177.686,0.8856,1.4976,-0.0441,9.6674,1.2999,0.3191
177.736,0.9066,1.4967,-0.0441,9.6831,1.3051,0.3192
177.786,0.938,1.4953,-0.0441,9.7116,1.3145,0.3193
177.837,0.959,1.4944,-0.0441,9.7315,1.3211,0.3194
177.887,0.9905,1.493,-0.0441,9.76,1.3305,0.3195
177.937,1.0115,1.4921,-0.0441,9.7785,1.3366,0.3196
177.987,1.0325,1.4912,-0.0441,9.807,1.346,0.3197
178.037,1.0639,1.4898,-0.0441,9.8269,1.3526,0.3198
178.088,1.0849,1.4888,-0.0441,9.8568,1.3625,0.3199
178.138,1.1164,1.4875,-0.0441,9.8767,1.3691,0.32
178.188,1.1374,1.4865,-0.0441,9.9024,1.3776,0.3201
178.238,1.1583,1.4856,-0.0441,9.9209,1.3838,0.3202
178.288,1.1898,1.4842,-0.0441,9.9494,1.3932,0.3203
178.339,1.2108,1.4833,-0.0441,9.9679,1.3994,0.3203
178.389,1.2423,1.4819,-0.0441,9.9963,1.4088,0.3204
178.439,1.2632,1.481,-0.0441,10.0262,1.4187,0.3206
178.489,1.2842,1.4801,-0.0441,10.0462,1.4253,0.3207
178.539,1.3157,1.4787,-0.0441,10.0661,1.432,0.3208
178.59,1.3367,1.4777,-0.0441,10.0917,1.4405,0.3209
178.64,1.3576,1.4768,-0.0441,10.1202,1.4499,0.321
178.69,1.3891,1.4754,-0.0441,10.1387,1.4561,0.3211
178.74,1.4101,1.4745,-0.0441,10.1672,1.4656,0.3212
178.79,1.4416,1.4731,-0.0441,10.1871,1.4722,0.3213
178.841,1.4625,1.4722,-0.0441,10.2155,1.4817,0.3214
178.891,1.4835,1.4713,-0.0441,10.2355,1.4883,0.3215
178.941,1.515,1.4699,-0.0441,10.2654,1.4983,0.3216
178.991,1.536,1.469,-0.0441,10.281,1.5035,0.3216
179.041,1.5674,1.4676,-0.0441,10.3095,1.513,0.3217
179.092,1.5884,1.4666,-0.0441,10.3294,1.5196,0.3218
179.142,1.6094,1.4657,-0.0441,10.3579,1.5291,0.3219
179.192,1.6409,1.4643,-0.0441,10.3764,1.5353,0.322
179.242,1.6618,1.4634,-0.0441,10.4048,1.5447,0.3221
179.292,1.6933,1.462,-0.0441,10.4247,1.5514,0.3222
179.343,1.7143,1.4611,-0.0441,10.4546,1.5614,0.3223
179.393,1.7353,1.4602,-0.0441,10.4745,1.568,0.3224
179.443,1.7667,1.4588,-0.0441,10.5001,1.5766,0.3225
179.493,1.7877,1.4578,-0.0441,10.5186,1.5828,0.3226
179.543,1.8192,1.4565,-0.0441,10.5471,1.5923,0.3227
179.594,1.8402,1.4555,-0.0441,10.5656,1.5985,0.3228
179.644,1.8611,1.4546,-0.0441,10.594,1.608,0.323
179.694,1.8926,1.4532,-0.0441,10.6139,1.6146,0.323
179.744,1.9136,1.4523,-0.0441,10.6438,1.6247,0.3232
179.794,1.9346,1.4514,-0.0441,10.6637,1.6313,0.3232
179.845,1.966,1.45,-0.0441,10.6893,1.6399,0.3234
179.895,1.987,1.4491,-0.0441,10.7078,1.6461,0.3234
179.945,2.0185,1.4477,-0.0441,10.7363,1.6556,0.3236
179.995,2.0395,1.4467,-0.0441,10.7562,1.6623,0.3236
180.045,2.0605,1.4458,-0.0441,10.7846,1.6718,0.3238
180.096,2.0919,1.4444,-0.0441,10.8031,1.6781,0.3238
180.146,2.1129,1.4435,-0.0441,10.833,1.6881,0.3239
180.196,2.1444,1.4421,-0.0441,10.8529,1.6948,0.324
180.246,2.1654,1.4412,-0.0441,10.8785,1.7034,0.3241
180.297,2.1863,1.4403,-0.0441,10.8984,1.71,0.3241
180.347,2.2178,1.4389,-0.0441,10.9268,1.7196,0.3243
180.397,2.2388,1.438,-0.0441,10.9453,1.7258,0.3244
180.447,2.2703,1.4366,-0.0441,10.9737,1.7354,0.3245
180.497,2.2912,1.4356,-0.0441,10.9922,1.7416,0.3246
180.548,2.3122,1.4347,-0.0441,11.0221,1.7516,0.3247
180.598,2.3437,1.4333,-0.0441,11.0519,1.7617,0.3248
180.648,2.3647,1.4324,-0.0441,11.0718,1.7684,0.3249
180.698,2.3856,1.4315,-0.0441,11.0875,1.7737,0.325
180.749,2.4171,1.4301,-0.0441,11.1159,1.7832,0.3251
180.799,2.4381,1.4292,-0.0441,11.1344,1.7895,0.3252
180.849,2.4696,1.4278,-0.0441,11.1628,1.7991,0.3253
180.899,2.4905,1.4268,-0.0441,11.1912,1.8086,0.3254
180.949,2.5115,1.4259,-0.0441,11.2111,1.8154,0.3255
181.0,2.543,1.4245,-0.0441,11.231,1.8221,0.3256
181.05,2.564,1.4236,-0.0441,11.2609,1.8322,0.3257
181.1,2.5954,1.4222,-0.0441,11.2765,1.8374,0.3258
181.15,2.6164,1.4213,-0.0441,11.3049,1.847,0.3259
181.2,2.6374,1.4204,-0.0441,11.3333,1.8566,0.326
181.251,2.6689,1.419,-0.0441,11.3532,1.8634,0.3261
181.301,2.6898,1.4181,-0.0441,11.3816,1.873,0.3262
181.351,2.7108,1.4171,-0.0441,11.4001,1.8792,0.3262
181.401,2.7423,1.4157,-0.0441,11.42,1.886,0.3263
181.451,2.7633,1.4148,-0.0441,11.4498,1.8961,0.3264
181.502,2.7947,1.4134,-0.0441,11.4697,1.9028,0.3265
181.552,2.8157,1.4125,-0.0441,11.4953,1.9115,0.3266
181.602,2.8367,1.4116,-0.0441,11.5138,1.9177,0.3267
181.652,2.8682,1.4102,-0.0441,11.5422,1.9273,0.3268
181.702,2.8892,1.4093,-0.0441,11.5607,1.9336,0.3269
181.752,2.9101,1.4083,-0.0441,11.5891,1.9432,0.327
181.803,2.9416,1.407,-0.0441,11.609,1.95,0.3271
181.853,2.9626,1.406,-0.0441,11.6388,1.9601,0.3272
181.903,2.994,1.4046,-0.0441,11.6587,1.9669,0.3273
181.953,3.015,1.4037,-0.0441,11.6842,1.9755,0.3274
182.003,3.036,1.4028,-0.0441,11.7027,1.9818,0.3274
182.054,3.0675,1.4014,-0.0441,11.7311,1.9915,0.3275
182.104,3.0885,1.4005,-0.0441,11.751,1.9982,0.3276
182.154,3.1199,1.3991,-0.0441,11.7794,2.0079,0.3277
182.204,3.1409,1.3982,-0.0441,11.7979,2.0141,0.3278
182.255,3.1619,1.3972,-0.0441,11.8277,2.0243,0.3279
182.305,3.1934,1.3958,-0.0441,11.8575,2.0344,0.328
182.355,3.2143,1.3949,-0.0441,11.8731,2.0398,0.3281
182.405,3.2458,1.3935,-0.0441,11.9015,2.0494,0.3282
182.455,3.2668,1.3926,-0.0441,11.9214,2.0562,0.3283
182.506,3.2878,1.3917,-0.0441,11.9498,2.0659,0.3284
182.556,3.3192,1.3903,-0.0441,11.9682,2.0722,0.3284
182.606,3.3402,1.3894,-0.0441,11.9966,2.0818,0.3285
182.656,3.3717,1.388,-0.0441,12.0165,2.0886,0.3286
182.706,3.3927,1.3871,-0.0441,12.0463,2.0988,0.3288
182.756,3.4136,1.3861,-0.0441,12.0662,2.1056,0.3288
182.807,3.4451,1.3847,-0.0441,12.0918,2.1143,0.3289
182.857,3.4661,1.3838,-0.0441,12.1102,2.1206,0.329
182.907,3.4871,1.3829,-0.0441,12.1386,2.1303,0.3291
182.957,3.5185,1.3815,-0.0441,12.1571,2.1366,0.3292
183.007,3.5395,1.3806,-0.0441,12.1855,2.1463,0.3293
183.058,3.571,1.3792,-0.0441,12.2053,2.1531,0.3294
183.108,3.592,1.3783,-0.0441,12.2351,2.1633,0.3295
183.158,3.6129,1.3773,-0.0441,12.255,2.17,0.3296
183.208,3.6444,1.376,-0.0441,12.2805,2.1788,0.3297
183.258,3.6654,1.375,-0.0441,12.299,2.1851,0.3298
183.309,3.6969,1.3736,-0.0441,12.3274,2.1948,0.3299
183.359,3.7178,1.3727,-0.0441,12.3472,2.2016,0.33
183.409,3.7388,1.3718,-0.0441,12.3756,2.2113,0.3301
183.459,3.7703,1.3704,-0.0441,12.3941,2.2177,0.3302
183.51,3.7913,1.3695,-0.0441,12.4239,2.2279,0.3303
183.561,3.8227,1.3681,-0.0441,12.4437,2.2347,0.3303
183.611,3.8437,1.3672,-0.0441,12.4693,2.2434,0.3304
183.661,3.8647,1.3662,-0.0441,12.4891,2.2503,0.3305
183.711,3.8962,1.3648,-0.0441,12.5175,2.26,0.3306
183.761,3.9172,1.3639,-0.0441,12.536,2.2663,0.3307
183.812,3.9486,1.3625,-0.0441,12.5643,2.2761,0.3309
183.862,3.9696,1.3616,-0.0441,12.5828,2.2824,0.3309
183.912,3.9906,1.3607,-0.0441,12.6126,2.2926,0.331
183.962,4.022,1.3593,-0.0441,12.6324,2.2995,0.3311
184.012,4.043,1.3584,-0.0441,12.6622,2.3097,0.3312
184.063,4.064,1.3574,-0.0441,12.6778,2.3151,0.3313
184.113,4.0955,1.3561,-0.0441,12.7062,2.3248,0.3314
184.163,4.1165,1.3551,-0.0441,12.7246,2.3312,0.3315
184.213,4.1479,1.3537,-0.0441,12.753,2.341,0.3316
184.263,4.1689,1.3528,-0.0441,12.7814,2.3507,0.3317
184.314,4.1899,1.3519,-0.0441,12.8012,2.3576,0.3318
184.364,4.2214,1.3505,-0.0441,12.8211,2.3644,0.3319
184.414,4.2423,1.3496,-0.0441,12.8508,2.3747,0.332
184.464,4.2738,1.3482,-0.0441,12.8764,2.3835,0.3322
184.515,4.2948,1.3473,-0.0441,12.8948,2.3898,0.3322
184.565,4.3158,1.3463,-0.0441,12.9232,2.3996,0.3324
184.615,4.3472,1.345,-0.0441,12.943,2.4065,0.3324
184.665,4.3682,1.344,-0.0441,12.9714,2.4163,0.3325
184.716,4.3997,1.3426,-0.0441,12.9898,2.4226,0.3326
184.766,4.4207,1.3417,-0.0441,13.0196,2.4329,0.3327
184.816,4.4416,1.3408,-0.0441,13.0394,2.4398,0.3328
184.866,4.4731,1.3394,-0.0441,13.0649,2.4486,0.3329
184.916,4.4941,1.3385,-0.0441,13.0848,2.4555,0.3329
184.967,4.5256,1.3371,-0.0441,13.1131,2.4653,0.3331
185.017,4.5465,1.3362,-0.0441,13.1316,2.4716,0.3331
185.067,4.5675,1.3352,-0.0441,13.1599,2.4814,0.3332
185.117,4.599,1.3338,-0.0441,13.1783,2.4878,0.3333
185.167,4.62,1.3329,-0.0441,13.2081,2.4981,0.3334
185.218,4.6409,1.332,-0.0441,13.228,2.505,0.3335
185.268,4.6724,1.3306,-0.0441,13.2577,2.5153,0.3336
185.318,4.6934,1.3297,-0.0441,13.2733,2.5207,0.3337
185.368,4.7144,1.3288,-0.0441,13.3017,2.5306,0.3338
185.418,4.7458,1.3274,-0.0441,13.3201,2.5369,0.3339
185.469,4.7668,1.3264,-0.0441,13.3484,2.5468,0.334
185.519,4.7983,1.3251,-0.0441,13.3683,2.5537,0.3341
185.569,4.8193,1.3241,-0.0441,13.3966,2.5635,0.3342
185.619,4.8403,1.3232,-0.0441,13.4164,2.5704,0.3343
185.669,4.8717,1.3218,-0.0441,13.4462,2.5807,0.3344
185.72,4.8927,1.3209,-0.0441,13.4618,2.5861,0.3344
185.77,4.9242,1.3195,-0.0441,13.4901,2.596,0.3346
185.82,4.9452,1.3186,-0.0441,13.51,2.6029,0.3346
185.87,4.9661,1.3177,-0.0441,13.5383,2.6127,0.3348
185.92,4.9976,1.3163,-0.0441,13.5567,2.6191,0.3349
185.971,5.0186,1.3153,-0.0441,13.585,2.629,0.335
186.021,5.05,1.314,-0.0441,13.6049,2.6359,0.3351
186.071,5.071,1.313,-0.0441,13.6346,2.6463,0.3352
186.121,5.092,1.3121,-0.0441,13.6544,2.6532,0.3353
186.171,5.1235,1.3107,-0.0441,13.6799,2.6621,0.3354
186.221,5.1445,1.3098,-0.0441,13.6984,2.6685,0.3355
186.272,5.1759,1.3084,-0.0441,13.7267,2.6784,0.3356
186.322,5.1969,1.3075,-0.0441,13.7451,2.6848,0.3357
186.372,5.2179,1.3066,-0.0441,13.7734,2.6947,0.3358
186.422,5.2494,1.3052,-0.0441,13.7932,2.7016,0.3359
186.472,5.2703,1.3042,-0.0441,13.823,2.712,0.336
186.523,5.2913,1.3033,-0.0441,13.8428,2.7189,0.3361
186.573,5.3228,1.3019,-0.0441,13.8683,2.7278,0.3362
186.623,5.3438,1.301,-0.0441,13.8867,2.7342,0.3363
186.673,5.3752,1.2996,-0.0441,13.915,2.7441,0.3364
186.724,5.3962,1.2987,-0.0441,13.9349,2.7511,0.3365
186.774,5.4172,1.2978,-0.0441,13.9632,2.761,0.3366
186.824,5.4471,1.2966,-0.0439,13.9776,2.766,0.3368
186.874,5.4584,1.2961,-0.0392,13.9886,2.7699,0.3473
186.924,5.4686,1.2959,-0.0088,13.9949,2.7723,0.3693
186.975,5.4751,1.2959,0.0139,14.0026,2.7754,0.3986
187.025,5.4816,1.296,0.0369,14.0084,2.7779,0.4217
187.075,5.4914,1.2966,0.0719,14.0165,2.7816,0.4551
187.125,5.498,1.2971,0.0954,14.0218,2.7843,0.4771
187.175,5.508,1.2982,0.1311,14.0298,2.7885,0.5111
187.226,5.5146,1.2991,0.1549,14.0349,2.7914,0.5333
187.276,5.5212,1.3,0.1788,14.0429,2.7963,0.5693
187.326,5.5309,1.3017,0.2145,14.0508,2.8015,0.605
187.376,5.5373,1.3031,0.238,14.056,2.8052,0.6285
187.426,5.5436,1.3046,0.2612,14.0599,2.808,0.6467
187.476,5.5529,1.3071,0.2953,14.067,2.8136,0.6793
187.527,5.5589,1.309,0.3176,14.0716,2.8173,0.7
187.577,5.5679,1.3121,0.3509,14.0784,2.8232,0.7319
187.627,5.5738,1.3143,0.3731,14.085,2.8293,0.7637
187.677,5.5796,1.3167,0.3953,14.0895,2.8336,0.7859
187.728,5.5883,1.3205,0.4286,14.0939,2.8381,0.8082
187.778,5.594,1.3231,0.4508,14.1004,2.845,0.8417
187.828,5.6024,1.3274,0.4842,14.1057,2.8511,0.8704
187.878,5.608,1.3304,0.5064,14.1094,2.8556,0.8911
187.928,5.6134,1.3335,0.5286,14.115,2.8627,0.9229
187.979,5.6215,1.3384,0.5619,14.1188,2.8677,0.9452
188.029,5.6268,1.3418,0.5841,14.124,2.8751,0.977
188.079,5.6347,1.3472,0.6178,14.1273,2.8801,0.998
188.129,5.6401,1.3511,0.6408,14.1328,2.8888,1.0328
188.179,5.6456,1.3553,0.6644,14.1365,2.8951,1.0568
188.23,5.6541,1.3621,0.7007,14.1412,2.9037,1.088
188.28,5.6598,1.3671,0.7254,14.1449,2.9109,1.1128
188.33,5.6688,1.3752,0.7632,14.1504,2.9222,1.1489
188.38,5.675,1.3812,0.7883,14.1538,2.93,1.1724
188.43,5.6814,1.3876,0.8136,14.1591,2.943,1.2085
188.48,5.6915,1.3982,0.8514,14.1624,2.9519,1.2321
188.531,5.6985,1.4058,0.8768,14.1675,2.967,1.2701
188.581,5.7059,1.4139,0.9021,14.1707,2.9778,1.2955
188.631,5.7171,1.4271,0.94,14.1753,2.9948,1.3335
188.681,5.7245,1.4364,0.9652,14.1774,3.0039,1.3533
188.732,5.7357,1.4514,1.003,14.1811,3.0218,1.3895
188.782,5.7431,1.462,1.0282,14.1832,3.0338,1.413
188.832,5.7504,1.4732,1.0535,14.1861,3.0533,1.4492
188.882,5.7611,1.491,1.0911,14.1877,3.0673,1.4742
188.933,5.768,1.5035,1.1155,14.1894,3.0882,1.5086
188.983,5.7781,1.5234,1.1486,14.1902,3.1034,1.5307
189.033,5.7846,1.5374,1.1687,14.1909,3.127,1.5606
189.083,5.7908,1.5518,1.1872,14.191,3.1396,1.5749
189.136,5.7998,1.5743,1.2128,14.1906,3.1633,1.5993
189.186,5.8054,1.5897,1.2285,14.1901,3.1801,1.6149
189.236,5.8137,1.6137,1.2498,14.1888,3.2047,1.6353
189.286,5.819,1.63,1.2629,14.1876,3.221,1.6477
189.336,5.8242,1.6467,1.275,14.1855,3.2464,1.6648
189.386,5.8318,1.6723,1.2916,14.1837,3.2644,1.676
189.437,5.8367,1.6897,1.302,14.1807,3.2917,1.6914
189.487,5.8438,1.7162,1.3161,14.1777,3.3153,1.7035
189.537,5.8484,1.7343,1.3251,14.1751,3.3339,1.7126
189.587,5.8529,1.7527,1.334,14.1726,3.3513,1.7209
189.637,5.8595,1.7806,1.3464,14.1684,3.3783,1.7329
189.688,5.8637,1.7994,1.3541,14.1638,3.4055,1.7436
189.738,5.8699,1.828,1.3641,14.1606,3.4233,1.7498
189.788,5.8738,1.8472,1.3702,14.1553,3.4522,1.7589
189.838,5.8777,1.8666,1.3757,14.1515,3.4716,1.7643
189.888,5.8834,1.8958,1.3833,14.1457,3.5009,1.7719
189.938,5.8871,1.9154,1.3879,14.1425,3.5162,1.7754
189.989,5.8924,1.9451,1.394,14.1366,3.5443,1.7813
190.039,5.896,1.965,1.3976,14.1327,3.5626,1.7847
190.089,5.8994,1.9849,1.4008,14.1265,3.5908,1.7892
190.139,5.9045,2.015,1.4047,14.1221,3.6107,1.7918
190.189,5.9079,2.0351,1.4069,14.1157,3.639,1.795
190.24,5.9112,2.0552,1.4089,14.1111,3.6589,1.7971
190.29,5.9161,2.0855,1.4118,14.1042,3.6888,1.8
190.34,5.9193,2.1057,1.4136,14.1005,3.7045,1.8016
190.39,5.9241,2.136,1.4164,14.0938,3.733,1.8042
190.44,5.9272,2.1563,1.418,14.089,3.753,1.806
190.491,5.9303,2.1766,1.4196,14.0821,3.7817,1.8083
190.541,5.935,2.2071,1.4217,14.0776,3.8003,1.8096
190.591,5.938,2.2275,1.423,14.0706,3.8289,1.8116
190.641,5.9425,2.2582,1.4249,14.0656,3.849,1.813
190.691,5.9455,2.2787,1.4261,14.0581,3.8792,1.8149
190.742,5.9485,2.2992,1.4273,14.0531,3.8993,1.8161
190.792,5.9529,2.33,1.4289,14.0466,3.9252,1.8176
190.842,5.9559,2.3506,1.4299,14.0419,3.9439,1.8185
190.892,5.9602,2.3815,1.4312,14.0346,3.9727,1.8198
190.942,5.9631,2.4021,1.4319,14.0298,3.9914,1.8206
190.993,5.966,2.4228,1.4326,14.0224,4.0203,1.8217
191.043,5.9703,2.4538,1.4336,14.0173,4.0405,1.8224
191.093,5.9732,2.4744,1.4342,14.0095,4.0708,1.8234
191.143,5.976,2.4951,1.4347,14.0042,4.091,1.824
191.193,5.9802,2.5262,1.4354,13.9975,4.117,1.8246
191.244,5.983,2.5469,1.4358,13.9926,4.1358,1.825
191.294,5.9873,2.578,1.4362,13.9851,4.1647,1.8256
191.344,5.9901,2.5987,1.4365,13.9798,4.1849,1.826
191.394,5.9929,2.6194,1.4368,13.9723,4.2139,1.8265
191.445,5.9971,2.6506,1.4372,13.9673,4.2327,1.8267
191.495,5.9998,2.6713,1.4374,13.9594,4.263,1.8272
191.545,6.004,2.7024,1.4378,13.9541,4.2833,1.8275
191.595,6.0068,2.7232,1.438,13.9472,4.3093,1.828
191.645,6.0096,2.7439,1.4382,13.9419,4.3296,1.8282
191.695,6.0137,2.7751,1.4385,13.9343,4.3585,1.8286
191.746,6.0165,2.7958,1.4387,13.9293,4.3773,1.8288
191.796,6.0206,2.827,1.439,13.9217,4.4063,1.8292
191.846,6.0234,2.8478,1.4391,13.9167,4.4251,1.8294
191.896,6.0261,2.8685,1.4393,13.9086,4.4555,1.8298
191.946,6.0302,2.8997,1.4395,13.9006,4.4859,1.8301
191.997,6.033,2.9205,1.4396,13.8952,4.5062,1.8303
192.047,6.0371,2.9517,1.4398,13.891,4.5221,1.8305
192.097,6.0398,2.9725,1.4399,13.8833,4.5511,1.8307
192.147,6.0426,2.9933,1.44,13.8756,4.58,1.831
192.197,6.0467,3.0245,1.4401,13.8706,4.5988,1.8312
192.248,6.0494,3.0453,1.4402,13.8628,4.6278,1.8314
192.298,6.0521,3.0661,1.4403,13.8574,4.6481,1.8315
192.348,6.0562,3.0973,1.4404,13.852,4.6684,1.8317
192.398,6.059,3.1181,1.4404,13.8447,4.6959,1.8319
192.448,6.063,3.1493,1.4405,13.8369,4.7248,1.8321
192.499,6.0658,3.1702,1.4405,13.8319,4.7437,1.8322
192.549,6.0685,3.191,1.4406,13.8241,4.7726,1.8324
192.599,6.0726,3.2222,1.4406,13.8187,4.7929,1.8325
192.649,6.0753,3.243,1.4406,13.811,4.8219,1.8327
192.699,6.0794,3.2742,1.4407,13.8059,4.8407,1.8328
192.75,6.0821,3.295,1.4407,13.7978,4.8711,1.8329
192.8,6.0848,3.3158,1.4408,13.7923,4.8914,1.833
192.85,6.0889,3.3471,1.4408,13.7853,4.9175,1.8331
192.9,6.0916,3.3679,1.4408,13.7799,4.9377,1.8332
192.951,6.0944,3.3887,1.4409,13.7721,4.9667,1.8334
193.001,6.0984,3.4199,1.4409,13.767,4.9855,1.8335
193.051,6.1012,3.4407,1.4409,13.7592,5.0145,1.8336
193.101,6.1052,3.472,1.4409,13.7542,5.0333,1.8337
193.152,6.108,3.4928,1.441,13.746,5.0637,1.8338
193.202,6.112,3.524,1.441,13.7405,5.084,1.8339
193.252,6.1148,3.5448,1.441,13.7323,5.1144,1.8341
193.302,6.1175,3.5657,1.441,13.728,5.1303,1.8341
193.352,6.1216,3.5969,1.441,13.7202,5.1593,1.8343
193.403,6.1243,3.6177,1.441,13.7151,5.1781,1.8343
193.453,6.127,3.6385,1.441,13.7073,5.2071,1.8344
193.503,6.1311,3.6698,1.4411,13.7019,5.2274,1.8345
193.553,6.1338,3.6906,1.4411,13.694,5.2563,1.8346
193.604,6.1379,3.7218,1.4411,13.6886,5.2766,1.8347
193.654,6.1406,3.7426,1.4411,13.6803,5.307,1.8348
193.704,6.1433,3.7635,1.4411,13.676,5.3229,1.8349
193.754,6.1474,3.7947,1.4411,13.6682,5.3519,1.835
193.805,6.1501,3.8155,1.4411,13.6627,5.3722,1.8352
193.855,6.1541,3.8468,1.4411,13.6549,5.4011,1.8353
193.905,6.1569,3.8676,1.4411,13.6498,5.4199,1.8354
193.956,6.1596,3.8884,1.4411,13.6419,5.4489,1.8355
194.006,6.1637,3.9196,1.4411,13.6364,5.4691,1.8356
194.056,6.1664,3.9405,1.4411,13.6282,5.4995,1.8357
194.106,6.1704,3.9717,1.4411,13.6211,5.5256,1.8359
194.157,6.1732,3.9925,1.4411,13.6156,5.5459,1.836
194.207,6.1759,4.0133,1.4411,13.6105,5.5647,1.836
194.257,6.1799,4.0446,1.4411,13.6026,5.5936,1.8361
194.307,6.1827,4.0654,1.4411,13.5948,5.6226,1.8362
194.357,6.1867,4.0966,1.4412,13.5897,5.6414,1.8363
194.408,6.1894,4.1175,1.4412,13.5814,5.6718,1.8365
194.458,6.1922,4.1383,1.4412,13.5759,5.6921,1.8366
194.508,6.1962,4.1695,1.4412,13.5704,5.7123,1.8366
194.558,6.1989,4.1903,1.4412,13.5633,5.7384,1.8367
194.608,6.2017,4.2112,1.4412,13.5554,5.7673,1.8368
194.659,6.2057,4.2424,1.4412,13.5503,5.7861,1.8369
194.709,6.2084,4.2632,1.4412,13.5424,5.8151,1.837
194.759,6.2125,4.2945,1.4412,13.5368,5.8353,1.8371
194.809,6.2152,4.3153,1.4412,13.5289,5.8643,1.8372
194.859,6.2179,4.3361,1.4412,13.5234,5.8845,1.8373
194.91,6.222,4.3673,1.4412,13.5151,5.9149,1.8374
194.96,6.2247,4.3882,1.4412,13.5108,5.9308,1.8375
195.01,6.2288,4.4194,1.4412,13.5029,5.9598,1.8376
195.06,6.2315,4.4402,1.4412,13.4973,5.98,1.8377
195.11,6.2342,4.461,1.4412,13.4894,6.009,1.8378
195.161,6.2383,4.4923,1.4412,13.4843,6.0278,1.8379
195.211,6.241,4.5131,1.4412,13.4763,6.0567,1.838
195.261,6.2451,4.5443,1.4412,13.4708,6.077,1.8381
195.311,6.2478,4.5652,1.4412,13.4625,6.1073,1.8382
195.361,6.2505,4.586,1.4412,13.4569,6.1276,1.8383
195.412,6.2546,4.6172,1.4412,13.4498,6.1536,1.8383
195.462,6.2573,4.638,1.4412,13.4446,6.1724,1.8384
195.512,6.2614,4.6693,1.4412,13.4367,6.2014,1.8385
195.562,6.2641,4.6901,1.4412,13.4315,6.2202,1.8386
195.612,6.2668,4.7109,1.4412,13.4236,6.2491,1.8387
195.663,6.2709,4.7422,1.4412,13.418,6.2694,1.8388
195.713,6.2736,4.763,1.4412,13.4097,6.2997,1.8389
195.763,6.2763,4.7838,1.4412,13.4041,6.32,1.839
195.813,6.2804,4.815,1.4412,13.397,6.346,1.8391
195.863,6.2831,4.8359,1.4412,13.3918,6.3648,1.8392
195.914,6.2872,4.8671,1.4412,13.3839,6.3938,1.8393
195.964,6.2899,4.8879,1.4412,13.3783,6.414,1.8394
196.014,6.2926,4.9087,1.4412,13.3703,6.4429,1.8395
196.064,6.2967,4.94,1.4412,13.3651,6.4617,1.8396
196.115,6.2994,4.9608,1.4412,13.3568,6.4921,1.8397
196.165,6.3035,4.992,1.4412,13.3512,6.5123,1.8398
196.215,6.3062,5.0129,1.4412,13.344,6.5384,1.8399
196.265,6.3089,5.0337,1.4412,13.3384,6.5586,1.84
196.316,6.313,5.0649,1.4412,13.3305,6.5875,1.8401
196.366,6.3157,5.0858,1.4412,13.3253,6.6063,1.8402
196.416,6.3197,5.117,1.4412,13.3173,6.6352,1.8403
196.466,6.3225,5.1378,1.4412,13.3121,6.654,1.8404
196.517,6.3252,5.1586,1.4412,13.3037,6.6844,1.8405
196.567,6.3292,5.1899,1.4412,13.2981,6.7046,1.8406
196.617,6.332,5.2107,1.4412,13.2897,6.735,1.8407
196.667,6.336,5.2419,1.4412,13.2853,6.7509,1.8408
196.717,6.3387,5.2628,1.4412,13.2773,6.7798,1.8409
196.768,6.3414,5.2836,1.4412,13.2693,6.8087,1.841
196.818,6.3455,5.3148,1.4412,13.2641,6.8275,1.8411
196.868,6.3482,5.3356,1.4412,13.2561,6.8564,1.8412
196.918,6.3509,5.3565,1.4412,13.2505,6.8767,1.8412
196.969,6.355,5.3877,1.4412,13.2448,6.8969,1.8413
197.019,6.3577,5.4085,1.4412,13.2372,6.9244,1.8414
197.069,6.3618,5.4398,1.4412,13.2292,6.9533,1.8415
197.119,6.3641,5.4598,1.4413,13.2249,6.9686,1.8418
197.17,6.3655,5.4717,1.446,13.2224,6.9775,1.8548
197.22,6.3666,5.4819,1.4763,13.2205,6.9837,1.8771
197.27,6.3672,5.4882,1.4985,13.2177,6.9923,1.9089
197.32,6.3677,5.4976,1.5318,13.2157,6.9979,1.9296
197.371,6.3679,5.5039,1.554,13.2122,7.0067,1.963
197.421,6.3679,5.5102,1.5762,13.2098,7.0125,1.9853
197.471,6.3677,5.5197,1.6095,13.2065,7.0198,2.0139
197.522,6.3674,5.526,1.6317,13.2037,7.0255,2.0362
197.572,6.3667,5.5354,1.665,13.1996,7.0335,2.0681
197.622,6.366,5.5416,1.6872,13.1968,7.0386,2.0888
197.672,6.3652,5.5479,1.7094,13.1922,7.0464,2.1206
197.723,6.3638,5.5572,1.7427,13.1891,7.0514,2.1413
197.773,6.3626,5.5634,1.7649,13.1839,7.0593,2.1747
197.823,6.3607,5.5727,1.7983,13.1803,7.0644,2.197
197.873,6.3592,5.5788,1.8205,13.1747,7.072,2.2306
197.924,6.3576,5.585,1.843,13.1716,7.0759,2.2483
197.974,6.3548,5.5942,1.8772,13.1659,7.0828,2.2811
198.024,6.3528,5.6005,1.9004,13.1621,7.0872,2.3027
198.074,6.3493,5.6099,1.9362,13.1559,7.0939,2.3369
198.124,6.3468,5.6164,1.9608,13.1515,7.0984,2.3615
198.175,6.344,5.6228,1.986,13.1451,7.1046,2.3976
198.225,6.3396,5.6324,2.0238,13.1404,7.1088,2.4229
198.275,6.3364,5.6388,2.049,13.1332,7.115,2.4608
198.325,6.3331,5.645,2.0742,13.1294,7.118,2.4807
198.376,6.3278,5.6542,2.112,13.1222,7.1234,2.5168
198.426,6.3241,5.6602,2.1372,13.117,7.1271,2.542
198.476,6.3183,5.669,2.175,13.1095,7.1321,2.5782
198.527,6.3142,5.6747,2.2002,13.1046,7.1352,2.6016
198.577,6.31,5.6804,2.2254,13.0968,7.1397,2.6377
198.627,6.3034,5.6887,2.2632,13.0912,7.1427,2.663
198.677,6.2988,5.6941,2.2883,13.0826,7.147,2.7008
198.727,6.2918,5.7022,2.3257,13.0748,7.1505,2.7329
198.778,6.287,5.7076,2.3501,13.0683,7.1534,2.7574
198.828,6.2819,5.7131,2.3745,13.0616,7.156,2.7801
198.878,6.2735,5.7213,2.4113,13.0506,7.16,2.8153
198.928,6.2675,5.7267,2.4359,13.0388,7.1639,2.8507
198.979,6.2575,5.7349,2.4735,13.0306,7.1663,2.8741
199.029,6.2503,5.7404,2.4985,13.0164,7.17,2.9118
199.079,6.2426,5.7461,2.5236,13.0063,7.1723,2.937
199.129,6.2302,5.7546,2.5613,12.9904,7.1753,2.9748
199.18,6.2214,5.7602,2.5865,12.9818,7.1767,2.9947
199.23,6.207,5.7688,2.6243,12.965,7.179,3.0308
199.28,6.1968,5.7745,2.6495,12.9536,7.1802,3.0543
199.33,6.1861,5.7801,2.6747,12.9352,7.1815,3.0904
199.381,6.169,5.7884,2.7125,12.9219,7.1821,3.1157
199.431,6.157,5.7939,2.7377,12.9021,7.1824,-3.1314
199.481,6.1378,5.802,2.7749,12.8876,7.1821,-3.1066
199.531,6.1242,5.8073,2.7986,12.8652,7.181,-3.0712
199.582,6.1099,5.8125,2.8214,12.8532,7.1801,-3.0534
199.632,6.0871,5.8197,2.8541,12.8305,7.1778,-3.0223
199.682,6.0714,5.8242,2.8743,12.8143,7.1757,-3.0024
199.733,6.0551,5.8285,2.8927,12.7905,7.1721,-2.9768
199.783,6.03,5.8345,2.9176,12.7748,7.1694,-2.9611
199.833,6.0129,5.8383,2.9327,12.7501,7.1647,-2.9401
199.883,5.9864,5.8436,2.9527,12.7326,7.161,-2.9268
199.934,5.9685,5.847,2.9647,12.7059,7.155,-2.9087
199.984,5.9503,5.8501,2.9756,12.6878,7.1506,-2.8981
200.034,5.9225,5.8546,2.9903,12.6645,7.1447,-2.8854
200.084,5.9038,5.8574,2.9991,12.6475,7.1402,-2.8772
200.135,5.8754,5.8613,3.0102,12.6211,7.1329,-2.8666
200.185,5.8564,5.8637,3.0165,12.6038,7.128,-2.8606
200.235,5.8372,5.8661,3.0222,12.5771,7.1202,-2.8524
200.285,5.8082,5.8695,3.0301,12.5583,7.1145,-2.8471
200.336,5.7887,5.8716,3.035,12.5394,7.1088,-2.842
200.386,5.7592,5.8746,3.0414,12.511,7.0999,-2.8354
200.437,5.7394,5.8766,3.0452,12.4866,7.0921,-2.8303
200.487,5.7195,5.8785,3.0487,12.4593,7.0833,-2.8254
200.537,5.6895,5.8812,3.0533,12.4416,7.0775,-2.8225
200.587,5.6694,5.883,3.0562,12.4142,7.0684,-2.8183
200.638,5.6391,5.8855,3.0606,12.395,7.0619,-2.8152
200.688,5.6189,5.8871,3.0635,12.3676,7.0525,-2.8109
200.738,5.5985,5.8887,3.0663,12.3483,7.0459,-2.8081
200.788,5.568,5.8909,3.0702,12.3194,7.0358,-2.8042
200.838,5.5476,5.8924,3.0725,12.3042,7.0305,-2.8024
200.889,5.5168,5.8945,3.0756,12.2765,7.0207,-2.7993
200.939,5.4963,5.8958,3.0774,12.2572,7.0138,-2.7974
200.989,5.4757,5.8971,3.0791,12.2294,7.0038,-2.795
201.039,5.4448,5.899,3.0814,12.2114,6.9973,-2.7935
201.09,5.4241,5.9002,3.0828,12.1836,6.9871,-2.7914
201.14,5.4034,5.9014,3.084,12.1642,6.98,-2.7901
201.19,5.3724,5.9032,3.0857,12.135,6.9693,-2.7884
201.24,5.3517,5.9044,3.0866,12.1155,6.9621,-2.7874
201.29,5.3206,5.9061,3.0878,12.0904,6.9528,-2.7864
201.341,5.2998,5.9072,3.0885,12.0723,6.9461,-2.7856
201.391,5.279,5.9083,3.0892,12.0444,6.9357,-2.7845
201.441,5.2478,5.9099,3.0901,12.0263,6.9289,-2.7839
201.491,5.227,5.911,3.0907,11.9984,6.9185,-2.783
201.542,5.1958,5.9125,3.0914,11.9788,6.9111,-2.7824
201.592,5.1749,5.9136,3.0918,11.9495,6.9001,-2.7816
201.642,5.1541,5.9146,3.0922,11.93,6.8928,-2.7812
201.692,5.1228,5.9162,3.0927,11.9048,6.8833,-2.7806
201.743,5.1019,5.9172,3.0931,11.8867,6.8764,-2.7802
201.793,5.0705,5.9187,3.0936,11.8587,6.8658,-2.7796
201.843,5.0496,5.9197,3.0939,11.8392,6.8584,-2.7792
201.893,5.0287,5.9207,3.0943,11.8112,6.8478,-2.7786
201.944,4.9974,5.9222,3.0947,11.7931,6.8409,-2.7783
201.994,4.9764,5.9231,3.095,11.7637,6.8298,-2.7778
202.044,4.9451,5.9246,3.0954,11.7441,6.8223,-2.7775
202.094,4.9241,5.9256,3.0956,11.719,6.8127,-2.7771
202.144,4.9032,5.9265,3.0958,11.6994,6.8052,-2.7768
202.195,4.8823,5.9275,3.096,11.6714,6.7945,-2.7765
202.245,4.8509,5.9289,3.0962,11.6532,6.7876,-2.7762
202.295,4.8299,5.9299,3.0964,11.6253,6.7769,-2.7759
202.345,4.7985,5.9313,3.0966,11.6071,6.7699,-2.7757
202.396,4.7775,5.9322,3.0967,11.5777,6.7587,-2.7754
202.446,4.7566,5.9332,3.0968,11.5581,6.7512,-2.7753
202.496,4.7252,5.9346,3.0969,11.5287,6.7399,-2.775
202.546,4.7042,5.9355,3.097,11.5133,6.734,-2.7749
202.596,4.6728,5.9369,3.0971,11.4854,6.7232,-2.7747
202.647,4.6518,5.9378,3.0972,11.4672,6.7162,-2.7746
202.697,4.6309,5.9388,3.0972,11.4392,6.7055,-2.7743
202.747,4.5994,5.9402,3.0973,11.4196,6.6979,-2.7742
202.798,4.5784,5.9411,3.0973,11.3917,6.6872,-2.7741
202.848,4.547,5.9425,3.0974,11.3721,6.6796,-2.774
202.898,4.526,5.9434,3.0975,11.3427,6.6683,-2.7737
202.948,4.505,5.9443,3.0975,11.3273,6.6624,-2.7737
202.999,4.4736,5.9457,3.0976,11.2993,6.6516,-2.7735
203.049,4.4526,5.9466,3.0976,11.2797,6.644,-2.7734
203.099,4.4317,5.9476,3.0976,11.2518,6.6332,-2.7732
203.149,4.4002,5.9489,3.0977,11.2336,6.6262,-2.7731
203.2,4.3792,5.9499,3.0977,11.2056,6.6154,-2.7729
203.25,4.3478,5.9512,3.0978,11.186,6.6078,-2.7728
203.3,4.3268,5.9522,3.0978,11.1594,6.5976,-2.7726
203.35,4.2953,5.9535,3.0978,11.1371,6.5889,-2.7725
203.401,4.2744,5.9545,3.0978,11.1119,6.5792,-2.7724
203.451,4.2534,5.9554,3.0979,11.0937,6.5721,-2.7723
203.501,4.2219,5.9568,3.0979,11.0657,6.5613,-2.7722
203.551,4.2009,5.9577,3.0979,11.0475,6.5543,-2.7721
203.602,4.18,5.9586,3.0979,11.0196,6.5434,-2.772
203.652,4.1485,5.96,3.0979,11.0,6.5358,-2.7719
203.702,4.1275,5.9609,3.0979,10.9706,6.5245,-2.7718
203.752,4.096,5.9623,3.0979,10.9511,6.5169,-2.7717
203.803,4.0751,5.9632,3.098,10.9259,6.5071,-2.7716
203.853,4.0541,5.9641,3.098,10.8979,6.4963,-2.7714
203.903,4.0226,5.9655,3.098,10.8797,6.4892,-2.7714
203.954,4.0016,5.9664,3.098,10.8518,6.4783,-2.7712
204.004,3.9702,5.9678,3.098,10.8322,6.4707,-2.7712
204.054,3.9492,5.9687,3.098,10.814,6.4637,-2.7711
204.104,3.9282,5.9696,3.098,10.7847,6.4523,-2.771
204.155,3.8968,5.971,3.098,10.7553,6.4409,-2.7708
204.205,3.8758,5.9719,3.098,10.7399,6.4349,-2.7708
204.255,3.8443,5.9732,3.098,10.712,6.424,-2.7706
204.305,3.8233,5.9742,3.098,10.6924,6.4164,-2.7705
204.355,3.8023,5.9751,3.098,10.6644,6.4055,-2.7704
204.406,3.7709,5.9764,3.098,10.6463,6.3985,-2.7704
204.456,3.7499,5.9774,3.098,10.6183,6.3876,-2.7703
204.506,3.7184,5.9787,3.098,10.5987,6.3799,-2.7701
204.556,3.6975,5.9796,3.098,10.5722,6.3696,-2.77
204.606,3.6765,5.9806,3.098,10.5498,6.3609,-2.7699
204.657,3.645,5.9819,3.098,10.5247,6.3511,-2.7698
204.707,3.624,5.9828,3.098,10.5065,6.344,-2.7697
204.757,3.5926,5.9842,3.098,10.4786,6.3331,-2.7696
204.807,3.5716,5.9851,3.098,10.4604,6.326,-2.7696
204.858,3.5506,5.986,3.098,10.4324,6.3151,-2.7695
204.908,3.5191,5.9874,3.0981,10.4129,6.3075,-2.7694
204.958,3.4981,5.9883,3.0981,10.3835,6.296,-2.7693
205.008,3.4772,5.9892,3.0981,10.364,6.2884,-2.7692
205.058,3.4457,5.9906,3.0981,10.3388,6.2785,-2.7691
205.108,3.4247,5.9915,3.0981,10.3207,6.2714,-2.769
205.159,3.3932,5.9929,3.0981,10.2927,6.2605,-2.7689
205.209,3.3723,5.9938,3.0981,10.2732,6.2529,-2.7689
205.259,3.3513,5.9947,3.0981,10.2452,6.242,-2.7687
205.309,3.3198,5.9961,3.0981,10.2271,6.2349,-2.7687
205.359,3.2988,5.997,3.0981,10.1977,6.2234,-2.7686
205.41,3.2674,5.9984,3.0981,10.1782,6.2157,-2.7685
205.46,3.2464,5.9993,3.0981,10.153,6.2059,-2.7684
205.51,3.2254,6.0002,3.0981,10.1335,6.1982,-2.7683
205.56,3.1939,6.0016,3.0981,10.1055,6.1873,-2.7682
205.61,3.173,6.0025,3.0981,10.0874,6.1802,-2.7681
205.661,3.1415,6.0039,3.0981,10.0595,6.1692,-2.768
205.711,3.1205,6.0048,3.0981,10.0413,6.1621,-2.7679
205.761,3.0995,6.0057,3.0981,10.012,6.1506,-2.7678
205.811,3.0681,6.0071,3.0981,9.9924,6.1429,-2.7677
205.861,3.0471,6.008,3.0981,9.9631,6.1314,-2.7676
205.912,3.0261,6.0089,3.0981,9.9477,6.1254,-2.7675
205.962,2.9946,6.0103,3.0981,9.9198,6.1144,-2.7674
206.012,2.9736,6.0112,3.0981,9.9017,6.1073,-2.7673
206.062,2.9422,6.0126,3.0981,9.8738,6.0963,-2.7672
206.112,2.9212,6.0135,3.0981,9.8542,6.0887,-2.7671
206.163,2.9002,6.0144,3.0981,9.8263,6.0777,-2.767
206.213,2.8687,6.0158,3.0981,9.8067,6.07,-2.7669
206.263,2.8478,6.0167,3.0981,9.7774,6.0585,-2.7667
206.313,2.8268,6.0176,3.0981,9.7621,6.0524,-2.7667
206.364,2.7953,6.0189,3.0981,9.7342,6.0414,-2.7665
206.414,2.7743,6.0199,3.0981,9.7146,6.0337,-2.7664
206.464,2.7429,6.0212,3.0981,9.6867,6.0227,-2.7663
206.514,2.7219,6.0221,3.0981,9.6686,6.0156,-2.7662
206.564,2.7009,6.0231,3.0981,9.6407,6.0046,-2.7661
206.614,2.6694,6.0244,3.0981,9.6211,5.9969,-2.766
206.665,2.6485,6.0253,3.0981,9.5918,5.9853,-2.7659
206.715,2.617,6.0267,3.0981,9.5667,5.9754,-2.7658
206.765,2.596,6.0276,3.0981,9.5472,5.9677,-2.7657
206.815,2.575,6.0285,3.0981,9.529,5.9606,-2.7656
206.865,2.5436,6.0299,3.0981,9.5011,5.9495,-2.7655
206.916,2.5226,6.0308,3.0981,9.4732,5.9385,-2.7654
206.966,2.4911,6.0322,3.0981,9.4551,5.9314,-2.7653
207.016,2.4701,6.0331,3.0981,9.4258,5.9198,-2.7652
207.066,2.4491,6.034,3.0981,9.4063,5.9121,-2.7651
207.116,2.4177,6.0354,3.0981,9.3867,5.9043,-2.765
207.166,2.3967,6.0363,3.0981,9.3616,5.8944,-2.7649
207.217,2.3757,6.0372,3.0981,9.3337,5.8834,-2.7648
207.267,2.3442,6.0386,3.0981,9.3156,5.8762,-2.7647
207.317,2.3233,6.0395,3.0981,9.2877,5.8652,-2.7646
207.367,2.2918,6.0409,3.0981,9.2682,5.8574,-2.7645
207.417,2.2708,6.0418,3.0981,9.2403,5.8464,-2.7644
207.468,2.2498,6.0427,3.0981,9.2208,5.8386,-2.7643
207.518,2.2184,6.0441,3.0981,9.1915,5.827,-2.7642
207.568,2.1974,6.045,3.0981,9.1761,5.821,-2.7642
207.618,2.1659,6.0464,3.0981,9.1482,5.8099,-2.764
207.668,2.1449,6.0473,3.0981,9.1287,5.8022,-2.764
207.719,2.124,6.0482,3.0981,9.1008,5.7911,-2.7639
207.769,2.0925,6.0496,3.0981,9.0827,5.7839,-2.7639
207.819,2.0715,6.0505,3.0981,9.0548,5.7728,-2.7637
207.869,2.04,6.0518,3.0981,9.0353,5.7651,-2.7636
207.92,2.0191,6.0528,3.0981,9.006,5.7535,-2.7634
207.97,1.9981,6.0537,3.0981,8.9865,5.7457,-2.7633
208.02,1.9666,6.055,3.0981,8.9614,5.7357,-2.7632
208.07,1.9456,6.056,3.0981,8.9433,5.7285,-2.7631
208.12,1.9142,6.0573,3.0981,8.9154,5.7174,-2.763
208.171,1.8932,6.0582,3.0981,8.8973,5.7102,-2.763
208.221,1.8722,6.0592,3.0981,8.8694,5.6992,-2.7629
208.271,1.8407,6.0605,3.0981,8.8499,5.6914,-2.7628
208.321,1.8197,6.0614,3.0981,8.8207,5.6797,-2.7627
208.372,1.7988,6.0624,3.0981,8.8012,5.672,-2.7626
208.422,1.7673,6.0637,3.0981,8.7761,5.662,-2.7625
208.472,1.7463,6.0646,3.0981,8.758,5.6548,-2.7624
208.523,1.7148,6.066,3.0981,8.7301,5.6437,-2.7623
208.573,1.6939,6.0669,3.0981,8.7106,5.6359,-2.7622
208.623,1.6729,6.0678,3.0981,8.6827,5.6248,-2.7621
208.673,1.6414,6.0692,3.0981,8.6646,5.6175,-2.762
208.723,1.6204,6.0701,3.0981,8.6353,5.6059,-2.7619
208.774,1.589,6.0715,3.0981,8.6158,5.5981,-2.7618
208.824,1.568,6.0724,3.0981,8.5908,5.5881,-2.7617
208.874,1.547,6.0733,3.0981,8.5713,5.5803,-2.7617
208.924,1.5155,6.0747,3.0981,8.5434,5.5692,-2.7616
208.975,1.4946,6.0756,3.0981,8.5253,5.5619,-2.7615
209.025,1.4631,6.077,3.0981,8.4974,5.5508,-2.7614
209.075,1.4421,6.0779,3.0981,8.4793,5.5436,-2.7613
209.125,1.4211,6.0788,3.0981,8.4501,5.5319,-2.7612
209.175,1.3896,6.0802,3.0981,8.4208,5.5202,-2.761
209.226,1.3687,6.0811,3.0981,8.4013,5.5124,-2.761
209.276,1.3372,6.0825,3.0981,8.386,5.5062,-2.7609
209.326,1.3162,6.0834,3.0981,8.3582,5.4951,-2.7608
209.376,1.2952,6.0843,3.0981,8.3303,5.4839,-2.7607
209.426,1.2638,6.0857,3.0981,8.3122,5.4767,-2.7606
209.477,1.2428,6.0866,3.0981,8.2844,5.4655,-2.7605
209.527,1.2218,6.0875,3.0981,8.2649,5.4577,-2.7604
209.577,1.1903,6.0889,3.0981,8.2356,5.446,-2.7602
209.627,1.1694,6.0898,3.0981,8.2161,5.4382,-2.7601
209.677,1.1379,6.0911,3.0981,8.1911,5.4281,-2.76
209.727,1.1169,6.092,3.0981,8.173,5.4209,-2.76
209.778,1.0959,6.093,3.0981,8.1451,5.4097,-2.7598
209.828,1.0645,6.0943,3.0981,8.1257,5.4019,-2.7598
209.878,1.0435,6.0952,3.0981,8.0978,5.3907,-2.7597
209.928,1.012,6.0966,3.0981,8.0797,5.3834,-2.7595
209.979,0.991,6.0975,3.0981,8.0505,5.3717,-2.7594
210.029,0.97,6.0984,3.0981,8.031,5.3638,-2.7594
210.079,0.9386,6.0998,3.0981,8.006,5.3538,-2.7593
210.129,0.9176,6.1007,3.0981,7.9865,5.3459,-2.7592
210.18,0.8861,6.1021,3.0981,7.9586,5.3347,-2.7591
210.23,0.8651,6.103,3.0981,7.9405,5.3275,-2.7591
210.28,0.8442,6.1039,3.0981,7.9127,5.3163,-2.759
210.33,0.8127,6.1053,3.0981,7.8946,5.309,-2.7589
210.38,0.7917,6.1062,3.0981,7.8654,5.2972,-2.7588
210.431,0.7602,6.1076,3.0981,7.8459,5.2894,-2.7587
210.481,0.7393,6.1085,3.0981,7.8167,5.2776,-2.7585
210.531,0.7183,6.1094,3.0981,7.8014,5.2714,-2.7585
210.581,0.6868,6.1108,3.0981,7.7736,5.2602,-2.7584
210.632,0.6658,6.1117,3.0981,7.7555,5.2529,-2.7583
210.682,0.6449,6.1126,3.0981,7.7277,5.2417,-2.7582
210.732,0.6134,6.114,3.0981,7.7082,5.2339,-2.7582
210.782,0.5924,6.1149,3.0981,7.6804,5.2226,-2.758
210.833,0.5609,6.1163,3.0981,7.6609,5.2148,-2.758
210.883,0.54,6.1172,3.0981,7.6317,5.203,-2.7578
210.933,0.519,6.1181,3.0981,7.6164,5.1968,-2.7578
210.983,0.4875,6.1195,3.0981,7.5886,5.1856,-2.7577
211.034,0.4665,6.1204,3.0981,7.5691,5.1777,-2.7576
211.084,0.4351,6.1217,3.0981,7.5413,5.1665,-2.7575
211.134,0.4141,6.1227,3.0981,7.5232,5.1592,-2.7574
211.184,0.3931,6.1236,3.0981,7.4954,5.1479,-2.7572
211.234,0.3616,6.1249,3.0981,7.4759,5.14,-2.7572
211.285,0.3406,6.1259,3.0981,7.4467,5.1282,-2.7571
211.335,0.3092,6.1272,3.0981,7.4217,5.1181,-2.757
211.385,0.2882,6.1281,3.0981,7.4022,5.1102,-2.7569
211.435,0.2672,6.1291,3.0981,7.3842,5.1029,-2.7569
211.486,0.2357,6.1304,3.0981,7.3564,5.0916,-2.7567
211.536,0.2148,6.1313,3.0981,7.3285,5.0804,-2.7566
211.586,0.1833,6.1327,3.0981,7.3105,5.073,-2.7565
211.637,0.1623,6.1336,3.0981,7.2813,5.0612,-2.7564
211.687,0.1413,6.1345,3.0981,7.2618,5.0533,-2.7564
211.737,0.1099,6.1359,3.0981,7.2326,5.0415,-2.7562
211.787,0.0889,6.1368,3.0981,7.2173,5.0353,-2.7562
211.838,0.0574,6.1382,3.0981,7.1895,5.024,-2.7561
211.888,0.0364,6.1391,3.0981,7.1715,5.0167,-2.756
211.938,0.0155,6.14,3.0981,7.1437,5.0054,-2.7559
211.988,-0.016,6.1414,3.0981,7.1242,4.9975,-2.7558
212.038,-0.037,6.1423,3.0981,7.0964,4.9862,-2.7557
212.089,-0.058,6.1432,3.0981,7.077,4.9783,-2.7556
212.139,-0.0894,6.1446,3.0981,7.0478,4.9664,-2.7555
212.189,-0.1104,6.1455,3.0981,7.0325,4.9602,-2.7555
212.239,-0.1419,6.1469,3.0981,7.0047,4.9489,-2.7554
212.289,-0.1629,6.1478,3.0981,6.9853,4.941,-2.7553
212.34,-0.1839,6.1487,3.0981,6.9575,4.9297,-2.7552
212.39,-0.2153,6.1501,3.0981,6.9394,4.9223,-2.7551
212.44,-0.2363,6.151,3.0981,6.9116,4.911,-2.755
212.49,-0.2678,6.1524,3.0981,6.8922,4.9031,-2.7549
212.54,-0.2888,6.1533,3.0981,6.863,4.8912,-2.7547
212.591,-0.3097,6.1542,3.0981,6.8435,4.8833,-2.7547
212.641,-0.3412,6.1556,3.0981,6.8185,4.8731,-2.7546
212.691,-0.3622,6.1565,3.0981,6.8005,4.8658,-2.7545
212.741,-0.3937,6.1578,3.0981,6.7727,4.8544,-2.7544
212.791,-0.4146,6.1588,3.0981,6.7547,4.8471,-2.7543
212.842,-0.4356,6.1597,3.0981,6.7269,4.8357,-2.7542
212.892,-0.4671,6.161,3.0981,6.7074,4.8278,-2.7541
212.942,-0.4881,6.1619,3.0981,6.6783,4.8159,-2.754
212.992,-0.5195,6.1633,3.0981,6.6588,4.808,-2.7539
213.043,-0.5405,6.1642,3.0981,6.6338,4.7978,-2.7538
213.093,-0.5615,6.1651,3.0981,6.6158,4.7904,-2.7537
213.143,-0.593,6.1665,3.0981,6.588,4.779,-2.7536
213.193,-0.614,6.1674,3.0981,6.5686,4.7711,-2.7535
213.244,-0.6349,6.1683,3.0981,6.5408,4.7597,-2.7534
213.294,-0.6664,6.1697,3.0981,6.5227,4.7524,-2.7533
213.344,-0.6874,6.1706,3.0981,6.4936,4.7404,-2.7532
213.394,-0.7189,6.172,3.0981,6.4742,4.7325,-2.7531
213.444,-0.7398,6.1729,3.0981,6.4492,4.7222,-2.753
213.495,-0.7608,6.1738,3.0981,6.4297,4.7143,-2.7528
213.545,-0.7923,6.1752,3.0981,6.402,4.7029,-2.7527
213.595,-0.8133,6.1761,3.0981,6.3839,4.6955,-2.7527
213.645,-0.8447,6.1775,3.0981,6.3562,4.6841,-2.7526
213.696,-0.8657,6.1784,3.0981,6.3381,4.6767,-2.7525
213.746,-0.8867,6.1793,3.0981,6.309,4.6648,-2.7524
213.796,-0.9182,6.1807,3.0981,6.2896,4.6568,-2.7523
213.846,-0.9391,6.1816,3.0981,6.2604,4.6449,-2.7522
213.897,-0.9601,6.1825,3.0981,6.2451,4.6386,-2.7521
213.947,-0.9916,6.1839,3.0981,6.2174,4.6272,-2.752
213.997,-1.0126,6.1848,3.0981,6.1994,4.6198,-2.752
214.048,-1.044,6.1862,3.0981,6.1716,4.6084,-2.7519
214.098,-1.065,6.1871,3.0981,6.1439,4.597,-2.7518
214.148,-1.086,6.188,3.0981,6.1244,4.589,-2.7517
214.198,-1.1175,6.1894,3.0981,6.105,4.5811,-2.7516
214.248,-1.1385,6.1903,3.0981,6.0759,4.5691,-2.7515
214.299,-1.1699,6.1916,3.0981,6.0606,4.5628,-2.7514
214.349,-1.1909,6.1926,3.0981,6.0329,4.5514,-2.7513
214.4,-1.2119,6.1935,3.0981,6.0134,4.5434,-2.7512
214.45,-1.2434,6.1948,3.0981,5.9857,4.532,-2.7511
214.5,-1.2643,6.1958,3.0981,5.958,4.5206,-2.751
214.55,-1.2958,6.1971,3.0981,5.9399,4.5131,-2.7509
214.601,-1.3168,6.198,3.0981,5.9205,4.5051,-2.7509
214.651,-1.3378,6.199,3.0981,5.8914,4.4931,-2.7508
214.701,-1.3692,6.2003,3.0981,5.8664,4.4828,-2.7507
214.751,-1.3902,6.2012,3.0981,5.847,4.4748,-2.7506
214.801,-1.4217,6.2026,3.0981,5.8193,4.4634,-2.7505
214.851,-1.4427,6.2035,3.0981,5.8012,4.456,-2.7504
214.902,-1.4636,6.2044,3.0981,5.7735,4.4445,-2.7504
214.952,-1.4951,6.2058,3.0981,5.7555,4.4371,-2.7503
215.002,-1.5161,6.2067,3.0981,5.7264,4.4251,-2.7502
215.052,-1.5371,6.2076,3.0981,5.707,4.4171,-2.7501
215.102,-1.5685,6.209,3.0981,5.6778,4.4051,-2.75
215.153,-1.5895,6.2099,3.0981,5.6626,4.3988,-2.7499
215.203,-1.621,6.2113,3.0981,5.6349,4.3873,-2.7498
215.254,-1.642,6.2122,3.0981,5.6168,4.3799,-2.7497
215.304,-1.663,6.2131,3.0981,5.5891,4.3684,-2.7497
215.354,-1.6944,6.2145,3.0981,5.5697,4.3604,-2.7496
215.404,-1.7154,6.2154,3.0981,5.542,4.3489,-2.7495
215.455,-1.7469,6.2168,3.0981,5.5226,4.3409,-2.7494
215.505,-1.7679,6.2177,3.0981,5.4935,4.3289,-2.7493
215.555,-1.7888,6.2186,3.0981,5.4782,4.3225,-2.7492
215.605,-1.8203,6.22,3.0981,5.4505,4.3111,-2.7492
215.655,-1.8413,6.2209,3.0981,5.4311,4.303,-2.7491
215.706,-1.8728,6.2223,3.0981,5.4034,4.2916,-2.749
215.756,-1.8937,6.2232,3.0981,5.3854,4.2841,-2.7489
215.806,-1.9147,6.2241,3.0981,5.3577,4.2726,-2.7488
215.856,-1.9462,6.2255,3.0981,5.3383,4.2646,-2.7487
215.907,-1.9672,6.2264,3.0981,5.3092,4.2525,-2.7486
215.957,-1.9986,6.2277,3.0981,5.2898,4.2445,-2.7485
216.007,-2.0196,6.2287,3.0981,5.2648,4.2341,-2.7484
216.057,-2.0406,6.2296,3.0981,5.2468,4.2267,-2.7484
216.108,-2.0721,6.2309,3.0981,5.2191,4.2152,-2.7482
216.158,-2.093,6.2318,3.0981,5.2011,4.2077,-2.7481
216.208,-2.114,6.2328,3.0981,5.1734,4.1962,-2.748
216.258,-2.1455,6.2341,3.0981,5.1443,4.1841,-2.7479
216.308,-2.1665,6.235,3.0981,5.1249,4.1761,-2.7478
216.358,-2.1979,6.2364,3.0981,5.1055,4.168,-2.7477
216.409,-2.2189,6.2373,3.0981,5.0806,4.1576,-2.7477
216.459,-2.2399,6.2382,3.0981,5.0529,4.1461,-2.7475
216.511,-2.2714,6.2396,3.0981,5.0349,4.1386,-2.7474
216.561,-2.2924,6.2405,3.0981,5.0072,4.1271,-2.7473
216.611,-2.3238,6.2419,3.0981,4.9878,4.119,-2.7473
216.661,-2.3448,6.2428,3.0981,4.9601,4.1075,-2.7471
216.712,-2.3658,6.2437,3.0981,4.9407,4.0994,-2.747
216.762,-2.3973,6.2451,3.0981,4.9116,4.0873,-2.7469
216.812,-2.4182,6.246,3.0981,4.8964,4.081,-2.7468
216.862,-2.4497,6.2474,3.0981,4.8687,4.0694,-2.7467
216.913,-2.4707,6.2483,3.0981,4.8493,4.0614,-2.7467
216.963,-2.4917,6.2492,3.0981,4.8216,4.0498,-2.7466
217.013,-2.5231,6.2506,3.0981,4.8036,4.0423,-2.7465
217.064,-2.5441,6.2515,3.0981,4.7759,4.0308,-2.7464
217.114,-2.5651,6.2524,3.0981,4.7565,4.0227,-2.7463
217.164,-2.5966,6.2538,3.0981,4.7275,4.0106,-2.7462
217.214,-2.6176,6.2547,3.0981,4.7081,4.0025,-2.7461
217.265,-2.649,6.2561,3.0981,4.6929,3.9961,-2.7461
217.315,-2.67,6.257,3.0981,4.6652,3.9846,-2.746
217.365,-2.691,6.2579,3.0981,4.6375,3.973,-2.7458
217.415,-2.7225,6.2593,3.0981,4.6195,3.9655,-2.7457
217.466,-2.7434,6.2602,3.0981,4.5918,3.9539,-2.7456
217.516,-2.7749,6.2615,3.0981,4.5725,3.9458,-2.7455
217.566,-2.7959,6.2625,3.0981,4.5434,3.9336,-2.7454
217.616,-2.8169,6.2634,3.0981,4.524,3.9255,-2.7453
217.666,-2.8483,6.2647,3.0981,4.4991,3.9151,-2.7452
217.717,-2.8693,6.2657,3.0981,4.4811,3.9076,-2.7452
217.767,-2.9008,6.267,3.0981,4.4535,3.896,-2.745
217.817,-2.9218,6.2679,3.0981,4.4341,3.8879,-2.745
217.867,-2.9427,6.2689,3.0981,4.4064,3.8763,-2.7449
217.917,-2.9742,6.2702,3.0981,4.3884,3.8688,-2.7448
217.968,-2.9952,6.2711,3.0981,4.3594,3.8566,-2.7447
218.018,-3.0267,6.2725,3.0981,4.34,3.8485,-2.7446
218.068,-3.0476,6.2734,3.0981,4.3151,3.838,-2.7445
218.118,-3.0686,6.2743,3.0981,4.2957,3.8299,-2.7445
218.168,-3.1001,6.2757,3.0981,4.2681,3.8183,-2.7443
218.219,-3.1211,6.2766,3.0981,4.2501,3.8108,-2.7443
218.269,-3.1421,6.2775,3.0981,4.2224,3.7992,-2.7442
218.319,-3.1735,6.2789,3.0981,4.2045,3.7916,-2.7441
218.369,-3.1945,6.2798,3.0981,4.1754,3.7794,-2.7441
218.42,-3.226,6.2812,3.0981,4.156,3.7713,-2.744
218.47,-3.247,6.2821,3.0981,4.127,3.7591,-2.7439
218.52,-3.2679,6.283,3.0981,4.1118,3.7527,-2.7438
218.571,-3.2994,6.2844,3.0981,4.0841,3.7411,-2.7437
218.621,-3.3204,6.2853,3.0981,4.0662,3.7335,-2.7436
218.671,-3.3519,6.2867,3.0981,4.0385,3.7219,-2.7435
218.721,-3.3728,6.2876,3.0981,4.0191,3.7137,-2.7435
218.771,-3.3938,6.2885,3.0981,3.9915,3.7021,-2.7434
218.822,-3.4253,6.2899,3.0981,3.9721,3.694,-2.7433
218.872,-3.4463,6.2908,3.0981,3.9431,3.6817,-2.7432
218.922,-3.4777,6.2922,3.0981,3.9279,3.6753,-2.7432
218.972,-3.4987,6.2931,3.0981,3.9002,3.6637,-2.743
219.022,-3.5197,6.294,3.0981,3.8726,3.6521,-2.7429
219.073,-3.5512,6.2954,3.0981,3.8532,3.6439,-2.7429
219.123,-3.5721,6.2963,3.0981,3.8353,3.6363,-2.7428
219.173,-3.6036,6.2976,3.0981,3.8076,3.6247,-2.7427
219.223,-3.6246,6.2986,3.0981,3.7786,3.6125,-2.7426
219.273,-3.6456,6.2995,3.0981,3.7593,3.6043,-2.7425
219.324,-3.677,6.3008,3.0981,3.7344,3.5938,-2.7424
219.374,-3.698,6.3018,3.0981,3.715,3.5856,-2.7423
219.424,-3.719,6.3027,3.0981,3.6874,3.574,-2.7422
219.474,-3.7505,6.304,3.0981,3.6694,3.5664,-2.7421
219.524,-3.7715,6.3049,3.0981,3.6418,3.5547,-2.742
219.575,-3.8029,6.3063,3.0981,3.6238,3.5471,-2.7419
219.625,-3.8239,6.3072,3.0981,3.5948,3.5349,-2.7418
219.675,-3.8449,6.3081,3.0981,3.5755,3.5267,-2.7417
219.725,-3.8764,6.3095,3.0981,3.5464,3.5144,-2.7416
219.776,-3.8973,6.3104,3.0981,3.5312,3.508,-2.7415
219.826,-3.9288,6.3118,3.0981,3.5036,3.4963,-2.7414
219.876,-3.9498,6.3127,3.0981,3.4857,3.4887,-2.7413
219.926,-3.9708,6.3136,3.0981,3.458,3.477,-2.7412
219.976,-4.0022,6.315,3.0981,3.4387,3.4688,-2.7411
220.026,-4.0232,6.3159,3.0981,3.4111,3.4571,-2.741
220.077,-4.0547,6.3173,3.0981,3.3917,3.449,-2.7409
220.127,-4.0757,6.3182,3.0981,3.3627,3.4367,-2.7408
220.177,-4.0966,6.3191,3.0981,3.3475,3.4302,-2.7408
220.227,-4.1281,6.3205,3.0981,3.3199,3.4185,-2.7406
220.277,-4.1491,6.3214,3.0981,3.3006,3.4103,-2.7405
220.328,-4.1701,6.3223,3.0981,3.273,3.3986,-2.7404
220.378,-4.2015,6.3237,3.0981,3.255,3.391,-2.7404
220.428,-4.2225,6.3246,3.0981,3.2274,3.3793,-2.7402
220.478,-4.254,6.326,3.0981,3.2081,3.3711,-2.7402
220.528,-4.275,6.3269,3.0981,3.1791,3.3588,-2.7401
220.581,-4.296,6.3278,3.0981,3.1597,3.3506,-2.74
220.631,-4.3274,6.3292,3.0981,3.1349,3.34,-2.7399
220.681,-4.3484,6.3301,3.0981,3.1169,3.3324,-2.7398
220.731,-4.3799,6.3314,3.0981,3.0893,3.3206,-2.7397
220.781,-4.4009,6.3324,3.0981,3.0714,3.313,-2.7396
220.832,-4.4218,6.3333,3.0981,3.0438,3.3013,-2.7395
220.882,-4.4533,6.3346,3.0981,3.0148,3.2889,-2.7393
220.932,-4.4743,6.3356,3.0981,2.9955,3.2807,-2.7393
220.982,-4.5058,6.3369,3.0981,2.9761,3.2725,-2.7391
221.032,-4.5267,6.3378,3.0981,2.9513,3.2619,-2.739
221.083,-4.5477,6.3388,3.0981,2.9334,3.2543,-2.7389
221.133,-4.5792,6.3401,3.0981,2.9058,3.2425,-2.7388
221.183,-4.6002,6.341,3.0981,2.8782,3.2308,-2.7386
221.233,-4.6316,6.3424,3.0981,2.8588,3.2225,-2.7386
221.283,-4.6526,6.3433,3.0981,2.8409,3.2149,-2.7385
221.334,-4.6736,6.3442,3.0981,2.8119,3.2025,-2.7384
221.384,-4.7051,6.3456,3.0981,2.783,3.1902,-2.7383
221.434,-4.7261,6.3465,3.0981,2.7678,3.1837,-2.7382
221.484,-4.7575,6.3479,3.0981,2.7402,3.1719,-2.7381
221.534,-4.7785,6.3488,3.0981,2.7209,3.1637,-2.7381
221.585,-4.7995,6.3497,3.0981,2.6933,3.1519,-2.738
221.635,-4.831,6.3511,3.0981,2.6754,3.1442,-2.7379
221.685,-4.8519,6.352,3.0981,2.6478,3.1324,-2.7378
221.735,-4.8834,6.3534,3.0981,2.6285,3.1242,-2.7377
221.786,-4.9044,6.3543,3.0981,2.5995,3.1118,-2.7376
221.836,-4.9254,6.3552,3.0981,2.5802,3.1036,-2.7376
221.886,-4.9568,6.3566,3.0981,2.5554,3.0929,-2.7375
221.937,-4.9778,6.3575,3.0981,2.5374,3.0853,-2.7374
221.987,-5.0093,6.3589,3.0981,2.5098,3.0735,-2.7373
222.037,-5.0303,6.3598,3.0981,2.4919,3.0658,-2.7372
222.087,-5.0512,6.3607,3.0981,2.4643,3.054,-2.737
222.137,-5.0827,6.3621,3.0981,2.445,3.0457,-2.7369
222.188,-5.1037,6.363,3.0981,2.4161,3.0333,-2.7368
222.238,-5.1247,6.3639,3.0981,2.3968,3.025,-2.7367
222.288,-5.1561,6.3653,3.0981,2.372,3.0144,-2.7367
222.338,-5.1771,6.3662,3.0981,2.354,3.0067,-2.7366
222.389,-5.2086,6.3675,3.0981,2.3265,2.9949,-2.7365
222.439,-5.2296,6.3685,3.0981,2.3072,2.9866,-2.7364
222.489,-5.2506,6.3694,3.0981,2.2796,2.9748,-2.7363
222.539,-5.282,6.3707,3.0981,2.2617,2.9671,-2.7362
222.59,-5.303,6.3717,3.0981,2.2327,2.9547,-2.7361
222.64,-5.3345,6.373,3.0981,2.2134,2.9464,-2.736
222.69,-5.3555,6.3739,3.0981,2.1886,2.9358,-2.7359
222.74,-5.3764,6.3748,3.0981,2.1693,2.9275,-2.7358
222.791,-5.4079,6.3762,3.0981,2.1418,2.9156,-2.7357
222.841,-5.4289,6.3771,3.0981,2.1238,2.9079,-2.7356
222.891,-5.4604,6.3785,3.0981,2.0963,2.8961,-2.7355
222.941,-5.4813,6.3794,3.0981,2.0784,2.8884,-2.7354
222.992,-5.5023,6.3803,3.0981,2.0494,2.8759,-2.7353
223.042,-5.5338,6.3817,3.0981,2.0205,2.8635,-2.7352
223.092,-5.5548,6.3826,3.0981,2.0012,2.8552,-2.7351
223.142,-5.5862,6.384,3.0981,1.9861,2.8486,-2.7351
223.192,-5.6072,6.3849,3.0981,1.9585,2.8368,-2.735
223.243,-5.6282,6.3858,3.0981,1.9406,2.8291,-2.7349
223.293,-5.6597,6.3872,3.0981,1.913,2.8172,-2.7348
223.343,-5.6806,6.3881,3.0981,1.8855,2.8053,-2.7347
223.393,-5.7016,6.389,3.0981,1.8662,2.797,-2.7346
223.444,-5.7331,6.3904,3.0981,1.8373,2.7846,-2.7345
223.494,-5.7541,6.3913,3.0981,1.818,2.7762,-2.7344
223.545,-5.7855,6.3927,3.0981,1.7932,2.7655,-2.7343
223.595,-5.8065,6.3936,3.0981,1.7753,2.7578,-2.7343
223.645,-5.8275,6.3945,3.0981,1.7477,2.7459,-2.7342
223.695,-5.859,6.3959,3.0981,1.7285,2.7376,-2.7341
223.746,-5.88,6.3968,3.0981,1.7009,2.7257,-2.7339
223.796,-5.9114,6.3981,3.0981,1.683,2.718,-2.7339
223.846,-5.9324,6.3991,3.0981,1.6541,2.7055,-2.7338
223.896,-5.9534,6.4,3.0981,1.6348,2.6972,-2.7337
223.947,-5.9849,6.4013,3.0981,1.61,2.6865,-2.7336
223.997,-6.0058,6.4023,3.0981,1.5908,2.6781,-2.7335
224.047,-6.0373,6.4036,3.0981,1.5632,2.6662,-2.7334
224.097,-6.0583,6.4045,3.0981,1.5453,2.6585,-2.7333
224.147,-6.0793,6.4055,3.0981,1.5178,2.6466,-2.7332
224.198,-6.1107,6.4068,3.0981,1.4999,2.6388,-2.7331
224.248,-6.1317,6.4077,3.0981,1.471,2.6263,-2.733
224.298,-6.1632,6.4091,3.0981,1.4517,2.618,-2.7329
224.349,-6.1842,6.41,3.0981,1.4228,2.6054,-2.7328
224.399,-6.2051,6.4109,3.0981,1.4077,2.5989,-2.7327
224.449,-6.2366,6.4123,3.0981,1.3802,2.587,-2.7326
224.499,-6.2576,6.4132,3.0981,1.3623,2.5792,-2.7326
224.549,-6.2786,6.4141,3.0981,1.3347,2.5673,-2.7324
224.6,-6.31,6.4155,3.0981,1.3155,2.5589,-2.7324
224.65,-6.331,6.4164,3.0981,1.2879,2.547,-2.7322
224.7,-6.3625,6.4178,3.0981,1.2687,2.5386,-2.7322
224.75,-6.3835,6.4187,3.0981,1.2398,2.5261,-2.732
224.801,-6.4045,6.4196,3.0981,1.2246,2.5195,-2.732
224.851,-6.4359,6.421,3.0981,1.1971,2.5076,-2.7319
224.901,-6.4569,6.4219,3.0981,1.1779,2.4992,-2.7318
224.951,-6.4884,6.4233,3.0981,1.1504,2.4872,-2.7317
225.002,-6.5094,6.4242,3.0981,1.1325,2.4795,-2.7316
225.052,-6.5303,6.4251,3.0981,1.105,2.4675,-2.7315
225.102,-6.5618,6.4265,3.0981,1.0857,2.4591,-2.7314
225.152,-6.5828,6.4274,3.0981,1.0568,2.4466,-2.7313
225.203,-6.6143,6.4288,3.0981,1.0376,2.4382,-2.7312
225.253,-6.6352,6.4297,3.0981,1.0128,2.4274,-2.7311
225.303,-6.6562,6.4306,3.0981,0.9949,2.4196,-2.731
225.354,-6.6877,6.432,3.0981,0.9674,2.4077,-2.7309
225.404,-6.7087,6.4329,3.0981,0.9399,2.3957,-2.7308
225.454,-6.7401,6.4342,3.0981,0.922,2.3879,-2.7307
225.504,-6.7611,6.4352,3.0981,0.8932,2.3753,-2.7306
225.554,-6.7821,6.4361,3.0981,0.8739,2.3669,-2.7305
225.605,-6.8136,6.4374,3.0981,0.8547,2.3585,-2.7304
225.655,-6.8346,6.4384,3.0981,0.8299,2.3477,-2.7303
225.705,-6.866,6.4397,3.0981,0.8024,2.3357,-2.7301
225.756,-6.887,6.4406,3.0981,0.7845,2.3279,-2.73
225.806,-6.908,6.4416,3.0981,0.757,2.3159,-2.7299
225.856,-6.9395,6.4429,3.0981,0.7378,2.3075,-2.7298
225.906,-6.9604,6.4438,3.0981,0.7103,2.2955,-2.7297
225.956,-6.9919,6.4452,3.0981,0.6911,2.2871,-2.7297
226.006,-7.0129,6.4461,3.0981,0.6622,2.2745,-2.7295
226.057,-7.0339,6.447,3.0981,0.6471,2.2679,-2.7295
226.107,-7.0653,6.4484,3.0981,0.6196,2.2559,-2.7294
226.157,-7.0863,6.4493,3.0981,0.6003,2.2475,-2.7293
226.207,-7.1073,6.4502,3.0981,0.5729,2.2354,-2.7292
226.258,-7.1388,6.4516,3.0981,0.555,2.2276,-2.7291
226.308,-7.1597,6.4525,3.0981,0.5275,2.2156,-2.729
226.358,-7.1892,6.4536,3.0983,0.5132,2.2093,-2.7288
226.408,-7.2001,6.454,3.1039,0.5028,2.2047,-2.7168
226.458,-7.2069,6.4542,3.1239,0.4968,2.2019,-2.6946
226.509,-7.2162,6.4542,3.158,0.4893,2.1982,-2.6651
226.559,-7.2222,6.4541,3.1814,0.4842,2.1955,-2.6433
226.609,-7.2309,6.4536,3.2173,0.4763,2.1911,-2.6089
226.659,-7.2367,6.4531,3.2418,0.4713,2.1881,-2.5861
226.71,-7.2423,6.4525,3.2664,0.4637,2.1832,-2.5507
226.76,-7.2506,6.4513,3.3039,0.4585,2.1797,-2.5256
226.81,-7.2561,6.4503,3.3291,0.4508,2.1741,-2.4877
226.86,-7.2642,6.4486,3.3669,0.4459,2.1702,-2.4624
226.91,-7.2696,6.4473,3.3921,0.4397,2.1651,-2.43
226.961,-7.275,6.4459,3.4173,0.4353,2.1613,-2.4065
227.011,-7.2829,6.4435,3.4552,0.4287,2.1551,-2.3703
227.062,-7.2882,6.4417,3.4807,0.4242,2.1507,-2.3448
227.112,-7.2962,6.4387,3.5194,0.418,2.1442,-2.3077
227.162,-7.3015,6.4365,3.5458,0.4141,2.1398,-2.2832
227.212,-7.3069,6.4341,3.5727,0.408,2.1326,-2.2427
227.263,-7.3151,6.4302,3.6141,0.4041,2.1276,-2.2149
227.313,-7.3207,6.4273,3.6425,0.3994,2.1211,-2.1782
227.363,-7.3262,6.4242,3.6714,0.3958,2.1159,-2.1492
227.413,-7.3343,6.4193,3.7151,0.391,2.1083,-2.1075
227.464,-7.3395,6.4158,3.7441,0.3881,2.1032,-2.0804
227.514,-7.3477,6.4099,3.7875,0.3835,2.0947,-2.0391
227.565,-7.3535,6.4055,3.8162,0.3805,2.0888,-2.0123
227.615,-7.3626,6.398,3.8584,0.3756,2.0781,-1.9699
227.665,-7.3688,6.3924,3.8863,0.3708,2.0662,-1.9281
227.715,-7.3753,6.3864,3.9136,0.3677,2.0576,-1.9009
227.766,-7.385,6.3766,3.9534,0.3654,2.0507,-1.88
227.816,-7.3916,6.3697,3.979,0.3612,2.037,-1.8431
227.866,-7.3982,6.3622,4.0042,0.3572,2.0222,-1.8069
227.916,-7.4082,6.3501,4.042,0.3549,2.0121,-1.7834
227.967,-7.4149,6.3416,4.0672,0.3516,1.9957,-1.7473
228.017,-7.425,6.3276,4.105,0.3495,1.9837,-1.7221
228.067,-7.4318,6.3177,4.1302,0.3469,1.9649,-1.6842
228.118,-7.4385,6.3072,4.1554,0.3455,1.9517,-1.6589
228.168,-7.4486,6.2905,-2.09,0.3442,1.9342,-1.6264
228.218,-7.4551,6.2787,-2.0651,0.3436,1.9211,-1.6033
228.268,-7.465,6.2599,-2.0295,0.3431,1.9001,-1.5693
228.318,-7.4715,6.2467,-2.0074,0.3433,1.8849,-1.5471
228.369,-7.478,6.2329,-1.9872,0.3441,1.8624,-1.5186
228.419,-7.4877,6.2113,-1.9591,0.3449,1.8474,-1.5011
228.469,-7.494,6.1963,-1.9417,0.3469,1.8227,-1.475
228.52,-7.5031,6.1728,-1.9169,0.3486,1.8059,-1.4585
228.57,-7.5089,6.1566,-1.9012,0.3513,1.784,-1.4379
228.62,-7.5145,6.1399,-1.8863,0.3537,1.7665,-1.423
228.67,-7.5226,6.1142,-1.8658,0.3577,1.7413,-1.4034
228.721,-7.5278,6.0968,-1.8535,0.3606,1.7247,-1.3917
228.771,-7.5353,6.0701,-1.837,0.3654,1.6987,-1.3759
228.821,-7.5401,6.052,-1.8271,0.3689,1.6817,-1.3663
228.871,-7.5449,6.0336,-1.818,0.3748,1.6539,-1.3527
228.921,-7.5517,6.0057,-1.8056,0.379,1.6353,-1.3444
228.972,-7.5561,5.9869,-1.7981,0.3856,1.6071,-1.3331
229.022,-7.5605,5.968,-1.7913,0.3893,1.5923,-1.3277
229.072,-7.5668,5.9393,-1.7821,0.3961,1.5651,-1.319
229.122,-7.5708,5.9201,-1.777,0.4032,1.5379,-1.3119
229.173,-7.5768,5.8911,-1.7705,0.408,1.52,-1.3078
229.223,-7.5807,5.8716,-1.7665,0.4154,1.4925,-1.3021
229.273,-7.5845,5.8521,-1.7628,0.4208,1.4732,-1.2984
229.323,-7.5902,5.8226,-1.7576,0.429,1.4442,-1.2932
229.373,-7.5939,5.8029,-1.7545,0.4345,1.4248,-1.2901
229.423,-7.5993,5.7731,-1.7502,0.4418,1.3997,-1.2864
229.474,-7.6029,5.7532,-1.7476,0.4471,1.3816,-1.2839
229.524,-7.6065,5.7332,-1.7452,0.4554,1.3537,-1.2805
229.574,-7.6118,5.703,-1.742,0.4613,1.3342,-1.2783
229.624,-7.6152,5.6828,-1.7399,0.4697,1.3062,-1.2752
229.674,-7.6204,5.6524,-1.737,0.4753,1.288,-1.2734
229.725,-7.6238,5.6321,-1.7352,0.4844,1.2585,-1.2707
229.775,-7.6271,5.6117,-1.7336,0.4905,1.2389,-1.269
229.825,-7.6321,5.5812,-1.7312,0.4984,1.2136,-1.2669
229.875,-7.6354,5.5608,-1.7297,0.5046,1.1939,-1.2652
229.926,-7.6403,5.5302,-1.7276,0.5135,1.1657,-1.2631
229.976,-7.6435,5.5097,-1.7263,0.5193,1.1474,-1.2619
230.026,-7.6467,5.4892,-1.7251,0.5283,1.1192,-1.2602
230.076,-7.6515,5.4584,-1.7235,0.5342,1.1008,-1.2591
230.126,-7.6546,5.4379,-1.7226,0.5438,1.0712,-1.2576
230.177,-7.6578,5.4173,-1.7217,0.5502,1.0514,-1.2567
230.227,-7.6624,5.3865,-1.7207,0.5599,1.0217,-1.2555
230.277,-7.6655,5.3659,-1.72,0.565,1.0061,-1.255
230.327,-7.6702,5.335,-1.7192,0.5743,0.9778,-1.2541
230.378,-7.6732,5.3144,-1.7186,0.5803,0.9594,-1.2535
230.429,-7.6763,5.2938,-1.7182,0.5896,0.9311,-1.2527
230.479,-7.6809,5.2628,-1.7175,0.5961,0.9112,-1.2522
230.53,-7.684,5.2421,-1.717,0.6055,0.8829,-1.2515
230.58,-7.687,5.2215,-1.7167,0.6121,0.8631,-1.2511
230.63,-7.6915,5.1905,-1.7161,0.6219,0.8333,-1.2504
230.681,-7.6946,5.1698,-1.7158,0.6271,0.8177,-1.2502
230.731,-7.6991,5.1387,-1.7154,0.6365,0.7893,-1.2496
230.781,-7.7021,5.118,-1.7151,0.6431,0.7695,-1.2493
230.832,-7.7051,5.0973,-1.7149,0.6526,0.7411,-1.2488
230.882,-7.7096,5.0662,-1.7145,0.6588,0.7227,-1.2485
230.932,-7.7126,5.0454,-1.7143,0.6682,0.6943,-1.248
230.982,-7.7171,5.0143,-1.714,0.6749,0.6744,-1.2477
231.033,-7.7201,4.9936,-1.7138,0.6849,0.6446,-1.2473
231.083,-7.7231,4.9728,-1.7136,0.6915,0.6247,-1.247
231.133,-7.7276,4.9417,-1.7133,0.7001,0.5992,-1.2467
231.184,-7.7305,4.921,-1.7131,0.7063,0.5807,-1.2465
231.234,-7.735,4.8898,-1.7129,0.7159,0.5523,-1.2462
231.284,-7.738,4.8691,-1.7128,0.7221,0.5339,-1.246
231.334,-7.7409,4.8483,-1.7127,0.7316,0.5055,-1.2458
231.384,-7.7454,4.8172,-1.7125,0.7383,0.4856,-1.2456
231.435,-7.7483,4.7964,-1.7125,0.7484,0.4558,-1.2453
231.485,-7.7528,4.7653,-1.7123,0.7542,0.4388,-1.2452
231.535,-7.7557,4.7445,-1.7123,0.7638,0.4104,-1.2449
231.585,-7.7587,4.7237,-1.7122,0.77,0.3919,-1.2448
231.635,-7.7631,4.6926,-1.7121,0.7796,0.3635,-1.2446
231.686,-7.7661,4.6718,-1.712,0.7892,0.3351,-1.2444
231.736,-7.7705,4.6406,-1.712,0.7959,0.3152,-1.2443
231.786,-7.7735,4.6198,-1.7119,0.8022,0.2968,-1.2442
231.836,-7.7764,4.5991,-1.7119,0.8123,0.267,-1.244
231.886,-7.7808,4.5679,-1.7118,0.8181,0.2499,-1.2439
231.937,-7.7838,4.5471,-1.7118,0.8277,0.2215,-1.2438
231.987,-7.7882,4.5159,-1.7117,0.8373,0.1931,-1.2436
232.037,-7.7912,4.4952,-1.7117,0.8441,0.1733,-1.2435
232.087,-7.7941,4.4744,-1.7117,0.8537,0.1449,-1.2433
232.138,-7.7985,4.4432,-1.7116,0.86,0.1264,-1.2432
232.188,-7.8015,4.4224,-1.7116,0.8696,0.098,-1.2431
232.238,-7.8044,4.4016,-1.7116,0.8764,0.0781,-1.243
232.288,-7.8088,4.3704,-1.7115,0.8832,0.0583,-1.2429
232.338,-7.8118,4.3497,-1.7115,0.8933,0.0284,-1.2427
232.389,-7.8147,4.3289,-1.7115,0.8986,0.0128,-1.2426
232.439,-7.8191,4.2977,-1.7115,0.9083,-0.0156,-1.2425
232.489,-7.8221,4.2769,-1.7114,0.9146,-0.034,-1.2424
232.539,-7.8265,4.2457,-1.7114,0.9243,-0.0624,-1.2422
232.59,-7.8294,4.2249,-1.7114,0.931,-0.0823,-1.2422
232.64,-7.8324,4.2041,-1.7114,0.9407,-0.1107,-1.242
232.69,-7.8368,4.1729,-1.7114,0.9475,-0.1305,-1.2419
232.74,-7.8397,4.1522,-1.7114,0.9577,-0.1603,-1.2418
232.79,-7.8442,4.121,-1.7114,0.963,-0.176,-1.2417
232.841,-7.8471,4.1002,-1.7113,0.9727,-0.2044,-1.2416
232.891,-7.85,4.0794,-1.7113,0.9795,-0.2242,-1.2415
232.941,-7.8544,4.0482,-1.7113,0.9892,-0.2526,-1.2414
232.991,-7.8574,4.0274,-1.7113,0.9955,-0.2711,-1.2413
233.042,-7.8603,4.0066,-1.7113,1.0052,-0.2994,-1.2412
233.092,-7.8647,3.9754,-1.7113,1.0154,-0.3292,-1.2411
233.142,-7.8677,3.9546,-1.7113,1.0222,-0.3491,-1.241
233.192,-7.8721,3.9235,-1.7113,1.0309,-0.3747,-1.2409
233.243,-7.875,3.9027,-1.7113,1.0377,-0.3945,-1.2408
233.293,-7.878,3.8819,-1.7113,1.0475,-0.4229,-1.2406
233.343,-7.8824,3.8507,-1.7113,1.0538,-0.4413,-1.2406
233.393,-7.8853,3.8299,-1.7113,1.0635,-0.4697,-1.2405
233.443,-7.8883,3.8091,-1.7113,1.0698,-0.4882,-1.2404
233.494,-7.8927,3.7779,-1.7113,1.0767,-0.508,-1.2403
233.544,-7.8956,3.7571,-1.7113,1.0869,-0.5378,-1.2401
233.594,-7.9,3.7259,-1.7113,1.0937,-0.5577,-1.2401
233.645,-7.903,3.7051,-1.7113,1.1025,-0.5832,-1.24
233.696,-7.9059,3.6843,-1.7112,1.1088,-0.6017,-1.2399
233.746,-7.9103,3.6532,-1.7112,1.1185,-0.63,-1.2398
233.797,-7.9133,3.6324,-1.7112,1.1283,-0.6584,-1.2397
233.847,-7.9177,3.6012,-1.7112,1.1351,-0.6783,-1.2397
233.897,-7.9206,3.5804,-1.7112,1.1415,-0.6967,-1.2396
233.948,-7.9235,3.5596,-1.7112,1.1517,-0.7265,-1.2394
233.998,-7.9279,3.5284,-1.7112,1.162,-0.7563,-1.2393
234.048,-7.9309,3.5076,-1.7112,1.1673,-0.7719,-1.2393
234.099,-7.9353,3.4764,-1.7112,1.1771,-0.8002,-1.2391
234.149,-7.9382,3.4556,-1.7112,1.1839,-0.8201,-1.239
234.199,-7.9412,3.4348,-1.7112,1.1903,-0.8385,-1.239
234.249,-7.9456,3.4036,-1.7112,1.2001,-0.8669,-1.2388
234.3,-7.9485,3.3828,-1.7112,1.2064,-0.8853,-1.2387
234.35,-7.9529,3.3517,-1.7112,1.2167,-0.9151,-1.2386
234.4,-7.9559,3.3309,-1.7112,1.227,-0.9449,-1.2384
234.451,-7.9588,3.3101,-1.7112,1.2338,-0.9647,-1.2383
234.501,-7.9632,3.2789,-1.7112,1.2426,-0.9903,-1.2382
234.551,-7.9662,3.2581,-1.7112,1.249,-1.0087,-1.2381
234.601,-7.9706,3.2269,-1.7112,1.2588,-1.037,-1.238
234.651,-7.9735,3.2061,-1.7112,1.2652,-1.0555,-1.2379
234.701,-7.9764,3.1853,-1.7112,1.275,-1.0838,-1.2378
234.752,-7.9809,3.1541,-1.7112,1.2818,-1.1037,-1.2377
234.802,-7.9838,3.1333,-1.7112,1.2921,-1.1334,-1.2376
234.852,-7.9882,3.1021,-1.7112,1.299,-1.1533,-1.2375
234.902,-7.9911,3.0813,-1.7112,1.3078,-1.1788,-1.2374
234.953,-7.9941,3.0606,-1.7112,1.3142,-1.1972,-1.2373
235.003,-7.9985,3.0294,-1.7112,1.3241,-1.2256,-1.2372
235.053,-8.0014,3.0086,-1.7112,1.3309,-1.2454,-1.2371
235.103,-8.0044,2.9878,-1.7112,1.3408,-1.2738,-1.2369
235.153,-8.0088,2.9566,-1.7112,1.3471,-1.2922,-1.2369
235.204,-8.0117,2.9358,-1.7112,1.3575,-1.3219,-1.2367
235.254,-8.0161,2.9046,-1.7112,1.3644,-1.3418,-1.2367
235.304,-8.0191,2.8838,-1.7112,1.3732,-1.3673,-1.2366
235.354,-8.022,2.863,-1.7112,1.3831,-1.3956,-1.2365
235.404,-8.0264,2.8318,-1.7112,1.3899,-1.4155,-1.2364
235.455,-8.0294,2.811,-1.7112,1.3963,-1.4339,-1.2363
235.505,-8.0338,2.7798,-1.7112,1.4062,-1.4622,-1.2362
235.555,-8.0367,2.7591,-1.7112,1.4126,-1.4806,-1.2361
235.605,-8.0396,2.7383,-1.7112,1.4229,-1.5104,-1.2361
235.655,-8.044,2.7071,-1.7112,1.4333,-1.5401,-1.2359
235.705,-8.047,2.6863,-1.7112,1.4402,-1.56,-1.2359
235.756,-8.0514,2.6551,-1.7112,1.4456,-1.5756,-1.2358
235.806,-8.0543,2.6343,-1.7112,1.4555,-1.6039,-1.2357
235.856,-8.0573,2.6135,-1.7112,1.4654,-1.6322,-1.2356
235.906,-8.0617,2.5823,-1.7112,1.4718,-1.6506,-1.2355
235.956,-8.0646,2.5615,-1.7112,1.4816,-1.679,-1.2354
236.007,-8.069,2.5303,-1.7112,1.4886,-1.6988,-1.2353
236.057,-8.072,2.5095,-1.7112,1.4989,-1.7285,-1.2352
236.107,-8.0749,2.4887,-1.7112,1.5058,-1.7484,-1.2351
236.157,-8.0793,2.4575,-1.7112,1.5147,-1.7738,-1.235
236.208,-8.0823,2.4368,-1.7112,1.5212,-1.7923,-1.2349
236.258,-8.0852,2.416,-1.7112,1.5311,-1.8206,-1.2348
236.308,-8.0896,2.3848,-1.7112,1.538,-1.8404,-1.2347
236.358,-8.0925,2.364,-1.7112,1.5479,-1.8687,-1.2346
