t,truth_x,truth_y,truth_yaw,est_x,est_y,est_yaw
0.0,-8.25,1.25,0.0,-0.0,0.0,-0.0
0.051,-8.2498,1.25,0.0,0.0002,-0.0,-0.0
0.101,-8.2477,1.25,-0.0,0.0023,-0.0,-0.0
0.151,-8.2407,1.25,-0.0,0.0093,-0.0,-0.0
0.202,-8.2334,1.25,-0.0,0.0166,-0.0,0.0
0.252,-8.2239,1.25,-0.0,0.0261,0.0,0.0
0.302,-8.2082,1.25,-0.0,0.0418,0.0,0.0
0.352,-8.1977,1.25,-0.0,0.0523,0.0,0.0
0.403,-8.1819,1.25,-0.0,0.0681,0.0,0.0
0.453,-8.1714,1.25,-0.0,0.0786,0.0,0.0
0.504,-8.1609,1.25,-0.0,0.0891,0.0,0.0
0.554,-8.1452,1.25,-0.0,0.1048,0.0,0.0
0.605,-8.1347,1.25,-0.0,0.1153,0.0,0.0
0.655,-8.1189,1.25,-0.0,0.1311,0.0,0.0
0.705,-8.1084,1.25,-0.0,0.1416,0.0,0.0
0.755,-8.0979,1.25,-0.0,0.1521,0.0,0.0
0.806,-8.0822,1.25,-0.0,0.1678,0.0,0.0
0.856,-8.0717,1.25,-0.0,0.1783,0.0,0.0
0.906,-8.0559,1.25,-0.0,0.1941,0.0,0.0
0.957,-8.0454,1.25,-0.0,0.2046,0.0,0.0
1.007,-8.0349,1.25,-0.0,0.2151,0.0,0.0
1.057,-8.0192,1.25,-0.0,0.2308,0.0,0.0
1.108,-8.0087,1.25,-0.0,0.2413,0.0,0.0
1.158,-7.9929,1.25,-0.0,0.2571,0.0,0.0
1.208,-7.9824,1.25,0.0,0.2676,0.0,0.0
1.259,-7.9719,1.25,0.0,0.2781,0.0,0.0
1.309,-7.9562,1.25,0.0,0.2938,0.0,0.0
1.359,-7.9457,1.25,0.0,0.3043,0.0,0.0
1.41,-7.9299,1.25,0.0,0.3148,0.0,0.0
1.46,-7.9194,1.25,0.0,0.3306,0.0,0.0
1.51,-7.9089,1.25,0.0,0.3411,0.0,0.0
1.561,-7.8932,1.25,0.0,0.3568,0.0,0.0
1.611,-7.8827,1.25,0.0,0.3673,0.0,0.0
1.661,-7.8669,1.25,0.0,0.3831,0.0,0.0
1.711,-7.8564,1.25,0.0,0.3936,0.0,0.0
1.762,-7.8459,1.25,0.0,0.4041,0.0,0.0
1.813,-7.8302,1.25,0.0,0.4198,0.0,0.0
1.864,-7.8197,1.25,0.0,0.4303,0.0,0.0
1.914,-7.8092,1.25,0.0,0.4408,0.0,0.0
1.964,-7.7934,1.25,0.0,0.4566,0.0,-0.0
2.015,-7.7829,1.25,0.0,0.4671,0.0,-0.0
2.065,-7.7672,1.25,0.0,0.4828,0.0,-0.0
2.115,-7.7567,1.25,0.0,0.4933,0.0,-0.0
2.166,-7.7462,1.25,0.0,0.5038,0.0,-0.0
2.216,-7.7304,1.25,0.0,0.5196,0.0,-0.0
2.266,-7.7199,1.25,0.0,0.5301,0.0,-0.0
2.317,-7.7042,1.25,0.0,0.5458,0.0,-0.0
2.368,-7.6937,1.25,0.0,0.5563,0.0,-0.0
2.418,-7.6779,1.25,0.0,0.5721,0.0,-0.0
2.469,-7.6674,1.25,0.0,0.5826,0.0,-0.0
2.519,-7.6569,1.25,0.0,0.5931,0.0,-0.0
2.569,-7.6412,1.25,0.0,0.6088,0.0,-0.0
2.62,-7.6307,1.25,0.0,0.6193,0.0,-0.0
2.67,-7.6202,1.25,-0.0,0.6298,0.0,-0.0
2.72,-7.6044,1.25,-0.0,0.6456,0.0,-0.0
2.77,-7.5939,1.25,-0.0,0.6561,0.0,-0.0
2.821,-7.5782,1.25,-0.0,0.6718,0.0,-0.0
2.871,-7.5677,1.25,-0.0,0.6823,0.0,-0.0
2.921,-7.5572,1.25,-0.0,0.6928,0.0,-0.0
2.972,-7.5414,1.25,-0.0,0.7086,0.0,-0.0
3.022,-7.5309,1.25,-0.0,0.7191,0.0,-0.0
3.073,-7.5204,1.25,-0.0,0.7296,0.0,-0.0
3.123,-7.5047,1.25,-0.0,0.7453,-0.0,-0.0
3.173,-7.4942,1.25,-0.0,0.7558,-0.0,-0.0
3.223,-7.4784,1.25,-0.0,0.7716,-0.0,-0.0
3.274,-7.4679,1.25,-0.0,0.7821,-0.0,-0.0
3.324,-7.4574,1.25,0.0,0.7926,-0.0,-0.0
3.374,-7.4417,1.25,0.0,0.8083,-0.0,-0.0
3.425,-7.4312,1.25,0.0,0.8188,-0.0,-0.0
3.475,-7.4154,1.25,0.0,0.8346,-0.0,-0.0
3.525,-7.4049,1.25,0.0,0.8451,-0.0,-0.0
3.576,-7.3944,1.25,0.0,0.8556,-0.0,-0.0
3.626,-7.3787,1.25,0.0,0.8713,-0.0,-0.0
3.676,-7.3682,1.25,0.0,0.8818,-0.0,-0.0
3.726,-7.3524,1.25,0.0,0.8976,-0.0,-0.0
3.777,-7.3419,1.25,0.0,0.9081,-0.0,-0.0
3.827,-7.3314,1.25,0.0,0.9186,-0.0,-0.0
3.877,-7.3157,1.25,0.0,0.9343,-0.0,-0.0
3.928,-7.3052,1.25,0.0,0.9448,-0.0,-0.0
3.978,-7.2894,1.25,0.0,0.9606,-0.0,-0.0
4.028,-7.2789,1.25,0.0,0.9711,-0.0,-0.0
4.078,-7.2684,1.25,0.0,0.9816,-0.0,-0.0
4.129,-7.2527,1.25,0.0,0.9973,-0.0,-0.0
4.179,-7.2422,1.25,0.0,1.0078,-0.0,-0.0
4.229,-7.2264,1.25,0.0,1.0236,-0.0,-0.0
4.28,-7.2159,1.25,0.0,1.0341,-0.0,-0.0
4.33,-7.2054,1.25,0.0,1.0446,-0.0,-0.0
4.38,-7.1897,1.25,0.0,1.0603,-0.0,-0.0
4.43,-7.1792,1.25,0.0,1.0708,-0.0,-0.0
4.481,-7.1634,1.25,0.0,1.0866,-0.0,-0.0
4.531,-7.1529,1.25,0.0,1.0971,-0.0,-0.0
4.581,-7.1424,1.25,0.0,1.1076,-0.0,-0.0
4.632,-7.1267,1.25,0.0,1.1233,-0.0,-0.0
4.682,-7.1162,1.25,0.0,1.1338,-0.0,-0.0
4.732,-7.1004,1.25,0.0,1.1496,-0.0,-0.0
4.783,-7.0899,1.25,0.0,1.1601,-0.0,-0.0
4.833,-7.0794,1.25,0.0,1.1706,-0.0,-0.0
4.883,-7.0637,1.25,0.0,1.1863,-0.0,-0.0
4.934,-7.0532,1.25,0.0,1.1968,-0.0,-0.0
4.984,-7.0374,1.25,0.0,1.2126,-0.0,-0.0
5.034,-7.0269,1.25,0.0,1.2231,-0.0,-0.0
5.085,-7.0164,1.25,0.0,1.2336,-0.0,-0.0
5.135,-7.0007,1.25,0.0,1.2493,-0.0,-0.0
5.185,-6.9902,1.25,0.0,1.2598,-0.0,-0.0
5.236,-6.9797,1.25,0.0,1.2703,-0.0,-0.0
5.286,-6.9639,1.25,0.0,1.2861,-0.0,-0.0
5.336,-6.9534,1.25,0.0,1.2966,-0.0,-0.0
5.387,-6.9377,1.25,0.0,1.3123,-0.0,-0.0
5.437,-6.9272,1.25,0.0,1.3228,-0.0,-0.0
5.487,-6.9167,1.25,0.0,1.3333,-0.0,-0.0
5.538,-6.9009,1.25,0.0,1.3491,-0.0,-0.0
5.588,-6.8904,1.25,0.0,1.3596,-0.0,-0.0
5.638,-6.8747,1.25,0.0,1.3753,-0.0,-0.0
5.689,-6.8642,1.25,0.0,1.3858,-0.0,-0.0
5.739,-6.8537,1.25,0.0,1.3963,-0.0,-0.0
5.789,-6.8379,1.25,0.0,1.4121,-0.0,-0.0
5.84,-6.8274,1.25,0.0,1.4226,-0.0,-0.0
5.891,-6.8117,1.25,0.0,1.4383,-0.0,-0.0
5.941,-6.8012,1.25,0.0,1.4488,-0.0,-0.0
5.991,-6.7907,1.25,0.0,1.4593,-0.0,-0.0
6.041,-6.7749,1.25,0.0,1.4751,-0.0,-0.0
6.092,-6.7644,1.25,0.0,1.4856,-0.0,-0.0
6.142,-6.7487,1.25,0.0,1.5013,-0.0,-0.0
6.192,-6.7382,1.25,0.0,1.5118,-0.0,-0.0
6.243,-6.7277,1.25,0.0,1.5223,-0.0,-0.0
6.293,-6.7119,1.25,0.0,1.5381,-0.0,-0.0
6.343,-6.7014,1.25,0.0,1.5486,-0.0,-0.0
6.394,-6.6857,1.25,0.0,1.5643,-0.0,-0.0
6.444,-6.6752,1.25,0.0,1.5748,-0.0,-0.0
6.494,-6.6647,1.25,0.0,1.5853,-0.0,-0.0
6.545,-6.6489,1.25,0.0,1.6011,-0.0,-0.0
6.595,-6.6384,1.25,0.0,1.6116,-0.0,-0.0
6.645,-6.6227,1.25,0.0,1.6273,-0.0,-0.0
6.696,-6.6122,1.25,0.0,1.6378,-0.0,-0.0
6.746,-6.6017,1.25,0.0,1.6483,-0.0,-0.0
6.796,-6.5859,1.25,0.0,1.6641,-0.0,-0.0
6.847,-6.5754,1.25,0.0,1.6746,-0.0,-0.0
6.897,-6.5597,1.25,0.0,1.6903,-0.0,-0.0
6.947,-6.5492,1.25,0.0,1.7008,-0.0,-0.0
6.997,-6.5387,1.25,0.0,1.7113,-0.0,-0.0
7.048,-6.5229,1.25,0.0,1.7271,-0.0,-0.0
7.098,-6.5124,1.25,0.0,1.7376,-0.0,-0.0
7.148,-6.4967,1.25,0.0,1.7533,-0.0,-0.0
7.199,-6.4862,1.25,0.0,1.7638,-0.0,-0.0
7.249,-6.4757,1.25,0.0,1.7743,-0.0,-0.0
7.299,-6.4599,1.25,0.0,1.7901,-0.0,-0.0
7.35,-6.4494,1.25,0.0,1.8006,-0.0,-0.0
7.4,-6.4337,1.25,0.0,1.8163,-0.0,-0.0
7.45,-6.4232,1.25,0.0,1.8268,-0.0,-0.0
7.501,-6.4127,1.25,0.0,1.8373,-0.0,-0.0
7.551,-6.3969,1.25,0.0,1.8531,-0.0,-0.0
7.601,-6.3864,1.25,0.0,1.8636,-0.0,-0.0
7.651,-6.3707,1.25,0.0,1.8793,-0.0,-0.0
7.702,-6.3602,1.25,0.0,1.8898,-0.0,-0.0
7.752,-6.3497,1.25,0.0,1.9003,-0.0,-0.0
7.802,-6.3339,1.25,0.0,1.9161,-0.0,-0.0
7.853,-6.3234,1.25,0.0,1.9266,-0.0,-0.0
7.903,-6.3077,1.25,0.0,1.9423,-0.0,-0.0
7.953,-6.2972,1.25,0.0,1.9528,-0.0,-0.0
8.004,-6.2867,1.25,0.0,1.9633,-0.0,-0.0
8.054,-6.2709,1.25,0.0,1.9791,-0.0,-0.0
8.104,-6.2604,1.25,0.0,1.9896,-0.0,-0.0
8.155,-6.2447,1.25,0.0,2.0053,-0.0,-0.0
8.205,-6.2342,1.25,0.0,2.0158,-0.0,-0.0
8.255,-6.2237,1.25,0.0,2.0263,-0.0,-0.0
8.306,-6.2079,1.25,0.0,2.0421,-0.0,-0.0
8.356,-6.1974,1.25,0.0,2.0526,-0.0,-0.0
8.406,-6.1869,1.25,0.0,2.0631,-0.0,-0.0
8.457,-6.1712,1.25,0.0,2.0788,-0.0,-0.0
8.507,-6.1607,1.25,0.0,2.0893,-0.0,-0.0
8.557,-6.1449,1.25,0.0,2.1051,-0.0,-0.0
8.608,-6.1344,1.25,0.0,2.1156,-0.0,-0.0
8.658,-6.1239,1.25,0.0,2.1261,-0.0,-0.0
8.708,-6.1082,1.25,0.0,2.1418,-0.0,-0.0
8.759,-6.0977,1.25,0.0,2.1523,-0.0,-0.0
8.809,-6.0819,1.25,0.0,2.1681,-0.0,-0.0
8.86,-6.0714,1.25,0.0,2.1786,-0.0,-0.0
8.91,-6.0609,1.25,0.0,2.1891,-0.0,-0.0
8.96,-6.0452,1.25,0.0,2.2048,-0.0,-0.0
9.011,-6.0347,1.25,0.0,2.2153,-0.0,-0.0
9.061,-6.0189,1.25,0.0,2.2311,-0.0,-0.0
9.111,-6.0084,1.25,0.0,2.2416,-0.0,-0.0
9.163,-5.9979,1.25,0.0,2.2521,-0.0,-0.0
9.213,-5.9822,1.25,0.0,2.2678,-0.0,-0.0
9.264,-5.9717,1.25,0.0,2.2783,-0.0,-0.0
9.314,-5.9559,1.25,0.0,2.2941,-0.0,-0.0
9.364,-5.9454,1.25,0.0,2.3046,-0.0,-0.0
9.415,-5.9349,1.25,0.0,2.3151,-0.0,-0.0
9.465,-5.9192,1.25,0.0,2.3308,-0.0,-0.0
9.515,-5.9087,1.25,0.0,2.3413,-0.0,-0.0
9.566,-5.8929,1.25,0.0,2.3571,-0.0,-0.0
9.616,-5.8824,1.25,0.0,2.3676,-0.0,-0.0
9.666,-5.8719,1.25,0.0,2.3781,-0.0,-0.0
9.717,-5.8562,1.25,0.0,2.3938,-0.0,-0.0
9.767,-5.8457,1.25,0.0,2.4043,-0.0,-0.0
9.818,-5.8299,1.25,0.0,2.4201,-0.0,-0.0
9.868,-5.8194,1.25,0.0,2.4306,-0.0,-0.0
9.918,-5.8089,1.25,0.0,2.4411,-0.0,-0.0
9.969,-5.7932,1.25,0.0,2.4568,-0.0,-0.0
10.019,-5.7827,1.25,0.0,2.4673,-0.0,-0.0
10.069,-5.7669,1.25,0.0,2.4831,-0.0,-0.0
10.12,-5.7564,1.25,0.0,2.4936,-0.0,-0.0
10.17,-5.7459,1.25,0.0,2.5041,-0.0,-0.0
10.22,-5.7302,1.25,0.0,2.5198,-0.0,-0.0
10.271,-5.7197,1.25,0.0,2.5303,-0.0,-0.0
10.321,-5.7039,1.25,0.0,2.5461,-0.0,-0.0
10.371,-5.6934,1.25,0.0,2.5566,-0.0,-0.0
10.421,-5.6829,1.25,0.0,2.5671,-0.0,-0.0
10.472,-5.6672,1.25,0.0,2.5828,-0.0,-0.0
10.522,-5.6567,1.25,0.0,2.5933,-0.0,-0.0
10.573,-5.6409,1.25,0.0,2.6091,-0.0,-0.0
10.623,-5.6304,1.25,0.0,2.6196,-0.0,-0.0
10.673,-5.6199,1.25,0.0,2.6301,-0.0,-0.0
10.723,-5.6042,1.25,0.0,2.6458,-0.0,-0.0
10.774,-5.5937,1.25,0.0,2.6563,-0.0,-0.0
10.824,-5.5779,1.25,0.0,2.6721,-0.0,-0.0
10.874,-5.5674,1.25,0.0,2.6826,-0.0,-0.0
10.925,-5.5569,1.25,0.0,2.6931,-0.0,-0.0
10.975,-5.5412,1.25,0.0,2.7088,-0.0,-0.0
11.025,-5.5307,1.25,0.0,2.7193,-0.0,-0.0
11.076,-5.5149,1.25,0.0,2.7351,-0.0,-0.0
11.126,-5.5044,1.25,0.0,2.7456,-0.0,-0.0
11.176,-5.4939,1.25,0.0,2.7561,-0.0,-0.0
11.227,-5.4782,1.25,0.0,2.7718,-0.0,-0.0
11.277,-5.4677,1.25,0.0,2.7823,-0.0,-0.0
11.327,-5.4519,1.25,0.0,2.7981,-0.0,-0.0
11.378,-5.4414,1.25,0.0,2.8086,-0.0,-0.0
11.428,-5.4309,1.25,0.0,2.8191,-0.0,-0.0
11.478,-5.4152,1.25,0.0,2.8348,-0.0,-0.0
11.529,-5.4047,1.25,0.0,2.8453,-0.0,-0.0
11.579,-5.3889,1.25,0.0,2.8611,-0.0,-0.0
11.629,-5.3784,1.25,0.0,2.8716,-0.0,-0.0
11.68,-5.3679,1.25,0.0,2.8821,-0.0,-0.0
11.73,-5.3522,1.25,0.0,2.8978,-0.0,-0.0
11.78,-5.3417,1.25,0.0,2.9083,-0.0,-0.0
11.831,-5.3259,1.25,0.0,2.9241,-0.0,-0.0
11.881,-5.3154,1.25,0.0,2.9346,-0.0,-0.0
11.931,-5.3049,1.25,0.0,2.9451,-0.0,-0.0
11.982,-5.2892,1.25,0.0,2.9608,-0.0,-0.0
12.032,-5.2787,1.25,0.0,2.9713,-0.0,-0.0
12.082,-5.2629,1.25,0.0,2.9871,-0.0,-0.0
12.133,-5.2524,1.25,0.0,2.9976,-0.0,-0.0
12.183,-5.2419,1.25,0.0,3.0081,-0.0,-0.0
12.233,-5.2262,1.25,0.0,3.0238,-0.0,-0.0
12.284,-5.2157,1.25,0.0,3.0343,-0.0,-0.0
12.334,-5.1999,1.25,0.0,3.0501,-0.0,-0.0
12.385,-5.1894,1.25,0.0,3.0606,-0.0,-0.0
12.435,-5.1789,1.25,0.0,3.0711,-0.0,-0.0
12.485,-5.1632,1.25,0.0,3.0868,-0.0,-0.0
12.536,-5.1527,1.25,0.0,3.0973,-0.0,-0.0
12.586,-5.1369,1.25,0.0,3.1131,-0.0,-0.0
12.636,-5.1264,1.25,0.0,3.1236,-0.0,-0.0
12.687,-5.1159,1.25,0.0,3.1341,-0.0,-0.0
12.737,-5.1002,1.25,0.0,3.1498,-0.0,-0.0
12.787,-5.0897,1.25,0.0,3.1603,-0.0,-0.0
12.838,-5.0792,1.25,0.0,3.1708,-0.0,-0.0
12.888,-5.0634,1.25,0.0,3.1866,-0.0,-0.0
12.938,-5.0529,1.25,0.0,3.1971,-0.0,-0.0
12.989,-5.0372,1.25,0.0,3.2128,-0.0,-0.0
13.039,-5.0267,1.25,0.0,3.2233,-0.0,-0.0
13.089,-5.0162,1.25,0.0,3.2338,-0.0,-0.0
13.14,-5.0004,1.25,0.0,3.2496,-0.0,-0.0
13.19,-4.9899,1.25,0.0,3.2601,-0.0,-0.0
13.24,-4.9742,1.25,0.0,3.2758,-0.0,-0.0
13.291,-4.9637,1.25,0.0,3.2863,-0.0,-0.0
13.341,-4.9532,1.25,0.0,3.2968,-0.0,-0.0
13.392,-4.9374,1.25,0.0,3.3126,-0.0,-0.0
13.442,-4.9269,1.25,0.0,3.3231,-0.0,-0.0
13.493,-4.9112,1.25,0.0,3.3388,-0.0,-0.0
13.543,-4.9007,1.25,0.0,3.3493,-0.0,-0.0
13.593,-4.8902,1.25,0.0,3.3598,-0.0,-0.0
13.644,-4.8744,1.25,0.0,3.3756,-0.0,-0.0
13.694,-4.8639,1.25,0.0,3.3861,-0.0,-0.0
13.744,-4.8534,1.25,0.0,3.4018,-0.0,-0.0
13.795,-4.8377,1.25,0.0,3.4123,-0.0,-0.0
13.845,-4.8272,1.25,0.0,3.4228,-0.0,-0.0
13.895,-4.8114,1.25,0.0,3.4386,-0.0,-0.0
13.945,-4.8009,1.25,0.0,3.4491,-0.0,-0.0
13.996,-4.7904,1.25,0.0,3.4596,-0.0,-0.0
14.046,-4.7747,1.25,0.0,3.4753,-0.0,-0.0
14.096,-4.7642,1.25,0.0,3.4858,-0.0,-0.0
14.147,-4.7484,1.25,0.0,3.5016,-0.0,-0.0
14.197,-4.7379,1.25,0.0,3.5121,-0.0,-0.0
14.247,-4.7274,1.25,0.0,3.5226,-0.0,-0.0
14.298,-4.7117,1.25,0.0,3.5383,-0.0,-0.0
14.348,-4.7012,1.25,0.0,3.5488,-0.0,-0.0
14.398,-4.6854,1.25,0.0,3.5646,-0.0,-0.0
14.449,-4.6749,1.25,0.0,3.5751,-0.0,-0.0
14.499,-4.6644,1.25,0.0,3.5856,-0.0,-0.0
14.549,-4.6487,1.25,0.0,3.6013,-0.0,-0.0
14.6,-4.6382,1.25,0.0,3.6118,-0.0,-0.0
14.65,-4.6224,1.25,0.0,3.6276,-0.0,-0.0
14.7,-4.6119,1.25,0.0,3.6381,-0.0,-0.0
14.751,-4.6014,1.25,0.0,3.6486,-0.0,-0.0
14.801,-4.5857,1.25,0.0,3.6643,-0.0,-0.0
14.851,-4.5752,1.25,0.0,3.6748,-0.0,-0.0
14.902,-4.5594,1.25,0.0,3.6906,-0.0,-0.0
14.952,-4.5489,1.25,0.0,3.7011,-0.0,-0.0
15.002,-4.5384,1.25,0.0,3.7116,-0.0,-0.0
15.052,-4.5227,1.25,0.0,3.7273,-0.0,-0.0
15.103,-4.5122,1.25,0.0,3.7378,-0.0,-0.0
15.153,-4.4964,1.25,0.0,3.7536,-0.0,-0.0
15.203,-4.4859,1.25,0.0,3.7641,-0.0,-0.0
15.254,-4.4754,1.25,0.0,3.7746,-0.0,-0.0
15.304,-4.4597,1.25,0.0,3.7903,-0.0,-0.0
15.354,-4.4492,1.25,0.0,3.8008,-0.0,-0.0
15.405,-4.4334,1.25,0.0,3.8166,-0.0,-0.0
15.455,-4.4229,1.25,0.0,3.8271,-0.0,-0.0
15.505,-4.4124,1.25,0.0,3.8376,-0.0,-0.0
15.555,-4.3967,1.25,0.0,3.8533,-0.0,-0.0
15.606,-4.3862,1.25,0.0,3.8638,-0.0,-0.0
15.656,-4.3704,1.25,0.0,3.8796,-0.0,-0.0
15.706,-4.3599,1.25,0.0,3.8901,-0.0,-0.0
15.757,-4.3494,1.25,0.0,3.9006,-0.0,-0.0
15.807,-4.3337,1.25,0.0,3.9163,-0.0,-0.0
15.857,-4.3232,1.25,0.0,3.9268,-0.0,-0.0
15.908,-4.3074,1.25,0.0,3.9426,-0.0,-0.0
15.958,-4.2969,1.25,0.0,3.9531,-0.0,-0.0
16.008,-4.2864,1.25,0.0,3.9636,-0.0,-0.0
16.059,-4.2707,1.25,0.0,3.9793,-0.0,-0.0
16.109,-4.2602,1.25,0.0,3.9898,-0.0,-0.0
16.159,-4.2444,1.25,0.0,4.0056,-0.0,-0.0
16.21,-4.2339,1.25,0.0,4.0161,-0.0,-0.0
16.26,-4.2234,1.25,0.0,4.0266,-0.0,-0.0
16.31,-4.2077,1.25,0.0,4.0423,-0.0,-0.0
16.361,-4.1972,1.25,0.0,4.0528,-0.0,-0.0
16.411,-4.1867,1.25,0.0,4.0633,-0.0,-0.0
16.461,-4.1709,1.25,0.0,4.0791,-0.0,-0.0
16.512,-4.1604,1.25,0.0,4.0896,-0.0,-0.0
16.562,-4.1447,1.25,0.0,4.1053,-0.0,-0.0
16.613,-4.1342,1.25,0.0,4.1158,-0.0,-0.0
16.664,-4.1184,1.25,0.0,4.1316,-0.0,-0.0
16.714,-4.1079,1.25,0.0,4.1421,-0.0,-0.0
16.765,-4.0974,1.25,0.0,4.1526,-0.0,-0.0
16.815,-4.0817,1.25,0.0,4.1683,-0.0,-0.0
16.865,-4.0712,1.25,0.0,4.1788,-0.0,-0.0
16.916,-4.0607,1.25,0.0,4.1893,-0.0,-0.0
16.966,-4.0449,1.25,0.0,4.2051,-0.0,-0.0
17.017,-4.0344,1.25,0.0,4.2156,-0.0,-0.0
17.067,-4.0239,1.25,0.0,4.2261,-0.0,-0.0
17.117,-4.0082,1.25,0.0,4.2418,-0.0,-0.0
17.168,-3.9977,1.25,0.0,4.2523,-0.0,-0.0
17.218,-3.9819,1.25,0.0,4.2681,-0.0,-0.0
17.268,-3.9714,1.25,0.0,4.2786,-0.0,-0.0
17.318,-3.9609,1.25,0.0,4.2891,-0.0,-0.0
17.369,-3.9452,1.25,0.0,4.3048,-0.0,-0.0
17.419,-3.9347,1.25,0.0,4.3153,-0.0,-0.0
17.469,-3.9189,1.25,0.0,4.3311,-0.0,-0.0
17.52,-3.9084,1.25,0.0,4.3416,-0.0,-0.0
17.57,-3.8979,1.25,0.0,4.3521,-0.0,-0.0
17.62,-3.8822,1.25,0.0,4.3678,-0.0,-0.0
17.67,-3.8717,1.25,0.0,4.3783,-0.0,-0.0
17.721,-3.8559,1.25,0.0,4.3941,-0.0,-0.0
17.771,-3.8454,1.25,0.0,4.4046,-0.0,-0.0
17.821,-3.8349,1.25,0.0,4.4151,-0.0,-0.0
17.872,-3.8192,1.25,0.0,4.4308,-0.0,-0.0
17.922,-3.8087,1.25,0.0,4.4413,-0.0,-0.0
17.972,-3.7929,1.25,0.0,4.4571,-0.0,-0.0
18.023,-3.7824,1.25,0.0,4.4676,-0.0,-0.0
18.073,-3.7719,1.25,0.0,4.4781,-0.0,-0.0
18.123,-3.7562,1.25,0.0,4.4938,-0.0,-0.0
18.174,-3.7457,1.25,0.0,4.5043,-0.0,-0.0
18.224,-3.7299,1.25,0.0,4.5201,-0.0,-0.0
18.274,-3.7194,1.25,0.0,4.5306,-0.0,-0.0
18.325,-3.7089,1.25,0.0,4.5411,-0.0,-0.0
18.375,-3.6932,1.25,0.0,4.5568,-0.0,-0.0
18.425,-3.6827,1.25,0.0,4.5673,-0.0,-0.0
18.475,-3.6669,1.25,0.0,4.5831,-0.0,-0.0
18.526,-3.6564,1.25,0.0,4.5936,-0.0,-0.0
18.576,-3.6459,1.25,0.0,4.6041,-0.0,-0.0
18.626,-3.6302,1.25,0.0,4.6198,-0.0,-0.0
18.677,-3.6197,1.25,0.0,4.6303,-0.0,-0.0
18.727,-3.6039,1.25,0.0,4.6461,-0.0,-0.0
18.777,-3.5934,1.25,0.0,4.6566,-0.0,-0.0
18.828,-3.5829,1.25,0.0,4.6671,-0.0,-0.0
18.878,-3.5672,1.25,0.0,4.6828,-0.0,-0.0
18.929,-3.5567,1.25,0.0,4.6933,-0.0,-0.0
18.979,-3.5409,1.25,0.0,4.7091,-0.0,-0.0
19.029,-3.5304,1.25,0.0,4.7196,-0.0,-0.0
19.08,-3.5199,1.25,0.0,4.7301,-0.0,-0.0
19.13,-3.5042,1.25,0.0,4.7458,-0.0,-0.0
19.18,-3.4937,1.25,0.0,4.7563,-0.0,-0.0
19.231,-3.4779,1.25,0.0,4.7721,-0.0,-0.0
19.281,-3.4674,1.25,0.0,4.7826,-0.0,-0.0
19.331,-3.4569,1.25,0.0,4.7931,-0.0,-0.0
19.381,-3.4412,1.25,0.0,4.8088,-0.0,-0.0
19.432,-3.4307,1.25,0.0,4.8193,-0.0,-0.0
19.482,-3.4149,1.25,0.0,4.8351,-0.0,-0.0
19.532,-3.4044,1.25,0.0,4.8456,-0.0,-0.0
19.583,-3.3939,1.25,0.0,4.8561,-0.0,-0.0
19.633,-3.3782,1.25,0.0,4.8718,-0.0,-0.0
19.683,-3.3677,1.25,0.0,4.8823,-0.0,-0.0
19.734,-3.3572,1.25,0.0,4.8981,-0.0,-0.0
19.784,-3.3414,1.25,0.0,4.9086,-0.0,-0.0
19.834,-3.3309,1.25,0.0,4.9191,-0.0,-0.0
19.885,-3.3152,1.25,0.0,4.9348,-0.0,-0.0
19.935,-3.3047,1.25,0.0,4.9453,-0.0,-0.0
19.985,-3.2942,1.25,0.0,4.9558,-0.0,-0.0
20.036,-3.2784,1.25,0.0,4.9716,-0.0,-0.0
20.086,-3.2679,1.25,0.0,4.9821,-0.0,-0.0
20.136,-3.2522,1.25,0.0,4.9978,-0.0,-0.0
20.187,-3.2417,1.25,0.0,5.0083,-0.0,-0.0
20.237,-3.2312,1.25,0.0,5.0188,-0.0,-0.0
20.287,-3.2154,1.25,0.0,5.0346,-0.0,-0.0
20.338,-3.2049,1.25,0.0,5.0451,-0.0,-0.0
20.388,-3.1892,1.25,0.0,5.0608,-0.0,-0.0
20.438,-3.1787,1.25,0.0,5.0713,-0.0,-0.0
20.489,-3.1682,1.25,0.0,5.0818,-0.0,-0.0
20.539,-3.1524,1.25,0.0,5.0976,-0.0,-0.0
20.589,-3.1419,1.25,0.0,5.1081,-0.0,-0.0
20.639,-3.1262,1.25,0.0,5.1238,-0.0,-0.0
20.69,-3.1157,1.25,0.0,5.1343,-0.0,-0.0
20.74,-3.1052,1.25,0.0,5.1448,-0.0,-0.0
20.79,-3.0894,1.25,0.0,5.1606,-0.0,-0.0
20.841,-3.0789,1.25,0.0,5.1711,-0.0,-0.0
20.891,-3.0632,1.25,0.0,5.1868,-0.0,-0.0
20.941,-3.0527,1.25,0.0,5.1973,-0.0,-0.0
20.992,-3.0422,1.25,0.0,5.2078,-0.0,-0.0
21.042,-3.0264,1.25,0.0,5.2236,-0.0,-0.0
21.092,-3.0159,1.25,0.0,5.2341,-0.0,-0.0
21.143,-3.0002,1.25,0.0,5.2498,-0.0,-0.0
21.193,-2.9897,1.25,0.0,5.2603,-0.0,-0.0
21.243,-2.9792,1.25,0.0,5.2708,-0.0,-0.0
21.294,-2.9634,1.25,0.0,5.2866,-0.0,-0.0
21.344,-2.9529,1.25,0.0,5.2971,-0.0,-0.0
21.394,-2.9372,1.25,0.0,5.3128,-0.0,-0.0
21.445,-2.9267,1.25,0.0,5.3233,-0.0,-0.0
21.495,-2.9162,1.25,0.0,5.3338,-0.0,-0.0
21.545,-2.9004,1.25,0.0,5.3496,-0.0,-0.0
21.596,-2.8899,1.25,0.0,5.3601,-0.0,-0.0
21.646,-2.8742,1.25,0.0,5.3758,-0.0,-0.0
21.696,-2.8637,1.25,0.0,5.3863,-0.0,-0.0
21.746,-2.8532,1.25,0.0,5.3968,-0.0,-0.0
21.797,-2.8374,1.25,0.0,5.4126,-0.0,-0.0
21.847,-2.8269,1.25,0.0,5.4231,-0.0,-0.0
21.897,-2.8112,1.25,0.0,5.4388,-0.0,-0.0
21.947,-2.8007,1.25,0.0,5.4493,-0.0,-0.0
21.998,-2.7902,1.25,0.0,5.4598,-0.0,-0.0
22.048,-2.7744,1.25,0.0,5.4756,-0.0,-0.0
22.098,-2.7639,1.25,0.0,5.4861,-0.0,-0.0
22.148,-2.7482,1.25,0.0,5.5018,-0.0,-0.0
22.199,-2.7377,1.25,0.0,5.5123,-0.0,-0.0
22.249,-2.7272,1.25,0.0,5.5228,-0.0,-0.0
22.299,-2.7114,1.25,0.0,5.5386,-0.0,-0.0
22.35,-2.7009,1.25,0.0,5.5491,-0.0,-0.0
22.4,-2.6904,1.25,0.0,5.5596,-0.0,-0.0
22.45,-2.6747,1.25,0.0,5.5753,-0.0,-0.0
22.5,-2.6642,1.25,0.0,5.5858,-0.0,-0.0
22.551,-2.6484,1.25,0.0,5.6016,-0.0,-0.0
22.601,-2.6379,1.25,0.0,5.6121,-0.0,-0.0
22.651,-2.6274,1.25,0.0,5.6226,-0.0,-0.0
22.701,-2.6117,1.25,0.0,5.6383,-0.0,-0.0
22.752,-2.6012,1.25,0.0,5.6488,-0.0,-0.0
22.802,-2.5854,1.25,0.0,5.6646,-0.0,-0.0
22.852,-2.5749,1.25,0.0,5.6751,-0.0,-0.0
22.902,-2.5644,1.25,0.0,5.6856,-0.0,-0.0
22.953,-2.5487,1.25,0.0,5.7013,-0.0,-0.0
23.003,-2.5382,1.25,0.0,5.7118,-0.0,-0.0
23.053,-2.5224,1.25,0.0,5.7276,-0.0,-0.0
23.103,-2.5119,1.25,0.0,5.7381,-0.0,-0.0
23.154,-2.5014,1.25,0.0,5.7486,-0.0,-0.0
23.204,-2.4857,1.25,0.0,5.7643,-0.0,-0.0
23.254,-2.4752,1.25,0.0,5.7748,-0.0,-0.0
23.304,-2.4594,1.25,0.0,5.7906,-0.0,-0.0
23.354,-2.4489,1.25,0.0,5.8011,-0.0,-0.0
23.405,-2.4384,1.25,0.0,5.8116,-0.0,-0.0
23.455,-2.4227,1.25,0.0,5.8273,-0.0,-0.0
23.505,-2.4122,1.25,0.0,5.8378,-0.0,-0.0
23.555,-2.3964,1.25,0.0,5.8536,-0.0,-0.0
23.606,-2.3859,1.25,0.0,5.8641,-0.0,-0.0
23.656,-2.3754,1.25,0.0,5.8746,-0.0,-0.0
23.706,-2.3597,1.25,0.0,5.8903,-0.0,-0.0
23.756,-2.3492,1.25,0.0,5.9008,-0.0,-0.0
23.807,-2.3387,1.25,0.0,5.9113,-0.0,-0.0
23.857,-2.3229,1.25,0.0,5.9271,-0.0,-0.0
23.907,-2.3124,1.25,0.0,5.9376,-0.0,-0.0
23.957,-2.2967,1.25,0.0,5.9533,-0.0,-0.0
24.007,-2.2862,1.25,0.0,5.9638,-0.0,-0.0
24.058,-2.2757,1.25,0.0,5.9743,-0.0,-0.0
24.108,-2.2599,1.25,0.0,5.9901,-0.0,-0.0
24.158,-2.2494,1.25,0.0,6.0006,-0.0,-0.0
24.208,-2.2337,1.25,0.0,6.0163,-0.0,-0.0
24.259,-2.2232,1.25,0.0,6.0268,-0.0,-0.0
24.309,-2.2127,1.25,0.0,6.0373,-0.0,-0.0
24.359,-2.1969,1.25,0.0,6.0531,-0.0,-0.0
24.409,-2.1864,1.25,0.0,6.0636,-0.0,-0.0
24.46,-2.1707,1.25,0.0,6.0793,-0.0,-0.0
24.51,-2.1602,1.25,0.0,6.0898,-0.0,-0.0
24.56,-2.1497,1.25,0.0,6.1003,-0.0,-0.0
24.61,-2.1339,1.25,0.0,6.1161,-0.0,-0.0
24.661,-2.1234,1.25,0.0,6.1266,-0.0,-0.0
24.711,-2.1077,1.25,0.0,6.1423,-0.0,-0.0
24.761,-2.0972,1.25,0.0,6.1528,-0.0,-0.0
24.811,-2.0867,1.25,0.0,6.1633,-0.0,-0.0
24.862,-2.0709,1.25,0.0,6.1791,-0.0,-0.0
24.912,-2.0604,1.25,0.0,6.1896,-0.0,-0.0
24.962,-2.0447,1.25,0.0,6.2053,-0.0,-0.0
25.013,-2.0342,1.25,0.0,6.2158,-0.0,-0.0
25.063,-2.0237,1.25,0.0,6.2263,-0.0,-0.0
25.113,-2.0079,1.25,0.0,6.2421,-0.0,-0.0
25.163,-1.9974,1.25,0.0,6.2526,-0.0,-0.0
25.214,-1.9869,1.25,0.0,6.2631,-0.0,-0.0
25.264,-1.9712,1.25,0.0,6.2788,-0.0,-0.0
25.314,-1.9607,1.25,0.0,6.2893,-0.0,-0.0
25.364,-1.9449,1.25,0.0,6.3051,-0.0,-0.0
25.415,-1.9344,1.25,0.0,6.3156,-0.0,-0.0
25.465,-1.9239,1.25,0.0,6.3261,-0.0,-0.0
25.515,-1.9082,1.25,0.0,6.3418,-0.0,-0.0
25.565,-1.8977,1.25,0.0,6.3523,-0.0,-0.0
25.616,-1.8819,1.25,0.0,6.3681,-0.0,-0.0
25.666,-1.8714,1.25,0.0,6.3786,-0.0,-0.0
25.716,-1.8609,1.25,0.0,6.3891,-0.0,-0.0
25.766,-1.8452,1.25,0.0,6.4048,-0.0,-0.0
25.816,-1.8347,1.25,0.0,6.4153,-0.0,-0.0
25.867,-1.8189,1.25,0.0,6.4311,-0.0,-0.0
25.917,-1.8084,1.25,0.0,6.4416,-0.0,-0.0
25.967,-1.7979,1.25,0.0,6.4521,-0.0,-0.0
26.017,-1.7822,1.25,0.0,6.4678,-0.0,-0.0
26.068,-1.7717,1.25,0.0,6.4783,-0.0,-0.0
26.118,-1.7559,1.25,0.0,6.4941,-0.0,-0.0
26.168,-1.7454,1.25,0.0,6.5046,-0.0,-0.0
26.219,-1.7349,1.25,0.0,6.5151,-0.0,-0.0
26.269,-1.7192,1.25,0.0,6.5308,-0.0,-0.0
26.319,-1.7087,1.25,0.0,6.5413,-0.0,-0.0
26.369,-1.6982,1.25,0.0,6.5518,-0.0,-0.0
26.419,-1.6824,1.25,0.0,6.5676,-0.0,-0.0
26.47,-1.6719,1.25,0.0,6.5781,-0.0,-0.0
26.52,-1.6562,1.25,0.0,6.5938,-0.0,-0.0
26.57,-1.6457,1.25,0.0,6.6043,-0.0,-0.0
26.62,-1.6352,1.25,0.0,6.6148,-0.0,-0.0
26.671,-1.6194,1.25,0.0,6.6306,-0.0,-0.0
26.721,-1.6089,1.25,0.0,6.6411,-0.0,-0.0
26.771,-1.5932,1.25,0.0,6.6568,-0.0,-0.0
26.821,-1.5827,1.25,0.0,6.6673,-0.0,-0.0
26.872,-1.5722,1.25,0.0,6.6778,-0.0,-0.0
26.922,-1.5564,1.25,0.0,6.6936,-0.0,-0.0
26.972,-1.5459,1.25,0.0,6.7041,-0.0,-0.0
27.022,-1.5302,1.25,0.0,6.7198,-0.0,-0.0
27.073,-1.5197,1.25,0.0,6.7303,-0.0,-0.0
27.123,-1.5092,1.25,0.0,6.7408,-0.0,-0.0
27.173,-1.4934,1.25,0.0,6.7566,-0.0,-0.0
27.223,-1.4829,1.25,0.0,6.7671,-0.0,-0.0
27.274,-1.4672,1.25,0.0,6.7828,-0.0,-0.0
27.324,-1.4567,1.25,0.0,6.7933,-0.0,-0.0
27.374,-1.4462,1.25,0.0,6.8038,-0.0,-0.0
27.425,-1.4304,1.25,0.0,6.8196,-0.0,-0.0
27.475,-1.4199,1.25,0.0,6.8301,-0.0,-0.0
27.525,-1.4042,1.25,0.0,6.8458,-0.0,-0.0
27.575,-1.3937,1.25,0.0,6.8563,-0.0,-0.0
27.625,-1.3832,1.25,0.0,6.8668,-0.0,-0.0
27.676,-1.3674,1.25,0.0,6.8826,-0.0,-0.0
27.726,-1.3569,1.25,0.0,6.8931,-0.0,-0.0
27.776,-1.3464,1.25,0.0,6.9036,-0.0,-0.0
27.826,-1.3307,1.25,0.0,6.9193,-0.0,-0.0
27.877,-1.3202,1.25,0.0,6.9298,-0.0,-0.0
27.927,-1.3044,1.25,0.0,6.9456,-0.0,-0.0
27.977,-1.2939,1.25,0.0,6.9561,-0.0,-0.0
28.027,-1.2834,1.25,0.0,6.9666,-0.0,-0.0
28.078,-1.2677,1.25,0.0,6.9823,-0.0,-0.0
28.128,-1.2572,1.25,0.0,6.9928,-0.0,-0.0
28.178,-1.2414,1.25,0.0,7.0086,-0.0,-0.0
28.228,-1.2309,1.25,0.0,7.0191,-0.0,-0.0
28.279,-1.2204,1.25,0.0,7.0296,-0.0,-0.0
28.329,-1.2047,1.25,0.0,7.0453,-0.0,-0.0
28.379,-1.1942,1.25,0.0,7.0558,-0.0,-0.0
28.429,-1.1784,1.25,0.0,7.0716,-0.0,-0.0
28.48,-1.1679,1.25,0.0,7.0821,-0.0,-0.0
28.53,-1.1574,1.25,0.0,7.0926,-0.0,-0.0
28.58,-1.1417,1.25,0.0,7.1083,-0.0,-0.0
28.63,-1.1312,1.25,0.0,7.1188,-0.0,-0.0
28.681,-1.1154,1.25,0.0,7.1346,-0.0,-0.0
28.731,-1.1049,1.25,0.0,7.1451,-0.0,-0.0
28.781,-1.0944,1.25,0.0,7.1556,-0.0,-0.0
28.831,-1.0787,1.25,0.0,7.1713,-0.0,-0.0
28.882,-1.0682,1.25,0.0,7.1818,-0.0,-0.0
28.932,-1.0524,1.25,0.0,7.1976,-0.0,-0.0
28.982,-1.0419,1.25,0.0,7.2081,-0.0,-0.0
29.032,-1.0314,1.25,0.0,7.2186,-0.0,-0.0
29.083,-1.0157,1.25,0.0,7.2343,-0.0,-0.0
29.133,-1.0052,1.25,0.0,7.2448,-0.0,-0.0
29.183,-0.9947,1.25,0.0,7.2553,-0.0,-0.0
29.233,-0.9789,1.25,0.0,7.2711,-0.0,-0.0
29.284,-0.9684,1.25,0.0,7.2816,-0.0,-0.0
29.336,-0.9527,1.25,0.0,7.2973,-0.0,-0.0
29.386,-0.9422,1.25,0.0,7.3078,-0.0,-0.0
29.436,-0.9264,1.25,0.0,7.3236,-0.0,-0.0
29.486,-0.9159,1.25,0.0,7.3341,-0.0,-0.0
29.537,-0.9054,1.25,0.0,7.3446,-0.0,-0.0
29.587,-0.8897,1.25,0.0,7.3603,-0.0,-0.0
29.637,-0.8792,1.25,0.0,7.3708,-0.0,-0.0
29.687,-0.8634,1.25,0.0,7.3866,-0.0,-0.0
29.738,-0.8529,1.25,0.0,7.3971,-0.0,-0.0
29.788,-0.8424,1.25,0.0,7.4076,-0.0,-0.0
29.838,-0.8267,1.25,0.0,7.4233,-0.0,-0.0
29.888,-0.8162,1.25,0.0,7.4338,-0.0,-0.0
29.939,-0.8057,1.25,0.0,7.4443,-0.0,-0.0
29.989,-0.7899,1.25,0.0,7.4601,-0.0,-0.0
30.039,-0.7794,1.25,0.0,7.4706,-0.0,-0.0
30.089,-0.7637,1.25,0.0,7.4863,-0.0,-0.0
30.139,-0.7532,1.25,0.0,7.4968,-0.0,-0.0
30.19,-0.7427,1.25,0.0,7.5073,-0.0,-0.0
30.24,-0.7269,1.25,0.0,7.5231,-0.0,-0.0
30.29,-0.7164,1.25,0.0,7.5336,-0.0,-0.0
30.34,-0.7007,1.25,0.0,7.5493,-0.0,-0.0
30.391,-0.6902,1.25,0.0,7.5598,-0.0,-0.0
30.441,-0.6797,1.25,0.0,7.5703,-0.0,-0.0
30.491,-0.6639,1.25,0.0,7.5861,-0.0,-0.0
30.541,-0.6534,1.25,0.0,7.5966,-0.0,-0.0
30.592,-0.6377,1.25,0.0,7.6123,-0.0,-0.0
30.642,-0.6272,1.25,0.0,7.6228,-0.0,-0.0
30.692,-0.6167,1.25,0.0,7.6333,-0.0,-0.0
30.742,-0.6009,1.25,0.0,7.6491,-0.0,-0.0
30.793,-0.5904,1.25,0.0,7.6596,-0.0,-0.0
30.843,-0.5747,1.25,0.0,7.6753,-0.0,-0.0
30.893,-0.5642,1.25,0.0,7.6858,-0.0,-0.0
30.943,-0.5537,1.25,0.0,7.6963,-0.0,-0.0
30.993,-0.5379,1.25,0.0,7.7121,-0.0,-0.0
31.044,-0.5274,1.25,0.0,7.7226,-0.0,-0.0
31.094,-0.5169,1.25,0.0,7.7331,-0.0,-0.0
31.144,-0.5012,1.25,0.0,7.7488,-0.0,-0.0
31.194,-0.4907,1.25,0.0,7.7593,-0.0,-0.0
31.245,-0.4749,1.25,0.0,7.7751,-0.0,-0.0
31.295,-0.4644,1.25,0.0,7.7856,-0.0,-0.0
31.345,-0.4539,1.25,0.0,7.7961,-0.0,-0.0
31.395,-0.4382,1.25,0.0,7.8118,-0.0,-0.0
31.445,-0.4277,1.25,0.0,7.8223,-0.0,-0.0
31.496,-0.4119,1.25,0.0,7.8381,-0.0,-0.0
31.546,-0.4014,1.25,0.0,7.8486,-0.0,-0.0
31.596,-0.3909,1.25,0.0,7.8591,-0.0,-0.0
31.646,-0.3752,1.25,0.0,7.8748,-0.0,-0.0
31.697,-0.3647,1.25,0.0,7.8853,-0.0,-0.0
31.747,-0.3489,1.25,0.0,7.9011,-0.0,-0.0
31.797,-0.3384,1.25,0.0,7.9116,-0.0,-0.0
31.848,-0.3279,1.25,0.0,7.9221,-0.0,-0.0
31.898,-0.3122,1.25,0.0,7.9378,-0.0,-0.0
31.948,-0.3017,1.25,0.0,7.9483,-0.0,-0.0
31.998,-0.2912,1.25,0.0,7.9588,-0.0,-0.0
32.048,-0.2754,1.25,0.0,7.9746,-0.0,-0.0
32.099,-0.2649,1.25,0.0,7.9851,-0.0,-0.0
32.149,-0.2492,1.25,0.0,8.0008,-0.0,-0.0
32.199,-0.2387,1.25,0.0,8.0113,-0.0,-0.0
32.249,-0.2282,1.25,0.0,8.0218,-0.0,-0.0
32.3,-0.2124,1.25,0.0,8.0376,-0.0,-0.0
32.35,-0.2019,1.25,0.0,8.0481,-0.0,-0.0
32.4,-0.1862,1.25,0.0,8.0638,-0.0,-0.0
32.45,-0.1757,1.25,0.0,8.0743,-0.0,-0.0
32.501,-0.1652,1.25,0.0,8.0848,-0.0,-0.0
32.551,-0.1494,1.25,0.0,8.1006,-0.0,-0.0
32.601,-0.1389,1.25,0.0,8.1111,-0.0,-0.0
32.651,-0.1284,1.25,0.0,8.1216,-0.0,-0.0
32.702,-0.1127,1.25,0.0,8.1373,-0.0,-0.0
32.752,-0.1022,1.25,0.0,8.1478,-0.0,-0.0
32.802,-0.0864,1.25,0.0,8.1636,-0.0,-0.0
32.852,-0.0759,1.25,0.0,8.1741,-0.0,-0.0
32.903,-0.0654,1.25,0.0,8.1846,-0.0,-0.0
32.953,-0.0497,1.25,0.0,8.2003,-0.0,-0.0
33.003,-0.0392,1.25,0.0,8.2108,-0.0,-0.0
33.053,-0.0234,1.25,0.0,8.2266,-0.0,-0.0
33.104,-0.0129,1.25,0.0,8.2371,-0.0,-0.0
33.154,-0.0024,1.25,0.0,8.2476,-0.0,-0.0
33.204,0.0133,1.25,0.0,8.2633,-0.0,-0.0
33.254,0.0238,1.25,0.0,8.2738,-0.0,-0.0
33.305,0.0396,1.25,0.0,8.2896,-0.0,-0.0
33.355,0.0501,1.25,0.0,8.3001,-0.0,-0.0
33.405,0.0606,1.25,0.0,8.3106,-0.0,-0.0
33.455,0.0763,1.25,0.0,8.3263,-0.0,-0.0
33.506,0.0868,1.25,0.0,8.3368,-0.0,-0.0
33.557,0.1026,1.25,0.0,8.3526,-0.0,-0.0
33.607,0.1131,1.25,0.0,8.3631,-0.0,-0.0
33.657,0.1236,1.25,0.0,8.3736,-0.0,-0.0
33.707,0.1393,1.25,0.0,8.3893,-0.0,-0.0
33.758,0.1498,1.25,0.0,8.3998,-0.0,-0.0
33.808,0.1656,1.25,0.0,8.4156,-0.0,-0.0
33.858,0.1761,1.25,0.0,8.4261,-0.0,-0.0
33.908,0.1866,1.25,0.0,8.4366,-0.0,-0.0
33.959,0.2023,1.25,0.0,8.4523,-0.0,-0.0
34.009,0.2128,1.25,0.0,8.4628,-0.0,-0.0
34.059,0.2286,1.25,0.0,8.4786,-0.0,-0.0
34.109,0.2391,1.25,0.0,8.4891,-0.0,-0.0
34.16,0.2496,1.25,0.0,8.4996,-0.0,-0.0
34.211,0.2653,1.25,0.0,8.5153,-0.0,-0.0
34.261,0.2758,1.25,0.0,8.5258,-0.0,-0.0
34.312,0.2916,1.25,0.0,8.5416,-0.0,-0.0
34.362,0.3021,1.25,0.0,8.5521,-0.0,-0.0
34.412,0.3126,1.25,0.0,8.5626,-0.0,-0.0
34.462,0.3283,1.25,0.0,8.5783,-0.0,-0.0
34.513,0.3388,1.25,0.0,8.5888,-0.0,-0.0
34.563,0.3493,1.25,0.0,8.5993,-0.0,-0.0
34.613,0.3651,1.25,0.0,8.6151,-0.0,-0.0
34.664,0.3756,1.25,0.0,8.6256,-0.0,-0.0
34.714,0.3913,1.25,0.0,8.6413,-0.0,-0.0
34.764,0.4018,1.25,0.0,8.6518,-0.0,-0.0
34.814,0.4123,1.25,0.0,8.6623,-0.0,-0.0
34.865,0.4281,1.25,0.0,8.6781,-0.0,-0.0
34.915,0.4386,1.25,0.0,8.6886,-0.0,-0.0
34.965,0.4543,1.25,0.0,8.7043,-0.0,-0.0
35.015,0.4648,1.25,0.0,8.7148,-0.0,-0.0
35.066,0.4753,1.25,0.0,8.7253,-0.0,-0.0
35.116,0.4911,1.25,0.0,8.7411,-0.0,-0.0
35.166,0.5016,1.25,0.0,8.7516,-0.0,-0.0
35.216,0.5173,1.25,0.0,8.7673,-0.0,-0.0
35.267,0.5278,1.25,0.0,8.7778,-0.0,-0.0
35.317,0.5383,1.25,0.0,8.7883,-0.0,-0.0
35.367,0.5541,1.25,0.0,8.8041,-0.0,-0.0
35.417,0.5646,1.25,0.0,8.8146,-0.0,-0.0
35.468,0.5803,1.25,0.0,8.8303,-0.0,-0.0
35.518,0.5908,1.25,0.0,8.8408,-0.0,-0.0
35.568,0.6013,1.25,0.0,8.8513,-0.0,-0.0
35.618,0.6171,1.25,0.0,8.8671,-0.0,-0.0
35.669,0.6276,1.25,0.0,8.8776,-0.0,-0.0
35.719,0.6433,1.25,0.0,8.8933,-0.0,-0.0
35.769,0.6538,1.25,0.0,8.9038,-0.0,-0.0
35.819,0.6643,1.25,0.0,8.9143,-0.0,-0.0
35.869,0.6801,1.25,0.0,8.9301,-0.0,-0.0
35.92,0.6906,1.25,0.0,8.9406,-0.0,-0.0
35.97,0.7063,1.25,0.0,8.9563,-0.0,-0.0
36.02,0.7168,1.25,0.0,8.9668,-0.0,-0.0
36.07,0.7273,1.25,0.0,8.9773,-0.0,-0.0
36.121,0.7431,1.25,0.0,8.9931,-0.0,-0.0
36.171,0.7536,1.25,0.0,9.0036,-0.0,-0.0
36.221,0.7641,1.25,0.0,9.0141,-0.0,-0.0
36.271,0.7798,1.25,0.0,9.0298,-0.0,-0.0
36.322,0.7903,1.25,0.0,9.0403,-0.0,-0.0
36.372,0.8061,1.25,0.0,9.0561,-0.0,-0.0
36.422,0.8166,1.25,0.0,9.0666,-0.0,-0.0
36.472,0.8271,1.25,0.0,9.0771,-0.0,-0.0
36.523,0.8428,1.25,0.0,9.0928,-0.0,-0.0
36.573,0.8533,1.25,0.0,9.1033,-0.0,-0.0
36.623,0.8691,1.25,0.0,9.1191,-0.0,-0.0
36.673,0.8796,1.25,0.0,9.1296,-0.0,-0.0
36.724,0.8901,1.25,0.0,9.1401,-0.0,-0.0
36.774,0.9058,1.25,0.0,9.1558,-0.0,-0.0
36.824,0.9163,1.25,0.0,9.1663,-0.0,-0.0
36.874,0.9321,1.25,0.0,9.1821,-0.0,-0.0
36.924,0.9426,1.25,0.0,9.1926,-0.0,-0.0
36.975,0.9531,1.25,0.0,9.2031,-0.0,-0.0
37.025,0.9688,1.25,0.0,9.2188,-0.0,-0.0
37.075,0.9793,1.25,0.0,9.2293,-0.0,-0.0
37.125,0.9951,1.25,0.0,9.2451,-0.0,-0.0
37.175,1.0056,1.25,0.0,9.2556,-0.0,-0.0
37.226,1.0161,1.25,0.0,9.2661,-0.0,-0.0
37.276,1.0318,1.25,0.0,9.2818,-0.0,-0.0
37.326,1.0423,1.25,0.0,9.2923,-0.0,-0.0
37.376,1.0528,1.25,0.0,9.3028,-0.0,-0.0
37.427,1.0686,1.25,0.0,9.3186,-0.0,-0.0
37.477,1.0791,1.25,0.0,9.3291,-0.0,-0.0
37.527,1.0948,1.25,0.0,9.3448,-0.0,-0.0
37.577,1.1053,1.25,0.0,9.3553,-0.0,-0.0
37.628,1.1158,1.25,0.0,9.3658,-0.0,-0.0
37.678,1.1316,1.25,0.0,9.3816,-0.0,-0.0
37.728,1.1421,1.25,0.0,9.3921,-0.0,-0.0
37.778,1.1526,1.25,0.0,9.4026,-0.0,-0.0
37.829,1.1683,1.25,0.0,9.4183,-0.0,-0.0
37.879,1.1788,1.25,0.0,9.4288,-0.0,-0.0
37.929,1.1946,1.25,0.0,9.4446,-0.0,-0.0
37.979,1.2051,1.25,0.0,9.4551,-0.0,-0.0
38.03,1.2156,1.25,0.0,9.4656,-0.0,-0.0
38.08,1.2313,1.25,0.0,9.4813,-0.0,-0.0
38.13,1.2418,1.25,0.0,9.4918,-0.0,-0.0
38.18,1.2576,1.25,0.0,9.5076,-0.0,-0.0
38.23,1.2681,1.25,0.0,9.5181,-0.0,-0.0
38.281,1.2786,1.25,0.0,9.5286,-0.0,-0.0
38.331,1.2943,1.25,0.0,9.5443,-0.0,-0.0
38.381,1.3048,1.25,0.0,9.5548,-0.0,-0.0
38.431,1.3206,1.25,0.0,9.5706,-0.0,-0.0
38.482,1.3311,1.25,0.0,9.5811,-0.0,-0.0
38.532,1.3416,1.25,0.0,9.5916,-0.0,-0.0
38.582,1.3573,1.25,0.0,9.6073,-0.0,-0.0
38.632,1.3678,1.25,0.0,9.6178,-0.0,-0.0
38.683,1.3836,1.25,0.0,9.6336,-0.0,-0.0
38.733,1.3941,1.25,0.0,9.6441,-0.0,-0.0
38.783,1.4046,1.25,0.0,9.6546,-0.0,-0.0
38.833,1.4203,1.25,0.0,9.6703,-0.0,-0.0
38.884,1.4308,1.25,0.0,9.6808,-0.0,-0.0
38.934,1.4466,1.25,0.0,9.6966,-0.0,-0.0
38.984,1.4571,1.25,0.0,9.7071,-0.0,-0.0
39.034,1.4676,1.25,0.0,9.7176,-0.0,-0.0
39.085,1.4833,1.25,0.0,9.7333,-0.0,-0.0
39.135,1.4938,1.25,0.0,9.7438,-0.0,-0.0
39.185,1.5043,1.25,0.0,9.7543,-0.0,-0.0
39.235,1.5201,1.25,0.0,9.7701,-0.0,-0.0
39.286,1.5306,1.25,0.0,9.7806,-0.0,-0.0
39.336,1.5463,1.25,0.0,9.7963,-0.0,-0.0
39.386,1.5568,1.25,0.0,9.8068,-0.0,-0.0
39.436,1.5673,1.25,0.0,9.8173,-0.0,-0.0
39.487,1.5831,1.25,0.0,9.8331,-0.0,-0.0
39.537,1.5936,1.25,0.0,9.8436,-0.0,-0.0
39.587,1.6093,1.25,0.0,9.8593,-0.0,-0.0
39.637,1.6198,1.25,0.0,9.8698,-0.0,-0.0
39.688,1.6303,1.25,0.0,9.8803,-0.0,-0.0
39.738,1.6461,1.25,0.0,9.8961,-0.0,-0.0
39.788,1.6566,1.25,0.0,9.9066,-0.0,-0.0
39.838,1.6723,1.25,0.0,9.9223,-0.0,-0.0
39.889,1.6828,1.25,0.0,9.9328,-0.0,-0.0
39.939,1.6933,1.25,0.0,9.9433,-0.0,-0.0
39.989,1.7091,1.25,0.0,9.9591,-0.0,-0.0
40.039,1.7196,1.25,0.0,9.9696,-0.0,-0.0
40.089,1.7353,1.25,0.0,9.9853,-0.0,-0.0
40.14,1.7458,1.25,0.0,9.9958,-0.0,-0.0
40.19,1.7563,1.25,0.0,10.0063,-0.0,-0.0
40.24,1.7721,1.25,0.0,10.0221,-0.0,-0.0
40.29,1.7826,1.25,0.0,10.0326,-0.0,-0.0
40.341,1.7983,1.25,0.0,10.0483,-0.0,-0.0
40.391,1.8088,1.25,0.0,10.0588,-0.0,-0.0
40.441,1.8193,1.25,0.0,10.0693,-0.0,-0.0
40.492,1.8351,1.25,0.0,10.0851,-0.0,-0.0
40.542,1.8456,1.25,0.0,10.0956,-0.0,-0.0
40.592,1.8561,1.25,0.0,10.1061,-0.0,-0.0
40.642,1.8718,1.25,0.0,10.1218,-0.0,-0.0
40.692,1.8823,1.25,0.0,10.1323,-0.0,-0.0
40.743,1.8981,1.25,0.0,10.1481,-0.0,-0.0
40.793,1.9086,1.25,0.0,10.1586,-0.0,-0.0
40.843,1.9191,1.25,0.0,10.1691,-0.0,-0.0
40.893,1.9348,1.25,0.0,10.1848,-0.0,-0.0
40.944,1.9453,1.25,0.0,10.1953,-0.0,-0.0
40.994,1.9611,1.25,0.0,10.2111,-0.0,-0.0
41.044,1.9716,1.25,0.0,10.2216,-0.0,-0.0
41.094,1.9821,1.25,0.0,10.2321,-0.0,-0.0
41.145,1.9978,1.25,0.0,10.2478,-0.0,-0.0
41.195,2.0083,1.25,0.0,10.2583,-0.0,-0.0
41.245,2.0241,1.25,0.0,10.2741,-0.0,-0.0
41.295,2.0346,1.25,0.0,10.2846,-0.0,-0.0
41.346,2.0451,1.25,0.0,10.2951,-0.0,-0.0
41.396,2.0608,1.25,0.0,10.3108,-0.0,-0.0
41.446,2.0713,1.25,0.0,10.3213,-0.0,-0.0
41.496,2.0871,1.25,0.0,10.3371,-0.0,-0.0
41.546,2.0976,1.25,0.0,10.3476,-0.0,-0.0
41.597,2.1081,1.25,0.0,10.3581,-0.0,-0.0
41.647,2.1238,1.25,0.0,10.3738,-0.0,-0.0
41.697,2.1343,1.25,0.0,10.3843,-0.0,-0.0
41.747,2.1448,1.25,0.0,10.3948,-0.0,-0.0
41.798,2.1606,1.25,0.0,10.4106,-0.0,-0.0
41.848,2.1711,1.25,0.0,10.4211,-0.0,-0.0
41.898,2.1868,1.25,0.0,10.4368,-0.0,-0.0
41.948,2.1973,1.25,0.0,10.4473,-0.0,-0.0
41.999,2.2078,1.25,0.0,10.4578,-0.0,-0.0
42.049,2.2236,1.25,0.0,10.4736,-0.0,-0.0
42.099,2.2341,1.25,0.0,10.4841,-0.0,-0.0
42.149,2.2498,1.25,0.0,10.4998,-0.0,-0.0
42.199,2.2603,1.25,0.0,10.5103,-0.0,-0.0
42.25,2.2708,1.25,0.0,10.5208,-0.0,-0.0
42.3,2.2866,1.25,0.0,10.5366,-0.0,-0.0
42.35,2.2971,1.25,0.0,10.5471,-0.0,-0.0
42.4,2.3128,1.25,0.0,10.5628,-0.0,-0.0
42.451,2.3233,1.25,0.0,10.5733,-0.0,-0.0
42.501,2.3338,1.25,0.0,10.5838,-0.0,-0.0
42.551,2.3496,1.25,0.0,10.5996,-0.0,-0.0
42.601,2.3601,1.25,0.0,10.6101,-0.0,-0.0
42.652,2.3758,1.25,0.0,10.6258,-0.0,-0.0
42.702,2.3863,1.25,0.0,10.6363,-0.0,-0.0
42.752,2.3968,1.25,0.0,10.6468,-0.0,-0.0
42.802,2.4126,1.25,0.0,10.6626,-0.0,-0.0
42.853,2.4231,1.25,0.0,10.6731,-0.0,-0.0
42.903,2.4388,1.25,0.0,10.6888,-0.0,-0.0
42.953,2.4493,1.25,0.0,10.6993,-0.0,-0.0
43.003,2.4598,1.25,0.0,10.7098,-0.0,-0.0
43.054,2.4756,1.25,0.0,10.7256,-0.0,-0.0
43.104,2.4861,1.25,0.0,10.7361,-0.0,-0.0
43.154,2.4966,1.25,0.0,10.7466,-0.0,-0.0
43.204,2.5123,1.25,0.0,10.7623,-0.0,-0.0
43.255,2.5228,1.25,0.0,10.7728,-0.0,-0.0
43.305,2.5386,1.25,0.0,10.7886,-0.0,-0.0
43.355,2.5491,1.25,0.0,10.7991,-0.0,-0.0
43.405,2.5596,1.25,0.0,10.8096,-0.0,-0.0
43.456,2.5753,1.25,0.0,10.8253,-0.0,-0.0
43.506,2.5858,1.25,0.0,10.8358,-0.0,-0.0
43.556,2.6016,1.25,0.0,10.8516,-0.0,-0.0
43.606,2.6121,1.25,0.0,10.8621,-0.0,-0.0
43.657,2.6226,1.25,0.0,10.8726,-0.0,-0.0
43.707,2.6383,1.25,0.0,10.8883,-0.0,-0.0
43.757,2.6488,1.25,0.0,10.8988,-0.0,-0.0
43.807,2.6646,1.25,0.0,10.9146,-0.0,-0.0
43.858,2.6751,1.25,0.0,10.9251,-0.0,-0.0
43.908,2.6856,1.25,0.0,10.9356,-0.0,-0.0
43.958,2.7013,1.25,0.0,10.9513,-0.0,-0.0
44.008,2.7118,1.25,0.0,10.9618,-0.0,-0.0
44.059,2.7276,1.25,0.0,10.9776,-0.0,-0.0
44.109,2.7381,1.25,0.0,10.9881,-0.0,-0.0
44.159,2.7486,1.25,0.0,10.9986,-0.0,-0.0
44.209,2.7643,1.25,0.0,11.0143,-0.0,-0.0
44.26,2.7748,1.25,0.0,11.0248,-0.0,-0.0
44.31,2.7853,1.25,0.0,11.0406,-0.0,-0.0
44.36,2.8011,1.25,0.0,11.0511,-0.0,-0.0
44.41,2.8116,1.25,0.0,11.0616,-0.0,-0.0
44.461,2.8273,1.25,0.0,11.0773,-0.0,-0.0
44.511,2.8378,1.25,0.0,11.0878,-0.0,-0.0
44.561,2.8483,1.25,0.0,11.0983,-0.0,-0.0
44.612,2.8641,1.25,0.0,11.1141,-0.0,-0.0
44.662,2.8746,1.25,0.0,11.1246,-0.0,-0.0
44.712,2.8903,1.25,0.0,11.1403,-0.0,-0.0
44.762,2.9008,1.25,0.0,11.1508,-0.0,-0.0
44.813,2.9113,1.25,0.0,11.1613,-0.0,-0.0
44.863,2.9271,1.25,0.0,11.1771,-0.0,-0.0
44.913,2.9376,1.25,0.0,11.1876,-0.0,-0.0
44.963,2.9533,1.25,0.0,11.2033,-0.0,-0.0
45.014,2.9638,1.25,0.0,11.2138,-0.0,-0.0
45.064,2.9743,1.25,0.0,11.2243,-0.0,-0.0
45.114,2.9901,1.25,0.0,11.2401,-0.0,-0.0
45.164,3.0006,1.25,0.0,11.2506,-0.0,-0.0
45.215,3.0163,1.25,0.0,11.2663,-0.0,-0.0
45.265,3.0268,1.25,0.0,11.2768,-0.0,-0.0
45.315,3.0373,1.25,0.0,11.2873,-0.0,-0.0
45.365,3.0531,1.25,0.0,11.3031,-0.0,-0.0
45.416,3.0636,1.25,0.0,11.3136,-0.0,-0.0
45.466,3.0793,1.25,0.0,11.3293,-0.0,-0.0
45.516,3.0898,1.25,0.0,11.3398,-0.0,-0.0
45.566,3.1003,1.25,0.0,11.3503,-0.0,-0.0
45.617,3.1161,1.25,0.0,11.3661,-0.0,-0.0
45.667,3.1266,1.25,0.0,11.3766,-0.0,-0.0
45.717,3.1423,1.25,0.0,11.3923,-0.0,-0.0
45.767,3.1528,1.25,0.0,11.4028,-0.0,-0.0
45.818,3.1633,1.25,0.0,11.4133,-0.0,-0.0
45.868,3.1791,1.25,0.0,11.4291,-0.0,-0.0
45.918,3.1896,1.25,0.0,11.4396,-0.0,-0.0
45.968,3.2001,1.25,0.0,11.4501,-0.0,-0.0
46.018,3.2158,1.25,0.0,11.4658,-0.0,-0.0
46.069,3.2263,1.25,0.0,11.4763,-0.0,-0.0
46.119,3.2421,1.25,0.0,11.4921,-0.0,-0.0
46.169,3.2526,1.25,0.0,11.5026,-0.0,-0.0
46.219,3.2631,1.25,0.0,11.5131,-0.0,-0.0
46.27,3.2788,1.25,0.0,11.5288,-0.0,-0.0
46.32,3.2893,1.25,0.0,11.5393,-0.0,-0.0
46.37,3.3051,1.25,0.0,11.5551,-0.0,-0.0
46.42,3.3156,1.25,0.0,11.5656,-0.0,-0.0
46.471,3.3261,1.25,0.0,11.5761,-0.0,-0.0
46.521,3.3418,1.25,0.0,11.5918,-0.0,-0.0
46.571,3.3523,1.25,0.0,11.6023,-0.0,-0.0
46.621,3.3681,1.25,0.0,11.6181,-0.0,-0.0
46.671,3.3786,1.25,0.0,11.6286,-0.0,-0.0
46.722,3.3891,1.25,0.0,11.6391,-0.0,-0.0
46.772,3.4048,1.25,0.0,11.6548,-0.0,-0.0
46.822,3.4153,1.25,0.0,11.6653,-0.0,-0.0
46.872,3.4311,1.25,0.0,11.6811,-0.0,-0.0
46.923,3.4416,1.25,0.0,11.6916,-0.0,-0.0
46.973,3.4521,1.25,0.0,11.7021,-0.0,-0.0
47.023,3.4678,1.25,0.0,11.7178,-0.0,-0.0
47.073,3.4783,1.25,0.0,11.7283,-0.0,-0.0
47.123,3.4888,1.25,0.0,11.7388,-0.0,-0.0
47.174,3.5046,1.25,0.0,11.7546,-0.0,-0.0
47.224,3.5151,1.25,0.0,11.7651,-0.0,-0.0
47.274,3.5308,1.25,0.0,11.7808,-0.0,-0.0
47.324,3.5413,1.25,0.0,11.7913,-0.0,-0.0
47.375,3.5518,1.25,0.0,11.8018,-0.0,-0.0
47.425,3.5676,1.25,0.0,11.8176,-0.0,-0.0
47.475,3.5781,1.25,0.0,11.8281,-0.0,-0.0
47.525,3.5938,1.25,0.0,11.8438,-0.0,-0.0
47.576,3.6043,1.25,0.0,11.8543,-0.0,-0.0
47.626,3.6148,1.25,0.0,11.8648,-0.0,-0.0
47.676,3.6306,1.25,0.0,11.8806,-0.0,-0.0
47.726,3.6411,1.25,0.0,11.8911,-0.0,-0.0
47.777,3.6568,1.25,0.0,11.9068,-0.0,-0.0
47.827,3.6673,1.25,0.0,11.9173,-0.0,-0.0
47.877,3.6778,1.25,0.0,11.9278,-0.0,-0.0
47.927,3.6936,1.25,0.0,11.9436,-0.0,-0.0
47.978,3.7041,1.25,0.0,11.9541,-0.0,-0.0
48.028,3.7198,1.25,0.0,11.9698,-0.0,-0.0
48.078,3.7303,1.25,0.0,11.9803,-0.0,-0.0
48.128,3.7408,1.25,0.0,11.9908,-0.0,-0.0
48.179,3.7566,1.25,0.0,12.0066,-0.0,-0.0
48.229,3.7671,1.25,0.0,12.0171,-0.0,-0.0
48.279,3.7828,1.25,0.0,12.0328,-0.0,-0.0
48.329,3.7933,1.25,0.0,12.0433,-0.0,-0.0
48.38,3.8038,1.25,0.0,12.0538,-0.0,-0.0
48.43,3.8196,1.25,0.0,12.0696,-0.0,-0.0
48.48,3.8301,1.25,0.0,12.0801,-0.0,-0.0
48.53,3.8406,1.25,0.0,12.0906,-0.0,-0.0
48.581,3.8563,1.25,0.0,12.1063,-0.0,-0.0
48.631,3.8668,1.25,0.0,12.1168,-0.0,-0.0
48.681,3.8826,1.25,0.0,12.1326,-0.0,-0.0
48.731,3.8931,1.25,0.0,12.1431,-0.0,-0.0
48.782,3.9036,1.25,0.0,12.1536,-0.0,-0.0
48.832,3.9193,1.25,0.0,12.1693,-0.0,-0.0
48.882,3.9298,1.25,0.0,12.1798,-0.0,-0.0
48.932,3.9456,1.25,0.0,12.1956,-0.0,-0.0
48.982,3.9561,1.25,0.0,12.2061,-0.0,-0.0
49.033,3.9666,1.25,0.0,12.2166,-0.0,-0.0
49.083,3.9823,1.25,0.0,12.2323,-0.0,-0.0
49.133,3.9928,1.25,0.0,12.2428,-0.0,-0.0
49.183,4.0086,1.25,0.0,12.2586,-0.0,-0.0
49.234,4.0191,1.25,0.0,12.2691,-0.0,-0.0
49.284,4.0296,1.25,0.0,12.2796,-0.0,-0.0
49.334,4.0453,1.25,0.0,12.2953,-0.0,-0.0
49.384,4.0558,1.25,0.0,12.3058,-0.0,-0.0
49.435,4.0716,1.25,0.0,12.3216,-0.0,-0.0
49.485,4.0821,1.25,0.0,12.3321,-0.0,-0.0
49.535,4.0926,1.25,0.0,12.3426,-0.0,-0.0
49.585,4.1083,1.25,0.0,12.3583,-0.0,-0.0
49.636,4.1188,1.25,0.0,12.3688,-0.0,-0.0
49.686,4.1346,1.25,0.0,12.3846,-0.0,-0.0
49.736,4.1451,1.25,0.0,12.3951,-0.0,-0.0
49.786,4.1556,1.25,0.0,12.4056,-0.0,-0.0
49.837,4.1713,1.25,0.0,12.4213,-0.0,-0.0
49.887,4.1818,1.25,0.0,12.4318,-0.0,-0.0
49.937,4.1923,1.25,0.0,12.4423,-0.0,-0.0
49.988,4.2081,1.25,0.0,12.4581,-0.0,-0.0
50.038,4.2186,1.25,0.0,12.4686,-0.0,-0.0
50.088,4.2343,1.25,0.0,12.4843,-0.0,-0.0
50.138,4.2448,1.25,0.0,12.4948,-0.0,-0.0
50.189,4.2553,1.25,0.0,12.5053,-0.0,-0.0
50.239,4.2711,1.25,0.0,12.5211,-0.0,-0.0
50.289,4.2816,1.25,0.0,12.5316,-0.0,-0.0
50.339,4.2973,1.25,0.0,12.5473,-0.0,-0.0
50.389,4.3078,1.25,0.0,12.5578,-0.0,-0.0
50.44,4.3183,1.25,0.0,12.5683,-0.0,-0.0
50.49,4.3341,1.25,0.0,12.5841,-0.0,-0.0
50.54,4.3446,1.25,0.0,12.5946,-0.0,-0.0
50.59,4.3603,1.25,0.0,12.6103,-0.0,-0.0
50.641,4.3708,1.25,0.0,12.6208,-0.0,-0.0
50.691,4.3813,1.25,0.0,12.6313,-0.0,-0.0
50.741,4.3971,1.25,0.0,12.6471,-0.0,-0.0
50.791,4.4076,1.25,0.0,12.6576,-0.0,-0.0
50.842,4.4233,1.25,0.0,12.6733,-0.0,-0.0
50.892,4.4338,1.25,0.0,12.6838,-0.0,-0.0
50.942,4.4443,1.25,0.0,12.6943,-0.0,-0.0
50.992,4.4601,1.25,0.0,12.7101,-0.0,-0.0
51.043,4.4706,1.25,0.0,12.7206,-0.0,-0.0
51.093,4.4811,1.25,0.0,12.7311,-0.0,-0.0
51.143,4.4968,1.25,0.0,12.7468,-0.0,-0.0
51.193,4.5073,1.25,0.0,12.7573,-0.0,-0.0
51.244,4.5231,1.25,0.0,12.7731,-0.0,-0.0
51.294,4.5336,1.25,0.0,12.7836,-0.0,-0.0
51.344,4.5441,1.25,0.0,12.7941,-0.0,-0.0
51.394,4.5598,1.25,0.0,12.8098,-0.0,-0.0
51.445,4.5703,1.25,0.0,12.8203,-0.0,-0.0
51.495,4.5861,1.25,0.0,12.8361,-0.0,-0.0
51.545,4.5966,1.25,0.0,12.8466,-0.0,-0.0
51.595,4.6071,1.25,0.0,12.8571,-0.0,-0.0
51.646,4.6228,1.25,0.0,12.8728,-0.0,-0.0
51.696,4.6333,1.25,0.0,12.8833,-0.0,-0.0
51.746,4.6491,1.25,0.0,12.8991,-0.0,-0.0
51.796,4.6596,1.25,0.0,12.9096,-0.0,-0.0
51.847,4.6701,1.25,0.0,12.9201,-0.0,-0.0
51.897,4.6858,1.25,0.0,12.9358,-0.0,-0.0
51.947,4.6963,1.25,0.0,12.9463,-0.0,-0.0
51.997,4.7121,1.25,0.0,12.9621,-0.0,-0.0
52.048,4.7226,1.25,0.0,12.9726,-0.0,-0.0
52.098,4.7331,1.25,0.0,12.9831,-0.0,-0.0
52.148,4.7488,1.25,0.0,12.9988,-0.0,-0.0
52.199,4.7593,1.25,0.0,13.0093,-0.0,-0.0
52.249,4.7751,1.25,0.0,13.0251,-0.0,-0.0
52.299,4.7856,1.25,0.0,13.0356,-0.0,-0.0
52.349,4.7961,1.25,0.0,13.0461,-0.0,-0.0
52.4,4.8118,1.25,0.0,13.0618,-0.0,-0.0
52.45,4.8223,1.25,0.0,13.0723,-0.0,-0.0
52.5,4.8381,1.25,0.0,13.0881,-0.0,-0.0
52.55,4.8486,1.25,0.0,13.0986,-0.0,-0.0
52.601,4.8591,1.25,0.0,13.1091,-0.0,-0.0
52.651,4.8748,1.25,0.0,13.1248,-0.0,-0.0
52.701,4.8853,1.25,0.0,13.1353,-0.0,-0.0
52.751,4.8958,1.25,0.0,13.1458,-0.0,-0.0
52.802,4.9116,1.25,0.0,13.1616,-0.0,-0.0
52.852,4.9221,1.25,0.0,13.1721,-0.0,-0.0
52.902,4.9378,1.25,0.0,13.1878,-0.0,-0.0
52.952,4.9483,1.25,0.0,13.1983,-0.0,-0.0
53.003,4.9588,1.25,0.0,13.2088,-0.0,-0.0
53.053,4.9746,1.25,0.0,13.2246,-0.0,-0.0
53.103,4.9851,1.25,0.0,13.2351,-0.0,-0.0
53.153,5.0008,1.25,0.0,13.2508,-0.0,-0.0
53.203,5.0113,1.25,0.0,13.2613,-0.0,-0.0
53.254,5.0218,1.25,0.0,13.2718,-0.0,-0.0
53.304,5.0376,1.25,0.0,13.2876,-0.0,-0.0
53.354,5.0481,1.25,0.0,13.2981,-0.0,-0.0
53.404,5.0638,1.25,0.0,13.3138,-0.0,-0.0
53.455,5.0743,1.25,0.0,13.3243,-0.0,-0.0
53.505,5.0848,1.25,0.0,13.3348,-0.0,-0.0
53.555,5.1006,1.25,0.0,13.3506,-0.0,-0.0
53.605,5.1111,1.25,0.0,13.3611,-0.0,-0.0
53.656,5.1268,1.25,0.0,13.3768,-0.0,-0.0
53.706,5.1373,1.25,0.0,13.3873,-0.0,-0.0
53.756,5.1478,1.25,0.0,13.3978,-0.0,-0.0
53.806,5.1636,1.25,0.0,13.4136,-0.0,-0.0
53.857,5.1741,1.25,0.0,13.4241,-0.0,-0.0
53.907,5.1898,1.25,0.0,13.4398,-0.0,-0.0
53.957,5.2003,1.25,0.0,13.4503,-0.0,-0.0
54.007,5.2108,1.25,0.0,13.4608,-0.0,-0.0
54.058,5.2266,1.25,0.0,13.4766,-0.0,-0.0
54.108,5.2371,1.25,0.0,13.4871,-0.0,-0.0
54.158,5.2476,1.25,0.0,13.4976,-0.0,-0.0
54.208,5.2633,1.25,0.0,13.5133,-0.0,-0.0
54.259,5.2738,1.25,0.0,13.5238,-0.0,-0.0
54.309,5.2896,1.25,0.0,13.5396,-0.0,-0.0
54.36,5.3001,1.25,0.0,13.5501,-0.0,-0.0
54.41,5.3106,1.25,0.0,13.5606,-0.0,-0.0
54.46,5.3263,1.25,0.0,13.5763,-0.0,-0.0
54.51,5.3368,1.25,0.0,13.5868,-0.0,-0.0
54.561,5.3526,1.25,0.0,13.6026,-0.0,-0.0
54.611,5.3631,1.25,0.0,13.6131,-0.0,-0.0
54.661,5.3736,1.25,0.0,13.6236,-0.0,-0.0
54.711,5.3893,1.25,0.0,13.6393,-0.0,-0.0
54.762,5.3998,1.25,0.0,13.6498,-0.0,-0.0
54.812,5.4156,1.25,0.0,13.6656,-0.0,-0.0
54.862,5.4252,1.25,0.0007,13.6729,0.0,0.0108
54.912,5.4307,1.25,0.0137,13.6761,0.0001,0.036
54.963,5.4355,1.2501,0.0469,13.6808,0.0003,0.0738
55.013,5.4386,1.2503,0.0691,13.6839,0.0006,0.099
55.063,5.4433,1.2507,0.1024,13.6886,0.0012,0.1368
55.113,5.4464,1.2511,0.1246,13.6917,0.0016,0.162
55.164,5.4496,1.2515,0.1469,13.6948,0.0022,0.1872
55.214,5.4542,1.2523,0.1802,13.6995,0.0032,0.225
55.264,5.4573,1.2529,0.2024,13.7025,0.0039,0.2502
55.314,5.4619,1.2539,0.2357,13.7071,0.0051,0.288
55.365,5.465,1.2547,0.2579,13.7101,0.0061,0.3132
55.415,5.468,1.2555,0.2801,13.7131,0.0071,0.3384
55.465,5.4725,1.2569,0.3134,13.7175,0.0087,0.3762
55.515,5.4755,1.2579,0.3356,13.7204,0.0099,0.4014
55.566,5.4785,1.2589,0.3578,13.7233,0.0112,0.4266
55.616,5.4829,1.2607,0.3911,13.7276,0.0132,0.4644
55.666,5.4858,1.2619,0.4133,13.7304,0.0147,0.4896
55.716,5.4901,1.2639,0.4466,13.7345,0.017,0.5274
55.767,5.4929,1.2653,0.4688,13.7372,0.0186,0.5526
55.817,5.4957,1.2667,0.4911,13.7399,0.0203,0.5778
55.867,5.4998,1.269,0.5244,13.7438,0.0229,0.6156
55.917,5.5026,1.2706,0.5466,13.7463,0.0248,0.6408
55.968,5.5066,1.2731,0.5799,13.7501,0.0277,0.6786
56.018,5.5093,1.2749,0.6022,13.7526,0.0298,0.7038
56.068,5.5121,1.2769,0.6245,13.7552,0.0321,0.729
56.118,5.5166,1.2803,0.658,13.7593,0.0359,0.7668
56.169,5.5196,1.2827,0.6803,13.7621,0.0387,0.792
56.219,5.5245,1.2867,0.714,13.7665,0.0432,0.8298
56.269,5.5278,1.2896,0.7365,13.7694,0.0466,0.855
56.319,5.5313,1.2927,0.7592,13.7725,0.0501,0.8802
56.37,5.5366,1.2977,0.7933,13.777,0.0558,0.918
56.42,5.5402,1.3014,0.8164,13.78,0.0599,0.9432
56.47,5.5459,1.3072,0.8516,13.7846,0.0665,0.981
56.52,5.5498,1.3113,0.8756,13.7877,0.0712,1.0062
56.571,5.5539,1.3157,0.9,13.7908,0.0762,1.0314
56.621,5.56,1.3228,0.9376,13.7953,0.0841,1.0692
56.671,5.5641,1.3278,0.9628,13.7983,0.0897,1.0944
56.721,5.5703,1.3359,1.0006,13.8026,0.0986,1.1322
56.771,5.5743,1.3416,1.0258,13.8055,0.1048,1.1574
56.822,5.5783,1.3475,1.051,13.8083,0.1114,1.1825
56.872,5.584,1.3568,1.0884,13.8122,0.1217,1.2186
56.922,5.5876,1.3634,1.1123,13.8148,0.1289,1.2407
56.972,5.591,1.3704,1.135,13.8173,0.1363,1.2611
57.023,5.596,1.3814,1.1669,13.8208,0.1479,1.2889
57.073,5.5992,1.3891,1.1862,13.823,0.1559,1.3058
57.123,5.6039,1.4009,1.2116,13.8262,0.1683,1.3282
57.173,5.6069,1.4091,1.2269,13.8283,0.1768,1.3417
57.223,5.6099,1.4174,1.2408,13.8302,0.1855,1.354
57.274,5.6142,1.4303,1.2599,13.833,0.1988,1.3707
57.324,5.6169,1.439,1.2713,13.8348,0.2078,1.3809
57.374,5.6209,1.4522,1.2863,13.8374,0.2215,1.3944
57.424,5.6235,1.4612,1.2949,13.839,0.2308,1.4025
57.474,5.626,1.4702,1.3025,13.8406,0.2402,1.4099
57.525,5.6297,1.4838,1.3127,13.8428,0.2545,1.4201
57.575,5.6321,1.493,1.3191,13.8442,0.2641,1.4264
57.625,5.6356,1.507,1.3275,13.8463,0.2786,1.4348
57.675,5.6379,1.5164,1.3327,13.8476,0.2883,1.4399
57.726,5.6402,1.5259,1.3375,13.8488,0.2981,1.4447
57.776,5.6436,1.5402,1.344,13.8507,0.3129,1.4513
57.826,5.6458,1.5498,1.3481,13.8518,0.3228,1.4553
57.876,5.649,1.5643,1.3536,13.8535,0.3377,1.4607
57.927,5.6512,1.574,1.3569,13.8546,0.3478,1.4641
57.977,5.6533,1.5838,1.36,13.8557,0.3578,1.4672
58.027,5.6564,1.5986,1.3642,13.8572,0.3729,1.4714
58.077,5.6584,1.6085,1.3669,13.8582,0.383,1.474
58.128,5.6605,1.6184,1.3693,13.8592,0.3932,1.4764
58.178,5.6635,1.6333,1.3727,13.8606,0.4084,1.4797
58.228,5.6655,1.6433,1.375,13.8615,0.4186,1.4817
58.278,5.6685,1.6584,1.3782,13.8629,0.434,1.4845
58.328,5.6704,1.6685,1.3801,13.8637,0.4442,1.4861
58.379,5.6724,1.6786,1.3818,13.8646,0.4545,1.4876
58.429,5.6753,1.6939,1.3841,13.8659,0.4699,1.4896
58.479,5.6772,1.704,1.3856,13.8667,0.4802,1.4909
58.529,5.68,1.7193,1.3874,13.8679,0.4957,1.4925
58.58,5.6819,1.7295,1.3886,13.8687,0.506,1.4935
58.63,5.6838,1.7397,1.3896,13.8695,0.5164,1.4944
58.68,5.6866,1.755,1.391,13.8707,0.5319,1.4956
58.73,5.6885,1.7653,1.3919,13.8715,0.5423,1.4963
58.781,5.6912,1.7807,1.393,13.8726,0.5579,1.4973
58.831,5.6931,1.7909,1.3937,13.8734,0.5683,1.4979
58.881,5.6949,1.8012,1.3943,13.8742,0.5787,1.4984
58.931,5.6976,1.8166,1.3951,13.8753,0.5943,1.4992
58.982,5.6995,1.8269,1.3956,13.876,0.6047,1.4996
59.032,5.7022,1.8423,1.3963,13.8771,0.6204,1.5002
59.082,5.704,1.8526,1.3967,13.8779,0.6308,1.5005
59.132,5.7058,1.8629,1.397,13.8786,0.6412,1.5009
59.182,5.7085,1.8784,1.3974,13.8797,0.6569,1.5013
59.233,5.7103,1.8887,1.3977,13.8804,0.6673,1.5016
59.283,5.713,1.9042,1.3981,13.8815,0.683,1.5019
59.333,5.7148,1.9145,1.3983,13.8822,0.6934,1.5022
59.383,5.7166,1.9248,1.3985,13.883,0.7039,1.5024
59.434,5.7193,1.9403,1.3988,13.884,0.7195,1.5027
59.484,5.7211,1.9506,1.399,13.8847,0.73,1.5028
59.534,5.7229,1.961,1.3991,13.8854,0.7405,1.503
59.584,5.7256,1.9764,1.3994,13.8865,0.7561,1.5032
59.635,5.7274,1.9868,1.3995,13.8872,0.7666,1.5034
59.685,5.7301,2.0023,1.3997,13.8883,0.7823,1.5035
59.735,5.7318,2.0126,1.3998,13.889,0.7928,1.5037
59.785,5.7336,2.0229,1.3999,13.8897,0.8032,1.5038
59.836,5.7363,2.0384,1.4,13.8907,0.8189,1.5039
59.886,5.7381,2.0487,1.4001,13.8914,0.8294,1.504
59.936,5.7407,2.0642,1.4002,13.8925,0.8451,1.5041
59.986,5.7425,2.0746,1.4003,13.8932,0.8555,1.5042
60.037,5.7443,2.0849,1.4004,13.8939,0.866,1.5043
60.087,5.747,2.1004,1.4005,13.8949,0.8817,1.5044
60.137,5.7488,2.1108,1.4005,13.8956,0.8922,1.5044
60.187,5.7514,2.1263,1.4006,13.8967,0.9079,1.5045
60.238,5.7532,2.1366,1.4007,13.8974,0.9184,1.5045
60.288,5.755,2.147,1.4007,13.8981,0.9288,1.5046
60.338,5.7576,2.1625,1.4008,13.8991,0.9445,1.5046
60.388,5.7594,2.1728,1.4008,13.8998,0.955,1.5047
60.439,5.7621,2.1883,1.4009,13.9008,0.9707,1.5047
60.489,5.7639,2.1987,1.4009,13.9015,0.9812,1.5048
60.539,5.7656,2.209,1.4009,13.9022,0.9917,1.5048
60.589,5.7683,2.2245,1.401,13.9033,1.0074,1.5048
60.639,5.7701,2.2349,1.401,13.9039,1.0178,1.5048
60.69,5.7727,2.2504,1.401,13.905,1.0336,1.5049
60.74,5.7745,2.2608,1.4011,13.9057,1.044,1.5049
60.79,5.7763,2.2711,1.4011,13.9064,1.0545,1.5049
60.84,5.7789,2.2866,1.4011,13.9074,1.0702,1.5049
60.891,5.7807,2.297,1.4011,13.9081,1.0807,1.505
60.941,5.7825,2.3073,1.4011,13.9088,1.0912,1.505
60.991,5.7851,2.3228,1.4011,13.9098,1.1069,1.505
61.041,5.7869,2.3332,1.4012,13.9105,1.1174,1.505
61.092,5.7896,2.3487,1.4012,13.9115,1.1331,1.505
61.142,5.7913,2.3591,1.4012,13.9122,1.1436,1.505
61.192,5.7931,2.3694,1.4012,13.9129,1.154,1.505
61.242,5.7958,2.3849,1.4012,13.914,1.1697,1.505
61.293,5.7975,2.3953,1.4012,13.9147,1.1802,1.505
61.343,5.8002,2.4108,1.4012,13.9157,1.1959,1.5051
61.393,5.802,2.4211,1.4012,13.9164,1.2064,1.5051
61.443,5.8037,2.4315,1.4012,13.9171,1.2169,1.5051
61.493,5.8064,2.447,1.4012,13.9181,1.2326,1.5051
61.544,5.8082,2.4574,1.4012,13.9188,1.2431,1.5051
61.594,5.8108,2.4729,1.4013,13.9198,1.2588,1.5051
61.644,5.8126,2.4832,1.4013,13.9205,1.2693,1.5051
61.695,5.8144,2.4936,1.4013,13.9212,1.2797,1.5051
61.745,5.817,2.5091,1.4013,13.9222,1.2955,1.5051
61.795,5.8188,2.5195,1.4013,13.9229,1.3059,1.5051
61.845,5.8215,2.535,1.4013,13.924,1.3217,1.5051
61.896,5.8232,2.5453,1.4013,13.9246,1.3321,1.5051
61.946,5.825,2.5557,1.4013,13.9253,1.3426,1.5051
61.996,5.8277,2.5712,1.4013,13.9264,1.3583,1.5051
62.046,5.8294,2.5816,1.4013,13.9271,1.3688,1.5051
62.097,5.8312,2.5919,1.4013,13.9278,1.3793,1.5051
62.147,5.8339,2.6074,1.4013,13.9288,1.395,1.5051
62.197,5.8356,2.6178,1.4013,13.9295,1.4055,1.5051
62.247,5.8383,2.6333,1.4013,13.9305,1.4212,1.5051
62.298,5.8401,2.6436,1.4013,13.9312,1.4317,1.5051
62.348,5.8418,2.654,1.4013,13.9319,1.4421,1.5051
62.398,5.8445,2.6695,1.4013,13.9329,1.4579,1.5051
62.448,5.8463,2.6799,1.4013,13.9336,1.4683,1.5051
62.499,5.8489,2.6954,1.4013,13.9346,1.4841,1.5051
62.549,5.8507,2.7057,1.4013,13.9353,1.4945,1.5051
62.599,5.8525,2.7161,1.4013,13.936,1.505,1.5051
62.649,5.8551,2.7316,1.4013,13.9371,1.5207,1.5051
62.7,5.8569,2.742,1.4013,13.9377,1.5312,1.5051
62.75,5.8595,2.7575,1.4013,13.9388,1.5469,1.5051
62.8,5.8613,2.7678,1.4013,13.9395,1.5574,1.5051
62.85,5.8631,2.7782,1.4013,13.9402,1.5679,1.5051
62.901,5.8657,2.7937,1.4013,13.9412,1.5836,1.5051
62.951,5.8675,2.8041,1.4013,13.9419,1.5941,1.5051
63.001,5.8702,2.8196,1.4013,13.9429,1.6098,1.5051
63.051,5.8719,2.8299,1.4013,13.9436,1.6203,1.5051
63.102,5.8737,2.8403,1.4013,13.9443,1.6307,1.5051
63.152,5.8764,2.8558,1.4013,13.9453,1.6464,1.5051
63.202,5.8781,2.8662,1.4013,13.946,1.6569,1.5051
63.253,5.8799,2.8765,1.4013,13.9467,1.6674,1.5051
63.303,5.8826,2.892,1.4013,13.9477,1.6831,1.5051
63.353,5.8843,2.9024,1.4013,13.9484,1.6936,1.5051
63.404,5.887,2.9179,1.4013,13.9495,1.7093,1.5051
63.454,5.8888,2.9283,1.4013,13.9501,1.7198,1.5051
63.504,5.8914,2.9438,1.4013,13.9512,1.7355,1.5051
63.555,5.8932,2.9541,1.4013,13.9519,1.746,1.5051
63.605,5.895,2.9645,1.4013,13.9526,1.7565,1.5051
63.655,5.8976,2.98,1.4013,13.9536,1.7722,1.5051
63.706,5.8994,2.9904,1.4013,13.9543,1.7827,1.5051
63.756,5.9012,3.0007,1.4013,13.955,1.7931,1.5051
63.806,5.9038,3.0162,1.4013,13.956,1.8088,1.5051
63.856,5.9056,3.0266,1.4013,13.9567,1.8193,1.5051
63.907,5.9082,3.0421,1.4013,13.9577,1.835,1.5051
63.957,5.91,3.0525,1.4013,13.9584,1.8455,1.5051
64.007,5.9118,3.0628,1.4013,13.9591,1.856,1.5051
64.057,5.9144,3.0783,1.4013,13.9601,1.8717,1.5051
64.108,5.9162,3.0887,1.4013,13.9608,1.8822,1.5051
64.158,5.9189,3.1042,1.4013,13.9619,1.8979,1.5051
64.208,5.9206,3.1146,1.4013,13.9625,1.9084,1.5051
64.258,5.9224,3.1249,1.4013,13.9632,1.9189,1.5051
64.309,5.9251,3.1404,1.4013,13.9643,1.9346,1.5051
64.359,5.9268,3.1508,1.4013,13.965,1.9451,1.5051
64.409,5.9295,3.1663,1.4013,13.966,1.9608,1.5051
64.459,5.9313,3.1766,1.4013,13.9667,1.9712,1.5051
64.51,5.933,3.187,1.4013,13.9674,1.9817,1.5051
64.56,5.9357,3.2025,1.4013,13.9684,1.9974,1.5051
64.61,5.9375,3.2129,1.4013,13.9691,2.0079,1.5051
64.661,5.9401,3.2284,1.4013,13.9701,2.0236,1.5051
64.711,5.9419,3.2387,1.4013,13.9708,2.0341,1.5051
64.761,5.9437,3.2491,1.4013,13.9715,2.0446,1.5051
64.812,5.9463,3.2646,1.4013,13.9725,2.0603,1.5051
64.862,5.9481,3.275,1.4013,13.9732,2.0708,1.5051
64.912,5.9508,3.2905,1.4013,13.9742,2.0865,1.5051
64.962,5.9525,3.3008,1.4013,13.9749,2.097,1.5051
65.013,5.9543,3.3112,1.4013,13.9756,2.1075,1.5051
65.063,5.957,3.3267,1.4013,13.9767,2.1232,1.5051
65.113,5.9587,3.3371,1.4013,13.9773,2.1336,1.5051
65.163,5.9605,3.3474,1.4013,13.9784,2.1494,1.5051
65.214,5.9632,3.3629,1.4013,13.9791,2.1598,1.5051
65.264,5.9649,3.3733,1.4013,13.9798,2.1703,1.5051
65.314,5.9676,3.3888,1.4013,13.9808,2.186,1.5051
65.364,5.9693,3.3992,1.4013,13.9815,2.1965,1.5051
65.415,5.9711,3.4095,1.4013,13.9822,2.207,1.5051
65.465,5.9738,3.425,1.4013,13.9832,2.2227,1.5051
65.515,5.9755,3.4354,1.4013,13.9839,2.2332,1.5051
65.565,5.9782,3.4509,1.4013,13.9849,2.2489,1.5051
65.616,5.98,3.4613,1.4013,13.9856,2.2594,1.5051
65.666,5.9817,3.4716,1.4013,13.9863,2.2699,1.5051
65.716,5.9844,3.4871,1.4013,13.9873,2.2856,1.5051
65.766,5.9862,3.4975,1.4013,13.988,2.296,1.5051
65.817,5.9879,3.5078,1.4013,13.9887,2.3065,1.5051
65.867,5.9906,3.5234,1.4013,13.9897,2.3222,1.5051
65.917,5.9924,3.5337,1.4013,13.9904,2.3327,1.5051
65.967,5.995,3.5492,1.4013,13.9915,2.3484,1.5051
66.018,5.9968,3.5596,1.4013,13.9922,2.3589,1.5051
66.068,5.9986,3.5699,1.4013,13.9928,2.3694,1.5051
66.118,6.0012,3.5855,1.4013,13.9939,2.3851,1.5051
66.168,6.003,3.5958,1.4013,13.9946,2.3956,1.5051
66.219,6.0057,3.6113,1.4013,13.9956,2.4113,1.5051
66.269,6.0074,3.6217,1.4013,13.9963,2.4218,1.5051
66.319,6.0092,3.632,1.4013,13.997,2.4323,1.5051
66.369,6.0119,3.6476,1.4013,13.998,2.448,1.5051
66.419,6.0136,3.6579,1.4013,13.9987,2.4584,1.5051
66.47,6.0163,3.6734,1.4013,13.9997,2.4742,1.5051
66.52,6.0181,3.6838,1.4013,14.0004,2.4846,1.5051
66.57,6.0198,3.6941,1.4013,14.0011,2.4951,1.5051
66.62,6.0225,3.7096,1.4013,14.0021,2.5108,1.5051
66.671,6.0243,3.72,1.4013,14.0028,2.5213,1.5051
66.721,6.0269,3.7355,1.4013,14.0039,2.537,1.5051
66.771,6.0287,3.7459,1.4013,14.0046,2.5475,1.5051
66.821,6.0305,3.7562,1.4013,14.0052,2.558,1.5051
66.872,6.0331,3.7717,1.4013,14.0063,2.5737,1.5051
66.922,6.0349,3.7821,1.4013,14.007,2.5842,1.5051
66.972,6.0375,3.7976,1.4013,14.008,2.5999,1.5051
67.022,6.0393,3.808,1.4013,14.0087,2.6104,1.5051
67.073,6.0411,3.8183,1.4013,14.0094,2.6208,1.5051
67.123,6.0437,3.8338,1.4013,14.0104,2.6366,1.5051
67.173,6.0455,3.8442,1.4013,14.0111,2.647,1.5051
67.223,6.0473,3.8545,1.4013,14.0118,2.6575,1.5051
67.274,6.0499,3.8701,1.4013,14.0128,2.6732,1.5051
67.324,6.0517,3.8804,1.4013,14.0135,2.6837,1.5051
67.374,6.0544,3.8959,1.4013,14.0145,2.6994,1.5051
67.424,6.0561,3.9063,1.4013,14.0152,2.7099,1.5051
67.475,6.0579,3.9166,1.4013,14.0159,2.7204,1.5051
67.525,6.0606,3.9322,1.4013,14.017,2.7361,1.5051
67.575,6.0623,3.9425,1.4013,14.0176,2.7466,1.5051
67.625,6.065,3.958,1.4013,14.0187,2.7623,1.5051
67.676,6.0668,3.9684,1.4013,14.0194,2.7728,1.5051
67.726,6.0685,3.9787,1.4013,14.0201,2.7832,1.5051
67.776,6.0712,3.9943,1.4013,14.0211,2.799,1.5051
67.826,6.073,4.0046,1.4013,14.0218,2.8094,1.5051
67.876,6.0756,4.0201,1.4013,14.0228,2.8252,1.5051
67.927,6.0774,4.0305,1.4013,14.0235,2.8356,1.5051
67.977,6.0792,4.0408,1.4013,14.0242,2.8461,1.5051
68.027,6.0818,4.0564,1.4013,14.0252,2.8618,1.5051
68.077,6.0836,4.0667,1.4013,14.0259,2.8723,1.5051
68.127,6.0862,4.0822,1.4013,14.0269,2.888,1.5051
68.178,6.088,4.0926,1.4013,14.0276,2.8985,1.5051
68.228,6.0898,4.1029,1.4013,14.0283,2.909,1.5051
68.278,6.0916,4.1133,1.4013,14.029,2.9195,1.5051
68.328,6.0942,4.1288,1.4013,14.03,2.9352,1.5051
68.379,6.096,4.1392,1.4013,14.0307,2.9456,1.5051
68.429,6.0986,4.1547,1.4013,14.0318,2.9614,1.5051
68.479,6.1004,4.165,1.4013,14.0325,2.9718,1.5051
68.529,6.1022,4.1754,1.4013,14.0331,2.9823,1.5051
68.58,6.1048,4.1909,1.4013,14.0342,2.998,1.5051
68.63,6.1066,4.2013,1.4013,14.0349,3.0085,1.5051
68.68,6.1093,4.2168,1.4013,14.0359,3.0242,1.5051
68.73,6.111,4.2271,1.4013,14.0366,3.0347,1.5051
68.781,6.1128,4.2375,1.4013,14.0373,3.0452,1.5051
68.831,6.1155,4.253,1.4013,14.0383,3.0609,1.5051
68.881,6.1172,4.2634,1.4013,14.039,3.0714,1.5051
68.931,6.1199,4.2789,1.4013,14.04,3.0871,1.5051
68.981,6.1217,4.2892,1.4013,14.0407,3.0976,1.5051
69.032,6.1234,4.2996,1.4013,14.0414,3.108,1.5051
69.082,6.1261,4.3151,1.4013,14.0424,3.1238,1.5051
69.132,6.1279,4.3254,1.4013,14.0431,3.1342,1.5051
69.182,6.1305,4.341,1.4013,14.0442,3.15,1.5051
69.233,6.1323,4.3513,1.4013,14.0449,3.1604,1.5051
69.283,6.1341,4.3617,1.4013,14.0455,3.1709,1.5051
69.333,6.1367,4.3772,1.4013,14.0466,3.1866,1.5051
69.383,6.1385,4.3875,1.4013,14.0473,3.1971,1.5051
69.434,6.1403,4.3979,1.4013,14.048,3.2076,1.5051
69.484,6.1429,4.4134,1.4013,14.049,3.2233,1.5051
69.534,6.1447,4.4238,1.4013,14.0497,3.2338,1.5051
69.584,6.1473,4.4393,1.4013,14.0507,3.2495,1.5051
69.635,6.1491,4.4496,1.4013,14.0514,3.26,1.5051
69.685,6.1509,4.46,1.4013,14.0521,3.2704,1.5051
69.735,6.1535,4.4755,1.4013,14.0531,3.2862,1.5051
69.785,6.1553,4.4859,1.4013,14.0538,3.2966,1.5051
69.836,6.158,4.5014,1.4013,14.0548,3.3124,1.5051
69.886,6.1597,4.5117,1.4013,14.0555,3.3228,1.5051
69.936,6.1615,4.5221,1.4013,14.0562,3.3333,1.5051
69.986,6.1642,4.5376,1.4013,14.0573,3.349,1.5051
70.037,6.1659,4.548,1.4013,14.0579,3.3595,1.5051
70.087,6.1686,4.5635,1.4013,14.059,3.3752,1.5051
70.137,6.1704,4.5738,1.4013,14.0597,3.3857,1.5051
70.187,6.1721,4.5842,1.4013,14.0604,3.3962,1.5051
70.238,6.1748,4.5997,1.4013,14.0614,3.4119,1.5051
70.288,6.1766,4.6101,1.4013,14.0621,3.4224,1.5051
70.338,6.1792,4.6256,1.4013,14.0631,3.4381,1.5051
70.388,6.181,4.6359,1.4013,14.0638,3.4486,1.5051
70.438,6.1828,4.6463,1.4013,14.0645,3.459,1.5051
70.488,6.1854,4.6618,1.4013,14.0655,3.4748,1.5051
70.539,6.1872,4.6722,1.4013,14.0662,3.4852,1.5051
70.589,6.1899,4.6877,1.4013,14.0669,3.4957,1.5051
70.639,6.1916,4.698,1.4013,14.0679,3.5114,1.5051
70.69,6.1934,4.7084,1.4013,14.0686,3.5219,1.5051
70.74,6.1961,4.7239,1.4013,14.0697,3.5376,1.5051
70.79,6.1978,4.7343,1.4013,14.0703,3.5481,1.5051
70.84,6.1996,4.7446,1.4013,14.071,3.5586,1.5051
70.89,6.2023,4.7601,1.4013,14.0721,3.5743,1.5051
70.941,6.204,4.7705,1.4013,14.0728,3.5848,1.5051
70.991,6.2067,4.786,1.4013,14.0738,3.6005,1.5051
71.041,6.2085,4.7964,1.4013,14.0745,3.611,1.5051
71.091,6.2102,4.8067,1.4013,14.0752,3.6214,1.5051
71.142,6.2129,4.8222,1.4013,14.0762,3.6372,1.5051
71.192,6.2147,4.8326,1.4013,14.0769,3.6476,1.5051
71.242,6.2173,4.8481,1.4013,14.0779,3.6633,1.5051
71.292,6.2191,4.8584,1.4013,14.0786,3.6738,1.5051
71.343,6.2209,4.8688,1.4013,14.0793,3.6843,1.5051
71.393,6.2235,4.8843,1.4013,14.0803,3.7,1.5051
71.443,6.2253,4.8947,1.4013,14.081,3.7105,1.5051
71.493,6.2279,4.9102,1.4013,14.082,3.7262,1.5051
71.544,6.2297,4.9205,1.4013,14.0827,3.7367,1.5051
71.594,6.2315,4.9309,1.4013,14.0834,3.7472,1.5051
71.644,6.2341,4.9464,1.4013,14.0845,3.7629,1.5051
71.694,6.2359,4.9568,1.4013,14.0851,3.7734,1.5051
71.745,6.2386,4.9723,1.4013,14.0862,3.7891,1.5051
71.795,6.2403,4.9826,1.4013,14.0869,3.7996,1.5051
71.845,6.2421,4.993,1.4013,14.0876,3.81,1.5051
71.895,6.2448,5.0085,1.4013,14.0886,3.8257,1.5051
71.946,6.2465,5.0189,1.4013,14.0893,3.8362,1.5051
71.996,6.2492,5.0344,1.4013,14.0903,3.8519,1.5051
72.046,6.251,5.0447,1.4013,14.091,3.8624,1.5051
72.096,6.2527,5.0551,1.4013,14.0917,3.8729,1.5051
72.147,6.2554,5.0706,1.4013,14.0927,3.8886,1.5051
72.197,6.2572,5.081,1.4013,14.0934,3.8991,1.5051
72.247,6.2589,5.0913,1.4013,14.0941,3.9096,1.5051
72.297,6.2616,5.1068,1.4013,14.0951,3.9253,1.5051
72.348,6.2634,5.1172,1.4013,14.0958,3.9358,1.5051
72.398,6.266,5.1327,1.4013,14.0969,3.9515,1.5051
72.448,6.2678,5.1431,1.4013,14.0975,3.962,1.5051
72.499,6.2696,5.1534,1.4013,14.0982,3.9724,1.5051
72.549,6.2722,5.1689,1.4013,14.0993,3.9881,1.5051
72.599,6.274,5.1793,1.4013,14.1,3.9986,1.5051
72.649,6.2766,5.1948,1.4013,14.101,4.0143,1.5051
72.7,6.2784,5.2052,1.4013,14.1017,4.0248,1.5051
72.75,6.2802,5.2155,1.4013,14.1024,4.0353,1.5051
72.8,6.2828,5.231,1.4013,14.1034,4.051,1.5051
72.851,6.2846,5.2414,1.4013,14.1041,4.0615,1.5051
72.901,6.2873,5.2569,1.4013,14.1051,4.0772,1.5051
72.951,6.289,5.2673,1.4013,14.1058,4.0877,1.5051
73.001,6.2908,5.2776,1.4013,14.1065,4.0982,1.5051
73.052,6.2935,5.2931,1.4013,14.1075,4.1139,1.5051
73.102,6.2952,5.3035,1.4013,14.1082,4.1243,1.5051
73.152,6.2979,5.319,1.4013,14.1093,4.1401,1.5051
73.203,6.2997,5.3294,1.4013,14.1099,4.1505,1.5051
73.253,6.3014,5.3397,1.4013,14.1106,4.161,1.5051
73.303,6.3041,5.3552,1.4013,14.1117,4.1767,1.5051
73.353,6.3059,5.3656,1.4013,14.1124,4.1872,1.5051
73.404,6.3085,5.3811,1.4013,14.1134,4.2029,1.5051
73.454,6.3103,5.3915,1.4013,14.1141,4.2134,1.5051
73.504,6.3121,5.4018,1.4013,14.1148,4.2239,1.5051
73.554,6.3147,5.4173,1.4013,14.1158,4.2396,1.5051
73.605,6.3164,5.427,1.402,14.1163,4.2475,1.5141
73.655,6.3172,5.4321,1.416,14.1165,4.2506,1.5393
73.705,6.3179,5.4368,1.4493,14.1165,4.2553,1.5771
73.755,6.3182,5.44,1.4715,14.1165,4.2585,1.6023
73.805,6.3186,5.4447,1.5049,14.1162,4.2632,1.6401
73.856,6.3188,5.4478,1.5271,14.116,4.2663,1.6653
73.906,6.3189,5.451,1.5493,14.1156,4.2695,1.6905
73.956,6.3189,5.4557,1.5826,14.115,4.2741,1.7283
74.006,6.3188,5.4588,1.6048,14.1144,4.2773,1.7535
74.057,6.3186,5.4636,1.6381,14.1135,4.2819,1.7913
74.107,6.3184,5.4667,1.6603,14.1128,4.2849,1.8165
74.157,6.3181,5.4698,1.6825,14.112,4.288,1.8417
74.208,6.3175,5.4745,1.7158,14.1106,4.2925,1.8795
74.258,6.317,5.4776,1.738,14.1096,4.2955,1.9047
74.308,6.3161,5.4823,1.7713,14.108,4.2999,1.9425
74.358,6.3154,5.4854,1.7936,14.1068,4.3029,1.9677
74.408,6.3147,5.4885,1.8161,14.1055,4.3058,1.9929
74.459,6.3134,5.4932,1.8501,14.1035,4.31,2.0307
74.509,6.3125,5.4964,1.873,14.1021,4.3128,2.0559
74.559,6.3109,5.5013,1.9081,14.0998,4.317,2.0937
74.609,6.3096,5.5047,1.932,14.0982,4.3197,2.1189
74.66,6.3083,5.5081,1.9564,14.0965,4.3223,2.1441
74.71,6.306,5.5135,1.9939,14.0939,4.3263,2.1819
74.76,6.3044,5.517,2.0191,14.092,4.3288,2.2071
74.81,6.3017,5.5222,2.0569,14.0892,4.3326,2.2449
74.861,6.2999,5.5257,2.0821,14.0872,4.335,2.2701
74.911,6.2979,5.529,2.1073,14.0851,4.3374,2.2953
74.961,6.2948,5.534,2.1451,14.0819,4.3409,2.3331
75.011,6.2927,5.5373,2.1703,14.0797,4.3431,2.3583
75.061,6.2904,5.5405,2.1955,14.0775,4.3453,2.3835
75.112,6.2869,5.5452,2.2333,14.074,4.3485,2.4213
75.162,6.2845,5.5482,2.2585,14.0716,4.3505,2.4465
75.212,6.2807,5.5527,2.2963,14.0678,4.3536,2.4843
75.262,6.2779,5.5558,2.3214,14.065,4.3556,2.5095
75.313,6.275,5.5589,2.3466,14.062,4.3578,2.5347
75.363,6.2704,5.5638,2.3842,14.0571,4.3611,2.5725
75.413,6.2672,5.5671,2.4093,14.0535,4.3633,2.5977
75.463,6.2622,5.5721,2.4464,14.0477,4.3667,2.6355
75.514,6.2587,5.5754,2.4708,14.0435,4.3689,2.6607
75.564,6.2551,5.5787,2.4949,14.039,4.3712,2.6859
75.614,6.2493,5.5837,2.531,14.0319,4.3745,2.7237
75.664,6.2452,5.5869,2.5549,14.0268,4.3767,2.7489
75.714,6.2384,5.5917,2.5909,14.0188,4.3798,2.7867
75.765,6.2336,5.5949,2.6147,14.0131,4.3819,2.8119
75.815,6.2285,5.598,2.6384,14.0071,4.3838,2.8371
75.865,6.2203,5.6027,2.6736,13.9978,4.3866,2.8749
75.916,6.2145,5.6057,2.6969,13.9913,4.3883,2.9001
75.966,6.2053,5.6101,2.7319,13.981,4.3906,2.9379
76.016,6.1989,5.613,2.7548,13.9738,4.392,2.9624
76.066,6.1924,5.6157,2.7773,13.9665,4.3932,2.9854
76.117,6.1824,5.6197,2.8093,13.955,4.3948,3.0174
76.167,6.1754,5.6223,2.8292,13.9471,4.3957,3.037
76.217,6.1643,5.6261,2.8561,13.9349,4.3968,3.0635
76.267,6.1566,5.6285,2.8725,13.9265,4.3974,3.0797
76.318,6.1487,5.6308,2.8877,13.9179,4.3979,3.0945
76.368,6.1366,5.6341,2.9084,13.9049,4.3984,3.115
76.418,6.1283,5.6362,2.9211,13.896,4.3986,3.1275
76.468,6.1198,5.6381,2.933,13.887,4.3986,3.139
76.518,6.1067,5.6409,2.9495,13.8733,4.3986,3.1549
76.569,6.0978,5.6427,2.9598,13.8641,4.3984,3.1645
76.619,6.084,5.6451,2.9744,13.85,4.398,3.1775
76.669,6.0746,5.6467,2.9835,13.8405,4.3976,3.1853
76.719,6.0652,5.6482,2.9917,13.831,4.3971,3.1924
76.77,6.0508,5.6502,3.0029,13.8165,4.3963,3.2021
76.82,6.0412,5.6516,3.0096,13.8068,4.3957,3.208
76.87,6.0266,5.6534,3.0186,13.7921,4.3947,3.2157
76.92,6.0167,5.6546,3.0239,13.7822,4.3939,3.2203
76.971,6.0069,5.6558,3.0288,13.7723,4.3931,3.2246
77.021,5.9919,5.6574,3.0354,13.7573,4.3918,3.2303
77.071,5.9819,5.6585,3.0394,13.7473,4.3909,3.2338
77.121,5.9669,5.66,3.0447,13.7323,4.3895,3.2383
77.171,5.9568,5.6609,3.0479,13.7222,4.3885,3.2411
77.222,5.9466,5.6619,3.0508,13.712,4.3875,3.2436
77.272,5.9314,5.6632,3.0547,13.6968,4.3859,3.247
77.322,5.9212,5.6641,3.0571,13.6866,4.3848,3.249
77.372,5.9059,5.6654,3.0602,13.6713,4.3831,3.2517
77.423,5.8956,5.6662,3.0621,13.6611,4.382,3.2534
77.473,5.8853,5.667,3.0638,13.6509,4.3808,3.2549
77.523,5.8699,5.6682,3.0661,13.6355,4.3791,3.2569
77.573,5.8596,5.669,3.0675,13.6252,4.3779,3.2581
77.624,5.8492,5.6697,3.0688,13.6149,4.3767,3.2591
77.674,5.8337,5.6709,3.0705,13.5995,4.3748,3.2606
77.724,5.8234,5.6716,3.0714,13.5892,4.3736,3.2615
77.774,5.813,5.6723,3.0722,13.5788,4.3723,3.2624
77.825,5.7975,5.6734,3.0733,13.5634,4.3705,3.2635
77.875,5.7871,5.6741,3.074,13.553,4.3692,3.2642
77.925,5.7716,5.6751,3.075,13.5375,4.3673,3.2651
77.975,5.7612,5.6758,3.0755,13.5272,4.366,3.2657
78.025,5.7508,5.6765,3.0761,13.5168,4.3647,3.2662
78.076,5.7352,5.6775,3.0768,13.5013,4.3627,3.2669
78.126,5.7248,5.6782,3.0772,13.4909,4.3614,3.2674
78.176,5.7092,5.6792,3.0778,13.4754,4.3595,3.2679
78.226,5.6987,5.6799,3.0781,13.465,4.3581,3.2683
78.277,5.6883,5.6805,3.0784,13.4546,4.3568,3.2686
78.327,5.6726,5.6815,3.0789,13.4391,4.3548,3.2691
78.377,5.6622,5.6822,3.0791,13.4287,4.3535,3.2694
78.427,5.6465,5.6831,3.0795,13.4131,4.3515,3.2698
78.477,5.6361,5.6838,3.0797,13.4027,4.3501,3.27
78.528,5.6256,5.6844,3.0799,13.3924,4.3488,3.2703
78.578,5.61,5.6854,3.0802,13.3768,4.3468,3.2706
78.628,5.5995,5.686,3.0804,13.3664,4.3454,3.2708
78.678,5.5838,5.687,3.0807,13.3508,4.3434,3.271
78.729,5.5734,5.6876,3.0809,13.3404,4.3421,3.2712
78.779,5.5629,5.6883,3.081,13.33,4.3407,3.2713
78.829,5.5472,5.6892,3.0813,13.3144,4.3387,3.2715
78.879,5.5368,5.6899,3.0814,13.304,4.3373,3.2717
78.929,5.5263,5.6905,3.0815,13.2936,4.3359,3.2718
78.98,5.5106,5.6914,3.0817,13.278,4.3339,3.2719
79.03,5.5001,5.6921,3.0818,13.2676,4.3325,3.272
79.08,5.4844,5.693,3.0819,13.252,4.3305,3.2721
79.13,5.4739,5.6936,3.082,13.2416,4.3291,3.2722
79.181,5.4635,5.6942,3.0821,13.2312,4.3278,3.2723
79.231,5.4478,5.6952,3.0822,13.2156,4.3257,3.2724
79.281,5.4373,5.6958,3.0822,13.2052,4.3243,3.2724
79.331,5.4216,5.6967,3.0823,13.1896,4.3223,3.2725
79.381,5.4111,5.6974,3.0824,13.1792,4.3209,3.2725
79.432,5.4006,5.698,3.0824,13.1688,4.3195,3.2726
79.482,5.3849,5.6989,3.0825,13.1532,4.3175,3.2726
79.532,5.3744,5.6995,3.0825,13.1428,4.3161,3.2726
79.582,5.3587,5.7005,3.0826,13.1272,4.3141,3.2727
79.632,5.3482,5.7011,3.0826,13.1168,4.3127,3.2727
79.683,5.3377,5.7017,3.0826,13.1064,4.3113,3.2727
79.733,5.322,5.7026,3.0826,13.0908,4.3093,3.2728
79.783,5.3116,5.7032,3.0827,13.0804,4.3079,3.2728
79.833,5.2958,5.7042,3.0827,13.0647,4.3058,3.2728
79.884,5.2854,5.7048,3.0827,13.0543,4.3044,3.2728
79.934,5.2749,5.7054,3.0827,13.0439,4.3031,3.2728
79.984,5.2592,5.7063,3.0827,13.0283,4.301,3.2729
80.034,5.2487,5.707,3.0828,13.0179,4.2996,3.2729
80.085,5.2382,5.7076,3.0828,13.0075,4.2983,3.2729
80.135,5.2225,5.7085,3.0828,12.9919,4.2962,3.2729
80.185,5.212,5.7091,3.0828,12.9815,4.2948,3.2729
80.235,5.1963,5.71,3.0828,12.9659,4.2928,3.2729
80.286,5.1858,5.7107,3.0828,12.9555,4.2914,3.2729
80.336,5.1753,5.7113,3.0828,12.945,4.29,3.2729
80.386,5.1596,5.7122,3.0828,12.9294,4.288,3.2729
80.436,5.1491,5.7128,3.0828,12.919,4.2866,3.273
80.487,5.1334,5.7137,3.0828,12.9034,4.2845,3.273
80.537,5.1229,5.7144,3.0828,12.893,4.2831,3.273
80.587,5.1124,5.715,3.0829,12.8826,4.2818,3.273
80.637,5.0967,5.7159,3.0829,12.867,4.2797,3.273
80.688,5.0862,5.7165,3.0829,12.8566,4.2783,3.273
80.738,5.0705,5.7174,3.0829,12.841,4.2763,3.273
80.788,5.06,5.7181,3.0829,12.8305,4.2749,3.273
80.838,5.0495,5.7187,3.0829,12.8201,4.2735,3.273
80.888,5.0338,5.7196,3.0829,12.8045,4.2714,3.273
80.939,5.0233,5.7202,3.0829,12.7941,4.2701,3.273
80.989,5.0076,5.7211,3.0829,12.7785,4.268,3.273
81.039,4.9971,5.7217,3.0829,12.7681,4.2666,3.273
81.089,4.9866,5.7224,3.0829,12.7577,4.2653,3.273
81.14,4.9709,5.7233,3.0829,12.7421,4.2632,3.273
81.19,4.9604,5.7239,3.0829,12.7317,4.2618,3.273
81.24,4.9447,5.7248,3.0829,12.716,4.2597,3.273
81.29,4.9342,5.7254,3.0829,12.7056,4.2584,3.273
81.341,4.9238,5.7261,3.0829,12.6952,4.257,3.273
81.391,4.908,5.727,3.0829,12.6796,4.2549,3.273
81.441,4.8975,5.7276,3.0829,12.6692,4.2536,3.273
81.491,4.8871,5.7282,3.0829,12.6588,4.2522,3.273
81.542,4.8713,5.7291,3.0829,12.6432,4.2501,3.273
81.592,4.8609,5.7298,3.0829,12.6328,4.2487,3.273
81.642,4.8451,5.7307,3.0829,12.6172,4.2467,3.273
81.692,4.8347,5.7313,3.0829,12.6067,4.2453,3.273
81.743,4.8242,5.7319,3.0829,12.5963,4.2439,3.273
81.793,4.8085,5.7328,3.0829,12.5807,4.2419,3.273
81.843,4.798,5.7335,3.0829,12.5703,4.2405,3.273
81.893,4.7822,5.7344,3.0829,12.5547,4.2384,3.273
81.944,4.7718,5.735,3.0829,12.5443,4.237,3.273
81.994,4.7613,5.7356,3.0829,12.5339,4.2357,3.273
82.044,4.7456,5.7365,3.0829,12.5183,4.2336,3.273
82.094,4.7351,5.7371,3.0829,12.5079,4.2322,3.273
82.144,4.7194,5.7381,3.0829,12.4922,4.2302,3.273
82.195,4.7089,5.7387,3.0829,12.4818,4.2288,3.273
82.245,4.6984,5.7393,3.0829,12.4714,4.2274,3.273
82.295,4.6827,5.7402,3.0829,12.4558,4.2253,3.273
82.345,4.6722,5.7408,3.0829,12.4454,4.224,3.273
82.396,4.6565,5.7418,3.0829,12.4298,4.2219,3.273
82.446,4.646,5.7424,3.0829,12.4194,4.2205,3.273
82.496,4.6355,5.743,3.0829,12.409,4.2192,3.273
82.546,4.6198,5.7439,3.0829,12.3934,4.2171,3.273
82.597,4.6093,5.7445,3.0829,12.3829,4.2157,3.273
82.647,4.5936,5.7455,3.0829,12.3673,4.2137,3.273
82.697,4.5831,5.7461,3.0829,12.3569,4.2123,3.273
82.747,4.5726,5.7467,3.0829,12.3465,4.2109,3.273
82.798,4.5569,5.7476,3.0829,12.3309,4.2088,3.273
82.848,4.5464,5.7482,3.0829,12.3205,4.2075,3.273
82.898,4.5359,5.7488,3.0829,12.3101,4.2061,3.273
82.948,4.5202,5.7498,3.0829,12.2945,4.204,3.273
82.999,4.5097,5.7504,3.0829,12.2841,4.2026,3.273
83.049,4.494,5.7513,3.0829,12.2684,4.2006,3.273
83.099,4.4835,5.7519,3.0829,12.258,4.1992,3.273
83.149,4.473,5.7525,3.0829,12.2476,4.1978,3.273
83.199,4.4573,5.7535,3.0829,12.232,4.1958,3.273
83.25,4.4468,5.7541,3.0829,12.2216,4.1944,3.273
83.3,4.4311,5.755,3.0829,12.206,4.1923,3.273
83.35,4.4206,5.7556,3.0829,12.1956,4.1909,3.273
83.4,4.4101,5.7562,3.0829,12.1852,4.1896,3.273
83.451,4.3944,5.7572,3.0829,12.1696,4.1875,3.273
83.501,4.3839,5.7578,3.0829,12.1591,4.1861,3.273
83.551,4.3682,5.7587,3.0829,12.1435,4.1841,3.273
83.601,4.3577,5.7593,3.0829,12.1331,4.1827,3.273
83.651,4.3472,5.7599,3.0829,12.1227,4.1813,3.273
83.702,4.3315,5.7609,3.0829,12.1071,4.1792,3.273
83.752,4.321,5.7615,3.0829,12.0967,4.1779,3.273
83.802,4.3053,5.7624,3.0829,12.0811,4.1758,3.273
83.852,4.2948,5.763,3.0829,12.0707,4.1744,3.273
83.903,4.2844,5.7636,3.0829,12.0603,4.1731,3.273
83.953,4.2686,5.7646,3.0829,12.0446,4.171,3.273
84.003,4.2582,5.7652,3.0829,12.0342,4.1696,3.273
84.053,4.2477,5.7658,3.0829,12.0238,4.1682,3.273
84.104,4.2319,5.7667,3.0829,12.0082,4.1662,3.273
84.154,4.2215,5.7673,3.0829,11.9978,4.1648,3.273
84.204,4.2057,5.7682,3.0829,11.9822,4.1627,3.273
84.254,4.1953,5.7689,3.0829,11.9718,4.1614,3.273
84.304,4.1848,5.7695,3.0829,11.9614,4.16,3.273
84.355,4.1691,5.7704,3.0829,11.9457,4.1579,3.273
84.405,4.1586,5.771,3.0829,11.9353,4.1565,3.273
84.455,4.1429,5.7719,3.0829,11.9197,4.1545,3.273
84.506,4.1324,5.7726,3.0829,11.9093,4.1531,3.273
84.556,4.1219,5.7732,3.0829,11.8989,4.1517,3.273
84.606,4.1062,5.7741,3.0829,11.8833,4.1497,3.273
84.656,4.0957,5.7747,3.0829,11.8729,4.1483,3.273
84.707,4.08,5.7756,3.0829,11.8573,4.1462,3.273
84.757,4.0695,5.7763,3.0829,11.8469,4.1448,3.273
84.807,4.059,5.7769,3.0829,11.8365,4.1435,3.273
84.857,4.0433,5.7778,3.0829,11.8208,4.1414,3.273
84.908,4.0328,5.7784,3.0829,11.8104,4.14,3.273
84.958,4.0171,5.7793,3.0829,11.7948,4.138,3.273
85.008,4.0066,5.7799,3.0829,11.7844,4.1366,3.273
85.058,3.9961,5.7806,3.0829,11.774,4.1352,3.273
85.109,3.9804,5.7815,3.0829,11.7584,4.1331,3.273
85.159,3.9699,5.7821,3.0829,11.748,4.1318,3.273
85.209,3.9594,5.7827,3.0829,11.7376,4.1304,3.273
85.259,3.9437,5.7836,3.0829,11.7219,4.1283,3.273
85.31,3.9332,5.7843,3.0829,11.7115,4.127,3.273
85.36,3.9175,5.7852,3.0829,11.6959,4.1249,3.273
85.41,3.907,5.7858,3.0829,11.6855,4.1235,3.273
85.46,3.8965,5.7864,3.0829,11.6751,4.1221,3.273
85.51,3.8808,5.7873,3.0829,11.6595,4.1201,3.273
85.561,3.8703,5.788,3.0829,11.6491,4.1187,3.273
85.611,3.8546,5.7889,3.0829,11.6335,4.1166,3.273
85.661,3.8441,5.7895,3.0829,11.6231,4.1153,3.273
85.711,3.8336,5.7901,3.0829,11.6126,4.1139,3.273
85.762,3.8179,5.791,3.0829,11.597,4.1118,3.273
85.812,3.8074,5.7916,3.0829,11.5866,4.1104,3.273
85.862,3.7917,5.7926,3.0829,11.571,4.1084,3.273
85.912,3.7812,5.7932,3.0829,11.5606,4.107,3.273
85.963,3.7707,5.7938,3.0829,11.5502,4.1056,3.273
86.013,3.755,5.7947,3.0829,11.5346,4.1036,3.273
86.063,3.7445,5.7953,3.0829,11.5242,4.1022,3.273
86.113,3.7288,5.7963,3.0829,11.5086,4.1001,3.273
86.164,3.7183,5.7969,3.0829,11.4981,4.0987,3.273
86.214,3.7079,5.7975,3.0829,11.4877,4.0974,3.273
86.264,3.6921,5.7984,3.0829,11.4721,4.0953,3.273
86.314,3.6816,5.799,3.0829,11.4617,4.0939,3.273
86.364,3.6659,5.8,3.0829,11.4461,4.0919,3.273
86.415,3.6554,5.8006,3.0829,11.4357,4.0905,3.273
86.465,3.645,5.8012,3.0829,11.4253,4.0891,3.273
86.515,3.6292,5.8021,3.0829,11.4097,4.087,3.273
86.565,3.6188,5.8027,3.0829,11.3993,4.0857,3.273
86.616,3.6083,5.8033,3.0829,11.3888,4.0843,3.273
86.666,3.5926,5.8043,3.0829,11.3732,4.0822,3.273
86.716,3.5821,5.8049,3.0829,11.3628,4.0809,3.273
86.767,3.5663,5.8058,3.0829,11.3472,4.0788,3.273
86.817,3.5559,5.8064,3.0829,11.3368,4.0774,3.273
86.867,3.5454,5.807,3.0829,11.3264,4.076,3.273
86.917,3.5297,5.808,3.0829,11.3108,4.074,3.273
86.968,3.5192,5.8086,3.0829,11.3004,4.0726,3.273
87.018,3.5035,5.8095,3.0829,11.2848,4.0705,3.273
87.068,3.493,5.8101,3.0829,11.2743,4.0692,3.273
87.118,3.4825,5.8107,3.0829,11.2639,4.0678,3.273
87.169,3.4668,5.8117,3.0829,11.2483,4.0657,3.273
87.219,3.4563,5.8123,3.0829,11.2379,4.0643,3.273
87.269,3.4406,5.8132,3.0829,11.2223,4.0623,3.273
87.319,3.4301,5.8138,3.0829,11.2119,4.0609,3.273
87.37,3.4196,5.8144,3.0829,11.2015,4.0595,3.273
87.42,3.4039,5.8154,3.0829,11.1859,4.0575,3.273
87.47,3.3934,5.816,3.0829,11.1755,4.0561,3.273
87.521,3.3777,5.8169,3.0829,11.1598,4.054,3.273
87.571,3.3672,5.8175,3.0829,11.1494,4.0526,3.273
87.621,3.3567,5.8181,3.0829,11.139,4.0513,3.273
87.671,3.341,5.819,3.0829,11.1234,4.0492,3.273
87.721,3.3305,5.8197,3.0829,11.113,4.0478,3.273
87.772,3.3148,5.8206,3.0829,11.0974,4.0458,3.273
87.822,3.3043,5.8212,3.0829,11.087,4.0444,3.273
87.872,3.2938,5.8218,3.0829,11.0766,4.043,3.273
87.922,3.2781,5.8227,3.0829,11.0609,4.0409,3.273
87.973,3.2676,5.8234,3.0829,11.0505,4.0396,3.273
88.023,3.2571,5.824,3.0829,11.0401,4.0382,3.273
88.073,3.2414,5.8249,3.0829,11.0245,4.0361,3.273
88.123,3.2309,5.8255,3.0829,11.0141,4.0348,3.273
88.174,3.2152,5.8264,3.0829,10.9985,4.0327,3.273
88.224,3.2047,5.8271,3.0829,10.9881,4.0313,3.273
88.274,3.1942,5.8277,3.0829,10.9777,4.0299,3.273
88.324,3.1785,5.8286,3.0829,10.9621,4.0279,3.273
88.374,3.168,5.8292,3.0829,10.9516,4.0265,3.273
88.425,3.1523,5.8301,3.0829,10.936,4.0244,3.273
88.475,3.1418,5.8307,3.0829,10.9256,4.0231,3.273
88.525,3.1313,5.8314,3.0829,10.9152,4.0217,3.273
88.575,3.1156,5.8323,3.0829,10.8996,4.0196,3.273
88.626,3.1051,5.8329,3.0829,10.8892,4.0182,3.273
88.676,3.0894,5.8338,3.0829,10.8736,4.0162,3.273
88.726,3.0789,5.8344,3.0829,10.8632,4.0148,3.273
88.776,3.0685,5.8351,3.0829,10.8528,4.0134,3.273
88.827,3.0527,5.836,3.0829,10.8371,4.0114,3.273
88.877,3.0422,5.8366,3.0829,10.8267,4.01,3.273
88.927,3.0265,5.8375,3.0829,10.8111,4.0079,3.273
88.977,3.016,5.8381,3.0829,10.8007,4.0065,3.273
89.028,3.0056,5.8388,3.0829,10.7903,4.0052,3.273
89.078,2.9898,5.8397,3.0829,10.7747,4.0031,3.273
89.128,2.9794,5.8403,3.0829,10.7643,4.0017,3.273
89.178,2.9689,5.8409,3.0829,10.7539,4.0003,3.273
89.229,2.9532,5.8418,3.0829,10.7383,3.9983,3.273
89.279,2.9427,5.8424,3.0829,10.7278,3.9969,3.273
89.329,2.9269,5.8434,3.0829,10.7122,3.9948,3.273
89.379,2.9165,5.844,3.0829,10.7018,3.9935,3.273
89.43,2.906,5.8446,3.0829,10.6914,3.9921,3.273
89.48,2.8903,5.8455,3.0829,10.6758,3.99,3.273
89.53,2.8798,5.8461,3.0829,10.6654,3.9887,3.273
89.58,2.8641,5.8471,3.0829,10.6498,3.9866,3.273
89.631,2.8536,5.8477,3.0829,10.6394,3.9852,3.273
89.681,2.8431,5.8483,3.0829,10.629,3.9838,3.273
89.731,2.8274,5.8492,3.0829,10.6133,3.9818,3.273
89.781,2.8169,5.8498,3.0829,10.6029,3.9804,3.273
89.832,2.8012,5.8508,3.0829,10.5873,3.9783,3.273
89.882,2.7907,5.8514,3.0829,10.5769,3.977,3.273
89.932,2.7802,5.852,3.0829,10.5665,3.9756,3.273
89.982,2.7645,5.8529,3.0829,10.5509,3.9735,3.273
90.033,2.754,5.8535,3.0829,10.5405,3.9721,3.273
90.083,2.7383,5.8545,3.0829,10.5249,3.9701,3.273
90.133,2.7278,5.8551,3.0829,10.5145,3.9687,3.273
90.183,2.7173,5.8557,3.0829,10.504,3.9673,3.273
90.234,2.7016,5.8566,3.0829,10.4884,3.9653,3.273
90.284,2.6911,5.8572,3.0829,10.478,3.9639,3.273
90.334,2.6754,5.8582,3.0829,10.4624,3.9618,3.273
90.384,2.6649,5.8588,3.0829,10.452,3.9604,3.273
90.434,2.6544,5.8594,3.0829,10.4416,3.9591,3.273
90.485,2.6387,5.8603,3.0829,10.426,3.957,3.273
90.535,2.6282,5.8609,3.0829,10.4156,3.9556,3.273
90.585,2.6125,5.8618,3.0829,10.3999,3.9536,3.273
90.635,2.602,5.8625,3.0829,10.3895,3.9522,3.273
90.686,2.5915,5.8631,3.0829,10.3791,3.9508,3.273
90.736,2.5758,5.864,3.0829,10.3635,3.9487,3.273
90.786,2.5653,5.8646,3.0829,10.3531,3.9474,3.273
90.836,2.5548,5.8652,3.0829,10.3427,3.946,3.273
90.887,2.5391,5.8662,3.0829,10.3271,3.9439,3.273
90.937,2.5286,5.8668,3.0829,10.3167,3.9425,3.273
90.987,2.5129,5.8677,3.0829,10.3011,3.9405,3.273
91.037,2.5024,5.8683,3.0829,10.2907,3.9391,3.273
91.088,2.4919,5.8689,3.0829,10.2802,3.9377,3.273
91.138,2.4762,5.8699,3.0829,10.2646,3.9357,3.273
91.188,2.4657,5.8705,3.0829,10.2542,3.9343,3.273
91.238,2.45,5.8714,3.0829,10.2386,3.9322,3.273
91.289,2.4395,5.872,3.0829,10.2282,3.9309,3.273
91.339,2.4291,5.8726,3.0829,10.2178,3.9295,3.273
91.389,2.4133,5.8735,3.0829,10.2022,3.9274,3.273
91.439,2.4029,5.8742,3.0829,10.1918,3.926,3.273
91.49,2.3871,5.8751,3.0829,10.1761,3.924,3.273
91.54,2.3766,5.8757,3.0829,10.1657,3.9226,3.273
91.59,2.3662,5.8763,3.0829,10.1553,3.9212,3.273
91.64,2.3504,5.8772,3.0829,10.1397,3.9192,3.273
91.691,2.34,5.8779,3.0829,10.1293,3.9178,3.273
91.741,2.3242,5.8788,3.0829,10.1189,3.9164,3.273
91.791,2.3138,5.8794,3.0829,10.1033,3.9143,3.273
91.841,2.3033,5.88,3.0829,10.0929,3.913,3.273
91.892,2.2876,5.8809,3.0829,10.0773,3.9109,3.273
91.942,2.2771,5.8816,3.0829,10.0668,3.9095,3.273
91.992,2.2613,5.8825,3.0829,10.0512,3.9075,3.273
92.042,2.2509,5.8831,3.0829,10.0408,3.9061,3.273
92.093,2.2404,5.8837,3.0829,10.0304,3.9047,3.273
92.143,2.2247,5.8846,3.0829,10.0148,3.9026,3.273
92.193,2.2142,5.8852,3.0829,10.0044,3.9013,3.273
92.243,2.2037,5.8859,3.0829,9.994,3.8999,3.273
92.294,2.188,5.8868,3.0829,9.9784,3.8978,3.273
92.344,2.1775,5.8874,3.0829,9.968,3.8964,3.273
92.394,2.1618,5.8883,3.0829,9.9523,3.8944,3.273
92.444,2.1513,5.8889,3.0829,9.9419,3.893,3.273
92.495,2.1408,5.8896,3.0829,9.9315,3.8916,3.273
92.545,2.1251,5.8905,3.0829,9.9159,3.8896,3.273
92.595,2.1146,5.8911,3.0829,9.9055,3.8882,3.273
92.645,2.0989,5.892,3.0829,9.8899,3.8861,3.273
92.696,2.0884,5.8926,3.0829,9.8795,3.8848,3.273
92.746,2.0779,5.8933,3.0829,9.8691,3.8834,3.273
92.796,2.0622,5.8942,3.0829,9.8535,3.8813,3.273
92.846,2.0517,5.8948,3.0829,9.843,3.8799,3.273
92.896,2.036,5.8957,3.0829,9.8274,3.8779,3.273
92.947,2.0255,5.8963,3.0829,9.817,3.8765,3.273
92.997,2.015,5.8969,3.0829,9.8066,3.8751,3.273
93.047,1.9993,5.8979,3.0829,9.791,3.8731,3.273
93.097,1.9888,5.8985,3.0829,9.7806,3.8717,3.273
93.148,1.9731,5.8994,3.0829,9.765,3.8696,3.273
93.198,1.9626,5.9,3.0829,9.7546,3.8682,3.273
93.248,1.9521,5.9006,3.0829,9.7442,3.8669,3.273
93.298,1.9364,5.9016,3.0829,9.7285,3.8648,3.273
93.349,1.9259,5.9022,3.0829,9.7181,3.8634,3.273
93.399,1.9102,5.9031,3.0829,9.7025,3.8614,3.273
93.449,1.8997,5.9037,3.0829,9.6921,3.86,3.273
93.499,1.8892,5.9043,3.0829,9.6817,3.8586,3.273
93.55,1.8735,5.9053,3.0829,9.6661,3.8565,3.273
93.6,1.863,5.9059,3.0829,9.6557,3.8552,3.273
93.65,1.8526,5.9065,3.0829,9.6453,3.8538,3.273
93.7,1.8368,5.9074,3.0829,9.6297,3.8517,3.273
93.751,1.8263,5.908,3.0829,9.6192,3.8503,3.273
93.801,1.8106,5.909,3.0829,9.6036,3.8483,3.273
93.851,1.8001,5.9096,3.0829,9.5932,3.8469,3.273
93.901,1.7897,5.9102,3.0829,9.5828,3.8455,3.273
93.952,1.7739,5.9111,3.0829,9.5672,3.8435,3.273
94.002,1.7635,5.9117,3.0829,9.5568,3.8421,3.273
94.052,1.7477,5.9126,3.0829,9.5412,3.84,3.273
94.102,1.7372,5.9133,3.0829,9.5308,3.8387,3.273
94.153,1.7268,5.9139,3.0829,9.5204,3.8373,3.273
94.203,1.711,5.9148,3.0829,9.5047,3.8352,3.273
94.253,1.7006,5.9154,3.0829,9.4943,3.8338,3.273
94.303,1.6848,5.9163,3.0829,9.4787,3.8318,3.273
94.353,1.6744,5.917,3.0829,9.4683,3.8304,3.273
94.404,1.6639,5.9176,3.0829,9.4579,3.829,3.273
94.454,1.6482,5.9185,3.0829,9.4423,3.827,3.273
94.504,1.6377,5.9191,3.0829,9.4319,3.8256,3.273
94.554,1.6219,5.92,3.0829,9.4163,3.8235,3.273
94.605,1.6115,5.9207,3.0829,9.4058,3.8221,3.273
94.655,1.601,5.9213,3.0829,9.3954,3.8208,3.273
94.705,1.5853,5.9222,3.0829,9.3798,3.8187,3.273
94.756,1.5748,5.9228,3.0829,9.3694,3.8173,3.273
94.806,1.5591,5.9237,3.0829,9.3538,3.8153,3.273
94.856,1.5486,5.9243,3.0829,9.3434,3.8139,3.273
94.906,1.5381,5.925,3.0829,9.333,3.8125,3.273
94.957,1.5224,5.9259,3.0829,9.3174,3.8104,3.273
95.007,1.5119,5.9265,3.0829,9.307,3.8091,3.273
95.057,1.5014,5.9271,3.0829,9.2966,3.8077,3.273
95.107,1.4857,5.928,3.0829,9.2809,3.8056,3.273
95.158,1.4752,5.9287,3.0829,9.2705,3.8042,3.273
95.208,1.4595,5.9296,3.0829,9.2549,3.8022,3.273
95.258,1.449,5.9302,3.0829,9.2445,3.8008,3.273
95.308,1.4385,5.9308,3.0829,9.2341,3.7994,3.273
95.358,1.4228,5.9317,3.0829,9.2185,3.7974,3.273
95.409,1.4123,5.9324,3.0829,9.2081,3.796,3.273
95.459,1.3966,5.9333,3.0829,9.1925,3.7939,3.273
95.509,1.3861,5.9339,3.0829,9.182,3.7925,3.273
95.559,1.3756,5.9345,3.0829,9.1716,3.7912,3.273
95.61,1.3599,5.9354,3.0829,9.156,3.7891,3.273
95.66,1.3494,5.936,3.0829,9.1456,3.7877,3.273
95.71,1.3337,5.937,3.0829,9.13,3.7857,3.273
95.76,1.3232,5.9376,3.0829,9.1196,3.7843,3.273
95.811,1.3127,5.9382,3.0829,9.1092,3.7829,3.273
95.861,1.297,5.9391,3.0829,9.0936,3.7809,3.273
95.911,1.2865,5.9397,3.0829,9.0832,3.7795,3.273
95.961,1.2708,5.9407,3.0829,9.0675,3.7774,3.273
96.012,1.2603,5.9413,3.0829,9.0571,3.776,3.273
96.062,1.2498,5.9419,3.0829,9.0467,3.7747,3.273
96.112,1.2341,5.9428,3.0829,9.0311,3.7726,3.273
96.162,1.2236,5.9434,3.0829,9.0207,3.7712,3.273
96.213,1.2132,5.9441,3.0829,9.0103,3.7698,3.273
96.263,1.1974,5.945,3.0829,8.9947,3.7678,3.273
96.313,1.1869,5.9456,3.0829,8.9843,3.7664,3.273
96.363,1.1712,5.9465,3.0829,8.9687,3.7643,3.273
96.414,1.1607,5.9471,3.0829,8.9582,3.763,3.273
96.464,1.1503,5.9478,3.0829,8.9478,3.7616,3.273
96.514,1.1345,5.9487,3.0829,8.9322,3.7595,3.273
96.564,1.1241,5.9493,3.0829,8.9218,3.7581,3.273
96.615,1.1083,5.9502,3.0829,8.9062,3.7561,3.273
96.665,1.0979,5.9508,3.0829,8.8958,3.7547,3.273
96.715,1.0874,5.9514,3.0829,8.8854,3.7533,3.273
96.765,1.0716,5.9524,3.0829,8.8698,3.7513,3.273
96.815,1.0612,5.953,3.0829,8.8594,3.7499,3.273
96.866,1.0454,5.9539,3.0829,8.8437,3.7478,3.273
96.916,1.035,5.9545,3.0829,8.8333,3.7464,3.273
96.966,1.0245,5.9551,3.0829,8.8229,3.7451,3.273
97.016,1.0088,5.9561,3.0829,8.8073,3.743,3.273
97.067,0.9983,5.9567,3.0829,8.7969,3.7416,3.273
97.117,0.9826,5.9576,3.0829,8.7813,3.7396,3.273
97.167,0.9721,5.9582,3.0829,8.7709,3.7382,3.273
97.217,0.9616,5.9588,3.0829,8.7605,3.7368,3.273
97.268,0.9459,5.9598,3.0829,8.7449,3.7348,3.273
97.318,0.9354,5.9604,3.0829,8.7344,3.7334,3.273
97.368,0.9249,5.961,3.0829,8.724,3.732,3.273
97.419,0.9092,5.9619,3.0829,8.7084,3.7299,3.273
97.469,0.8987,5.9625,3.0829,8.698,3.7286,3.273
97.519,0.883,5.9635,3.0829,8.6824,3.7265,3.273
97.569,0.8725,5.9641,3.0829,8.672,3.7251,3.273
97.62,0.862,5.9647,3.0829,8.6616,3.7237,3.273
97.67,0.8463,5.9656,3.0829,8.646,3.7217,3.273
97.72,0.8358,5.9662,3.0829,8.6356,3.7203,3.273
97.77,0.8201,5.9671,3.0829,8.6199,3.7182,3.273
97.821,0.8096,5.9678,3.0829,8.6095,3.7169,3.273
97.871,0.7991,5.9684,3.0829,8.5991,3.7155,3.273
97.921,0.7834,5.9693,3.0829,8.5835,3.7134,3.273
97.971,0.7729,5.9699,3.0829,8.5731,3.712,3.273
98.022,0.7624,5.9705,3.0829,8.5627,3.7107,3.273
98.072,0.7519,5.9712,3.0829,8.5523,3.7093,3.273
98.122,0.7362,5.9721,3.0829,8.5367,3.7072,3.273
98.172,0.7257,5.9727,3.0829,8.5263,3.7059,3.273
98.222,0.71,5.9736,3.0829,8.5106,3.7038,3.273
98.273,0.6995,5.9742,3.0829,8.5002,3.7024,3.273
98.323,0.6891,5.9748,3.0829,8.4898,3.701,3.273
98.373,0.6733,5.9758,3.0829,8.4742,3.699,3.273
98.423,0.6629,5.9764,3.0829,8.4638,3.6976,3.273
98.474,0.6471,5.9773,3.0829,8.4482,3.6955,3.273
98.524,0.6366,5.9779,3.0829,8.4378,3.6942,3.273
98.574,0.6262,5.9785,3.0829,8.4274,3.6928,3.273
98.624,0.6104,5.9795,3.0829,8.4117,3.6907,3.273
98.675,0.6,5.9801,3.0829,8.4013,3.6893,3.273
98.725,0.5842,5.981,3.0829,8.3857,3.6873,3.273
98.775,0.5738,5.9816,3.0829,8.3753,3.6859,3.273
98.825,0.5633,5.9822,3.0829,8.3649,3.6845,3.273
98.875,0.5476,5.9832,3.0829,8.3493,3.6825,3.273
98.926,0.5371,5.9838,3.0829,8.3389,3.6811,3.273
98.976,0.5266,5.9844,3.0829,8.3285,3.6797,3.273
99.026,0.5109,5.9853,3.0829,8.3129,3.6776,3.273
99.076,0.5004,5.9859,3.0829,8.3024,3.6763,3.273
99.127,0.4847,5.9869,3.0829,8.2868,3.6742,3.273
99.177,0.4742,5.9875,3.0829,8.2764,3.6728,3.273
99.227,0.4637,5.9881,3.0829,8.266,3.6714,3.273
99.277,0.448,5.989,3.0829,8.2504,3.6694,3.273
99.328,0.4375,5.9896,3.0829,8.24,3.668,3.273
99.378,0.4218,5.9905,3.0829,8.2244,3.6659,3.273
99.428,0.4113,5.9912,3.0829,8.214,3.6646,3.273
99.478,0.4008,5.9918,3.0829,8.2036,3.6632,3.273
99.528,0.3851,5.9927,3.0829,8.1879,3.6611,3.273
99.579,0.3746,5.9933,3.0829,8.1775,3.6598,3.273
99.629,0.3589,5.9942,3.0829,8.1619,3.6577,3.273
99.679,0.3484,5.9949,3.0829,8.1515,3.6563,3.273
99.729,0.3379,5.9955,3.0829,8.1411,3.6549,3.273
99.78,0.3222,5.9964,3.0829,8.1255,3.6529,3.273
99.83,0.3117,5.997,3.0829,8.1151,3.6515,3.273
99.88,0.296,5.9979,3.0829,8.0995,3.6494,3.273
99.93,0.2855,5.9986,3.0829,8.0891,3.6481,3.273
99.98,0.275,5.9992,3.0829,8.0786,3.6467,3.273
100.031,0.2593,6.0001,3.0829,8.063,3.6446,3.273
100.081,0.2488,6.0007,3.0829,8.0526,3.6432,3.273
100.131,0.2383,6.0013,3.0829,8.0422,3.6419,3.273
100.181,0.2226,6.0022,3.0829,8.0266,3.6398,3.273
100.232,0.2121,6.0029,3.0829,8.0162,3.6384,3.273
100.282,0.1964,6.0038,3.0829,8.0006,3.6364,3.273
100.332,0.1859,6.0044,3.0829,7.9902,3.635,3.273
100.382,0.1754,6.005,3.0829,7.9798,3.6336,3.273
100.433,0.1597,6.0059,3.0829,7.9641,3.6315,3.273
100.483,0.1492,6.0066,3.0829,7.9537,3.6302,3.273
100.533,0.1335,6.0075,3.0829,7.9381,3.6281,3.273
100.583,0.123,6.0081,3.0829,7.9277,3.6267,3.273
100.634,0.1126,6.0087,3.0829,7.9173,3.6253,3.273
100.684,0.0968,6.0096,3.0829,7.9017,3.6233,3.273
100.734,0.0863,6.0103,3.0829,7.8913,3.6219,3.273
100.784,0.0706,6.0112,3.0829,7.8757,3.6198,3.273
100.834,0.0601,6.0118,3.0829,7.8653,3.6185,3.273
100.885,0.0497,6.0124,3.0829,7.8548,3.6171,3.273
100.935,0.0339,6.0133,3.0829,7.8392,3.615,3.273
100.985,0.0235,6.0139,3.0829,7.8288,3.6136,3.273
101.035,0.0077,6.0149,3.0829,7.8132,3.6116,3.273
101.086,-0.0027,6.0155,3.0829,7.8028,3.6102,3.273
101.136,-0.0132,6.0161,3.0829,7.7924,3.6088,3.273
101.186,-0.029,6.017,3.0829,7.7768,3.6068,3.273
101.236,-0.0394,6.0176,3.0829,7.7664,3.6054,3.273
101.287,-0.0552,6.0186,3.0829,7.7508,3.6033,3.273
101.337,-0.0656,6.0192,3.0829,7.7403,3.602,3.273
101.387,-0.0761,6.0198,3.0829,7.7299,3.6006,3.273
101.438,-0.0918,6.0207,3.0829,7.7143,3.5985,3.273
101.488,-0.1023,6.0213,3.0829,7.7039,3.5971,3.273
101.538,-0.1128,6.022,3.0829,7.6935,3.5958,3.273
101.588,-0.1285,6.0229,3.0829,7.6779,3.5937,3.273
101.638,-0.139,6.0235,3.0829,7.6675,3.5923,3.273
101.689,-0.1547,6.0244,3.0829,7.6519,3.5903,3.273
101.739,-0.1652,6.025,3.0829,7.6415,3.5889,3.273
101.789,-0.1757,6.0256,3.0829,7.631,3.5875,3.273
101.839,-0.1914,6.0266,3.0829,7.6154,3.5854,3.273
101.89,-0.2019,6.0272,3.0829,7.605,3.5841,3.273
101.94,-0.2176,6.0281,3.0829,7.5894,3.582,3.273
101.99,-0.2281,6.0287,3.0829,7.579,3.5806,3.273
102.04,-0.2386,6.0293,3.0829,7.5686,3.5792,3.273
102.09,-0.2543,6.0303,3.0829,7.553,3.5772,3.273
102.141,-0.2648,6.0309,3.0829,7.5426,3.5758,3.273
102.191,-0.2805,6.0318,3.0829,7.5269,3.5737,3.273
102.241,-0.291,6.0324,3.0829,7.5165,3.5724,3.273
102.291,-0.3015,6.033,3.0829,7.5061,3.571,3.273
102.342,-0.3172,6.034,3.0829,7.4905,3.5689,3.273
102.392,-0.3277,6.0346,3.0829,7.4801,3.5675,3.273
102.442,-0.3434,6.0355,3.0829,7.4645,3.5655,3.273
102.492,-0.3539,6.0361,3.0829,7.4541,3.5641,3.273
102.543,-0.3644,6.0367,3.0829,7.4437,3.5627,3.273
102.593,-0.3801,6.0377,3.0829,7.4281,3.5607,3.273
102.643,-0.3906,6.0383,3.0829,7.4176,3.5593,3.273
102.693,-0.4063,6.0392,3.0829,7.402,3.5572,3.273
102.744,-0.4168,6.0398,3.0829,7.3916,3.5559,3.273
102.794,-0.4273,6.0404,3.0829,7.3812,3.5545,3.273
102.844,-0.443,6.0414,3.0829,7.3656,3.5524,3.273
102.894,-0.4535,6.042,3.0829,7.3552,3.551,3.273
102.945,-0.464,6.0426,3.0829,7.3448,3.5497,3.273
102.995,-0.4797,6.0435,3.0829,7.3292,3.5476,3.273
103.045,-0.4902,6.0441,3.0829,7.3188,3.5462,3.273
103.095,-0.5059,6.045,3.0829,7.3031,3.5442,3.273
103.146,-0.5164,6.0457,3.0829,7.2927,3.5428,3.273
103.196,-0.5268,6.0463,3.0829,7.2823,3.5414,3.273
103.246,-0.5426,6.0472,3.0829,7.2667,3.5393,3.273
103.296,-0.5531,6.0478,3.0829,7.2563,3.538,3.273
103.347,-0.5688,6.0487,3.0829,7.2407,3.5359,3.273
103.397,-0.5793,6.0494,3.0829,7.2303,3.5345,3.273
103.447,-0.5897,6.05,3.0829,7.2199,3.5331,3.273
103.498,-0.6055,6.0509,3.0829,7.2043,3.5311,3.273
103.548,-0.6159,6.0515,3.0829,7.1938,3.5297,3.273
103.598,-0.6317,6.0524,3.0829,7.1782,3.5276,3.273
103.648,-0.6421,6.0531,3.0829,7.1678,3.5263,3.273
103.699,-0.6526,6.0537,3.0829,7.1574,3.5249,3.273
103.749,-0.6684,6.0546,3.0829,7.1418,3.5228,3.273
103.799,-0.6788,6.0552,3.0829,7.1314,3.5214,3.273
103.849,-0.6946,6.0561,3.0829,7.1158,3.5194,3.273
103.9,-0.705,6.0567,3.0829,7.1054,3.518,3.273
103.95,-0.7155,6.0574,3.0829,7.095,3.5166,3.273
104.0,-0.7312,6.0583,3.0829,7.0793,3.5146,3.273
104.05,-0.7417,6.0589,3.0829,7.0689,3.5132,3.273
104.101,-0.7574,6.0598,3.0829,7.0533,3.5111,3.273
104.151,-0.7679,6.0604,3.0829,7.0429,3.5098,3.273
104.201,-0.7784,6.0611,3.0829,7.0325,3.5084,3.273
104.251,-0.7941,6.062,3.0829,7.0169,3.5063,3.273
104.301,-0.8046,6.0626,3.0829,7.0065,3.5049,3.273
104.352,-0.8151,6.0632,3.0829,6.9961,3.5036,3.273
104.402,-0.8308,6.0641,3.0829,6.9805,3.5015,3.273
104.452,-0.8413,6.0648,3.0829,6.97,3.5001,3.273
104.502,-0.857,6.0657,3.0829,6.9544,3.4981,3.273
104.553,-0.8675,6.0663,3.0829,6.944,3.4967,3.273
104.603,-0.878,6.0669,3.0829,6.9336,3.4953,3.273
104.653,-0.8937,6.0678,3.0829,6.918,3.4932,3.273
104.703,-0.9042,6.0684,3.0829,6.9076,3.4919,3.273
104.754,-0.9199,6.0694,3.0829,6.892,3.4898,3.273
104.804,-0.9304,6.07,3.0829,6.8816,3.4884,3.273
104.854,-0.9409,6.0706,3.0829,6.8712,3.487,3.273
104.904,-0.9566,6.0715,3.0829,6.8555,3.485,3.273
104.955,-0.9671,6.0721,3.0829,6.8451,3.4836,3.273
105.005,-0.9828,6.0731,3.0829,6.8295,3.4815,3.273
105.055,-0.9933,6.0737,3.0829,6.8191,3.4802,3.273
105.105,-1.0038,6.0743,3.0829,6.8087,3.4788,3.273
105.155,-1.0195,6.0752,3.0829,6.7931,3.4767,3.273
105.206,-1.03,6.0758,3.0829,6.7827,3.4753,3.273
105.256,-1.0457,6.0768,3.0829,6.7671,3.4733,3.273
105.306,-1.0562,6.0774,3.0829,6.7566,3.4719,3.273
105.356,-1.0667,6.078,3.0829,6.7462,3.4705,3.273
105.407,-1.0824,6.0789,3.0829,6.7306,3.4685,3.273
105.457,-1.0929,6.0795,3.0829,6.7202,3.4671,3.273
105.507,-1.1034,6.0801,3.0829,6.7098,3.4657,3.273
105.557,-1.1191,6.0811,3.0829,6.6942,3.4636,3.273
105.608,-1.1296,6.0817,3.0829,6.6838,3.4623,3.273
105.658,-1.1453,6.0826,3.0829,6.6682,3.4602,3.273
105.708,-1.1558,6.0832,3.0829,6.6578,3.4588,3.273
105.758,-1.1662,6.0838,3.0829,6.6474,3.4575,3.273
105.809,-1.182,6.0848,3.0829,6.6317,3.4554,3.273
105.859,-1.1924,6.0854,3.0829,6.6213,3.454,3.273
105.909,-1.2082,6.0863,3.0829,6.6057,3.452,3.273
105.959,-1.2187,6.0869,3.0829,6.5953,3.4506,3.273
106.01,-1.2291,6.0875,3.0829,6.5849,3.4492,3.273
106.06,-1.2449,6.0885,3.0829,6.5693,3.4471,3.273
106.11,-1.2553,6.0891,3.0829,6.5589,3.4458,3.273
106.16,-1.2711,6.09,3.0829,6.5433,3.4437,3.273
106.211,-1.2815,6.0906,3.0829,6.5328,3.4423,3.273
106.261,-1.292,6.0912,3.0829,6.5224,3.4409,3.273
106.311,-1.3077,6.0922,3.0829,6.5068,3.4389,3.273
106.361,-1.3182,6.0928,3.0829,6.4964,3.4375,3.273
106.412,-1.334,6.0937,3.0829,6.4808,3.4354,3.273
106.462,-1.3444,6.0943,3.0829,6.4704,3.4341,3.273
106.512,-1.3549,6.0949,3.0829,6.46,3.4327,3.273
106.562,-1.3706,6.0958,3.0829,6.4444,3.4306,3.273
106.613,-1.3811,6.0965,3.0829,6.434,3.4292,3.273
106.663,-1.3968,6.0974,3.0829,6.4183,3.4272,3.273
106.713,-1.4073,6.098,3.0829,6.4079,3.4258,3.273
106.763,-1.4178,6.0986,3.0829,6.3975,3.4244,3.273
106.814,-1.4335,6.0995,3.0829,6.3819,3.4224,3.273
106.864,-1.444,6.1002,3.0829,6.3715,3.421,3.273
106.914,-1.4545,6.1008,3.0829,6.3611,3.4196,3.273
106.964,-1.4702,6.1017,3.0829,6.3455,3.4175,3.273
107.015,-1.4807,6.1023,3.0829,6.3351,3.4162,3.273
107.065,-1.4964,6.1032,3.0829,6.3195,3.4141,3.273
107.115,-1.5069,6.1039,3.0829,6.309,3.4127,3.273
107.165,-1.5174,6.1045,3.0829,6.2986,3.4114,3.273
107.216,-1.5331,6.1054,3.0829,6.283,3.4093,3.273
107.266,-1.5436,6.106,3.0829,6.2726,3.4079,3.273
107.316,-1.5593,6.1069,3.0829,6.257,3.4059,3.273
107.366,-1.5698,6.1075,3.0829,6.2466,3.4045,3.273
107.417,-1.5803,6.1082,3.0829,6.2362,3.4031,3.273
107.467,-1.596,6.1091,3.0829,6.2206,3.401,3.273
107.517,-1.6065,6.1097,3.0829,6.2102,3.3997,3.273
107.567,-1.6222,6.1106,3.0829,6.1945,3.3976,3.273
107.618,-1.6327,6.1112,3.0829,6.1841,3.3962,3.273
107.668,-1.6432,6.1119,3.0829,6.1737,3.3948,3.273
107.718,-1.6589,6.1128,3.0829,6.1581,3.3928,3.273
107.768,-1.6694,6.1134,3.0829,6.1477,3.3914,3.273
107.819,-1.6851,6.1143,3.0829,6.1321,3.3893,3.273
107.869,-1.6956,6.1149,3.0829,6.1217,3.388,3.273
107.919,-1.7061,6.1156,3.0829,6.1113,3.3866,3.273
107.969,-1.7218,6.1165,3.0829,6.0957,3.3845,3.273
108.019,-1.7323,6.1171,3.0829,6.0852,3.3831,3.273
108.07,-1.748,6.118,3.0829,6.0696,3.3811,3.273
108.12,-1.7585,6.1186,3.0829,6.0592,3.3797,3.273
108.17,-1.769,6.1192,3.0829,6.0488,3.3783,3.273
108.22,-1.7847,6.1202,3.0829,6.0332,3.3763,3.273
108.271,-1.7952,6.1208,3.0829,6.0228,3.3749,3.273
108.321,-1.8056,6.1214,3.0829,6.0124,3.3735,3.273
108.371,-1.8214,6.1223,3.0829,5.9968,3.3714,3.273
108.421,-1.8318,6.1229,3.0829,5.9864,3.3701,3.273
108.471,-1.8476,6.1239,3.0829,5.9707,3.368,3.273
108.522,-1.8581,6.1245,3.0829,5.9603,3.3666,3.273
108.572,-1.8685,6.1251,3.0829,5.9499,3.3653,3.273
108.622,-1.8843,6.126,3.0829,5.9343,3.3632,3.273
108.672,-1.8947,6.1266,3.0829,5.9239,3.3618,3.273
108.723,-1.9105,6.1276,3.0829,5.9083,3.3597,3.273
108.775,-1.9209,6.1282,3.0829,5.8979,3.3584,3.273
108.826,-1.9314,6.1288,3.0829,5.8875,3.357,3.273
108.876,-1.9471,6.1297,3.0829,5.8718,3.3549,3.273
108.926,-1.9576,6.1303,3.0829,5.8614,3.3536,3.273
108.976,-1.9681,6.1309,3.0829,5.851,3.3522,3.273
109.027,-1.9838,6.1319,3.0829,5.8354,3.3501,3.273
109.077,-1.9943,6.1325,3.0829,5.825,3.3487,3.273
109.127,-2.01,6.1334,3.0829,5.8094,3.3467,3.273
109.177,-2.0205,6.134,3.0829,5.799,3.3453,3.273
109.227,-2.031,6.1346,3.0829,5.7886,3.3439,3.273
109.278,-2.0467,6.1356,3.0829,5.773,3.3419,3.273
109.329,-2.0572,6.1362,3.0829,5.7625,3.3405,3.273
109.379,-2.0729,6.1371,3.0829,5.7469,3.3384,3.273
109.429,-2.0834,6.1377,3.0829,5.7365,3.337,3.273
109.479,-2.0939,6.1383,3.0829,5.7261,3.3357,3.273
109.53,-2.1096,6.1393,3.0829,5.7105,3.3336,3.273
109.58,-2.1201,6.1399,3.0829,5.7001,3.3322,3.273
109.63,-2.1358,6.1408,3.0829,5.6845,3.3302,3.273
109.68,-2.1463,6.1414,3.0829,5.6741,3.3288,3.273
109.731,-2.1568,6.142,3.0829,5.6637,3.3274,3.273
109.781,-2.1725,6.143,3.0829,5.648,3.3253,3.273
109.831,-2.183,6.1436,3.0829,5.6376,3.324,3.273
109.881,-2.1935,6.1442,3.0829,5.6272,3.3226,3.273
109.931,-2.2092,6.1451,3.0829,5.6116,3.3205,3.273
109.982,-2.2197,6.1457,3.0829,5.6012,3.3192,3.273
110.032,-2.2354,6.1467,3.0829,5.5856,3.3171,3.273
110.082,-2.2459,6.1473,3.0829,5.5752,3.3157,3.273
110.132,-2.2564,6.1479,3.0829,5.5648,3.3143,3.273
110.182,-2.2721,6.1488,3.0829,5.5492,3.3123,3.273
110.233,-2.2826,6.1494,3.0829,5.5387,3.3109,3.273
110.283,-2.2983,6.1503,3.0829,5.5231,3.3088,3.273
110.333,-2.3088,6.151,3.0829,5.5127,3.3075,3.273
110.383,-2.3193,6.1516,3.0829,5.5023,3.3061,3.273
110.433,-2.335,6.1525,3.0829,5.4867,3.304,3.273
110.484,-2.3455,6.1531,3.0829,5.4763,3.3026,3.273
110.534,-2.3612,6.154,3.0829,5.4607,3.3006,3.273
110.584,-2.3717,6.1547,3.0829,5.4503,3.2992,3.273
110.634,-2.3821,6.1553,3.0829,5.4399,3.2978,3.273
110.685,-2.3979,6.1562,3.0829,5.4242,3.2958,3.273
110.735,-2.4084,6.1568,3.0829,5.4138,3.2944,3.273
110.785,-2.4241,6.1577,3.0829,5.3982,3.2923,3.273
110.835,-2.4346,6.1584,3.0829,5.3878,3.2909,3.273
110.886,-2.445,6.159,3.0829,5.3774,3.2896,3.273
110.936,-2.4608,6.1599,3.0829,5.3618,3.2875,3.273
110.986,-2.4712,6.1605,3.0829,5.3514,3.2861,3.273
111.036,-2.4817,6.1611,3.0829,5.341,3.2847,3.273
111.086,-2.4974,6.162,3.0829,5.3254,3.2827,3.273
111.137,-2.5079,6.1627,3.0829,5.3149,3.2813,3.273
111.187,-2.5237,6.1636,3.0829,5.2993,3.2792,3.273
111.237,-2.5341,6.1642,3.0829,5.2889,3.2779,3.273
111.288,-2.5446,6.1648,3.0829,5.2785,3.2765,3.273
111.338,-2.5603,6.1657,3.0829,5.2629,3.2744,3.273
111.388,-2.5708,6.1664,3.0829,5.2525,3.2731,3.273
111.439,-2.5865,6.1673,3.0829,5.2369,3.271,3.273
111.489,-2.597,6.1679,3.0829,5.2265,3.2696,3.273
111.539,-2.6075,6.1685,3.0829,5.2161,3.2682,3.273
111.589,-2.6232,6.1694,3.0829,5.2004,3.2662,3.273
111.64,-2.6337,6.1701,3.0829,5.19,3.2648,3.273
111.69,-2.6494,6.171,3.0829,5.1744,3.2627,3.273
111.74,-2.6599,6.1716,3.0829,5.164,3.2614,3.273
111.79,-2.6704,6.1722,3.0829,5.1536,3.26,3.273
111.841,-2.6861,6.1731,3.0829,5.138,3.2579,3.273
111.891,-2.6966,6.1737,3.0829,5.1276,3.2565,3.273
111.941,-2.7123,6.1747,3.0829,5.112,3.2545,3.273
111.991,-2.7228,6.1753,3.0829,5.1016,3.2531,3.273
112.042,-2.7333,6.1759,3.0829,5.0911,3.2517,3.273
112.092,-2.749,6.1768,3.0829,5.0755,3.2497,3.273
112.142,-2.7595,6.1774,3.0829,5.0651,3.2483,3.273
112.192,-2.7752,6.1784,3.0829,5.0495,3.2462,3.273
112.242,-2.7857,6.179,3.0829,5.0391,3.2448,3.273
112.293,-2.7962,6.1796,3.0829,5.0287,3.2435,3.273
112.343,-2.8119,6.1805,3.0829,5.0131,3.2414,3.273
112.393,-2.8224,6.1811,3.0829,5.0027,3.24,3.273
112.443,-2.8329,6.1818,3.0829,4.9923,3.2386,3.273
112.494,-2.8486,6.1827,3.0829,4.9766,3.2366,3.273
112.544,-2.8591,6.1833,3.0829,4.9662,3.2352,3.273
112.594,-2.8748,6.1842,3.0829,4.9506,3.2331,3.273
112.644,-2.8853,6.1848,3.0829,4.9402,3.2318,3.273
112.695,-2.8958,6.1854,3.0829,4.9298,3.2304,3.273
112.745,-2.9115,6.1864,3.0829,4.9142,3.2283,3.273
112.795,-2.922,6.187,3.0829,4.9038,3.227,3.273
112.845,-2.9377,6.1879,3.0829,4.8882,3.2249,3.273
112.895,-2.9482,6.1885,3.0829,4.8777,3.2235,3.273
112.946,-2.9587,6.1891,3.0829,4.8673,3.2221,3.273
112.996,-2.9744,6.1901,3.0829,4.8517,3.2201,3.273
113.046,-2.9849,6.1907,3.0829,4.8413,3.2187,3.273
113.096,-3.0006,6.1916,3.0829,4.8257,3.2166,3.273
113.146,-3.0111,6.1922,3.0829,4.8153,3.2153,3.273
113.197,-3.0215,6.1928,3.0829,4.8049,3.2139,3.273
113.247,-3.0373,6.1938,3.0829,4.7893,3.2118,3.273
113.297,-3.0477,6.1944,3.0829,4.7789,3.2104,3.273
113.347,-3.0635,6.1953,3.0829,4.7632,3.2084,3.273
113.398,-3.074,6.1959,3.0829,4.7528,3.207,3.273
113.448,-3.0844,6.1965,3.0829,4.7424,3.2056,3.273
113.498,-3.1002,6.1975,3.0829,4.7268,3.2036,3.273
113.548,-3.1106,6.1981,3.0829,4.7164,3.2022,3.273
113.599,-3.1211,6.1987,3.0829,4.706,3.2008,3.273
113.649,-3.1368,6.1996,3.0829,4.6904,3.1987,3.273
113.699,-3.1473,6.2002,3.0829,4.68,3.1974,3.273
113.749,-3.163,6.2012,3.0829,4.6644,3.1953,3.273
113.8,-3.1735,6.2018,3.0829,4.6539,3.1939,3.273
113.85,-3.184,6.2024,3.0829,4.6435,3.1925,3.273
113.9,-3.1997,6.2033,3.0829,4.6279,3.1905,3.273
113.95,-3.2102,6.2039,3.0829,4.6175,3.1891,3.273
114.001,-3.2259,6.2048,3.0829,4.6019,3.187,3.273
114.051,-3.2364,6.2055,3.0829,4.5915,3.1857,3.273
114.101,-3.2469,6.2061,3.0829,4.5811,3.1843,3.273
114.151,-3.2626,6.207,3.0829,4.5655,3.1822,3.273
114.201,-3.2731,6.2076,3.0829,4.5551,3.1809,3.273
114.252,-3.2888,6.2085,3.0829,4.5394,3.1788,3.273
114.302,-3.2993,6.2092,3.0829,4.529,3.1774,3.273
114.352,-3.3098,6.2098,3.0829,4.5186,3.176,3.273
114.402,-3.3255,6.2107,3.0829,4.503,3.174,3.273
114.453,-3.336,6.2113,3.0829,4.4926,3.1726,3.273
114.503,-3.3517,6.2122,3.0829,4.477,3.1705,3.273
114.553,-3.3622,6.2129,3.0829,4.4666,3.1692,3.273
114.603,-3.3727,6.2135,3.0829,4.4562,3.1678,3.273
114.654,-3.3884,6.2144,3.0829,4.4406,3.1657,3.273
114.704,-3.3989,6.215,3.0829,4.4301,3.1643,3.273
114.754,-3.4146,6.2159,3.0829,4.4145,3.1623,3.273
114.804,-3.4251,6.2165,3.0829,4.4041,3.1609,3.273
114.854,-3.4356,6.2172,3.0829,4.3937,3.1595,3.273
114.905,-3.4513,6.2181,3.0829,4.3781,3.1575,3.273
114.955,-3.4618,6.2187,3.0829,4.3677,3.1561,3.273
115.005,-3.4723,6.2193,3.0829,4.3573,3.1547,3.273
115.055,-3.488,6.2202,3.0829,4.3417,3.1526,3.273
115.106,-3.4985,6.2209,3.0829,4.3313,3.1513,3.273
115.156,-3.5142,6.2218,3.0829,4.3156,3.1492,3.273
115.206,-3.5247,6.2224,3.0829,4.3052,3.1478,3.273
115.256,-3.5352,6.223,3.0829,4.2948,3.1464,3.273
115.306,-3.5509,6.2239,3.0829,4.2792,3.1444,3.273
115.357,-3.5614,6.2246,3.0829,4.2688,3.143,3.273
115.407,-3.5771,6.2255,3.0829,4.2532,3.1409,3.273
115.457,-3.5876,6.2261,3.0829,4.2428,3.1396,3.273
115.507,-3.598,6.2267,3.0829,4.2324,3.1382,3.273
115.558,-3.6138,6.2276,3.0829,4.2167,3.1361,3.273
115.608,-3.6243,6.2282,3.0829,4.2063,3.1347,3.273
115.658,-3.64,6.2292,3.0829,4.1907,3.1327,3.273
115.708,-3.6505,6.2298,3.0829,4.1803,3.1313,3.273
115.759,-3.6609,6.2304,3.0829,4.1699,3.1299,3.273
115.809,-3.6767,6.2313,3.0829,4.1543,3.1279,3.273
115.859,-3.6871,6.2319,3.0829,4.1439,3.1265,3.273
115.909,-3.7029,6.2329,3.0829,4.1283,3.1244,3.273
115.96,-3.7134,6.2335,3.0829,4.1179,3.1231,3.273
116.01,-3.7238,6.2341,3.0829,4.1074,3.1217,3.273
116.06,-3.7396,6.235,3.0829,4.0918,3.1196,3.273
116.11,-3.75,6.2356,3.0829,4.0814,3.1182,3.273
116.161,-3.7605,6.2363,3.0829,4.071,3.1169,3.273
116.211,-3.7762,6.2372,3.0829,4.0554,3.1148,3.273
116.261,-3.7867,6.2378,3.0829,4.045,3.1134,3.273
116.311,-3.8024,6.2387,3.0829,4.0294,3.1114,3.273
116.362,-3.8129,6.2393,3.0829,4.019,3.11,3.273
116.412,-3.8234,6.2399,3.0829,4.0086,3.1086,3.273
116.462,-3.8391,6.2409,3.0829,3.9929,3.1065,3.273
116.512,-3.8496,6.2415,3.0829,3.9825,3.1052,3.273
116.563,-3.8653,6.2424,3.0829,3.9669,3.1031,3.273
116.613,-3.8758,6.243,3.0829,3.9565,3.1017,3.273
116.664,-3.8863,6.2436,3.0829,3.9461,3.1003,3.273
116.714,-3.902,6.2446,3.0829,3.9305,3.0983,3.273
116.764,-3.9125,6.2452,3.0829,3.9201,3.0969,3.273
116.814,-3.9282,6.2461,3.0829,3.9045,3.0948,3.273
116.864,-3.9387,6.2467,3.0829,3.8941,3.0935,3.273
116.915,-3.9492,6.2473,3.0829,3.8836,3.0921,3.273
116.965,-3.9649,6.2483,3.0829,3.868,3.09,3.273
117.015,-3.9754,6.2489,3.0829,3.8576,3.0886,3.273
117.065,-3.9911,6.2498,3.0829,3.842,3.0866,3.273
117.116,-4.0016,6.2504,3.0829,3.8316,3.0852,3.273
117.166,-4.0121,6.251,3.0829,3.8212,3.0838,3.273
117.216,-4.0278,6.252,3.0829,3.8056,3.0818,3.273
117.266,-4.0383,6.2526,3.0829,3.7952,3.0804,3.273
117.317,-4.054,6.2535,3.0829,3.7796,3.0783,3.273
117.367,-4.0645,6.2541,3.0829,3.7691,3.077,3.273
117.417,-4.075,6.2547,3.0829,3.7587,3.0756,3.273
117.467,-4.0907,6.2556,3.0829,3.7431,3.0735,3.273
117.517,-4.1012,6.2563,3.0829,3.7327,3.0721,3.273
117.568,-4.1117,6.2569,3.0829,3.7223,3.0708,3.273
117.618,-4.1274,6.2578,3.0829,3.7067,3.0687,3.273
117.668,-4.1379,6.2584,3.0829,3.6963,3.0673,3.273
117.718,-4.1536,6.2593,3.0829,3.6807,3.0653,3.273
117.769,-4.1641,6.26,3.0829,3.6703,3.0639,3.273
117.819,-4.1746,6.2606,3.0829,3.6598,3.0625,3.273
117.869,-4.1903,6.2615,3.0829,3.6442,3.0604,3.273
117.919,-4.2008,6.2621,3.0829,3.6338,3.0591,3.273
117.97,-4.2165,6.263,3.0829,3.6182,3.057,3.273
118.02,-4.227,6.2637,3.0829,3.6078,3.0556,3.273
118.07,-4.2374,6.2643,3.0829,3.5974,3.0542,3.273
118.12,-4.2532,6.2652,3.0829,3.5818,3.0522,3.273
118.171,-4.2637,6.2658,3.0829,3.5714,3.0508,3.273
118.221,-4.2794,6.2667,3.0829,3.5558,3.0487,3.273
118.271,-4.2899,6.2673,3.0829,3.5453,3.0474,3.273
118.321,-4.3003,6.268,3.0829,3.5349,3.046,3.273
118.371,-4.3161,6.2689,3.0829,3.5193,3.0439,3.273
118.422,-4.3265,6.2695,3.0829,3.5089,3.0425,3.273
118.472,-4.3423,6.2704,3.0829,3.4933,3.0405,3.273
118.522,-4.3527,6.271,3.0829,3.4829,3.0391,3.273
118.572,-4.3632,6.2717,3.0829,3.4725,3.0377,3.273
118.623,-4.379,6.2726,3.0829,3.4569,3.0357,3.273
118.673,-4.3894,6.2732,3.0829,3.4465,3.0343,3.273
118.723,-4.4052,6.2741,3.0829,3.4308,3.0322,3.273
118.773,-4.4156,6.2747,3.0829,3.4204,3.0309,3.273
118.824,-4.4261,6.2754,3.0829,3.41,3.0295,3.273
118.874,-4.4418,6.2763,3.0829,3.3944,3.0274,3.273
118.924,-4.4523,6.2769,3.0829,3.384,3.026,3.273
118.974,-4.4628,6.2775,3.0829,3.3736,3.0247,3.273
119.025,-4.4785,6.2784,3.0829,3.358,3.0226,3.273
119.075,-4.489,6.279,3.0829,3.3476,3.0212,3.273
119.125,-4.5047,6.28,3.0829,3.3319,3.0192,3.273
119.175,-4.5152,6.2806,3.0829,3.3215,3.0178,3.273
119.226,-4.5257,6.2812,3.0829,3.3111,3.0164,3.273
119.276,-4.5414,6.2821,3.0829,3.2955,3.0143,3.273
119.326,-4.5519,6.2827,3.0829,3.2851,3.013,3.273
119.376,-4.5676,6.2837,3.0829,3.2695,3.0109,3.273
119.426,-4.5781,6.2843,3.0829,3.2591,3.0095,3.273
119.477,-4.5886,6.2849,3.0829,3.2487,3.0081,3.273
119.527,-4.6043,6.2858,3.0829,3.2331,3.0061,3.273
119.577,-4.6148,6.2864,3.0829,3.2226,3.0047,3.273
119.627,-4.6305,6.2874,3.0829,3.207,3.0026,3.273
119.678,-4.641,6.288,3.0829,3.1966,3.0013,3.273
119.728,-4.6515,6.2886,3.0829,3.1862,2.9999,3.273
119.778,-4.6672,6.2895,3.0829,3.1706,2.9978,3.273
119.828,-4.6777,6.2901,3.0829,3.1602,2.9964,3.273
119.879,-4.6934,6.2911,3.0829,3.1446,2.9944,3.273
119.929,-4.7039,6.2917,3.0829,3.1342,2.993,3.273
119.979,-4.7144,6.2923,3.0829,3.1238,2.9916,3.273
120.029,-4.7301,6.2932,3.0829,3.1081,2.9896,3.273
120.08,-4.7406,6.2938,3.0829,3.0977,2.9882,3.273
120.131,-4.7563,6.2948,3.0829,3.0873,2.9868,3.273
120.182,-4.7668,6.2954,3.0829,3.0717,2.9847,3.273
120.232,-4.7773,6.296,3.0829,3.0613,2.9834,3.273
120.282,-4.793,6.2969,3.0829,3.0457,2.9813,3.273
120.333,-4.8035,6.2975,3.0829,3.0353,2.9799,3.273
120.383,-4.8192,6.2984,3.0829,3.0197,2.9779,3.273
120.433,-4.8297,6.2991,3.0829,3.0093,2.9765,3.273
120.484,-4.8402,6.2997,3.0829,2.9988,2.9751,3.273
120.534,-4.8559,6.3006,3.0829,2.9832,2.9731,3.273
120.584,-4.8664,6.3012,3.0829,2.9728,2.9717,3.273
120.634,-4.8821,6.3021,3.0829,2.9572,2.9696,3.273
120.685,-4.8926,6.3028,3.0829,2.9468,2.9682,3.273
120.735,-4.903,6.3034,3.0829,2.9364,2.9669,3.273
120.785,-4.9188,6.3043,3.0829,2.9208,2.9648,3.273
120.835,-4.9293,6.3049,3.0829,2.9104,2.9634,3.273
120.885,-4.9397,6.3055,3.0829,2.9,2.962,3.273
120.936,-4.9555,6.3065,3.0829,2.8843,2.96,3.273
120.986,-4.9659,6.3071,3.0829,2.8739,2.9586,3.273
121.037,-4.9817,6.308,3.0829,2.8583,2.9565,3.273
121.087,-4.9921,6.3086,3.0829,2.8479,2.9552,3.273
121.138,-5.0079,6.3095,3.0829,2.8323,2.9531,3.273
121.188,-5.0184,6.3101,3.0829,2.8219,2.9517,3.273
121.238,-5.0288,6.3108,3.0829,2.8115,2.9503,3.273
121.288,-5.0446,6.3117,3.0829,2.7959,2.9483,3.273
121.339,-5.055,6.3123,3.0829,2.7855,2.9469,3.273
121.389,-5.0655,6.3129,3.0829,2.775,2.9455,3.273
121.439,-5.0812,6.3138,3.0829,2.7594,2.9435,3.273
121.489,-5.0917,6.3145,3.0829,2.749,2.9421,3.273
121.54,-5.1074,6.3154,3.0829,2.7334,2.94,3.273
121.59,-5.1179,6.316,3.0829,2.723,2.9386,3.273
121.64,-5.1284,6.3166,3.0829,2.7126,2.9373,3.273
121.69,-5.1441,6.3175,3.0829,2.697,2.9352,3.273
121.741,-5.1546,6.3182,3.0829,2.6866,2.9338,3.273
121.791,-5.1703,6.3191,3.0829,2.6709,2.9318,3.273
121.841,-5.1808,6.3197,3.0829,2.6605,2.9304,3.273
121.891,-5.1913,6.3203,3.0829,2.6501,2.929,3.273
121.941,-5.207,6.3212,3.0829,2.6345,2.927,3.273
121.992,-5.2175,6.3218,3.0829,2.6241,2.9256,3.273
122.042,-5.2332,6.3228,3.0829,2.6085,2.9235,3.273
122.092,-5.2437,6.3234,3.0829,2.5981,2.9221,3.273
122.142,-5.2542,6.324,3.0829,2.5877,2.9208,3.273
122.193,-5.2699,6.3249,3.0829,2.5721,2.9187,3.273
122.243,-5.2804,6.3255,3.0829,2.5616,2.9173,3.273
122.293,-5.2961,6.3265,3.0829,2.546,2.9153,3.273
122.344,-5.3066,6.3271,3.0829,2.5356,2.9139,3.273
122.394,-5.3171,6.3277,3.0829,2.5252,2.9125,3.273
122.444,-5.3328,6.3286,3.0829,2.5096,2.9104,3.273
122.494,-5.3433,6.3292,3.0829,2.4992,2.9091,3.273
122.544,-5.3538,6.3299,3.0829,2.4888,2.9077,3.273
122.595,-5.3695,6.3308,3.0829,2.4732,2.9056,3.273
122.645,-5.38,6.3314,3.0829,2.4628,2.9042,3.273
122.695,-5.3957,6.3323,3.0829,2.4471,2.9022,3.273
122.745,-5.4062,6.3329,3.0829,2.4367,2.9008,3.273
122.796,-5.4167,6.3335,3.0829,2.4263,2.8994,3.273
122.846,-5.4324,6.3345,3.0829,2.4107,2.8974,3.273
122.896,-5.4429,6.3351,3.0829,2.4003,2.896,3.273
122.946,-5.4586,6.336,3.0829,2.3847,2.8939,3.273
122.997,-5.4691,6.3366,3.0829,2.3743,2.8925,3.273
123.047,-5.4796,6.3372,3.0829,2.3639,2.8912,3.273
123.097,-5.4953,6.3382,3.0829,2.3483,2.8891,3.273
123.147,-5.5058,6.3388,3.0829,2.3378,2.8877,3.273
123.198,-5.5215,6.3397,3.0829,2.3222,2.8857,3.273
123.248,-5.532,6.3403,3.0829,2.3118,2.8843,3.273
123.298,-5.5424,6.3409,3.0829,2.3014,2.8829,3.273
123.348,-5.5582,6.3419,3.0829,2.2858,2.8808,3.273
123.399,-5.5687,6.3425,3.0829,2.2754,2.8795,3.273
123.449,-5.5844,6.3434,3.0829,2.2598,2.8774,3.273
123.499,-5.5949,6.344,3.0829,2.2494,2.876,3.273
123.549,-5.6053,6.3446,3.0829,2.239,2.8747,3.273
123.599,-5.6211,6.3456,3.0829,2.2233,2.8726,3.273
123.65,-5.6315,6.3462,3.0829,2.2129,2.8712,3.273
123.7,-5.642,6.3468,3.0829,2.2025,2.8698,3.273
123.75,-5.6577,6.3477,3.0829,2.1869,2.8678,3.273
123.801,-5.6682,6.3483,3.0829,2.1765,2.8664,3.273
123.851,-5.684,6.3492,3.0829,2.1609,2.8643,3.273
123.901,-5.6944,6.3499,3.0829,2.1505,2.863,3.273
123.951,-5.7049,6.3505,3.0829,2.1401,2.8616,3.273
124.002,-5.7206,6.3514,3.0829,2.1245,2.8595,3.273
124.052,-5.7311,6.352,3.0829,2.114,2.8581,3.273
124.102,-5.7468,6.3529,3.0829,2.0984,2.8561,3.273
124.152,-5.7573,6.3536,3.0829,2.088,2.8547,3.273
124.203,-5.7678,6.3542,3.0829,2.0776,2.8533,3.273
124.253,-5.7835,6.3551,3.0829,2.062,2.8513,3.273
124.303,-5.794,6.3557,3.0829,2.0516,2.8499,3.273
124.353,-5.8097,6.3566,3.0829,2.036,2.8478,3.273
124.404,-5.8202,6.3573,3.0829,2.0256,2.8464,3.273
124.454,-5.8307,6.3579,3.0829,2.0152,2.8451,3.273
124.504,-5.8464,6.3588,3.0829,1.9995,2.843,3.273
124.554,-5.8569,6.3594,3.0829,1.9891,2.8416,3.273
124.604,-5.8726,6.3603,3.0829,1.9735,2.8396,3.273
124.655,-5.8831,6.3609,3.0829,1.9631,2.8382,3.273
124.705,-5.8936,6.3616,3.0829,1.9527,2.8368,3.273
124.755,-5.9093,6.3625,3.0829,1.9371,2.8347,3.273
124.805,-5.9198,6.3631,3.0829,1.9267,2.8334,3.273
124.856,-5.9355,6.364,3.0829,1.9111,2.8313,3.273
124.906,-5.946,6.3646,3.0829,1.9007,2.8299,3.273
124.956,-5.9565,6.3653,3.0829,1.8902,2.8286,3.273
125.007,-5.967,6.3659,3.0829,1.8798,2.8272,3.273
125.057,-5.9827,6.3668,3.0829,1.8642,2.8251,3.273
125.107,-5.9932,6.3674,3.0829,1.8538,2.8237,3.273
125.157,-6.0089,6.3683,3.0829,1.8382,2.8217,3.273
125.208,-6.0194,6.369,3.0829,1.8278,2.8203,3.273
125.258,-6.0299,6.3696,3.0829,1.8174,2.8189,3.273
125.308,-6.0456,6.3705,3.0829,1.8018,2.8169,3.273
125.358,-6.0561,6.3711,3.0829,1.7914,2.8155,3.273
125.408,-6.0718,6.372,3.0829,1.7757,2.8134,3.273
125.459,-6.0823,6.3726,3.0829,1.7653,2.812,3.273
125.509,-6.0927,6.3733,3.0829,1.7549,2.8107,3.273
125.559,-6.1085,6.3742,3.0829,1.7393,2.8086,3.273
125.609,-6.119,6.3748,3.0829,1.7289,2.8072,3.273
125.66,-6.1347,6.3757,3.0829,1.7133,2.8052,3.273
125.71,-6.1452,6.3763,3.0829,1.7029,2.8038,3.273
125.76,-6.1556,6.377,3.0829,1.6925,2.8024,3.273
125.81,-6.1714,6.3779,3.0829,1.6768,2.8003,3.273
125.86,-6.1818,6.3785,3.0829,1.6664,2.799,3.273
125.911,-6.1976,6.3794,3.0829,1.6508,2.7969,3.273
125.961,-6.208,6.38,3.0829,1.6404,2.7955,3.273
126.011,-6.2185,6.3807,3.0829,1.63,2.7942,3.273
126.061,-6.2343,6.3816,3.0829,1.6144,2.7921,3.273
126.111,-6.2447,6.3822,3.0829,1.604,2.7907,3.273
126.162,-6.2552,6.3828,3.0829,1.5936,2.7893,3.273
126.212,-6.2709,6.3837,3.0829,1.578,2.7873,3.273
126.262,-6.2814,6.3843,3.0829,1.5675,2.7859,3.273
126.312,-6.2971,6.3853,3.0829,1.5519,2.7838,3.273
126.362,-6.3076,6.3859,3.0829,1.5415,2.7825,3.273
126.413,-6.3181,6.3865,3.0829,1.5311,2.7811,3.273
126.463,-6.3338,6.3874,3.0829,1.5155,2.779,3.273
126.513,-6.3443,6.388,3.0829,1.5051,2.7776,3.273
126.563,-6.36,6.389,3.0829,1.4895,2.7756,3.273
126.614,-6.3705,6.3896,3.0829,1.4791,2.7742,3.273
126.664,-6.381,6.3902,3.0829,1.4687,2.7728,3.273
126.714,-6.3967,6.3911,3.0829,1.453,2.7708,3.273
126.764,-6.4072,6.3917,3.0829,1.4426,2.7694,3.273
126.815,-6.4229,6.3927,3.0829,1.427,2.7673,3.273
126.865,-6.4334,6.3933,3.0829,1.4166,2.7659,3.273
126.915,-6.4439,6.3939,3.0829,1.4062,2.7646,3.273
126.965,-6.4596,6.3948,3.0829,1.3906,2.7625,3.273
127.015,-6.4701,6.3954,3.0829,1.3802,2.7611,3.273
127.066,-6.4858,6.3964,3.0829,1.3646,2.7591,3.273
127.116,-6.4963,6.397,3.0829,1.3542,2.7577,3.273
127.166,-6.5068,6.3976,3.0829,1.3437,2.7563,3.273
127.216,-6.5225,6.3985,3.0829,1.3281,2.7542,3.273
127.267,-6.533,6.3991,3.0829,1.3177,2.7529,3.273
127.317,-6.5487,6.4001,3.0829,1.3021,2.7508,3.273
127.367,-6.5592,6.4007,3.0829,1.2917,2.7494,3.273
127.417,-6.5697,6.4013,3.0829,1.2813,2.7481,3.273
127.467,-6.5854,6.4022,3.0829,1.2657,2.746,3.273
127.518,-6.5959,6.4028,3.0829,1.2553,2.7446,3.273
127.568,-6.6064,6.4034,3.0829,1.2449,2.7432,3.273
127.618,-6.6221,6.4044,3.0829,1.2292,2.7412,3.273
127.669,-6.6326,6.405,3.0829,1.2188,2.7398,3.273
127.719,-6.6483,6.4059,3.0829,1.2032,2.7377,3.273
127.769,-6.6588,6.4065,3.0829,1.1928,2.7364,3.273
127.819,-6.6693,6.4071,3.0829,1.1824,2.735,3.273
127.87,-6.685,6.4081,3.0829,1.1668,2.7329,3.273
127.92,-6.6955,6.4087,3.0829,1.1564,2.7315,3.273
127.97,-6.7112,6.4096,3.0829,1.1408,2.7295,3.273
128.02,-6.7217,6.4102,3.0829,1.1304,2.7281,3.273
128.07,-6.7321,6.4108,3.0829,1.1199,2.7267,3.273
128.121,-6.7479,6.4118,3.0829,1.1043,2.7247,3.273
128.171,-6.7583,6.4124,3.0829,1.0939,2.7233,3.273
128.221,-6.7741,6.4133,3.0829,1.0783,2.7212,3.273
128.271,-6.7846,6.4139,3.0829,1.0679,2.7198,3.273
128.322,-6.795,6.4145,3.0829,1.0575,2.7185,3.273
128.372,-6.8108,6.4154,3.0829,1.0419,2.7164,3.273
128.422,-6.8212,6.4161,3.0829,1.0315,2.715,3.273
128.472,-6.837,6.417,3.0829,1.0158,2.713,3.273
128.523,-6.8474,6.4176,3.0829,1.0054,2.7116,3.273
128.573,-6.8579,6.4182,3.0829,0.995,2.7102,3.273
128.623,-6.8737,6.4191,3.0829,0.9794,2.7081,3.273
128.673,-6.8841,6.4198,3.0829,0.969,2.7068,3.273
128.723,-6.8946,6.4204,3.0829,0.9586,2.7054,3.273
128.774,-6.9103,6.4213,3.0829,0.943,2.7033,3.273
128.824,-6.9208,6.4219,3.0829,0.9326,2.702,3.273
128.874,-6.9365,6.4228,3.0829,0.917,2.6999,3.273
128.924,-6.947,6.4235,3.0829,0.9066,2.6985,3.273
128.975,-6.9575,6.4241,3.0829,0.8961,2.6971,3.273
129.025,-6.9732,6.425,3.0829,0.8805,2.6951,3.273
129.075,-6.9837,6.4256,3.0829,0.8701,2.6937,3.273
129.125,-6.9994,6.4265,3.0829,0.8545,2.6916,3.273
129.175,-7.0099,6.4271,3.0829,0.8441,2.6903,3.273
129.226,-7.0204,6.4278,3.0829,0.8337,2.6889,3.273
129.276,-7.0361,6.4287,3.0829,0.8181,2.6868,3.273
129.326,-7.0466,6.4293,3.0829,0.8077,2.6854,3.273
129.377,-7.0571,6.4299,3.0829,0.7973,2.6841,3.273
129.427,-7.0728,6.4308,3.0829,0.7816,2.682,3.273
129.477,-7.0833,6.4315,3.0829,0.7712,2.6806,3.273
129.527,-7.099,6.4324,3.0829,0.7556,2.6786,3.273
129.578,-7.1095,6.433,3.0829,0.7452,2.6772,3.273
129.628,-7.12,6.4336,3.0829,0.7348,2.6758,3.273
129.678,-7.1357,6.4345,3.0829,0.7192,2.6737,3.273
129.728,-7.1462,6.4352,3.0829,0.7088,2.6724,3.273
129.778,-7.1619,6.4361,3.0829,0.6932,2.6703,3.273
129.829,-7.1715,6.4366,3.0838,0.6859,2.6693,3.2838
129.879,-7.1768,6.4369,3.0976,0.6828,2.6688,3.309
129.929,-7.1815,6.437,3.1311,0.6781,2.668,3.3468
129.979,-7.1845,6.437,3.1536,0.675,2.6673,3.372
130.03,-7.189,6.4369,3.1878,0.6705,2.6661,3.4098
130.08,-7.192,6.4368,3.2108,0.6674,2.6652,3.435
130.13,-7.1948,6.4365,3.2341,0.6644,2.6643,3.4602
130.18,-7.199,6.4361,3.2695,0.66,2.6627,3.498
130.231,-7.2017,6.4357,3.2934,0.657,2.6616,3.5232
130.281,-7.2055,6.435,3.33,0.6527,2.6598,3.561
130.331,-7.208,6.4345,3.3549,0.6498,2.6584,3.5862
130.381,-7.2103,6.434,3.38,0.647,2.657,3.6114
130.431,-7.2138,6.4331,3.4178,0.6428,2.6548,3.6492
130.482,-7.2161,6.4324,3.443,0.6401,2.6533,3.6744
130.532,-7.2184,6.4317,3.4682,0.6374,2.6516,3.6996
130.582,-7.2217,6.4305,3.506,0.6334,2.6491,3.7374
130.632,-7.224,6.4296,3.5312,0.6309,2.6473,3.7626
130.683,-7.2273,6.4282,3.569,0.6271,2.6444,3.8004
130.733,-7.2294,6.4271,3.5942,0.6246,2.6425,3.8256
130.783,-7.2316,6.4261,3.6194,0.6222,2.6404,3.8508
130.834,-7.2347,6.4244,3.6572,0.6187,2.6373,3.8886
130.884,-7.2368,6.4232,3.6824,0.6164,2.6351,3.9138
130.934,-7.2399,6.4212,3.7202,0.613,2.6318,3.9516
130.984,-7.242,6.4198,3.7454,0.6108,2.6293,3.9768
131.035,-7.2443,6.4182,3.7706,0.6084,2.6267,4.002
131.085,-7.2479,6.4155,3.8085,0.6048,2.6223,4.0398
131.135,-7.2505,6.4134,3.8338,0.6024,2.6191,4.065
131.185,-7.2546,6.4098,3.8719,0.5985,2.6138,4.1028
131.235,-7.2575,6.4072,3.8973,0.5959,2.61,4.128
131.286,-7.2605,6.4043,3.9229,0.5933,2.6059,4.1532
131.336,-7.2652,6.3995,3.9619,0.5894,2.5994,4.191
131.386,-7.2684,6.3959,3.9884,0.5868,2.5947,4.2162
131.436,-7.2735,6.3899,4.0288,0.5829,2.5872,4.254
131.487,-7.277,6.3855,4.0563,0.5803,2.5818,4.2792
131.537,-7.2806,6.3807,4.0842,0.5778,2.5761,4.3044
131.587,-7.2861,6.3729,4.127,0.5741,2.5671,4.3422
131.637,-7.2897,6.3672,4.1559,0.5717,2.5608,4.3674
131.688,-7.2934,6.3612,4.1848,0.5694,2.5542,4.3926
131.738,-7.2987,6.3516,-2.0561,0.5662,2.5437,4.4292
131.788,-7.3022,6.3449,-2.0304,0.5641,2.5364,4.4514
131.838,-7.3073,6.3341,-1.9965,0.5612,2.5248,4.4808
131.888,-7.3106,6.3267,-1.9761,0.5594,2.5168,4.4985
131.939,-7.3138,6.3189,-1.9576,0.5577,2.5086,4.5146
131.989,-7.3186,6.3069,-1.9324,0.5553,2.4959,4.5365
132.039,-7.3216,6.2987,-1.9172,0.5538,2.4873,4.5497
132.089,-7.326,6.2861,-1.8972,0.5518,2.474,4.5672
132.14,-7.3289,6.2775,-1.8852,0.5505,2.4649,4.5778
132.19,-7.3317,6.2687,-1.8744,0.5493,2.4558,4.5874
132.24,-7.3358,6.2554,-1.8601,0.5477,2.4418,4.6005
132.29,-7.3384,6.2465,-1.8517,0.5466,2.4324,4.6084
132.341,-7.3422,6.2329,-1.8409,0.5452,2.4181,4.6191
132.391,-7.3447,6.2238,-1.8344,0.5444,2.4085,4.6255
132.441,-7.3472,6.2146,-1.8285,0.5435,2.3988,4.6315
132.491,-7.3508,6.2006,-1.8202,0.5424,2.3842,4.6397
132.541,-7.3532,6.1912,-1.8151,0.5417,2.3744,4.6448
132.592,-7.3567,6.177,-1.8083,0.5408,2.3595,4.6516
132.642,-7.359,6.1674,-1.8041,0.5402,2.3496,4.6557
132.692,-7.3612,6.1578,-1.8003,0.5396,2.3396,4.6596
132.742,-7.3646,6.1433,-1.7949,0.5389,2.3246,4.6649
132.792,-7.3668,6.1335,-1.7917,0.5384,2.3145,4.6682
132.843,-7.37,6.1188,-1.7873,0.5378,2.2993,4.6726
132.893,-7.3722,6.109,-1.7846,0.5374,2.2892,4.6753
132.943,-7.3743,6.0991,-1.7821,0.537,2.279,4.6778
132.993,-7.3775,6.0842,-1.7787,0.5365,2.2637,4.6812
133.044,-7.3796,6.0743,-1.7766,0.5362,2.2535,4.6833
133.094,-7.3817,6.0643,-1.7746,0.5359,2.2433,4.6853
133.144,-7.3848,6.0492,-1.7717,0.5355,2.2279,4.688
133.194,-7.3869,6.0391,-1.7697,0.5353,2.2176,4.6896
133.245,-7.3899,6.0239,-1.7672,0.535,2.2021,4.6918
133.295,-7.3919,6.0138,-1.7657,0.5348,2.1918,4.6931
133.345,-7.3939,6.0036,-1.7643,0.5346,2.1815,4.6943
133.395,-7.3969,5.9884,-1.7624,0.5343,2.1659,4.696
133.445,-7.3988,5.9782,-1.7613,0.5341,2.1556,4.697
133.496,-7.4018,5.9629,-1.7597,0.5339,2.14,4.6983
133.546,-7.4037,5.9527,-1.7588,0.5338,2.1296,4.6991
133.596,-7.4057,5.9425,-1.758,0.5336,2.1192,4.6998
133.646,-7.4086,5.9271,-1.7569,0.5334,2.1036,4.7008
133.697,-7.4105,5.9169,-1.7562,0.5333,2.0931,4.7014
133.747,-7.4134,5.9015,-1.7553,0.5332,2.0775,4.7021
133.797,-7.4153,5.8912,-1.7547,0.533,2.0671,4.7026
133.847,-7.4172,5.881,-1.7542,0.5329,2.0566,4.7031
133.898,-7.42,5.8656,-1.7536,0.5328,2.0409,4.7036
133.948,-7.4219,5.8553,-1.7532,0.5327,2.0305,4.704
133.998,-7.4248,5.8399,-1.7526,0.5326,2.0148,4.7045
134.049,-7.4267,5.8296,-1.7523,0.5325,2.0043,4.7047
134.099,-7.4286,5.8193,-1.752,0.5324,1.9939,4.705
134.149,-7.4314,5.8038,-1.7516,0.5323,1.9782,4.7054
134.199,-7.4333,5.7935,-1.7513,0.5322,1.9677,4.7056
134.249,-7.4351,5.7832,-1.7511,0.5322,1.9572,4.7058
134.3,-7.438,5.7678,-1.7508,0.5321,1.9415,4.706
134.35,-7.4398,5.7574,-1.7507,0.532,1.931,4.7062
134.4,-7.4426,5.742,-1.7504,0.5319,1.9153,4.7064
134.45,-7.4445,5.7317,-1.7503,0.5318,1.9048,4.7065
134.501,-7.4464,5.7214,-1.7502,0.5318,1.8943,4.7067
134.551,-7.4492,5.7059,-1.75,0.5317,1.8786,4.7068
134.601,-7.4511,5.6956,-1.7499,0.5316,1.8681,4.7069
134.651,-7.4539,5.6801,-1.7498,0.5316,1.8524,4.7071
134.701,-7.4557,5.6698,-1.7497,0.5315,1.8419,4.7071
134.752,-7.4576,5.6595,-1.7496,0.5314,1.8314,4.7072
134.802,-7.4604,5.644,-1.7495,0.5314,1.8157,4.7073
134.852,-7.4623,5.6337,-1.7495,0.5313,1.8052,4.7074
134.902,-7.4651,5.6182,-1.7494,0.5312,1.7894,4.7075
134.953,-7.4669,5.6078,-1.7493,0.5312,1.7789,4.7075
135.003,-7.4688,5.5975,-1.7493,0.5311,1.7685,4.7076
135.053,-7.4716,5.582,-1.7492,0.5311,1.7527,4.7077
135.103,-7.4734,5.5717,-1.7491,0.531,1.7422,4.7077
135.154,-7.4762,5.5562,-1.7491,0.5309,1.7265,4.7078
135.204,-7.4781,5.5459,-1.7491,0.5309,1.716,4.7078
135.254,-7.4799,5.5356,-1.749,0.5308,1.7055,4.7078
135.304,-7.4827,5.5201,-1.749,0.5308,1.6897,4.7079
135.355,-7.4846,5.5097,-1.749,0.5307,1.6792,4.7079
135.405,-7.4874,5.4942,-1.7489,0.5306,1.6635,4.708
135.455,-7.4892,5.4839,-1.7489,0.5306,1.653,4.708
135.505,-7.4911,5.4736,-1.7489,0.5306,1.6425,4.708
135.556,-7.4939,5.4581,-1.7488,0.5305,1.6268,4.708
135.606,-7.4958,5.4477,-1.7488,0.5304,1.6163,4.708
135.656,-7.4976,5.4374,-1.7488,0.5304,1.6058,4.7081
135.706,-7.5004,5.4219,-1.7488,0.5303,1.59,4.7081
135.757,-7.5023,5.4116,-1.7488,0.5303,1.5795,4.7081
135.807,-7.505,5.3961,-1.7487,0.5302,1.5638,4.7081
135.857,-7.5069,5.3857,-1.7487,0.5302,1.5533,4.7081
135.907,-7.5088,5.3754,-1.7487,0.5301,1.5428,4.7081
135.957,-7.5116,5.3599,-1.7487,0.5301,1.527,4.7082
136.008,-7.5134,5.3496,-1.7487,0.53,1.5165,4.7082
136.058,-7.5162,5.3341,-1.7487,0.5299,1.5008,4.7082
136.108,-7.5181,5.3237,-1.7487,0.5299,1.4903,4.7082
136.158,-7.5199,5.3134,-1.7487,0.5299,1.4798,4.7082
136.209,-7.5227,5.2979,-1.7487,0.5298,1.464,4.7082
136.259,-7.5246,5.2876,-1.7486,0.5298,1.4535,4.7082
136.309,-7.5273,5.2721,-1.7486,0.5297,1.4378,4.7082
136.359,-7.5292,5.2617,-1.7486,0.5296,1.4273,4.7082
136.41,-7.5311,5.2514,-1.7486,0.5296,1.4168,4.7082
136.46,-7.5338,5.2359,-1.7486,0.5295,1.401,4.7082
136.51,-7.5357,5.2256,-1.7486,0.5295,1.3905,4.7082
136.56,-7.5385,5.2101,-1.7486,0.5294,1.3748,4.7082
136.611,-7.5403,5.1997,-1.7486,0.5294,1.3643,4.7082
136.661,-7.5422,5.1894,-1.7486,0.5293,1.3538,4.7082
136.711,-7.545,5.1739,-1.7486,0.5293,1.338,4.7083
136.761,-7.5468,5.1636,-1.7486,0.5292,1.3275,4.7083
136.812,-7.5487,5.1532,-1.7486,0.5292,1.317,4.7083
136.862,-7.5515,5.1377,-1.7486,0.5291,1.3013,4.7083
136.912,-7.5533,5.1274,-1.7486,0.5291,1.2908,4.7083
136.962,-7.5561,5.1119,-1.7486,0.529,1.275,4.7083
137.013,-7.558,5.1016,-1.7486,0.529,1.2645,4.7083
137.063,-7.5598,5.0912,-1.7486,0.5289,1.254,4.7083
137.113,-7.5626,5.0757,-1.7486,0.5289,1.2383,4.7083
137.163,-7.5645,5.0654,-1.7486,0.5288,1.2278,4.7083
137.214,-7.5673,5.0499,-1.7486,0.5288,1.212,4.7083
137.264,-7.5691,5.0396,-1.7486,0.5287,1.2015,4.7083
137.314,-7.571,5.0292,-1.7486,0.5287,1.191,4.7083
137.364,-7.5738,5.0137,-1.7486,0.5286,1.1753,4.7083
137.414,-7.5756,5.0034,-1.7486,0.5286,1.1648,4.7083
137.465,-7.5784,4.9879,-1.7486,0.5285,1.1491,4.7083
137.515,-7.5803,4.9776,-1.7486,0.5284,1.1386,4.7083
137.565,-7.5821,4.9672,-1.7486,0.5284,1.1281,4.7083
137.615,-7.5849,4.9517,-1.7486,0.5283,1.1123,4.7083
137.666,-7.5868,4.9414,-1.7486,0.5283,1.1018,4.7083
137.716,-7.5896,4.9259,-1.7486,0.5282,1.0861,4.7083
137.766,-7.5914,4.9155,-1.7486,0.5282,1.0756,4.7083
137.816,-7.5933,4.9052,-1.7486,0.5281,1.0651,4.7083
137.866,-7.5961,4.8897,-1.7486,0.5281,1.0493,4.7083
137.917,-7.5979,4.8794,-1.7486,0.528,1.0388,4.7083
137.967,-7.6007,4.8639,-1.7486,0.528,1.0231,4.7083
138.017,-7.6026,4.8535,-1.7486,0.5279,1.0126,4.7083
138.067,-7.6044,4.8432,-1.7486,0.5279,1.0021,4.7083
138.118,-7.6072,4.8277,-1.7486,0.5278,0.9863,4.7083
138.168,-7.6091,4.8174,-1.7486,0.5278,0.9758,4.7083
138.218,-7.6109,4.807,-1.7486,0.5277,0.9653,4.7083
138.268,-7.6137,4.7915,-1.7486,0.5277,0.9496,4.7083
138.319,-7.6155,4.7812,-1.7486,0.5276,0.9391,4.7083
138.369,-7.6183,4.7657,-1.7486,0.5276,0.9233,4.7083
138.419,-7.6202,4.7554,-1.7486,0.5275,0.9128,4.7083
138.469,-7.622,4.745,-1.7486,0.5275,0.9023,4.7083
138.52,-7.6248,4.7295,-1.7486,0.5274,0.8866,4.7083
138.57,-7.6267,4.7192,-1.7486,0.5274,0.8761,4.7083
138.62,-7.6295,4.7037,-1.7486,0.5273,0.8603,4.7083
138.67,-7.6313,4.6934,-1.7486,0.5273,0.8498,4.7083
138.72,-7.6332,4.683,-1.7486,0.5272,0.8393,4.7083
138.771,-7.636,4.6675,-1.7486,0.5272,0.8236,4.7083
138.821,-7.6378,4.6572,-1.7486,0.5271,0.8131,4.7083
138.871,-7.6406,4.6417,-1.7486,0.527,0.7973,4.7083
138.921,-7.6425,4.6313,-1.7486,0.527,0.7868,4.7083
138.971,-7.6443,4.621,-1.7486,0.527,0.7763,4.7083
139.022,-7.6471,4.6055,-1.7486,0.5269,0.7606,4.7083
139.072,-7.649,4.5952,-1.7486,0.5269,0.7501,4.7083
139.122,-7.6518,4.5797,-1.7486,0.5268,0.7343,4.7083
139.173,-7.6536,4.5693,-1.7486,0.5267,0.7238,4.7083
139.223,-7.6555,4.559,-1.7486,0.5267,0.7133,4.7083
139.273,-7.6583,4.5435,-1.7486,0.5266,0.6976,4.7083
139.323,-7.6601,4.5332,-1.7486,0.5266,0.6871,4.7083
139.374,-7.6629,4.5177,-1.7486,0.5265,0.6713,4.7083
139.424,-7.6648,4.5073,-1.7486,0.5265,0.6608,4.7083
139.474,-7.6666,4.497,-1.7486,0.5264,0.6503,4.7083
139.524,-7.6694,4.4815,-1.7486,0.5264,0.6346,4.7083
139.575,-7.6713,4.4712,-1.7486,0.5263,0.6241,4.7083
139.625,-7.6731,4.4608,-1.7486,0.5263,0.6136,4.7083
139.675,-7.6759,4.4453,-1.7486,0.5262,0.5978,4.7083
139.725,-7.6778,4.435,-1.7486,0.5262,0.5873,4.7083
139.776,-7.6805,4.4195,-1.7486,0.5261,0.5716,4.7083
139.826,-7.6824,4.4092,-1.7486,0.5261,0.5611,4.7083
139.877,-7.6843,4.3988,-1.7486,0.526,0.5506,4.7083
139.927,-7.687,4.3833,-1.7486,0.526,0.5348,4.7083
139.977,-7.6889,4.373,-1.7486,0.5259,0.5243,4.7083
140.027,-7.6917,4.3575,-1.7486,0.5259,0.5086,4.7083
140.078,-7.6935,4.3471,-1.7486,0.5258,0.4981,4.7083
140.128,-7.6954,4.3368,-1.7486,0.5258,0.4876,4.7083
140.178,-7.6982,4.3213,-1.7486,0.5257,0.4718,4.7083
140.228,-7.7,4.311,-1.7486,0.5257,0.4613,4.7083
140.279,-7.7028,4.2955,-1.7486,0.5256,0.4456,4.7083
140.329,-7.7047,4.2851,-1.7486,0.5256,0.4351,4.7083
140.379,-7.7065,4.2748,-1.7486,0.5255,0.4246,4.7083
140.429,-7.7093,4.2593,-1.7486,0.5255,0.4088,4.7083
140.48,-7.7112,4.249,-1.7486,0.5254,0.3983,4.7083
140.53,-7.714,4.2335,-1.7486,0.5253,0.3826,4.7083
140.58,-7.7158,4.2231,-1.7486,0.5253,0.3721,4.7083
140.63,-7.7177,4.2128,-1.7486,0.5253,0.3616,4.7083
140.681,-7.7205,4.1973,-1.7486,0.5252,0.3458,4.7083
140.731,-7.7223,4.187,-1.7486,0.5252,0.3353,4.7083
140.781,-7.7251,4.1715,-1.7486,0.5251,0.3196,4.7083
140.831,-7.727,4.1611,-1.7486,0.525,0.3091,4.7083
140.882,-7.7288,4.1508,-1.7486,0.525,0.2986,4.7083
140.932,-7.7316,4.1353,-1.7486,0.5249,0.2828,4.7083
140.982,-7.7335,4.125,-1.7486,0.5249,0.2723,4.7083
141.032,-7.7353,4.1146,-1.7486,0.5249,0.2618,4.7083
141.082,-7.7381,4.0991,-1.7486,0.5248,0.2461,4.7083
141.133,-7.74,4.0888,-1.7486,0.5247,0.2356,4.7083
141.183,-7.7427,4.0733,-1.7486,0.5247,0.2198,4.7083
141.233,-7.7446,4.0629,-1.7486,0.5246,0.2093,4.7083
141.283,-7.7465,4.0526,-1.7486,0.5246,0.1988,4.7083
141.333,-7.7492,4.0371,-1.7486,0.5245,0.1831,4.7083
141.384,-7.7511,4.0268,-1.7486,0.5245,0.1726,4.7083
141.434,-7.7539,4.0113,-1.7486,0.5244,0.1568,4.7083
141.484,-7.7557,4.0009,-1.7486,0.5244,0.1463,4.7083
141.534,-7.7576,3.9906,-1.7486,0.5243,0.1358,4.7083
141.585,-7.7604,3.9751,-1.7486,0.5243,0.1201,4.7083
141.635,-7.7622,3.9648,-1.7486,0.5242,0.1096,4.7083
141.685,-7.765,3.9493,-1.7486,0.5242,0.0938,4.7083
141.735,-7.7669,3.9389,-1.7486,0.5241,0.0833,4.7083
141.785,-7.7687,3.9286,-1.7486,0.5241,0.0728,4.7083
141.836,-7.7715,3.9131,-1.7486,0.524,0.0571,4.7083
141.886,-7.7734,3.9028,-1.7486,0.524,0.0466,4.7083
141.936,-7.7762,3.8873,-1.7486,0.5239,0.0308,4.7083
141.986,-7.778,3.8769,-1.7486,0.5239,0.0203,4.7083
142.036,-7.7799,3.8666,-1.7486,0.5238,0.0098,4.7083
142.087,-7.7827,3.8511,-1.7486,0.5238,-0.0059,4.7083
142.137,-7.7845,3.8408,-1.7486,0.5237,-0.0164,4.7083
142.187,-7.7864,3.8304,-1.7486,0.5237,-0.0269,4.7083
142.237,-7.7892,3.8149,-1.7486,0.5236,-0.0427,4.7083
142.288,-7.791,3.8046,-1.7486,0.5236,-0.0532,4.7083
142.338,-7.7938,3.7891,-1.7486,0.5235,-0.0689,4.7083
142.388,-7.7957,3.7788,-1.7486,0.5235,-0.0794,4.7083
142.438,-7.7975,3.7684,-1.7486,0.5234,-0.0899,4.7083
142.488,-7.8003,3.7529,-1.7486,0.5233,-0.1057,4.7083
142.539,-7.8022,3.7426,-1.7486,0.5233,-0.1162,4.7083
142.589,-7.8049,3.7271,-1.7486,0.5232,-0.1319,4.7083
142.639,-7.8068,3.7167,-1.7486,0.5232,-0.1424,4.7083
142.689,-7.8087,3.7064,-1.7486,0.5232,-0.1529,4.7083
142.739,-7.8114,3.6909,-1.7486,0.5231,-0.1687,4.7083
142.79,-7.8133,3.6806,-1.7486,0.523,-0.1792,4.7083
142.84,-7.8161,3.6651,-1.7486,0.523,-0.1949,4.7083
142.89,-7.8179,3.6547,-1.7486,0.5229,-0.2054,4.7083
142.94,-7.8198,3.6444,-1.7486,0.5229,-0.2159,4.7083
142.991,-7.8226,3.6289,-1.7486,0.5228,-0.2317,4.7083
143.041,-7.8244,3.6186,-1.7486,0.5228,-0.2422,4.7083
143.091,-7.8272,3.6031,-1.7486,0.5227,-0.2579,4.7083
143.141,-7.8291,3.5927,-1.7486,0.5227,-0.2684,4.7083
143.192,-7.8309,3.5824,-1.7486,0.5226,-0.2789,4.7083
143.242,-7.8337,3.5669,-1.7486,0.5226,-0.2947,4.7083
143.292,-7.8356,3.5566,-1.7486,0.5225,-0.3052,4.7083
143.342,-7.8374,3.5462,-1.7486,0.5225,-0.3157,4.7083
143.392,-7.8402,3.5307,-1.7486,0.5224,-0.3314,4.7083
143.443,-7.8421,3.5204,-1.7486,0.5224,-0.3419,4.7083
143.493,-7.8449,3.5049,-1.7486,0.5223,-0.3577,4.7083
143.543,-7.8467,3.4946,-1.7486,0.5223,-0.3682,4.7083
143.594,-7.8486,3.4842,-1.7486,0.5222,-0.3787,4.7083
143.644,-7.8514,3.4687,-1.7486,0.5222,-0.3944,4.7083
143.694,-7.8532,3.4584,-1.7486,0.5221,-0.4049,4.7083
143.744,-7.856,3.4429,-1.7486,0.5221,-0.4207,4.7083
143.794,-7.8579,3.4325,-1.7486,0.522,-0.4312,4.7083
143.845,-7.8597,3.4222,-1.7486,0.522,-0.4417,4.7083
143.895,-7.8625,3.4067,-1.7486,0.5219,-0.4574,4.7083
143.945,-7.8644,3.3964,-1.7486,0.5219,-0.4679,4.7083
143.995,-7.8671,3.3809,-1.7486,0.5218,-0.4837,4.7083
144.046,-7.869,3.3705,-1.7486,0.5218,-0.4942,4.7083
144.096,-7.8709,3.3602,-1.7486,0.5217,-0.5047,4.7083
144.146,-7.8736,3.3447,-1.7486,0.5216,-0.5204,4.7083
144.196,-7.8755,3.3344,-1.7486,0.5216,-0.5309,4.7083
144.246,-7.8783,3.3189,-1.7486,0.5215,-0.5467,4.7083
144.297,-7.8801,3.3085,-1.7486,0.5215,-0.5572,4.7083
144.347,-7.882,3.2982,-1.7486,0.5215,-0.5677,4.7083
144.397,-7.8848,3.2827,-1.7486,0.5214,-0.5834,4.7083
144.447,-7.8866,3.2724,-1.7486,0.5213,-0.5939,4.7083
144.497,-7.8894,3.2569,-1.7486,0.5213,-0.6097,4.7083
144.548,-7.8913,3.2465,-1.7486,0.5212,-0.6202,4.7083
144.598,-7.8931,3.2362,-1.7486,0.5212,-0.6307,4.7083
144.648,-7.8959,3.2207,-1.7486,0.5211,-0.6464,4.7083
144.698,-7.8978,3.2104,-1.7486,0.5211,-0.6569,4.7083
144.748,-7.8996,3.2,-1.7486,0.521,-0.6674,4.7083
144.799,-7.9024,3.1845,-1.7486,0.521,-0.6832,4.7083
144.849,-7.9043,3.1742,-1.7486,0.5209,-0.6937,4.7083
144.899,-7.9071,3.1587,-1.7486,0.5209,-0.7094,4.7083
144.949,-7.9089,3.1483,-1.7486,0.5208,-0.7199,4.7083
145.0,-7.9108,3.138,-1.7486,0.5208,-0.7304,4.7083
145.05,-7.9136,3.1225,-1.7486,0.5207,-0.7462,4.7083
145.1,-7.9154,3.1122,-1.7486,0.5207,-0.7567,4.7083
145.15,-7.9182,3.0967,-1.7486,0.5206,-0.7724,4.7083
145.201,-7.9201,3.0863,-1.7486,0.5206,-0.7829,4.7083
145.251,-7.9219,3.076,-1.7486,0.5205,-0.7934,4.7083
145.301,-7.9247,3.0605,-1.7486,0.5205,-0.8092,4.7083
145.351,-7.9266,3.0502,-1.7486,0.5204,-0.8197,4.7083
145.401,-7.9293,3.0347,-1.7486,0.5204,-0.8354,4.7083
145.452,-7.9312,3.0243,-1.7486,0.5203,-0.8459,4.7083
145.502,-7.9331,3.014,-1.7486,0.5203,-0.8564,4.7083
145.552,-7.9358,2.9985,-1.7486,0.5202,-0.8722,4.7083
145.602,-7.9377,2.9882,-1.7486,0.5202,-0.8827,4.7083
145.653,-7.9405,2.9727,-1.7486,0.5201,-0.8984,4.7083
145.703,-7.9423,2.9623,-1.7486,0.5201,-0.9089,4.7083
145.753,-7.9442,2.952,-1.7486,0.52,-0.9194,4.7083
145.803,-7.947,2.9365,-1.7486,0.5199,-0.9352,4.7083
145.854,-7.9488,2.9262,-1.7486,0.5199,-0.9457,4.7083
145.904,-7.9507,2.9158,-1.7486,0.5199,-0.9562,4.7083
145.954,-7.9535,2.9003,-1.7486,0.5198,-0.9719,4.7083
146.004,-7.9553,2.89,-1.7486,0.5198,-0.9824,4.7083
146.054,-7.9581,2.8745,-1.7486,0.5197,-0.9982,4.7083
146.105,-7.96,2.8641,-1.7486,0.5196,-1.0087,4.7083
146.155,-7.9618,2.8538,-1.7486,0.5196,-1.0192,4.7083
146.205,-7.9646,2.8383,-1.7486,0.5195,-1.0349,4.7083
146.255,-7.9665,2.828,-1.7486,0.5195,-1.0454,4.7083
146.306,-7.9693,2.8125,-1.7486,0.5194,-1.0612,4.7083
146.356,-7.9711,2.8021,-1.7486,0.5194,-1.0717,4.7083
146.406,-7.973,2.7918,-1.7486,0.5193,-1.0822,4.7083
146.456,-7.9758,2.7763,-1.7486,0.5193,-1.0979,4.7083
146.507,-7.9776,2.766,-1.7486,0.5192,-1.1084,4.7083
146.557,-7.9804,2.7505,-1.7486,0.5192,-1.1242,4.7083
146.607,-7.9823,2.7401,-1.7486,0.5191,-1.1347,4.7083
146.657,-7.9841,2.7298,-1.7486,0.5191,-1.1452,4.7083
146.707,-7.9869,2.7143,-1.7486,0.519,-1.1609,4.7083
146.758,-7.9888,2.704,-1.7486,0.519,-1.1714,4.7083
146.808,-7.9916,2.6885,-1.7486,0.5189,-1.1872,4.7083
146.858,-7.9934,2.6781,-1.7486,0.5189,-1.1977,4.7083
146.909,-7.9953,2.6678,-1.7486,0.5188,-1.2082,4.7083
146.959,-7.9981,2.6523,-1.7486,0.5188,-1.2239,4.7083
147.009,-7.9999,2.642,-1.7486,0.5187,-1.2344,4.7083
147.059,-8.0018,2.6316,-1.7486,0.5187,-1.2449,4.7083
147.11,-8.0045,2.6161,-1.7486,0.5186,-1.2607,4.7083
147.16,-8.0064,2.6058,-1.7486,0.5186,-1.2712,4.7083
147.21,-8.0083,2.5954,-1.7486,0.5185,-1.2817,4.7083
147.26,-8.011,2.5799,-1.7486,0.5185,-1.2974,4.7083
147.311,-8.0129,2.5696,-1.7486,0.5184,-1.3079,4.7083
147.361,-8.0157,2.5541,-1.7486,0.5184,-1.3237,4.7083
147.411,-8.0175,2.5438,-1.7486,0.5183,-1.3342,4.7083
147.461,-8.0194,2.5334,-1.7486,0.5183,-1.3447,4.7083
147.512,-8.0222,2.5179,-1.7486,0.5182,-1.3604,4.7083
147.562,-8.024,2.5076,-1.7486,0.5182,-1.3709,4.7083
147.612,-8.0268,2.4921,-1.7486,0.5181,-1.3867,4.7083
147.662,-8.0287,2.4818,-1.7486,0.5181,-1.3972,4.7083
147.713,-8.0305,2.4714,-1.7486,0.518,-1.4077,4.7083
147.763,-8.0333,2.4559,-1.7486,0.5179,-1.4234,4.7083
147.813,-8.0352,2.4456,-1.7486,0.5179,-1.4339,4.7083
147.863,-8.038,2.4301,-1.7486,0.5178,-1.4497,4.7083
147.914,-8.0398,2.4198,-1.7486,0.5178,-1.4602,4.7083
147.964,-8.0417,2.4094,-1.7486,0.5178,-1.4707,4.7083
148.014,-8.0445,2.3939,-1.7486,0.5177,-1.4864,4.7083
148.064,-8.0463,2.3836,-1.7486,0.5176,-1.4969,4.7083
148.114,-8.0491,2.3681,-1.7486,0.5176,-1.5127,4.7083
148.165,-8.051,2.3578,-1.7486,0.5175,-1.5232,4.7083
148.215,-8.0528,2.3474,-1.7486,0.5175,-1.5337,4.7083
