t,truth_x,truth_y,truth_yaw,est_x,est_y,est_yaw
0.001,-8.234,1.5611,-1.6192,7.3366,-2.0212,5.9091
0.051,-8.234,1.5611,-1.615,7.3369,-2.0213,5.9217
0.101,-8.2341,1.5594,-1.593,7.339,-2.0221,5.9469
0.151,-8.2341,1.5533,-1.5553,7.3459,-2.0243,5.9847
0.202,-8.2339,1.5477,-1.5303,7.3519,-2.0261,6.0099
0.252,-8.2334,1.5392,-1.4933,7.3611,-2.0285,6.0477
0.302,-8.2328,1.5333,-1.4689,7.3672,-2.0299,6.0729
0.352,-8.232,1.5273,-1.4447,7.3734,-2.0311,6.0981
0.403,-8.2305,1.5181,-1.4083,7.3827,-2.0327,6.1359
0.453,-8.2293,1.5117,-1.3839,7.3889,-2.0335,6.1611
0.503,-8.228,1.5051,-1.3594,7.3952,-2.0342,6.1863
0.553,-8.2256,1.4949,-1.322,7.4046,-2.035,6.2241
0.603,-8.2238,1.4881,-1.2968,7.4109,-2.0352,6.2493
0.654,-8.2207,1.478,-1.259,7.4204,-2.0354,-6.2793
0.704,-8.2185,1.4713,-1.2338,7.4267,-2.0353,-6.2541
0.754,-8.2161,1.4647,-1.2086,7.433,-2.035,-6.2289
0.805,-8.2121,1.4548,-1.1708,7.4424,-2.0343,-6.1911
0.855,-8.2093,1.4484,-1.1456,7.4486,-2.0337,-6.1659
0.905,-8.2048,1.4388,-1.1078,7.458,-2.0324,-6.1281
0.955,-8.2016,1.4325,-1.0826,7.4642,-2.0313,-6.1029
1.005,-8.1982,1.4263,-1.0574,7.4704,-2.0301,-6.0777
1.056,-8.1928,1.4172,-1.0196,7.4796,-2.028,-6.0399
1.106,-8.1892,1.4113,-0.9944,7.4857,-2.0264,-6.0147
1.156,-8.1836,1.4025,-0.9566,7.4948,-2.0238,-5.9769
1.206,-8.1798,1.3968,-0.9317,7.5008,-2.0218,-5.9517
1.257,-8.1761,1.3913,-0.907,7.5067,-2.0197,-5.9265
1.307,-8.1705,1.3834,-0.8706,7.5155,-2.0162,-5.8887
1.357,-8.1667,1.3783,-0.8467,7.5213,-2.0137,-5.8635
1.408,-8.1606,1.3709,-0.8114,7.5298,-2.0097,-5.8257
1.458,-8.1563,1.3662,-0.7881,7.5357,-2.0067,-5.8005
1.508,-8.1515,1.3615,-0.7645,7.5418,-2.0034,-5.7753
1.558,-8.1439,1.3544,-0.7283,7.5515,-1.9977,-5.7375
1.609,-8.1384,1.3496,-0.7038,7.5582,-1.9936,-5.7123
1.659,-8.1293,1.3422,-0.666,7.5688,-1.9865,-5.6745
1.709,-8.1228,1.3372,-0.6409,7.5761,-1.9812,-5.6493
1.76,-8.1157,1.3321,-0.6157,7.5837,-1.9755,-5.6241
1.81,-8.1042,1.3242,-0.578,7.5954,-1.9661,-5.5863
1.86,-8.096,1.319,-0.5528,7.6034,-1.9592,-5.5611
1.911,-8.0872,1.3136,-0.5276,7.6115,-1.9518,-5.5359
1.961,-8.0731,1.3057,-0.4898,7.624,-1.9399,-5.4981
2.011,-8.0632,1.3004,-0.4645,7.6323,-1.9313,-5.4729
2.061,-8.0471,1.2924,-0.4266,7.6451,-1.9174,-5.4351
2.111,-8.0358,1.287,-0.4012,7.6536,-1.9075,-5.4099
2.162,-8.0239,1.2816,-0.3757,7.6622,-1.8969,-5.3847
2.212,-8.005,1.2739,-0.3374,7.6751,-1.8801,-5.3469
2.262,-7.9917,1.269,-0.3122,7.6836,-1.8682,-5.3225
2.312,-7.9701,1.2623,-0.276,7.6964,-1.8493,-5.2896
2.363,-7.955,1.2582,-0.2531,7.7048,-1.836,-5.2696
2.413,-7.9393,1.2543,-0.2322,7.7133,-1.8222,-5.2513
2.463,-7.9149,1.2488,-0.2039,7.7259,-1.8005,-5.2266
2.513,-7.8983,1.2455,-0.1867,7.7341,-1.7856,-5.2115
2.563,-7.8725,1.2409,-0.1645,7.7465,-1.7624,-5.1916
2.614,-7.855,1.2381,-0.1511,7.7546,-1.7465,-5.1796
2.664,-7.8372,1.2355,-0.1394,7.7627,-1.7303,-5.1687
2.714,-7.8102,1.2319,-0.1243,7.7747,-1.7054,-5.1537
2.765,-7.792,1.2297,-0.1151,7.7825,-1.6885,-5.1446
2.815,-7.7643,1.2267,-0.1028,7.7942,-1.6627,-5.1323
2.865,-7.7455,1.2248,-0.0953,7.8019,-1.6453,-5.1248
2.915,-7.7266,1.2231,-0.0884,7.8096,-1.6277,-5.1179
2.966,-7.698,1.2206,-0.0789,7.8209,-1.601,-5.1083
3.016,-7.6787,1.2192,-0.0732,7.8283,-1.583,-5.1024
3.066,-7.6495,1.2171,-0.0657,7.8394,-1.5557,-5.0945
3.117,-7.6298,1.2158,-0.0611,7.8467,-1.5374,-5.0897
3.167,-7.6101,1.2147,-0.057,7.854,-1.519,-5.0852
3.217,-7.5801,1.213,-0.0508,7.8648,-1.4911,-5.0789
3.267,-7.5601,1.2121,-0.0469,7.8719,-1.4724,-5.075
3.318,-7.5298,1.2107,-0.0415,7.8825,-1.4442,-5.0698
3.368,-7.5096,1.2099,-0.0382,7.8895,-1.4253,-5.0666
3.418,-7.4893,1.2092,-0.0349,7.8965,-1.4063,-5.0637
3.468,-7.4589,1.2082,-0.0303,7.907,-1.3777,-5.0597
3.518,-7.4386,1.2076,-0.0274,7.9139,-1.3585,-5.0573
3.569,-7.4181,1.2071,-0.0249,7.9208,-1.3393,-5.0551
3.619,-7.3874,1.2063,-0.0214,7.931,-1.3104,-5.0521
3.669,-7.3669,1.2059,-0.0193,7.9379,-1.291,-5.0502
3.719,-7.3361,1.2054,-0.0168,7.9481,-1.2619,-5.0478
3.77,-7.3155,1.205,-0.0154,7.9548,-1.2424,-5.0464
3.82,-7.2949,1.2047,-0.0141,7.9616,-1.2229,-5.0451
3.87,-7.2639,1.2043,-0.0122,7.9717,-1.1935,-5.0432
3.92,-7.2433,1.2041,-0.0111,7.9784,-1.174,-5.0421
3.971,-7.2122,1.2038,-0.0096,7.9885,-1.1445,-5.0406
4.021,-7.1915,1.2036,-0.0086,7.9951,-1.1249,-5.0396
4.071,-7.1707,1.2034,-0.0078,8.0018,-1.1052,-5.0388
4.121,-7.1396,1.2032,-0.0066,8.0118,-1.0756,-5.0376
4.171,-7.1188,1.203,-0.006,8.0184,-1.0559,-5.0369
4.222,-7.0875,1.2029,-0.0051,8.0284,-1.0263,-5.0359
4.272,-7.0667,1.2028,-0.0046,8.035,-1.0065,-5.0353
4.322,-7.0458,1.2027,-0.004,8.0416,-0.9868,-5.0347
4.374,-7.0145,1.2026,-0.0032,8.0515,-0.9571,-5.0339
4.424,-6.9936,1.2025,-0.0027,8.0581,-0.9373,-5.0334
4.474,-6.9623,1.2024,-0.0021,8.068,-0.9075,-5.0328
4.524,-6.9414,1.2024,-0.0017,8.0745,-0.8877,-5.0324
4.575,-6.9204,1.2024,-0.0013,8.0811,-0.8679,-5.032
4.625,-6.8891,1.2023,-0.0007,8.091,-0.8381,-5.0315
4.675,-6.8682,1.2023,-0.0003,8.0975,-0.8182,-5.0312
4.725,-6.8368,1.2023,0.0001,8.1074,-0.7884,-5.0307
4.776,-6.8158,1.2023,0.0004,8.1139,-0.7685,-5.0305
4.826,-6.7949,1.2023,0.0006,8.1205,-0.7486,-5.0303
4.876,-6.7635,1.2023,0.001,8.1303,-0.7188,-5.03
4.926,-6.7425,1.2024,0.0011,8.1368,-0.6989,-5.0298
4.977,-6.7111,1.2024,0.0014,8.1466,-0.669,-5.0295
5.027,-6.6902,1.2024,0.0016,8.1531,-0.6491,-5.0294
5.077,-6.6692,1.2025,0.0017,8.1597,-0.6292,-5.0292
5.127,-6.6378,1.2025,0.0019,8.1695,-0.5993,-5.029
5.178,-6.6168,1.2026,0.002,8.176,-0.5794,-5.0289
5.228,-6.5958,1.2026,0.0021,8.1825,-0.5594,-5.0288
5.278,-6.5644,1.2027,0.0023,8.1923,-0.5295,-5.0286
5.328,-6.5434,1.2027,0.0024,8.1988,-0.5096,-5.0285
5.379,-6.5119,1.2028,0.0025,8.2086,-0.4797,-5.0284
5.429,-6.491,1.2029,0.0026,8.2151,-0.4598,-5.0283
5.479,-6.47,1.2029,0.0027,8.2217,-0.4398,-5.0282
5.529,-6.4385,1.203,0.0028,8.2314,-0.4099,-5.0281
5.58,-6.4175,1.2031,0.0028,8.2379,-0.39,-5.0281
5.63,-6.386,1.2032,0.0029,8.2477,-0.36,-5.028
5.68,-6.365,1.2032,0.003,8.2542,-0.3401,-5.0279
5.73,-6.3441,1.2033,0.003,8.2607,-0.3201,-5.0279
5.78,-6.3126,1.2034,0.0031,8.2705,-0.2902,-5.0278
5.831,-6.2916,1.2034,0.0031,8.277,-0.2702,-5.0278
5.881,-6.2601,1.2035,0.0032,8.2868,-0.2403,-5.0277
5.931,-6.2391,1.2036,0.0032,8.2933,-0.2204,-5.0277
5.981,-6.2181,1.2037,0.0033,8.2998,-0.2004,-5.0277
6.032,-6.1866,1.2038,0.0033,8.3096,-0.1705,-5.0276
6.082,-6.1656,1.2039,0.0033,8.3161,-0.1505,-5.0276
6.132,-6.1341,1.204,0.0034,8.3258,-0.1206,-5.0276
6.182,-6.1131,1.204,0.0034,8.3323,-0.1006,-5.0275
6.233,-6.0922,1.2041,0.0034,8.3389,-0.0806,-5.0275
6.283,-6.0607,1.2042,0.0034,8.3486,-0.0507,-5.0275
6.334,-6.0397,1.2043,0.0034,8.3551,-0.0307,-5.0275
6.384,-6.0082,1.2044,0.0035,8.3649,-0.0008,-5.0275
6.434,-5.9872,1.2045,0.0035,8.3714,0.0192,-5.0275
6.484,-5.9662,1.2045,0.0035,8.3779,0.0391,-5.0274
6.534,-5.9347,1.2046,0.0035,8.3877,0.0691,-5.0274
6.585,-5.9137,1.2047,0.0035,8.3942,0.089,-5.0274
6.635,-5.8927,1.2048,0.0035,8.4039,0.119,-5.0274
6.685,-5.8612,1.2049,0.0035,8.4104,0.139,-5.0274
6.735,-5.8402,1.205,0.0035,8.4169,0.1589,-5.0274
6.785,-5.8087,1.2051,0.0036,8.4267,0.1889,-5.0274
6.836,-5.7877,1.2052,0.0036,8.4332,0.2088,-5.0274
6.886,-5.7667,1.2052,0.0036,8.4397,0.2288,-5.0274
6.936,-5.7352,1.2054,0.0036,8.4495,0.2587,-5.0274
6.986,-5.7142,1.2054,0.0036,8.456,0.2787,-5.0273
7.037,-5.6827,1.2055,0.0036,8.4657,0.3087,-5.0273
7.087,-5.6617,1.2056,0.0036,8.4722,0.3286,-5.0273
7.137,-5.6407,1.2057,0.0036,8.4787,0.3486,-5.0273
7.187,-5.6092,1.2058,0.0036,8.4885,0.3785,-5.0273
7.237,-5.5882,1.2059,0.0036,8.495,0.3985,-5.0273
7.288,-5.5567,1.206,0.0036,8.5047,0.4285,-5.0273
7.338,-5.5357,1.2061,0.0036,8.5112,0.4484,-5.0273
7.388,-5.5147,1.2061,0.0036,8.5178,0.4684,-5.0273
7.438,-5.4832,1.2063,0.0036,8.5275,0.4983,-5.0273
7.489,-5.4622,1.2063,0.0036,8.534,0.5183,-5.0273
7.539,-5.4307,1.2065,0.0036,8.5438,0.5483,-5.0273
7.589,-5.4097,1.2065,0.0036,8.5503,0.5682,-5.0273
7.639,-5.3887,1.2066,0.0036,8.5568,0.5882,-5.0273
7.69,-5.3572,1.2067,0.0036,8.5665,0.6181,-5.0273
7.74,-5.3362,1.2068,0.0036,8.573,0.6381,-5.0273
7.79,-5.3047,1.2069,0.0036,8.5828,0.6681,-5.0273
7.84,-5.2837,1.207,0.0036,8.5893,0.688,-5.0273
7.89,-5.2627,1.2071,0.0036,8.5958,0.708,-5.0273
7.941,-5.2312,1.2072,0.0036,8.6056,0.7379,-5.0273
7.991,-5.2102,1.2073,0.0036,8.6121,0.7579,-5.0273
8.041,-5.1892,1.2073,0.0036,8.6186,0.7779,-5.0273
8.091,-5.1577,1.2074,0.0036,8.6283,0.8078,-5.0273
8.141,-5.1367,1.2075,0.0036,8.6348,0.8278,-5.0273
8.192,-5.1052,1.2076,0.0036,8.6446,0.8577,-5.0273
8.242,-5.0842,1.2077,0.0036,8.6511,0.8777,-5.0273
8.292,-5.0632,1.2078,0.0036,8.6576,0.8977,-5.0273
8.342,-5.0317,1.2079,0.0036,8.6673,0.9276,-5.0273
8.392,-5.0107,1.208,0.0036,8.6739,0.9476,-5.0273
8.443,-4.9792,1.2081,0.0036,8.6836,0.9776,-5.0273
8.493,-4.9582,1.2082,0.0036,8.6901,0.9975,-5.0273
8.543,-4.9372,1.2082,0.0036,8.6966,1.0175,-5.0273
8.593,-4.9057,1.2084,0.0036,8.7064,1.0474,-5.0273
8.644,-4.8847,1.2084,0.0036,8.7129,1.0674,-5.0273
8.694,-4.8532,1.2086,0.0036,8.7226,1.0974,-5.0273
8.744,-4.8322,1.2086,0.0036,8.7291,1.1173,-5.0273
8.794,-4.8112,1.2087,0.0036,8.7356,1.1373,-5.0273
8.844,-4.7797,1.2088,0.0036,8.7454,1.1672,-5.0273
8.895,-4.7587,1.2089,0.0036,8.7519,1.1872,-5.0273
8.945,-4.7272,1.209,0.0036,8.7617,1.2172,-5.0273
8.995,-4.7062,1.2091,0.0036,8.7682,1.2371,-5.0273
9.045,-4.6852,1.2092,0.0036,8.7747,1.2571,-5.0273
9.096,-4.6537,1.2093,0.0036,8.7844,1.287,-5.0273
9.148,-4.6327,1.2094,0.0036,8.7909,1.307,-5.0273
9.198,-4.6012,1.2095,0.0036,8.8007,1.337,-5.0273
9.248,-4.5802,1.2095,0.0036,8.8072,1.3569,-5.0273
9.299,-4.5592,1.2096,0.0036,8.8137,1.3769,-5.0273
9.349,-4.5277,1.2097,0.0036,8.8234,1.4069,-5.0273
9.399,-4.5067,1.2098,0.0036,8.8299,1.4268,-5.0273
9.449,-4.4857,1.2099,0.0036,8.8365,1.4468,-5.0273
9.5,-4.4542,1.21,0.0036,8.8462,1.4767,-5.0273
9.55,-4.4332,1.2101,0.0036,8.8527,1.4967,-5.0273
9.6,-4.4017,1.2102,0.0037,8.8625,1.5267,-5.0273
9.65,-4.3807,1.2103,0.0037,8.869,1.5466,-5.0273
9.701,-4.3597,1.2104,0.0037,8.8755,1.5666,-5.0273
9.751,-4.3282,1.2105,0.0037,8.8852,1.5965,-5.0273
9.801,-4.3072,1.2105,0.0037,8.8917,1.6165,-5.0273
9.851,-4.2757,1.2107,0.0037,8.9015,1.6465,-5.0273
9.902,-4.2547,1.2107,0.0037,8.908,1.6664,-5.0273
9.952,-4.2337,1.2108,0.0037,8.9145,1.6864,-5.0273
10.002,-4.2022,1.2109,0.0037,8.9243,1.7163,-5.0273
10.053,-4.1812,1.211,0.0037,8.9308,1.7363,-5.0273
10.103,-4.1497,1.2111,0.0037,8.9405,1.7663,-5.0273
10.153,-4.1287,1.2112,0.0037,8.947,1.7862,-5.0273
10.203,-4.1077,1.2113,0.0037,8.9535,1.8062,-5.0273
10.254,-4.0762,1.2114,0.0037,8.9633,1.8362,-5.0273
10.304,-4.0552,1.2115,0.0037,8.9698,1.8561,-5.0273
10.354,-4.0237,1.2116,0.0037,8.9795,1.8861,-5.0273
10.404,-4.0027,1.2117,0.0037,8.986,1.906,-5.0273
10.455,-3.9817,1.2117,0.0037,8.9925,1.926,-5.0273
10.505,-3.9502,1.2118,0.0037,9.0023,1.956,-5.0273
10.555,-3.9292,1.2119,0.0037,9.0088,1.9759,-5.0273
10.605,-3.8977,1.212,0.0037,9.0186,2.0059,-5.0273
10.656,-3.8767,1.2121,0.0037,9.0251,2.0258,-5.0273
10.706,-3.8557,1.2122,0.0037,9.0316,2.0458,-5.0273
10.756,-3.8242,1.2123,0.0037,9.0413,2.0758,-5.0273
10.806,-3.8032,1.2124,0.0037,9.0478,2.0957,-5.0273
10.857,-3.7717,1.2125,0.0037,9.0576,2.1257,-5.0273
10.907,-3.7507,1.2126,0.0037,9.0641,2.1456,-5.0273
10.957,-3.7297,1.2127,0.0037,9.0706,2.1656,-5.0273
11.007,-3.6982,1.2128,0.0037,9.0803,2.1956,-5.0273
11.058,-3.6772,1.2128,0.0037,9.0869,2.2155,-5.0273
11.108,-3.6562,1.2129,0.0037,9.0934,2.2355,-5.0273
11.158,-3.6247,1.213,0.0037,9.1031,2.2655,-5.0273
11.208,-3.6037,1.2131,0.0037,9.1096,2.2854,-5.0273
11.259,-3.5722,1.2132,0.0037,9.1194,2.3154,-5.0273
11.309,-3.5512,1.2133,0.0037,9.1259,2.3353,-5.0273
11.359,-3.5302,1.2134,0.0037,9.1324,2.3553,-5.0273
11.409,-3.4987,1.2135,0.0037,9.1421,2.3853,-5.0273
11.46,-3.4777,1.2136,0.0037,9.1486,2.4052,-5.0273
11.51,-3.4462,1.2137,0.0037,9.1584,2.4352,-5.0273
11.56,-3.4252,1.2138,0.0037,9.1649,2.4551,-5.0273
11.611,-3.4042,1.2138,0.0037,9.1714,2.4751,-5.0273
11.661,-3.3727,1.214,0.0037,9.1812,2.5051,-5.0273
11.711,-3.3517,1.214,0.0037,9.1877,2.525,-5.0273
11.761,-3.3202,1.2141,0.0037,9.1974,2.555,-5.0273
11.812,-3.2992,1.2142,0.0037,9.2039,2.5749,-5.0273
11.862,-3.2782,1.2143,0.0037,9.2104,2.5949,-5.0273
11.912,-3.2467,1.2144,0.0037,9.2202,2.6249,-5.0273
11.962,-3.2257,1.2145,0.0037,9.2267,2.6448,-5.0273
12.013,-3.1942,1.2146,0.0037,9.2364,2.6748,-5.0273
12.063,-3.1732,1.2147,0.0037,9.2429,2.6948,-5.0273
12.113,-3.1522,1.2148,0.0037,9.2495,2.7147,-5.0273
12.163,-3.1207,1.2149,0.0037,9.2592,2.7447,-5.0273
12.214,-3.0997,1.215,0.0037,9.2657,2.7646,-5.0273
12.264,-3.0682,1.2151,0.0037,9.2755,2.7946,-5.0273
12.314,-3.0472,1.2151,0.0037,9.282,2.8146,-5.0273
12.364,-3.0262,1.2152,0.0037,9.2885,2.8345,-5.0273
12.415,-2.9947,1.2153,0.0037,9.2982,2.8645,-5.0273
12.465,-2.9737,1.2154,0.0037,9.3047,2.8844,-5.0273
12.515,-2.9527,1.2155,0.0037,9.3112,2.9044,-5.0273
12.565,-2.9212,1.2156,0.0037,9.321,2.9344,-5.0273
12.616,-2.9002,1.2157,0.0037,9.3275,2.9543,-5.0273
12.666,-2.8687,1.2158,0.0037,9.3373,2.9843,-5.0273
12.716,-2.8477,1.2159,0.0037,9.3438,3.0042,-5.0273
12.766,-2.8267,1.2159,0.0037,9.3503,3.0242,-5.0273
12.817,-2.7952,1.2161,0.0037,9.36,3.0542,-5.0273
12.867,-2.7742,1.2161,0.0037,9.3665,3.0741,-5.0273
12.917,-2.7427,1.2163,0.0037,9.3763,3.1041,-5.0273
12.967,-2.7217,1.2163,0.0037,9.3828,3.1241,-5.0273
13.018,-2.7007,1.2164,0.0037,9.3893,3.144,-5.0273
13.068,-2.6692,1.2165,0.0037,9.399,3.174,-5.0273
13.121,-2.6482,1.2166,0.0037,9.4055,3.1939,-5.0273
13.171,-2.6167,1.2167,0.0037,9.4153,3.2239,-5.0273
13.222,-2.5957,1.2168,0.0037,9.4218,3.2439,-5.0273
13.272,-2.5642,1.2169,0.0037,9.4316,3.2738,-5.0273
13.322,-2.5432,1.217,0.0037,9.4381,3.2938,-5.0273
13.373,-2.5222,1.2171,0.0037,9.4446,3.3137,-5.0273
13.423,-2.4907,1.2172,0.0037,9.4543,3.3437,-5.0273
13.473,-2.4697,1.2173,0.0037,9.4608,3.3637,-5.0273
13.524,-2.4382,1.2174,0.0037,9.4706,3.3936,-5.0273
13.574,-2.4172,1.2174,0.0037,9.4771,3.4136,-5.0273
13.624,-2.3962,1.2175,0.0037,9.4836,3.4335,-5.0273
13.675,-2.3647,1.2176,0.0037,9.4933,3.4635,-5.0273
13.725,-2.3437,1.2177,0.0037,9.4999,3.4835,-5.0273
13.775,-2.3227,1.2178,0.0037,9.5096,3.5134,-5.0273
13.825,-2.2912,1.2179,0.0037,9.5161,3.5334,-5.0273
13.876,-2.2702,1.218,0.0037,9.5226,3.5534,-5.0273
13.926,-2.2387,1.2181,0.0037,9.5324,3.5833,-5.0273
13.976,-2.2177,1.2182,0.0037,9.5389,3.6033,-5.0273
14.026,-2.1967,1.2182,0.0037,9.5454,3.6232,-5.0273
14.077,-2.1652,1.2184,0.0037,9.5551,3.6532,-5.0273
14.127,-2.1442,1.2184,0.0037,9.5616,3.6732,-5.0273
14.177,-2.1127,1.2186,0.0037,9.5714,3.7031,-5.0273
14.228,-2.0917,1.2186,0.0037,9.5779,3.7231,-5.0273
14.278,-2.0707,1.2187,0.0037,9.5844,3.743,-5.0273
14.328,-2.0392,1.2188,0.0037,9.5942,3.773,-5.0273
14.379,-2.0182,1.2189,0.0037,9.6007,3.793,-5.0273
14.429,-1.9867,1.219,0.0037,9.6104,3.8229,-5.0273
14.479,-1.9657,1.2191,0.0037,9.6169,3.8429,-5.0273
14.53,-1.9447,1.2192,0.0037,9.6234,3.8628,-5.0273
14.58,-1.9132,1.2193,0.0037,9.6332,3.8928,-5.0273
14.63,-1.8922,1.2194,0.0037,9.6397,3.9128,-5.0273
14.68,-1.8607,1.2195,0.0037,9.6494,3.9427,-5.0273
14.731,-1.8397,1.2196,0.0037,9.6559,3.9627,-5.0273
14.781,-1.8187,1.2196,0.0037,9.6625,3.9827,-5.0273
14.831,-1.7872,1.2197,0.0037,9.6722,4.0126,-5.0273
14.881,-1.7662,1.2198,0.0037,9.6787,4.0326,-5.0273
14.932,-1.7347,1.2199,0.0037,9.6885,4.0625,-5.0273
14.982,-1.7137,1.22,0.0037,9.695,4.0825,-5.0273
15.032,-1.6927,1.2201,0.0037,9.7015,4.1025,-5.0273
15.083,-1.6612,1.2202,0.0037,9.7112,4.1324,-5.0273
15.133,-1.6402,1.2203,0.0037,9.7177,4.1524,-5.0273
15.183,-1.6087,1.2204,0.0037,9.7275,4.1823,-5.0273
15.233,-1.5877,1.2205,0.0037,9.734,4.2023,-5.0273
15.284,-1.5667,1.2205,0.0037,9.7405,4.2223,-5.0273
15.334,-1.5352,1.2207,0.0037,9.7503,4.2522,-5.0273
15.384,-1.5142,1.2207,0.0037,9.7568,4.2722,-5.0273
15.434,-1.4827,1.2209,0.0037,9.7665,4.3021,-5.0273
15.484,-1.4617,1.2209,0.0037,9.773,4.3221,-5.0273
15.535,-1.4407,1.221,0.0037,9.7795,4.3421,-5.0273
15.585,-1.4092,1.2211,0.0037,9.7893,4.372,-5.0273
15.635,-1.3882,1.2212,0.0037,9.7958,4.392,-5.0273
15.685,-1.3672,1.2213,0.0037,9.8023,4.412,-5.0273
15.736,-1.3357,1.2214,0.0037,9.812,4.4419,-5.0273
15.786,-1.3147,1.2215,0.0037,9.8185,4.4619,-5.0273
15.836,-1.2832,1.2216,0.0037,9.8283,4.4918,-5.0273
15.886,-1.2622,1.2217,0.0037,9.8348,4.5118,-5.0273
15.937,-1.2412,1.2217,0.0037,9.8413,4.5318,-5.0273
15.987,-1.2098,1.2219,0.0037,9.8511,4.5617,-5.0273
16.037,-1.1888,1.2219,0.0037,9.8576,4.5817,-5.0273
16.087,-1.1573,1.222,0.0037,9.8673,4.6116,-5.0273
16.138,-1.1363,1.2221,0.0037,9.8738,4.6316,-5.0273
16.188,-1.1153,1.2222,0.0037,9.8803,4.6516,-5.0273
16.238,-1.0838,1.2223,0.0037,9.8901,4.6815,-5.0273
16.288,-1.0628,1.2224,0.0037,9.8966,4.7015,-5.0273
16.339,-1.0313,1.2225,0.0037,9.9063,4.7314,-5.0273
16.389,-1.0103,1.2226,0.0037,9.9129,4.7514,-5.0273
16.439,-0.9893,1.2227,0.0037,9.9194,4.7714,-5.0273
16.489,-0.9578,1.2228,0.0037,9.9291,4.8013,-5.0273
16.54,-0.9368,1.2228,0.0037,9.9356,4.8213,-5.0273
16.59,-0.9053,1.223,0.0037,9.9454,4.8512,-5.0273
16.64,-0.8843,1.223,0.0037,9.9519,4.8712,-5.0273
16.69,-0.8633,1.2231,0.0037,9.9584,4.8912,-5.0273
16.741,-0.8318,1.2232,0.0037,9.9681,4.9211,-5.0273
16.791,-0.8108,1.2233,0.0037,9.9746,4.9411,-5.0273
16.841,-0.7898,1.2234,0.0037,9.9811,4.9611,-5.0273
16.891,-0.7583,1.2235,0.0037,9.9909,4.991,-5.0273
16.942,-0.7373,1.2236,0.0037,9.9974,5.011,-5.0273
16.992,-0.7058,1.2237,0.0037,10.0072,5.0409,-5.0273
17.043,-0.6848,1.2238,0.0037,10.0137,5.0609,-5.0273
17.093,-0.6638,1.2238,0.0037,10.0202,5.0809,-5.0273
17.143,-0.6323,1.224,0.0037,10.0299,5.1108,-5.0273
17.193,-0.6113,1.224,0.0037,10.0364,5.1308,-5.0273
17.244,-0.5798,1.2242,0.0037,10.0462,5.1607,-5.0273
17.294,-0.5588,1.2242,0.0037,10.0527,5.1807,-5.0273
17.344,-0.5378,1.2243,0.0037,10.0592,5.2007,-5.0273
17.394,-0.5063,1.2244,0.0037,10.0689,5.2306,-5.0273
17.445,-0.4853,1.2245,0.0037,10.0754,5.2506,-5.0273
17.495,-0.4538,1.2246,0.0037,10.0852,5.2805,-5.0273
17.545,-0.4328,1.2247,0.0037,10.0917,5.3005,-5.0273
17.595,-0.4118,1.2248,0.0037,10.0982,5.3205,-5.0273
17.646,-0.3803,1.2249,0.0037,10.108,5.3504,-5.0273
17.696,-0.3593,1.225,0.0037,10.1145,5.3704,-5.0273
17.746,-0.3278,1.2251,0.0037,10.1242,5.4003,-5.0273
17.796,-0.3068,1.2251,0.0037,10.1307,5.4203,-5.0273
17.847,-0.2858,1.2252,0.0037,10.1372,5.4403,-5.0273
17.897,-0.2543,1.2253,0.0037,10.147,5.4702,-5.0273
17.947,-0.2333,1.2254,0.0037,10.1535,5.4902,-5.0273
17.997,-0.2018,1.2255,0.0037,10.1633,5.5201,-5.0273
18.048,-0.1808,1.2256,0.0037,10.1698,5.5401,-5.0273
18.098,-0.1598,1.2257,0.0037,10.1763,5.5601,-5.0273
18.148,-0.1283,1.2258,0.0037,10.186,5.59,-5.0273
18.198,-0.1073,1.2259,0.0037,10.1925,5.61,-5.0273
18.249,-0.0863,1.226,0.0037,10.199,5.63,-5.0273
18.299,-0.0548,1.2261,0.0037,10.2088,5.6599,-5.0273
18.349,-0.0338,1.2261,0.0037,10.2153,5.6799,-5.0273
18.4,-0.0023,1.2263,0.0037,10.225,5.7098,-5.0273
18.45,0.0187,1.2263,0.0037,10.2315,5.7298,-5.0273
18.5,0.0397,1.2264,0.0037,10.238,5.7498,-5.0273
18.55,0.0712,1.2265,0.0037,10.2478,5.7797,-5.0273
18.601,0.0922,1.2266,0.0037,10.2543,5.7997,-5.0273
18.651,0.1237,1.2267,0.0037,10.2641,5.8296,-5.0273
18.701,0.1447,1.2268,0.0037,10.2706,5.8496,-5.0273
18.751,0.1657,1.2269,0.0037,10.2771,5.8696,-5.0273
18.801,0.1972,1.227,0.0037,10.2868,5.8995,-5.0273
18.852,0.2182,1.2271,0.0037,10.2933,5.9195,-5.0273
18.902,0.2497,1.2272,0.0037,10.3031,5.9494,-5.0273
18.952,0.2707,1.2273,0.0037,10.3096,5.9694,-5.0273
19.002,0.2917,1.2273,0.0037,10.3161,5.9894,-5.0273
19.053,0.3232,1.2274,0.0037,10.3258,6.0193,-5.0273
19.103,0.3442,1.2275,0.0037,10.3324,6.0393,-5.0273
19.153,0.3757,1.2276,0.0037,10.3421,6.0693,-5.0273
19.203,0.3967,1.2277,0.0037,10.3486,6.0892,-5.0273
19.254,0.4177,1.2278,0.0037,10.3551,6.1092,-5.0273
19.304,0.4492,1.2279,0.0037,10.3649,6.1391,-5.0273
19.354,0.4702,1.228,0.0037,10.3714,6.1591,-5.0273
19.404,0.5017,1.2281,0.0037,10.3811,6.1891,-5.0273
19.455,0.5227,1.2282,0.0037,10.3876,6.209,-5.0273
19.505,0.5437,1.2283,0.0037,10.3941,6.229,-5.0273
19.555,0.5752,1.2284,0.0037,10.4039,6.2589,-5.0273
19.606,0.5962,1.2284,0.0037,10.4104,6.2789,-5.0273
19.656,0.6277,1.2286,0.0037,10.4202,6.3089,-5.0273
19.706,0.6487,1.2286,0.0037,10.4267,6.3288,-5.0273
19.756,0.6697,1.2287,0.0037,10.4332,6.3488,-5.0273
19.807,0.7012,1.2288,0.0037,10.4429,6.3787,-5.0273
19.857,0.7222,1.2289,0.0037,10.4494,6.3987,-5.0273
19.907,0.7432,1.229,0.0037,10.4559,6.4187,-5.0273
19.957,0.7747,1.2291,0.0037,10.4657,6.4486,-5.0273
20.008,0.7957,1.2292,0.0037,10.4722,6.4686,-5.0273
20.058,0.8272,1.2293,0.0037,10.4819,6.4986,-5.0273
20.108,0.8482,1.2294,0.0037,10.4884,6.5185,-5.0273
20.158,0.8692,1.2294,0.0037,10.495,6.5385,-5.0273
20.209,0.9007,1.2296,0.0037,10.5047,6.5684,-5.0273
20.259,0.9217,1.2296,0.0037,10.5112,6.5884,-5.0273
20.309,0.9532,1.2297,0.0037,10.521,6.6184,-5.0273
20.359,0.9742,1.2298,0.0037,10.5275,6.6383,-5.0273
20.41,0.9952,1.2299,0.0037,10.534,6.6583,-5.0273
20.46,1.0267,1.23,0.0037,10.5437,6.6882,-5.0273
20.51,1.0477,1.2301,0.0037,10.5502,6.7082,-5.0273
20.561,1.0792,1.2302,0.0037,10.56,6.7382,-5.0273
20.611,1.1002,1.2303,0.0037,10.5665,6.7581,-5.0273
20.661,1.1212,1.2304,0.0037,10.573,6.7781,-5.0273
20.711,1.1527,1.2305,0.0037,10.5828,6.808,-5.0273
20.761,1.1737,1.2306,0.0037,10.5893,6.828,-5.0273
20.812,1.2052,1.2307,0.0037,10.599,6.858,-5.0273
20.862,1.2262,1.2307,0.0037,10.6055,6.8779,-5.0273
20.912,1.2472,1.2308,0.0037,10.612,6.8979,-5.0273
20.963,1.2787,1.2309,0.0037,10.6218,6.9279,-5.0273
21.013,1.2997,1.231,0.0037,10.6283,6.9478,-5.0273
21.063,1.3312,1.2311,0.0037,10.638,6.9778,-5.0273
21.113,1.3522,1.2312,0.0037,10.6445,6.9977,-5.0273
21.164,1.3732,1.2313,0.0037,10.651,7.0177,-5.0273
21.214,1.4047,1.2314,0.0037,10.6608,7.0477,-5.0273
21.264,1.4257,1.2315,0.0037,10.6673,7.0676,-5.0273
21.315,1.4572,1.2316,0.0037,10.6771,7.0976,-5.0273
21.365,1.4782,1.2317,0.0037,10.6836,7.1175,-5.0273
21.415,1.4992,1.2317,0.0037,10.6901,7.1375,-5.0273
21.465,1.5307,1.2319,0.0037,10.6998,7.1675,-5.0273
21.516,1.5517,1.2319,0.0037,10.7063,7.1874,-5.0273
21.566,1.5727,1.232,0.0037,10.7128,7.2074,-5.0273
21.616,1.6042,1.2321,0.0037,10.7226,7.2373,-5.0273
21.667,1.6252,1.2322,0.0037,10.7291,7.2573,-5.0273
21.717,1.6567,1.2323,0.0037,10.7388,7.2873,-5.0273
21.767,1.6777,1.2324,0.0037,10.7454,7.3072,-5.0273
21.817,1.6987,1.2325,0.0037,10.7519,7.3272,-5.0273
21.868,1.7302,1.2326,0.0037,10.7616,7.3572,-5.0273
21.918,1.7512,1.2327,0.0037,10.7681,7.3771,-5.0273
21.968,1.7827,1.2328,0.0037,10.7779,7.4071,-5.0273
22.018,1.8037,1.2329,0.0037,10.7844,7.427,-5.0273
22.069,1.8247,1.2329,0.0037,10.7909,7.447,-5.0273
22.119,1.8562,1.233,0.0037,10.8006,7.477,-5.0273
22.169,1.8772,1.2331,0.0037,10.8071,7.4969,-5.0273
22.219,1.9087,1.2332,0.0037,10.8169,7.5269,-5.0273
22.27,1.9297,1.2333,0.0037,10.8234,7.5468,-5.0273
22.32,1.9507,1.2334,0.0037,10.8299,7.5668,-5.0273
22.37,1.9822,1.2335,0.0037,10.8397,7.5968,-5.0273
22.42,2.0032,1.2336,0.0037,10.8462,7.6167,-5.0273
22.471,2.0347,1.2337,0.0037,10.8559,7.6467,-5.0273
22.521,2.0557,1.2338,0.0037,10.8624,7.6666,-5.0273
22.571,2.0767,1.2339,0.0037,10.8689,7.6866,-5.0273
22.621,2.1082,1.234,0.0037,10.8787,7.7166,-5.0273
22.672,2.1292,1.234,0.0037,10.8852,7.7365,-5.0273
22.722,2.1607,1.2342,0.0037,10.8949,7.7665,-5.0273
22.772,2.1817,1.2342,0.0037,10.9014,7.7865,-5.0273
22.823,2.2027,1.2343,0.0037,10.908,7.8064,-5.0273
22.873,2.2342,1.2344,0.0037,10.9177,7.8364,-5.0273
22.923,2.2552,1.2345,0.0037,10.9242,7.8563,-5.0273
22.973,2.2867,1.2346,0.0037,10.934,7.8863,-5.0273
23.023,2.3077,1.2347,0.0037,10.9405,7.9063,-5.0273
23.074,2.3287,1.2348,0.0037,10.947,7.9262,-5.0273
23.124,2.3602,1.2349,0.0037,10.9567,7.9562,-5.0273
23.174,2.3812,1.235,0.0037,10.9632,7.9761,-5.0273
23.224,2.4022,1.235,0.0037,10.9697,7.9961,-5.0273
23.275,2.4337,1.2352,0.0037,10.9795,8.0261,-5.0273
23.325,2.4547,1.2352,0.0037,10.986,8.046,-5.0273
23.375,2.4862,1.2353,0.0037,10.9958,8.076,-5.0273
23.425,2.5072,1.2354,0.0037,11.0023,8.0959,-5.0273
23.476,2.5282,1.2355,0.0037,11.0088,8.1159,-5.0273
23.526,2.5597,1.2356,0.0037,11.0185,8.1459,-5.0273
23.576,2.5807,1.2357,0.0037,11.025,8.1658,-5.0273
23.626,2.6122,1.2358,0.0037,11.0348,8.1958,-5.0273
23.677,2.6332,1.2359,0.0037,11.0413,8.2158,-5.0273
23.727,2.6542,1.236,0.0037,11.0478,8.2357,-5.0273
23.777,2.6857,1.2361,0.0037,11.0575,8.2657,-5.0273
23.828,2.7067,1.2362,0.0037,11.064,8.2856,-5.0273
23.878,2.7382,1.2363,0.0037,11.0738,8.3156,-5.0273
23.928,2.7592,1.2363,0.0037,11.0803,8.3356,-5.0273
23.979,2.7802,1.2364,0.0037,11.0868,8.3555,-5.0273
24.029,2.8117,1.2365,0.0037,11.0966,8.3855,-5.0273
24.079,2.8327,1.2366,0.0037,11.1031,8.4054,-5.0273
24.129,2.8642,1.2367,0.0037,11.1128,8.4354,-5.0273
24.18,2.8852,1.2368,0.0037,11.1193,8.4554,-5.0273
24.23,2.9062,1.2369,0.0037,11.1258,8.4753,-5.0273
24.28,2.9377,1.237,0.0037,11.1356,8.5053,-5.0273
24.33,2.9587,1.2371,0.0037,11.1421,8.5252,-5.0273
24.381,2.9902,1.2372,0.0037,11.1518,8.5552,-5.0273
24.431,3.0112,1.2373,0.0037,11.1584,8.5752,-5.0273
24.481,3.0322,1.2373,0.0037,11.1649,8.5951,-5.0273
24.532,3.0637,1.2375,0.0037,11.1746,8.6251,-5.0273
24.582,3.0847,1.2375,0.0037,11.1811,8.6451,-5.0273
24.632,3.1162,1.2376,0.0037,11.1876,8.665,-5.0273
24.683,3.1372,1.2377,0.0037,11.1974,8.695,-5.0273
24.733,3.1582,1.2378,0.0037,11.2039,8.7149,-5.0273
24.783,3.1897,1.2379,0.0037,11.2136,8.7449,-5.0273
24.834,3.2107,1.238,0.0037,11.2201,8.7649,-5.0273
24.884,3.2317,1.2381,0.0037,11.2266,8.7848,-5.0273
24.934,3.2632,1.2382,0.0037,11.2364,8.8148,-5.0273
24.984,3.2842,1.2383,0.0037,11.2429,8.8347,-5.0273
25.035,3.3157,1.2384,0.0037,11.2527,8.8647,-5.0273
25.085,3.3367,1.2385,0.0037,11.2592,8.8847,-5.0273
25.135,3.3577,1.2385,0.0037,11.2657,8.9046,-5.0273
25.185,3.3892,1.2386,0.0037,11.2754,8.9346,-5.0273
25.236,3.4102,1.2387,0.0037,11.2819,8.9545,-5.0273
25.286,3.4417,1.2388,0.0037,11.2917,8.9845,-5.0273
25.336,3.4627,1.2389,0.0037,11.2982,9.0045,-5.0273
25.386,3.4837,1.239,0.0037,11.3047,9.0244,-5.0273
25.437,3.5152,1.2391,0.0037,11.3144,9.0544,-5.0273
25.487,3.5362,1.2392,0.0037,11.3209,9.0744,-5.0273
25.537,3.5677,1.2393,0.0037,11.3307,9.1043,-5.0273
25.587,3.5887,1.2394,0.0037,11.3372,9.1243,-5.0273
25.638,3.6097,1.2394,0.0037,11.3437,9.1442,-5.0273
25.688,3.6412,1.2396,0.0037,11.3535,9.1742,-5.0273
25.738,3.6622,1.2396,0.0037,11.36,9.1942,-5.0273
25.788,3.6937,1.2398,0.0037,11.3697,9.2241,-5.0273
25.839,3.7147,1.2398,0.0037,11.3762,9.2441,-5.0273
25.889,3.7357,1.2399,0.0037,11.3827,9.264,-5.0273
25.939,3.7672,1.24,0.0037,11.3925,9.294,-5.0273
25.989,3.7882,1.2401,0.0037,11.399,9.314,-5.0273
26.04,3.8197,1.2402,0.0037,11.4088,9.3439,-5.0273
26.09,3.8407,1.2403,0.0037,11.4153,9.3639,-5.0273
26.14,3.8617,1.2404,0.0037,11.4218,9.3838,-5.0273
26.19,3.8932,1.2405,0.0037,11.4315,9.4138,-5.0273
26.241,3.9142,1.2406,0.0037,11.438,9.4338,-5.0273
26.291,3.9457,1.2407,0.0037,11.4478,9.4637,-5.0273
26.341,3.9667,1.2408,0.0037,11.4543,9.4837,-5.0273
26.391,3.9877,1.2408,0.0037,11.4608,9.5037,-5.0273
26.442,4.0192,1.2409,0.0037,11.4705,9.5336,-5.0273
26.492,4.0402,1.241,0.0037,11.477,9.5536,-5.0273
26.542,4.0612,1.2411,0.0037,11.4835,9.5735,-5.0273
26.593,4.0927,1.2412,0.0037,11.4933,9.6035,-5.0273
26.643,4.1137,1.2413,0.0037,11.4998,9.6235,-5.0273
26.693,4.1452,1.2414,0.0037,11.5096,9.6534,-5.0273
26.743,4.1662,1.2415,0.0037,11.5161,9.6734,-5.0273
26.794,4.1872,1.2416,0.0037,11.5226,9.6933,-5.0273
26.844,4.2187,1.2417,0.0037,11.5323,9.7233,-5.0273
26.894,4.2397,1.2417,0.0037,11.5388,9.7433,-5.0273
26.945,4.2712,1.2419,0.0037,11.5486,9.7732,-5.0273
26.995,4.2922,1.2419,0.0037,11.5551,9.7932,-5.0273
27.045,4.3132,1.242,0.0037,11.5616,9.8131,-5.0273
27.096,4.3447,1.2421,0.0037,11.5714,9.8431,-5.0273
27.146,4.3657,1.2422,0.0037,11.5779,9.8631,-5.0273
27.196,4.3972,1.2423,0.0037,11.5876,9.893,-5.0273
27.247,4.4182,1.2424,0.0037,11.5941,9.913,-5.0273
27.297,4.4392,1.2425,0.0037,11.6006,9.933,-5.0273
27.347,4.4707,1.2426,0.0037,11.6104,9.9629,-5.0273
27.397,4.4917,1.2427,0.0037,11.6169,9.9829,-5.0273
27.448,4.5232,1.2428,0.0037,11.6266,10.0128,-5.0273
27.498,4.5442,1.2429,0.0037,11.6331,10.0328,-5.0273
27.548,4.5652,1.2429,0.0037,11.6396,10.0528,-5.0273
27.599,4.5967,1.2431,0.0037,11.6494,10.0827,-5.0273
27.649,4.6177,1.2431,0.0037,11.6559,10.1027,-5.0273
27.699,4.6492,1.2432,0.0037,11.6657,10.1326,-5.0273
27.749,4.6702,1.2433,0.0037,11.6722,10.1526,-5.0273
27.799,4.6912,1.2434,0.0037,11.6787,10.1726,-5.0273
27.85,4.7227,1.2435,0.0037,11.6884,10.2025,-5.0273
27.9,4.7437,1.2436,0.0037,11.6949,10.2225,-5.0273
27.95,4.7752,1.2437,0.0037,11.7047,10.2524,-5.0273
28.0,4.7962,1.2438,0.0037,11.7112,10.2724,-5.0273
28.051,4.8172,1.2439,0.0037,11.7177,10.2924,-5.0273
28.101,4.8487,1.244,0.0037,11.7274,10.3223,-5.0273
28.151,4.8697,1.244,0.0037,11.7339,10.3423,-5.0273
28.201,4.8907,1.2441,0.0037,11.7405,10.3623,-5.0273
28.252,4.9222,1.2442,0.0037,11.7502,10.3922,-5.0273
28.302,4.9432,1.2443,0.0037,11.7567,10.4122,-5.0273
28.352,4.9747,1.2444,0.0037,11.7665,10.4421,-5.0273
28.403,4.9957,1.2445,0.0037,11.773,10.4621,-5.0273
28.453,5.0167,1.2446,0.0037,11.7795,10.4821,-5.0273
28.503,5.0482,1.2447,0.0037,11.7892,10.512,-5.0273
28.554,5.0692,1.2448,0.0037,11.7957,10.532,-5.0273
28.604,5.1007,1.2449,0.0037,11.8055,10.5619,-5.0273
28.654,5.1217,1.245,0.0037,11.812,10.5819,-5.0273
28.705,5.1427,1.245,0.0037,11.8185,10.6019,-5.0273
28.755,5.1742,1.2452,0.0037,11.8283,10.6318,-5.0273
28.805,5.1952,1.2452,0.0037,11.8348,10.6518,-5.0273
28.855,5.2267,1.2454,0.0037,11.8445,10.6817,-5.0273
28.906,5.2477,1.2454,0.0037,11.851,10.7017,-5.0273
28.956,5.2687,1.2455,0.0037,11.8575,10.7217,-5.0273
29.006,5.3002,1.2456,0.0037,11.8673,10.7516,-5.0273
29.056,5.3212,1.2457,0.0037,11.8738,10.7716,-5.0273
29.107,5.3527,1.2458,0.0037,11.8835,10.8015,-5.0273
29.157,5.3737,1.2459,0.0037,11.89,10.8215,-5.0273
29.207,5.3947,1.246,0.0037,11.8965,10.8415,-5.0273
29.258,5.4262,1.2461,0.0037,11.9063,10.8714,-5.0273
29.308,5.4464,1.2461,0.0037,11.9112,10.8864,-5.0183
29.358,5.4631,1.2462,0.0125,11.9138,10.8955,-4.9805
29.408,5.4696,1.2463,0.0339,11.9154,10.9016,-4.9553
29.459,5.476,1.2466,0.0566,11.9169,10.9077,-4.9301
29.509,5.4858,1.2473,0.0913,11.9187,10.917,-4.8923
29.559,5.4925,1.248,0.115,11.9198,10.9232,-4.8671
29.61,5.5026,1.2493,0.1515,11.9211,10.9325,-4.8293
29.66,5.5095,1.2505,0.1765,11.9217,10.9388,-4.8041
29.71,5.5165,1.2518,0.2017,11.9222,10.9451,-4.7789
29.76,5.5268,1.2541,0.2395,11.9227,10.9545,-4.7411
29.811,5.5336,1.2559,0.2647,11.9228,10.9608,-4.7159
29.861,5.5404,1.2578,0.2899,11.9227,10.9671,-4.6907
29.911,5.5505,1.261,0.3277,11.9223,10.9766,-4.6529
29.961,5.5572,1.2633,0.3529,11.9219,10.9828,-4.6277
30.012,5.567,1.2672,0.3907,11.9209,10.9922,-4.5899
30.062,5.5735,1.2699,0.4159,11.9201,10.9985,-4.5647
30.112,5.5799,1.2728,0.441,11.919,11.0047,-4.5395
30.163,5.5893,1.2774,0.4782,11.9172,11.014,-4.5017
30.213,5.5953,1.2805,0.5026,11.9159,11.0201,-4.4765
30.263,5.604,1.2852,0.5383,11.9135,11.0293,-4.4387
30.313,5.6096,1.2884,0.5615,11.9117,11.0353,-4.4135
30.364,5.615,1.2918,0.5842,11.9098,11.0413,-4.3883
30.414,5.6229,1.2972,0.6179,11.9065,11.0504,-4.3505
30.464,5.6283,1.3011,0.6405,11.904,11.0567,-4.3253
30.514,5.6368,1.3076,0.6753,11.8997,11.0668,-4.2875
30.564,5.6426,1.3124,0.6987,11.8964,11.0739,-4.2623
30.615,5.6486,1.3175,0.7225,11.8927,11.0813,-4.2371
30.665,5.6577,1.3258,0.7586,11.8865,11.0928,-4.1993
30.715,5.6639,1.3318,0.7828,11.8819,11.1007,-4.1741
30.766,5.6734,1.3416,0.82,11.8742,11.1131,-4.1363
30.816,5.6798,1.3486,0.8449,11.8685,11.1216,-4.1111
30.866,5.6864,1.3562,0.87,11.8623,11.1303,-4.0859
30.917,5.6965,1.3683,0.9077,11.8522,11.1437,-4.0481
30.967,5.7033,1.377,0.9328,11.845,11.1528,-4.0229
31.017,5.7137,1.391,0.9707,11.833,11.1667,-3.9851
31.068,5.7209,1.401,0.996,11.8244,11.1761,-3.9599
31.118,5.7283,1.4116,1.0214,11.8152,11.1857,-3.9347
31.168,5.7392,1.4284,1.0594,11.8005,11.2001,-3.8969
31.218,5.7463,1.4402,1.0846,11.7901,11.2097,-3.872
31.269,5.7567,1.4594,1.1215,11.7733,11.2242,-3.8365
31.319,5.7632,1.473,1.1453,11.7614,11.2338,-3.8148
31.369,5.7696,1.4873,1.1681,11.749,11.2435,-3.7947
31.42,5.7788,1.5098,1.1997,11.7295,11.258,-3.7673
31.47,5.7847,1.5253,1.2186,11.7159,11.2677,-3.7507
31.52,5.7905,1.5413,1.2356,11.7019,11.2773,-3.7355
31.57,5.7987,1.566,1.2591,11.6801,11.2917,-3.7149
31.621,5.804,1.5828,1.2733,11.6651,11.3012,-3.7022
31.671,5.8117,1.6086,1.2913,11.642,11.3154,-3.6856
31.721,5.8166,1.626,1.3016,11.6263,11.3248,-3.6754
31.771,5.8214,1.6436,1.3109,11.6102,11.3342,-3.6662
31.822,5.8284,1.6705,1.3237,11.5858,11.3482,-3.6534
31.872,5.8329,1.6887,1.3316,11.5692,11.3574,-3.6455
31.922,5.8395,1.7163,1.3423,11.544,11.3711,-3.6348
31.973,5.8437,1.7349,1.3489,11.527,11.3802,-3.6282
32.023,5.8479,1.7537,1.355,11.5098,11.3892,-3.6221
32.073,5.854,1.7821,1.3634,11.4837,11.4026,-3.6137
32.123,5.858,1.8012,1.3688,11.4662,11.4115,-3.6086
32.174,5.8639,1.8303,1.3766,11.4397,11.4248,-3.6016
32.224,5.8677,1.8498,1.3814,11.4218,11.4336,-3.5973
32.274,5.8714,1.8695,1.3857,11.4039,11.4423,-3.5934
32.325,5.8769,1.8992,1.3916,11.3767,11.4554,-3.5881
32.375,5.8804,1.9191,1.3951,11.3585,11.4641,-3.5848
32.425,5.8857,1.9491,1.3997,11.3311,11.4771,-3.5804
32.475,5.8891,1.9691,1.4026,11.3127,11.4857,-3.5778
32.526,5.8925,1.9892,1.4054,11.2942,11.4942,-3.5753
32.576,5.8975,2.0194,1.4093,11.2664,11.5071,-3.572
32.626,5.9008,2.0396,1.4117,11.2478,11.5156,-3.5699
32.676,5.9056,2.07,1.4148,11.2198,11.5283,-3.5672
32.727,5.9088,2.0903,1.4166,11.201,11.5368,-3.5656
32.777,5.9119,2.1107,1.4181,11.1822,11.5453,-3.5641
32.827,5.9166,2.1412,1.4201,11.154,11.5579,-3.562
32.878,5.9197,2.1616,1.4214,11.1351,11.5664,-3.5607
32.928,5.9243,2.1923,1.4231,11.1067,11.579,-3.559
32.978,5.9273,2.2127,1.4242,11.0878,11.5874,-3.558
33.028,5.9303,2.2332,1.4252,11.0688,11.5957,-3.557
33.079,5.9348,2.264,1.4265,11.0403,11.6083,-3.5556
33.129,5.9378,2.2845,1.4273,11.0213,11.6166,-3.5548
33.179,5.9422,2.3154,1.4285,10.9927,11.6292,-3.5536
33.229,5.9452,2.336,1.4292,10.9736,11.6375,-3.5529
33.28,5.9481,2.3566,1.43,10.9545,11.6458,-3.5523
33.33,5.9525,2.3876,1.431,10.9258,11.6583,-3.5514
33.38,5.9554,2.4083,1.4315,10.9067,11.6666,-3.5509
33.431,5.9583,2.4289,1.432,10.8876,11.6749,-3.5504
33.481,5.9626,2.46,1.4327,10.8588,11.6873,-3.5497
33.531,5.9655,2.4807,1.4331,10.8396,11.6956,-3.5493
33.581,5.9698,2.5118,1.4337,10.8108,11.708,-3.5487
33.632,5.9726,2.5325,1.4341,10.7916,11.7163,-3.5483
33.682,5.9755,2.5532,1.4344,10.7724,11.7246,-3.548
33.732,5.9797,2.5843,1.4349,10.7436,11.737,-3.5476
33.783,5.9826,2.605,1.4353,10.7244,11.7452,-3.5473
33.833,5.9868,2.6361,1.4357,10.6955,11.7576,-3.5469
33.883,5.9896,2.6569,1.4359,10.6763,11.7659,-3.5467
33.933,5.9924,2.6776,1.4361,10.657,11.7741,-3.5465
33.983,5.9966,2.7088,1.4364,10.6281,11.7865,-3.5462
34.034,5.9995,2.7295,1.4365,10.6089,11.7948,-3.546
34.084,6.0037,2.7607,1.4368,10.58,11.8071,-3.5458
34.134,6.0065,2.7814,1.4369,10.5607,11.8154,-3.5456
34.184,6.0093,2.8022,1.4371,10.5414,11.8236,-3.5455
34.235,6.0134,2.8334,1.4373,10.5125,11.836,-3.5453
34.285,6.0162,2.8542,1.4374,10.4932,11.8442,-3.5452
34.335,6.0204,2.8853,1.4375,10.4643,11.8566,-3.545
34.385,6.0232,2.9061,1.4376,10.445,11.8648,-3.5449
34.436,6.026,2.9269,1.4377,10.4257,11.873,-3.5449
34.486,6.0302,2.9581,1.4379,10.3968,11.8854,-3.5447
34.536,6.0329,2.9789,1.4379,10.3775,11.8936,-3.5447
34.587,6.0371,3.0101,1.438,10.3485,11.906,-3.5446
34.637,6.0399,3.0309,1.4381,10.3292,11.9142,-3.5445
34.687,6.0427,3.0517,1.4382,10.3099,11.9224,-3.5444
34.737,6.0468,3.0829,1.4382,10.2809,11.9347,-3.5444
34.787,6.0496,3.1037,1.4383,10.2616,11.943,-3.5443
34.838,6.0524,3.1245,1.4384,10.2423,11.9512,-3.5443
34.888,6.0565,3.1557,1.4384,10.2134,11.9635,-3.5442
34.938,6.0593,3.1765,1.4385,10.194,11.9718,-3.5442
34.988,6.0634,3.2078,1.4385,10.1651,11.9841,-3.5441
35.039,6.0662,3.2286,1.4386,10.1458,11.9923,-3.5441
35.089,6.069,3.2494,1.4386,10.1264,12.0005,-3.544
35.139,6.0731,3.2806,1.4386,10.0975,12.0129,-3.544
35.189,6.0759,3.3014,1.4386,10.0782,12.0211,-3.544
35.24,6.08,3.3326,1.4387,10.0492,12.0334,-3.5439
35.29,6.0828,3.3534,1.4387,10.0299,12.0416,-3.5439
35.34,6.0856,3.3742,1.4387,10.0105,12.0499,-3.5439
35.391,6.0897,3.4054,1.4387,9.9816,12.0622,-3.5439
35.441,6.0925,3.4263,1.4388,9.9622,12.0704,-3.5439
35.491,6.0966,3.4575,1.4388,9.9333,12.0827,-3.5438
35.541,6.0994,3.4783,1.4388,9.9139,12.091,-3.5438
35.593,6.1022,3.4991,1.4388,9.8946,12.0992,-3.5438
35.643,6.1063,3.5303,1.4388,9.8656,12.1115,-3.5438
35.693,6.1091,3.5511,1.4388,9.8463,12.1197,-3.5438
35.744,6.1132,3.5824,1.4389,9.8173,12.1321,-3.5438
35.794,6.116,3.6032,1.4389,9.798,12.1403,-3.5438
35.844,6.1187,3.624,1.4389,9.7787,12.1485,-3.5437
35.894,6.1229,3.6552,1.4389,9.7497,12.1608,-3.5437
35.945,6.1256,3.676,1.4389,9.7304,12.169,-3.5437
35.995,6.1298,3.7073,1.4389,9.7014,12.1814,-3.5437
36.045,6.1325,3.7281,1.4389,9.6821,12.1896,-3.5437
36.095,6.1353,3.7489,1.4389,9.6628,12.1978,-3.5437
36.145,6.1394,3.7801,1.4389,9.6338,12.2101,-3.5437
36.197,6.1422,3.8009,1.4389,9.6144,12.2184,-3.5437
36.247,6.1463,3.8322,1.4389,9.5855,12.2307,-3.5437
36.297,6.1491,3.853,1.4389,9.5661,12.2389,-3.5437
36.348,6.1519,3.8738,1.439,9.5468,12.2471,-3.5437
36.398,6.156,3.905,1.439,9.5178,12.2594,-3.5437
36.448,6.1588,3.9258,1.439,9.4985,12.2677,-3.5437
36.498,6.1629,3.9571,1.439,9.4695,12.28,-3.5437
36.549,6.1657,3.9779,1.439,9.4502,12.2882,-3.5437
36.599,6.1684,3.9987,1.439,9.4309,12.2964,-3.5437
36.649,6.1726,4.0299,1.439,9.4019,12.3087,-3.5437
36.699,6.1753,4.0507,1.439,9.3825,12.317,-3.5436
36.75,6.1795,4.082,1.439,9.3536,12.3293,-3.5436
36.8,6.1822,4.1028,1.439,9.3342,12.3375,-3.5436
36.85,6.185,4.1236,1.439,9.3149,12.3457,-3.5436
36.9,6.1891,4.1548,1.439,9.2859,12.3581,-3.5436
36.951,6.1919,4.1756,1.439,9.2666,12.3663,-3.5436
37.001,6.1947,4.1965,1.439,9.2473,12.3745,-3.5436
37.051,6.1988,4.2277,1.439,9.2183,12.3868,-3.5436
37.102,6.2016,4.2485,1.439,9.199,12.395,-3.5436
37.152,6.2057,4.2797,1.439,9.17,12.4074,-3.5436
37.202,6.2084,4.3005,1.439,9.1506,12.4156,-3.5436
37.253,6.2112,4.3214,1.439,9.1313,12.4238,-3.5436
37.303,6.2153,4.3526,1.439,9.1023,12.4361,-3.5436
37.353,6.2181,4.3734,1.439,9.083,12.4443,-3.5436
37.404,6.2222,4.4046,1.439,9.054,12.4567,-3.5436
37.454,6.225,4.4254,1.439,9.0347,12.4649,-3.5436
37.504,6.2278,4.4463,1.439,9.0154,12.4731,-3.5436
37.554,6.2319,4.4775,1.439,8.9864,12.4854,-3.5436
37.605,6.2347,4.4983,1.439,8.9671,12.4936,-3.5436
37.655,6.2388,4.5295,1.439,8.9381,12.506,-3.5436
37.705,6.2416,4.5504,1.439,8.9187,12.5142,-3.5436
37.756,6.2443,4.5712,1.439,8.8994,12.5224,-3.5436
37.806,6.2485,4.6024,1.439,8.8704,12.5347,-3.5436
37.856,6.2512,4.6232,1.439,8.8511,12.5429,-3.5436
37.906,6.2554,4.6544,1.439,8.8221,12.5553,-3.5436
37.956,6.2581,4.6753,1.439,8.8028,12.5635,-3.5436
38.007,6.2609,4.6961,1.439,8.7835,12.5717,-3.5436
38.057,6.265,4.7273,1.439,8.7545,12.584,-3.5436
38.107,6.2678,4.7481,1.439,8.7351,12.5922,-3.5436
38.158,6.2719,4.7794,1.439,8.7062,12.6046,-3.5436
38.208,6.2747,4.8002,1.439,8.6868,12.6128,-3.5436
38.258,6.2774,4.821,1.439,8.6675,12.621,-3.5436
38.309,6.2816,4.8522,1.439,8.6385,12.6333,-3.5436
38.359,6.2843,4.873,1.439,8.6192,12.6415,-3.5436
38.409,6.2885,4.9043,1.439,8.5902,12.6539,-3.5436
38.46,6.2912,4.9251,1.439,8.5709,12.6621,-3.5436
38.51,6.294,4.9459,1.439,8.5516,12.6703,-3.5436
38.56,6.2981,4.9771,1.439,8.5226,12.6826,-3.5436
38.61,6.3009,4.9979,1.439,8.5032,12.6908,-3.5436
38.66,6.305,5.0292,1.439,8.4743,12.7032,-3.5436
38.711,6.3078,5.05,1.439,8.4549,12.7114,-3.5436
38.761,6.3106,5.0708,1.439,8.4356,12.7196,-3.5436
38.811,6.3147,5.102,1.439,8.4066,12.7319,-3.5436
38.862,6.3175,5.1228,1.439,8.3873,12.7401,-3.5436
38.912,6.3202,5.1437,1.439,8.368,12.7484,-3.5436
38.962,6.3244,5.1749,1.439,8.339,12.7607,-3.5436
39.012,6.3271,5.1957,1.439,8.3196,12.7689,-3.5436
39.063,6.3313,5.2269,1.439,8.2907,12.7812,-3.5436
39.113,6.334,5.2478,1.439,8.2713,12.7894,-3.5436
39.163,6.3368,5.2686,1.439,8.252,12.7977,-3.5436
39.213,6.3409,5.2998,1.439,8.223,12.81,-3.5436
39.264,6.3437,5.3206,1.439,8.2037,12.8182,-3.5436
39.314,6.3478,5.3518,1.439,8.1747,12.8305,-3.5436
39.364,6.3506,5.3727,1.439,8.1554,12.8387,-3.5436
39.415,6.3533,5.3935,1.439,8.1361,12.847,-3.5436
39.465,6.3575,5.4247,1.439,8.1071,12.8593,-3.5436
39.515,6.3599,5.445,1.4391,8.0916,12.8659,-3.5364
39.565,6.3618,5.4616,1.4506,8.0828,12.8693,-3.4986
39.616,6.3625,5.4679,1.4726,8.0769,12.8714,-3.4734
39.666,6.3631,5.4741,1.4949,8.0709,12.8734,-3.4482
39.716,6.3637,5.4835,1.5284,8.0618,12.8761,-3.4104
39.766,6.3639,5.4898,1.5507,8.0557,12.8777,-3.3852
39.816,6.3639,5.4992,1.5843,8.0465,12.8798,-3.3474
39.867,6.3638,5.5054,1.6068,8.0403,12.881,-3.3222
39.917,6.3635,5.5116,1.6293,8.0341,12.8821,-3.297
39.967,6.3628,5.5209,1.6631,8.0248,12.8834,-3.2592
40.018,6.3621,5.5271,1.6857,8.0185,12.884,-3.234
40.068,6.3609,5.5362,1.7198,8.0091,12.8847,-3.1962
40.118,6.3599,5.5423,1.7426,8.0028,12.885,-3.171
40.168,6.3588,5.5483,1.7655,7.9965,12.8851,-3.1458
40.219,6.3569,5.5574,1.7995,7.987,12.8849,-3.108
40.269,6.3554,5.5635,1.8219,7.9808,12.8847,-3.0828
40.319,6.3538,5.5696,1.8442,7.9745,12.8842,-3.0576
40.369,6.3511,5.5786,1.8775,7.9651,12.8832,-3.0198
40.42,6.3491,5.5846,1.8997,7.9588,12.8824,-2.9946
40.47,6.3459,5.5935,1.933,7.9495,12.8808,-2.9568
40.52,6.3436,5.5994,1.9552,7.9433,12.8796,-2.9316
40.57,6.3412,5.6052,1.9775,7.9372,12.8782,-2.9064
40.621,6.3374,5.6139,2.0112,7.928,12.8758,-2.8686
40.671,6.3347,5.6197,2.0339,7.922,12.8741,-2.8434
40.721,6.3303,5.6284,2.0688,7.913,12.8711,-2.8056
40.771,6.3271,5.6343,2.0927,7.9071,12.869,-2.7804
40.822,6.3238,5.6402,2.1172,7.9012,12.8667,-2.7552
40.872,6.3185,5.6491,2.1549,7.8925,12.8629,-2.7174
40.922,6.3148,5.655,2.1801,7.8868,12.8603,-2.6922
40.973,6.3089,5.6635,2.2181,7.8784,12.856,-2.6544
41.023,6.3047,5.669,2.2435,7.8729,12.853,-2.6292
41.073,6.3004,5.6745,2.2689,7.8674,12.8498,-2.604
41.123,6.2937,5.6824,2.3073,7.8592,12.8447,-2.5662
41.174,6.2891,5.6878,2.3334,7.8536,12.8409,-2.541
41.224,6.2817,5.6959,2.3729,7.8444,12.8344,-2.5032
41.274,6.2763,5.7014,2.3991,7.838,12.8295,-2.478
41.324,6.2704,5.707,2.4249,7.8313,12.8241,-2.4528
41.375,6.2608,5.7153,2.4628,7.8209,12.8153,-2.415
41.425,6.2539,5.7207,2.488,7.8139,12.8089,-2.3898
41.475,6.2425,5.7292,2.5258,7.8029,12.7982,-2.352
41.526,6.2343,5.7348,2.551,7.7954,12.7905,-2.3268
41.576,6.2255,5.7406,2.5762,7.7878,12.7822,-2.3016
41.626,6.2115,5.7491,2.614,7.7764,12.7689,-2.2638
41.677,6.2016,5.7547,2.6392,7.7687,12.7595,-2.2386
41.727,6.1855,5.7632,2.677,7.7571,12.7441,-2.2008
41.777,6.1742,5.7687,2.7022,7.7494,12.7333,-2.1756
41.827,6.1624,5.7741,2.7274,7.7417,12.7218,-2.1504
41.878,6.1436,5.7819,2.7648,7.7303,12.7036,-2.113
41.928,6.1304,5.787,2.7887,7.7228,12.6908,-2.0894
41.978,6.1165,5.7919,2.8106,7.7153,12.6775,-2.0677
42.029,6.0948,5.799,2.841,7.7044,12.6565,-2.0377
42.079,6.0798,5.8036,2.8602,7.6972,12.642,-2.0192
42.129,6.0559,5.8102,2.8872,7.6867,12.6193,-1.9946
42.179,6.0394,5.8144,2.9043,7.6798,12.6037,-1.9796
42.23,6.0224,5.8184,2.9201,7.673,12.5877,-1.9659
42.28,5.9964,5.824,2.9416,7.6629,12.563,-1.9472
42.33,5.9787,5.8274,2.9546,7.6564,12.5462,-1.936
42.38,5.9515,5.8323,2.9718,7.6467,12.5203,-1.9211
42.431,5.9331,5.8354,2.9821,7.6404,12.5027,-1.9121
42.481,5.9144,5.8383,2.9915,7.6342,12.4849,-1.9039
42.531,5.8861,5.8424,3.0042,7.625,12.4578,-1.8929
42.581,5.867,5.845,3.0118,7.6189,12.4395,-1.8862
42.632,5.838,5.8486,3.0217,7.61,12.4118,-1.8773
42.682,5.8186,5.8509,3.0275,7.6041,12.393,-1.8719
42.732,5.799,5.8532,3.0324,7.5983,12.3742,-1.8671
42.782,5.7696,5.8563,3.0389,7.5898,12.3457,-1.8604
42.833,5.7499,5.8583,3.043,7.5841,12.3266,-1.8563
42.883,5.7201,5.8611,3.0486,7.5757,12.2977,-1.8507
42.933,5.7002,5.863,3.052,7.5702,12.2784,-1.8473
42.983,5.6802,5.8647,3.0551,7.5647,12.259,-1.8442
43.033,5.6501,5.8673,3.0594,7.5566,12.2297,-1.8398
43.084,5.6299,5.8689,3.0621,7.5512,12.2101,-1.8372
43.134,5.5995,5.8713,3.0657,7.5432,12.1806,-1.8336
43.184,5.5792,5.8728,3.068,7.5379,12.1609,-1.8314
43.234,5.5588,5.8743,3.0704,7.5327,12.1411,-1.8294
43.285,5.5281,5.8764,3.0736,7.5249,12.1113,-1.8266
43.335,5.5075,5.8778,3.0755,7.5197,12.0914,-1.8249
43.385,5.4767,5.8798,3.0781,7.5119,12.0615,-1.8227
43.437,5.4561,5.8811,3.0796,7.5068,12.0415,-1.8214
43.487,5.4354,5.8824,3.081,7.5017,12.0214,-1.8202
43.538,5.4044,5.8842,3.0829,7.494,11.9913,-1.8185
43.588,5.3837,5.8854,3.0841,7.489,11.9712,-1.8175
43.638,5.3526,5.8872,3.0856,7.4814,11.941,-1.8162
43.689,5.3318,5.8884,3.0865,7.4763,11.9208,-1.8154
43.739,5.311,5.8895,3.0873,7.4713,11.9006,-1.8147
43.789,5.2798,5.8912,3.0882,7.4638,11.8703,-1.8137
43.84,5.259,5.8923,3.0887,7.4588,11.8501,-1.8131
43.89,5.2278,5.8939,3.0895,7.4513,11.8197,-1.8122
43.94,5.2069,5.895,3.0899,7.4463,11.7994,-1.8117
43.99,5.1861,5.8961,3.0903,7.4413,11.7792,-1.8112
44.041,5.1548,5.8977,3.091,7.4339,11.7487,-1.8106
44.091,5.134,5.8987,3.0914,7.4289,11.7284,-1.8102
44.141,5.1131,5.8998,3.0917,7.4239,11.7081,-1.8098
44.191,5.0818,5.9013,3.0923,7.4165,11.6777,-1.8093
44.242,5.0609,5.9024,3.0926,7.4116,11.6573,-1.8089
44.292,5.0296,5.9039,3.0931,7.4042,11.6268,-1.8085
44.342,5.0087,5.9049,3.0934,7.3993,11.6065,-1.8082
44.392,4.9878,5.9059,3.0936,7.3943,11.5861,-1.808
44.442,4.9564,5.9074,3.094,7.387,11.5556,-1.8077
44.493,4.9355,5.9084,3.0943,7.3821,11.5353,-1.8075
44.543,4.9041,5.9099,3.0946,7.3747,11.5047,-1.8072
44.593,4.8831,5.9109,3.0947,7.3698,11.4843,-1.807
44.644,4.8622,5.9119,3.0949,7.3649,11.4639,-1.8069
44.694,4.8308,5.9133,3.0951,7.3575,11.4334,-1.8067
44.744,4.8098,5.9143,3.0953,7.3526,11.413,-1.8066
44.794,4.7784,5.9158,3.0955,7.3453,11.3824,-1.8064
44.845,4.7574,5.9167,3.0956,7.3404,11.362,-1.8063
44.895,4.7365,5.9177,3.0956,7.3355,11.3416,-1.8062
44.945,4.7051,5.9191,3.0958,7.3282,11.311,-1.8061
44.995,4.6841,5.9201,3.0958,7.3233,11.2906,-1.806
45.046,4.6527,5.9215,3.0959,7.3159,11.26,-1.8059
45.096,4.6317,5.9225,3.096,7.311,11.2396,-1.8059
45.146,4.6107,5.9234,3.096,7.3062,11.2192,-1.8058
45.196,4.5793,5.9249,3.0961,7.2988,11.1886,-1.8057
45.247,4.5583,5.9258,3.0961,7.2939,11.1681,-1.8057
45.297,4.5269,5.9273,3.0962,7.2866,11.1375,-1.8056
45.347,4.5059,5.9282,3.0963,7.2817,11.1171,-1.8056
45.397,4.4849,5.9292,3.0963,7.2769,11.0967,-1.8055
45.447,4.4535,5.9306,3.0964,7.2695,11.0661,-1.8055
45.498,4.4325,5.9315,3.0964,7.2646,11.0457,-1.8054
45.548,4.4115,5.9325,3.0964,7.2598,11.0252,-1.8054
45.598,4.3801,5.9339,3.0965,7.2524,10.9946,-1.8054
45.648,4.3591,5.9348,3.0965,7.2476,10.9742,-1.8054
45.699,4.3277,5.9363,3.0965,7.2403,10.9436,-1.8053
45.749,4.3067,5.9372,3.0966,7.2354,10.9231,-1.8053
45.799,4.2857,5.9382,3.0966,7.2305,10.9027,-1.8053
45.85,4.2542,5.9396,3.0966,7.2232,10.8721,-1.8053
45.9,4.2333,5.9405,3.0966,7.2183,10.8517,-1.8052
45.95,4.2018,5.9419,3.0966,7.211,10.821,-1.8052
46.0,4.1808,5.9429,3.0966,7.2061,10.8006,-1.8052
46.051,4.1599,5.9438,3.0967,7.2012,10.7802,-1.8052
46.101,4.1284,5.9452,3.0967,7.1939,10.7496,-1.8052
46.151,4.1074,5.9462,3.0967,7.189,10.7291,-1.8052
46.201,4.0759,5.9476,3.0967,7.1817,10.6985,-1.8052
46.252,4.055,5.9485,3.0967,7.1768,10.6781,-1.8052
46.302,4.034,5.9495,3.0967,7.172,10.6576,-1.8051
46.352,4.0025,5.9509,3.0967,7.1647,10.627,-1.8051
46.403,3.9816,5.9518,3.0967,7.1598,10.6066,-1.8051
46.453,3.9501,5.9532,3.0967,7.1525,10.576,-1.8051
46.503,3.9291,5.9542,3.0967,7.1476,10.5555,-1.8051
46.554,3.9081,5.9551,3.0967,7.1427,10.5351,-1.8051
46.604,3.8767,5.9565,3.0968,7.1354,10.5045,-1.8051
46.654,3.8557,5.9575,3.0968,7.1305,10.484,-1.8051
46.704,3.8242,5.9589,3.0968,7.1232,10.4534,-1.8051
46.755,3.8032,5.9598,3.0968,7.1183,10.433,-1.8051
46.805,3.7823,5.9608,3.0968,7.1135,10.4126,-1.8051
46.855,3.7508,5.9622,3.0968,7.1062,10.3819,-1.8051
46.905,3.7298,5.9631,3.0968,7.1013,10.3615,-1.8051
46.956,3.6984,5.9645,3.0968,7.094,10.3308,-1.8051
47.006,3.6774,5.9655,3.0968,7.0891,10.3104,-1.8051
47.056,3.6564,5.9664,3.0968,7.0842,10.29,-1.8051
47.106,3.6249,5.9678,3.0968,7.0769,10.2594,-1.8051
47.157,3.6039,5.9688,3.0968,7.072,10.2389,-1.8051
47.207,3.583,5.9697,3.0968,7.0672,10.2185,-1.8051
47.257,3.5515,5.9711,3.0968,7.0598,10.1879,-1.8051
47.309,3.5305,5.9721,3.0968,7.055,10.1674,-1.8051
47.359,3.4991,5.9735,3.0968,7.0477,10.1368,-1.8051
47.41,3.4781,5.9744,3.0968,7.0428,10.1164,-1.8051
47.46,3.4466,5.9758,3.0968,7.0355,10.0857,-1.8051
47.51,3.4256,5.9768,3.0968,7.0306,10.0653,-1.8051
47.561,3.4047,5.9777,3.0968,7.0257,10.0449,-1.8051
47.611,3.3732,5.9791,3.0968,7.0184,10.0142,-1.8051
47.661,3.3522,5.9801,3.0968,7.0135,9.9938,-1.8051
47.711,3.3207,5.9815,3.0968,7.0062,9.9632,-1.8051
47.762,3.2998,5.9824,3.0968,7.0013,9.9428,-1.8051
47.812,3.2788,5.9833,3.0968,6.9965,9.9223,-1.8051
47.862,3.2473,5.9848,3.0968,6.9892,9.8917,-1.8051
47.913,3.2263,5.9857,3.0968,6.9843,9.8713,-1.805
47.963,3.2054,5.9866,3.0968,6.9794,9.8508,-1.805
48.013,3.1739,5.9881,3.0968,6.9721,9.8202,-1.805
48.064,3.1529,5.989,3.0968,6.9672,9.7998,-1.805
48.114,3.1214,5.9904,3.0968,6.9599,9.7691,-1.805
48.164,3.1005,5.9913,3.0968,6.955,9.7487,-1.805
48.214,3.0795,5.9923,3.0968,6.9502,9.7283,-1.805
48.264,3.048,5.9937,3.0968,6.9429,9.6976,-1.805
48.315,3.027,5.9946,3.0968,6.938,9.6772,-1.805
48.365,2.9956,5.996,3.0968,6.9307,9.6466,-1.805
48.415,2.9746,5.997,3.0968,6.9258,9.6261,-1.805
48.465,2.9536,5.9979,3.0968,6.9209,9.6057,-1.805
48.516,2.9221,5.9993,3.0968,6.9136,9.5751,-1.805
48.566,2.9012,6.0003,3.0968,6.9087,9.5547,-1.805
48.616,2.8697,6.0017,3.0968,6.9014,9.524,-1.805
48.666,2.8487,6.0026,3.0968,6.8966,9.5036,-1.805
48.717,2.8277,6.0036,3.0968,6.8917,9.4832,-1.805
48.767,2.7963,6.005,3.0968,6.8844,9.4525,-1.805
48.817,2.7753,6.0059,3.0968,6.8795,9.4321,-1.805
48.867,2.7438,6.0073,3.0968,6.8722,9.4015,-1.805
48.918,2.7228,6.0083,3.0968,6.8673,9.381,-1.805
48.968,2.7019,6.0092,3.0968,6.8624,9.3606,-1.805
49.018,2.6704,6.0106,3.0968,6.8551,9.33,-1.805
49.068,2.6494,6.0116,3.0968,6.8502,9.3095,-1.805
49.118,2.6179,6.013,3.0968,6.8429,9.2789,-1.805
49.169,2.597,6.0139,3.0968,6.8381,9.2585,-1.805
49.219,2.576,6.0148,3.0968,6.8332,9.238,-1.805
49.269,2.5445,6.0163,3.0968,6.8259,9.2074,-1.805
49.319,2.5235,6.0172,3.0968,6.821,9.187,-1.805
49.37,2.5026,6.0181,3.0968,6.8161,9.1665,-1.805
49.42,2.4711,6.0195,3.0968,6.8088,9.1359,-1.805
49.47,2.4501,6.0205,3.0968,6.8039,9.1155,-1.805
49.52,2.4186,6.0219,3.0968,6.7966,9.0848,-1.805
49.571,2.3977,6.0228,3.0968,6.7918,9.0644,-1.805
49.621,2.3767,6.0238,3.0968,6.7869,9.044,-1.805
49.671,2.3452,6.0252,3.0968,6.7796,9.0134,-1.805
49.721,2.3242,6.0261,3.0968,6.7747,8.9929,-1.805
49.772,2.2928,6.0275,3.0968,6.7674,8.9623,-1.805
49.822,2.2718,6.0285,3.0968,6.7625,8.9419,-1.805
49.872,2.2508,6.0294,3.0968,6.7576,8.9214,-1.805
49.923,2.2193,6.0308,3.0968,6.7503,8.8908,-1.805
49.973,2.1984,6.0318,3.0968,6.7454,8.8704,-1.805
50.023,2.1669,6.0332,3.0968,6.7381,8.8397,-1.805
50.073,2.1459,6.0341,3.0968,6.7333,8.8193,-1.805
50.124,2.1249,6.0351,3.0968,6.7284,8.7989,-1.805
50.174,2.0935,6.0365,3.0968,6.7211,8.7682,-1.805
50.224,2.0725,6.0374,3.0968,6.7162,8.7478,-1.805
50.274,2.041,6.0388,3.0968,6.7089,8.7172,-1.805
50.325,2.02,6.0398,3.0968,6.704,8.6967,-1.805
50.375,1.9991,6.0407,3.0968,6.6991,8.6763,-1.805
50.425,1.9676,6.0421,3.0968,6.6918,8.6457,-1.805
50.475,1.9466,6.0431,3.0968,6.687,8.6252,-1.805
50.526,1.9152,6.0445,3.0968,6.6796,8.5946,-1.805
50.576,1.8942,6.0454,3.0968,6.6748,8.5742,-1.805
50.626,1.8732,6.0463,3.0968,6.6699,8.5538,-1.805
50.676,1.8417,6.0478,3.0968,6.6626,8.5231,-1.805
50.727,1.8207,6.0487,3.0968,6.6577,8.5027,-1.805
50.777,1.7998,6.0496,3.0968,6.6528,8.4823,-1.805
50.827,1.7683,6.051,3.0968,6.6455,8.4516,-1.805
50.878,1.7473,6.052,3.0968,6.6406,8.4312,-1.805
50.928,1.7159,6.0534,3.0968,6.6333,8.4006,-1.805
50.978,1.6949,6.0543,3.0968,6.6285,8.3801,-1.805
51.028,1.6739,6.0553,3.0968,6.6236,8.3597,-1.805
51.079,1.6424,6.0567,3.0968,6.6163,8.3291,-1.805
51.129,1.6214,6.0576,3.0968,6.6114,8.3086,-1.805
51.179,1.59,6.059,3.0968,6.6041,8.278,-1.805
51.229,1.569,6.06,3.0968,6.5992,8.2576,-1.805
51.28,1.548,6.0609,3.0968,6.5943,8.2371,-1.805
51.331,1.5166,6.0623,3.0968,6.587,8.2065,-1.805
51.381,1.4956,6.0633,3.0968,6.5822,8.1861,-1.805
51.431,1.4641,6.0647,3.0968,6.5748,8.1554,-1.805
51.481,1.4431,6.0656,3.0968,6.57,8.135,-1.805
51.532,1.4221,6.0666,3.0968,6.5651,8.1146,-1.805
51.582,1.3907,6.068,3.0968,6.5578,8.0839,-1.805
51.632,1.3697,6.0689,3.0968,6.5529,8.0635,-1.805
51.682,1.3382,6.0703,3.0968,6.5456,8.0329,-1.805
51.733,1.3173,6.0713,3.0968,6.5407,8.0125,-1.805
51.783,1.2963,6.0722,3.0968,6.5359,7.992,-1.805
51.833,1.2648,6.0736,3.0968,6.5285,7.9614,-1.805
51.886,1.2438,6.0745,3.0968,6.5237,7.941,-1.805
51.936,1.2124,6.076,3.0968,6.5164,7.9103,-1.805
51.986,1.1914,6.0769,3.0968,6.5115,7.8899,-1.805
52.037,1.1704,6.0778,3.0968,6.5066,7.8695,-1.805
52.087,1.1389,6.0792,3.0968,6.4993,7.8388,-1.805
52.137,1.118,6.0802,3.0968,6.4944,7.8184,-1.805
52.187,1.0865,6.0816,3.0968,6.4871,7.7878,-1.805
52.238,1.0655,6.0825,3.0968,6.4822,7.7673,-1.805
52.288,1.0445,6.0835,3.0968,6.4774,7.7469,-1.805
52.338,1.0131,6.0849,3.0968,6.47,7.7163,-1.805
52.389,0.9921,6.0858,3.0968,6.4652,7.6958,-1.805
52.439,0.9606,6.0872,3.0968,6.4579,7.6652,-1.805
52.489,0.9396,6.0882,3.0968,6.453,7.6448,-1.805
52.539,0.9187,6.0891,3.0968,6.4481,7.6243,-1.805
52.59,0.8872,6.0905,3.0968,6.4408,7.5937,-1.805
52.64,0.8662,6.0915,3.0968,6.4359,7.5733,-1.805
52.69,0.8347,6.0929,3.0968,6.4286,7.5426,-1.805
52.741,0.8138,6.0938,3.0968,6.4237,7.5222,-1.805
52.791,0.7928,6.0948,3.0968,6.4189,7.5018,-1.805
52.841,0.7613,6.0962,3.0968,6.4116,7.4712,-1.805
52.891,0.7403,6.0971,3.0968,6.4067,7.4507,-1.805
52.942,0.7089,6.0985,3.0968,6.3994,7.4201,-1.805
52.992,0.6879,6.0995,3.0968,6.3945,7.3997,-1.805
53.042,0.6669,6.1004,3.0968,6.3896,7.3792,-1.805
53.092,0.6354,6.1018,3.0968,6.3823,7.3486,-1.805
53.143,0.6145,6.1028,3.0968,6.3774,7.3282,-1.805
53.193,0.583,6.1042,3.0968,6.3701,7.2975,-1.805
53.243,0.562,6.1051,3.0968,6.3652,7.2771,-1.805
53.293,0.541,6.106,3.0968,6.3604,7.2567,-1.805
53.344,0.5096,6.1075,3.0968,6.3531,7.226,-1.805
53.394,0.4886,6.1084,3.0968,6.3482,7.2056,-1.805
53.444,0.4571,6.1098,3.0968,6.3409,7.175,-1.805
53.494,0.4361,6.1107,3.0968,6.336,7.1545,-1.805
53.545,0.4152,6.1117,3.0968,6.3311,7.1341,-1.805
53.595,0.3837,6.1131,3.0968,6.3238,7.1035,-1.805
53.645,0.3627,6.114,3.0968,6.3189,7.083,-1.805
53.695,0.3417,6.115,3.0968,6.3141,7.0626,-1.805
53.746,0.3103,6.1164,3.0968,6.3068,7.032,-1.805
53.796,0.2893,6.1173,3.0968,6.3019,7.0116,-1.805
53.846,0.2578,6.1187,3.0968,6.2946,6.9809,-1.805
53.897,0.2368,6.1197,3.0968,6.2897,6.9605,-1.805
53.947,0.2159,6.1206,3.0968,6.2848,6.9401,-1.805
53.997,0.1844,6.122,3.0968,6.2775,6.9094,-1.805
54.047,0.1634,6.123,3.0968,6.2726,6.889,-1.805
54.098,0.1319,6.1244,3.0968,6.2653,6.8584,-1.805
54.148,0.111,6.1253,3.0968,6.2605,6.8379,-1.805
54.198,0.09,6.1263,3.0968,6.2556,6.8175,-1.805
54.248,0.0585,6.1277,3.0968,6.2483,6.7869,-1.805
54.299,0.0375,6.1286,3.0968,6.2434,6.7664,-1.805
54.349,0.0061,6.13,3.0968,6.2361,6.7358,-1.805
54.399,-0.0149,6.131,3.0968,6.2312,6.7154,-1.805
54.45,-0.0359,6.1319,3.0968,6.2263,6.6949,-1.805
54.5,-0.0674,6.1333,3.0968,6.219,6.6643,-1.805
54.55,-0.0883,6.1342,3.0968,6.2141,6.6439,-1.805
54.601,-0.1198,6.1357,3.0968,6.2068,6.6132,-1.805
54.651,-0.1408,6.1366,3.0968,6.202,6.5928,-1.805
54.701,-0.1618,6.1375,3.0968,6.1971,6.5724,-1.805
54.751,-0.1932,6.1389,3.0968,6.1898,6.5417,-1.805
54.802,-0.2142,6.1399,3.0968,6.1849,6.5213,-1.805
54.852,-0.2457,6.1413,3.0968,6.1776,6.4907,-1.805
54.902,-0.2667,6.1422,3.0968,6.1727,6.4703,-1.805
54.952,-0.2876,6.1432,3.0968,6.1678,6.4498,-1.805
55.003,-0.3191,6.1446,3.0968,6.1605,6.4192,-1.805
55.053,-0.3401,6.1455,3.0968,6.1557,6.3988,-1.805
55.103,-0.3716,6.1469,3.0968,6.1483,6.3681,-1.805
55.154,-0.3925,6.1479,3.0968,6.1435,6.3477,-1.805
55.204,-0.4135,6.1488,3.0968,6.1386,6.3273,-1.805
55.254,-0.445,6.1502,3.0968,6.1313,6.2966,-1.805
55.305,-0.466,6.1512,3.0968,6.1264,6.2762,-1.805
55.355,-0.4869,6.1521,3.0968,6.1215,6.2558,-1.805
55.405,-0.5184,6.1535,3.0968,6.1142,6.2251,-1.805
55.456,-0.5394,6.1545,3.0968,6.1093,6.2047,-1.805
55.506,-0.5709,6.1559,3.0968,6.102,6.1741,-1.805
55.556,-0.5918,6.1568,3.0968,6.0972,6.1536,-1.805
55.606,-0.6128,6.1577,3.0968,6.0923,6.1332,-1.805
55.657,-0.6443,6.1592,3.0968,6.085,6.1026,-1.805
55.707,-0.6653,6.1601,3.0968,6.0801,6.0822,-1.805
55.757,-0.6967,6.1615,3.0968,6.0728,6.0515,-1.805
55.807,-0.7177,6.1624,3.0968,6.0679,6.0311,-1.805
55.858,-0.7387,6.1634,3.0968,6.063,6.0107,-1.805
55.908,-0.7702,6.1648,3.0968,6.0557,5.98,-1.805
55.958,-0.7911,6.1657,3.0968,6.0509,5.9596,-1.805
56.009,-0.8226,6.1672,3.0968,6.0435,5.929,-1.805
56.061,-0.8436,6.1681,3.0968,6.0387,5.9085,-1.805
56.111,-0.8646,6.169,3.0968,6.0314,5.8779,-1.805
56.161,-0.896,6.1704,3.0968,6.0265,5.8575,-1.805
56.212,-0.917,6.1714,3.0968,6.0216,5.837,-1.805
56.262,-0.9485,6.1728,3.0968,6.0143,5.8064,-1.805
56.312,-0.9695,6.1737,3.0968,6.0094,5.786,-1.805
56.362,-0.9904,6.1747,3.0968,6.0045,5.7655,-1.805
56.413,-1.0219,6.1761,3.0968,5.9972,5.7349,-1.805
56.463,-1.0429,6.177,3.0968,5.9924,5.7145,-1.805
56.513,-1.0743,6.1784,3.0968,5.9851,5.6838,-1.805
56.564,-1.0953,6.1794,3.0968,5.9802,5.6634,-1.805
56.614,-1.1163,6.1803,3.0968,5.9753,5.643,-1.805
56.664,-1.1478,6.1817,3.0968,5.968,5.6123,-1.805
56.715,-1.1688,6.1827,3.0968,5.9631,5.5919,-1.805
56.765,-1.2002,6.1841,3.0968,5.9558,5.5613,-1.805
56.815,-1.2212,6.185,3.0968,5.9509,5.5408,-1.805
56.866,-1.2422,6.186,3.0968,5.9461,5.5204,-1.805
56.916,-1.2736,6.1874,3.0968,5.9387,5.4898,-1.805
56.966,-1.2946,6.1883,3.0968,5.9339,5.4694,-1.805
57.016,-1.3261,6.1897,3.0968,5.9266,5.4387,-1.805
57.067,-1.3471,6.1907,3.0968,5.9217,5.4183,-1.805
57.117,-1.3681,6.1916,3.0968,5.9168,5.3979,-1.805
57.167,-1.3995,6.193,3.0968,5.9095,5.3672,-1.805
57.218,-1.4205,6.1939,3.0968,5.9046,5.3468,-1.805
57.268,-1.452,6.1954,3.0968,5.8973,5.3162,-1.805
57.318,-1.4729,6.1963,3.0968,5.8924,5.2957,-1.805
57.369,-1.4939,6.1972,3.0968,5.8876,5.2753,-1.805
57.419,-1.5254,6.1986,3.0968,5.8803,5.2447,-1.805
57.469,-1.5464,6.1996,3.0968,5.8754,5.2242,-1.805
57.52,-1.5778,6.201,3.0968,5.8681,5.1936,-1.805
57.57,-1.5988,6.2019,3.0968,5.8632,5.1732,-1.805
57.62,-1.6198,6.2029,3.0968,5.8583,5.1527,-1.805
57.67,-1.6513,6.2043,3.0968,5.851,5.1221,-1.805
57.721,-1.6722,6.2052,3.0968,5.8461,5.1017,-1.805
57.771,-1.7037,6.2066,3.0968,5.8388,5.071,-1.805
57.821,-1.7247,6.2076,3.0968,5.8339,5.0506,-1.805
57.872,-1.7457,6.2085,3.0968,5.8291,5.0302,-1.805
57.922,-1.7771,6.2099,3.0968,5.8218,4.9995,-1.805
57.972,-1.7981,6.2109,3.0968,5.8169,4.9791,-1.805
58.023,-1.8296,6.2123,3.0968,5.8096,4.9485,-1.805
58.073,-1.8506,6.2132,3.0968,5.8047,4.9281,-1.805
58.123,-1.8715,6.2142,3.0968,5.7998,4.9076,-1.805
58.174,-1.903,6.2156,3.0968,5.7925,4.877,-1.805
58.224,-1.924,6.2165,3.0968,5.7876,4.8566,-1.805
58.274,-1.945,6.2174,3.0968,5.7828,4.8361,-1.805
58.324,-1.9764,6.2189,3.0968,5.7755,4.8055,-1.805
58.375,-1.9974,6.2198,3.0968,5.7706,4.7851,-1.805
58.425,-2.0289,6.2212,3.0968,5.7633,4.7544,-1.805
58.475,-2.0499,6.2221,3.0968,5.7584,4.734,-1.805
58.526,-2.0708,6.2231,3.0968,5.7535,4.7136,-1.805
58.576,-2.1023,6.2245,3.0968,5.7462,4.6829,-1.805
58.626,-2.1233,6.2254,3.0968,5.7413,4.6625,-1.805
58.676,-2.1548,6.2268,3.0968,5.734,4.6319,-1.805
58.727,-2.1757,6.2278,3.0968,5.7291,4.6114,-1.805
58.777,-2.1967,6.2287,3.0968,5.7243,4.591,-1.805
58.827,-2.2282,6.2301,3.0968,5.717,4.5604,-1.805
58.878,-2.2492,6.2311,3.0968,5.7121,4.54,-1.805
58.928,-2.2806,6.2325,3.0968,5.7048,4.5093,-1.805
58.978,-2.3016,6.2334,3.0968,5.6999,4.4889,-1.805
59.029,-2.3226,6.2344,3.0968,5.695,4.4685,-1.805
59.079,-2.3541,6.2358,3.0968,5.6877,4.4378,-1.805
59.129,-2.375,6.2367,3.0968,5.6828,4.4174,-1.805
59.179,-2.4065,6.2381,3.0968,5.6755,4.3868,-1.805
59.23,-2.4275,6.2391,3.0968,5.6707,4.3663,-1.805
59.28,-2.4485,6.24,3.0968,5.6658,4.3459,-1.805
59.33,-2.4799,6.2414,3.0968,5.6585,4.3153,-1.805
59.381,-2.5009,6.2424,3.0968,5.6536,4.2948,-1.805
59.431,-2.5324,6.2438,3.0968,5.6463,4.2642,-1.805
59.481,-2.5534,6.2447,3.0968,5.6414,4.2438,-1.805
59.531,-2.5743,6.2457,3.0968,5.6365,4.2233,-1.805
59.582,-2.6058,6.2471,3.0968,5.6292,4.1927,-1.805
59.632,-2.6268,6.248,3.0968,5.6244,4.1723,-1.805
59.682,-2.6583,6.2494,3.0968,5.617,4.1416,-1.805
59.732,-2.6792,6.2504,3.0968,5.6122,4.1212,-1.805
59.783,-2.7002,6.2513,3.0968,5.6073,4.1008,-1.805
59.833,-2.7317,6.2527,3.0968,5.6,4.0701,-1.805
59.883,-2.7527,6.2536,3.0968,5.5951,4.0497,-1.805
59.933,-2.7736,6.2546,3.0968,5.5902,4.0293,-1.805
59.983,-2.8051,6.256,3.0968,5.5829,3.9987,-1.805
60.034,-2.8261,6.2569,3.0968,5.578,3.9782,-1.805
60.084,-2.8576,6.2583,3.0968,5.5707,3.9476,-1.805
60.134,-2.8785,6.2593,3.0968,5.5659,3.9272,-1.805
60.185,-2.8995,6.2602,3.0968,5.561,3.9067,-1.805
60.235,-2.931,6.2616,3.0968,5.5537,3.8761,-1.805
60.285,-2.952,6.2626,3.0968,5.5488,3.8557,-1.805
60.335,-2.9834,6.264,3.0968,5.5415,3.825,-1.805
60.386,-3.0044,6.2649,3.0968,5.5366,3.8046,-1.805
60.436,-3.0254,6.2659,3.0968,5.5317,3.7842,-1.805
60.486,-3.0569,6.2673,3.0968,5.5244,3.7535,-1.805
60.537,-3.0778,6.2682,3.0968,5.5196,3.7331,-1.805
60.587,-3.1093,6.2696,3.0968,5.5122,3.7025,-1.805
60.638,-3.1303,6.2706,3.0968,5.5074,3.682,-1.805
60.688,-3.1513,6.2715,3.0968,5.5025,3.6616,-1.805
60.739,-3.1827,6.2729,3.0968,5.4952,3.631,-1.805
60.789,-3.2037,6.2739,3.0968,5.4903,3.6105,-1.805
60.839,-3.2352,6.2753,3.0968,5.483,3.5799,-1.805
60.889,-3.2562,6.2762,3.0968,5.4781,3.5595,-1.805
60.94,-3.2771,6.2771,3.0968,5.4732,3.5391,-1.805
60.99,-3.3086,6.2786,3.0968,5.4659,3.5084,-1.805
61.04,-3.3296,6.2795,3.0968,5.4611,3.488,-1.805
61.09,-3.3611,6.2809,3.0968,5.4537,3.4573,-1.805
61.141,-3.382,6.2818,3.0968,5.4489,3.4369,-1.805
61.191,-3.403,6.2828,3.0968,5.444,3.4165,-1.805
61.241,-3.4345,6.2842,3.0968,5.4367,3.3859,-1.805
61.292,-3.4555,6.2851,3.0968,5.4318,3.3654,-1.805
61.342,-3.4869,6.2865,3.0968,5.4245,3.3348,-1.805
61.392,-3.5079,6.2875,3.0968,5.4196,3.3144,-1.805
61.442,-3.5289,6.2884,3.0968,5.4148,3.2939,-1.805
61.492,-3.5604,6.2898,3.0968,5.4074,3.2633,-1.805
61.543,-3.5813,6.2908,3.0968,5.4026,3.2429,-1.805
61.593,-3.6128,6.2922,3.0968,5.3953,3.2122,-1.805
61.643,-3.6338,6.2931,3.0968,5.3904,3.1918,-1.805
61.694,-3.6548,6.2941,3.0968,5.3855,3.1714,-1.805
61.744,-3.6862,6.2955,3.0968,5.3782,3.1407,-1.805
61.794,-3.7072,6.2964,3.0968,5.3733,3.1203,-1.805
61.845,-3.7387,6.2978,3.0968,5.366,3.0897,-1.805
61.895,-3.7597,6.2988,3.0968,5.3611,3.0692,-1.805
61.945,-3.7806,6.2997,3.0968,5.3563,3.0488,-1.805
61.996,-3.8121,6.3011,3.0968,5.349,3.0182,-1.805
62.046,-3.8331,6.3021,3.0968,5.3441,2.9978,-1.805
62.096,-3.8645,6.3035,3.0968,5.3368,2.9671,-1.805
62.146,-3.8855,6.3044,3.0968,5.3319,2.9467,-1.805
62.196,-3.9065,6.3054,3.0968,5.327,2.9263,-1.805
62.247,-3.938,6.3068,3.0968,5.3197,2.8956,-1.805
62.297,-3.959,6.3077,3.0968,5.3148,2.8752,-1.805
62.347,-3.9799,6.3086,3.0968,5.31,2.8548,-1.805
62.398,-4.0114,6.3101,3.0968,5.3026,2.8241,-1.805
62.448,-4.0324,6.311,3.0968,5.2978,2.8037,-1.805
62.498,-4.0638,6.3124,3.0968,5.2905,2.7731,-1.805
62.548,-4.0848,6.3133,3.0968,5.2856,2.7526,-1.805
62.599,-4.1058,6.3143,3.0968,5.2807,2.7322,-1.805
62.649,-4.1373,6.3157,3.0968,5.2734,2.7016,-1.805
62.699,-4.1583,6.3166,3.0968,5.2685,2.6811,-1.805
62.75,-4.1897,6.318,3.0968,5.2612,2.6505,-1.805
62.8,-4.2107,6.319,3.0968,5.2563,2.6301,-1.805
62.85,-4.2317,6.3199,3.0968,5.2515,2.6096,-1.805
62.9,-4.2631,6.3213,3.0968,5.2442,2.579,-1.805
62.951,-4.2841,6.3223,3.0968,5.2393,2.5586,-1.805
63.001,-4.3156,6.3237,3.0968,5.232,2.5279,-1.805
63.051,-4.3366,6.3246,3.0968,5.2271,2.5075,-1.805
63.102,-4.3576,6.3256,3.0968,5.2222,2.4871,-1.805
63.152,-4.389,6.327,3.0968,5.2149,2.4565,-1.805
63.202,-4.41,6.3279,3.0968,5.21,2.436,-1.805
63.252,-4.4415,6.3293,3.0968,5.2027,2.4054,-1.805
63.303,-4.4624,6.3303,3.0968,5.1978,2.385,-1.805
63.353,-4.4834,6.3312,3.0968,5.193,2.3645,-1.805
63.403,-4.5149,6.3326,3.0968,5.1857,2.3339,-1.805
63.453,-4.5359,6.3336,3.0968,5.1808,2.3135,-1.805
63.504,-4.5673,6.335,3.0968,5.1735,2.2828,-1.805
63.554,-4.5883,6.3359,3.0968,5.1686,2.2624,-1.805
63.604,-4.6093,6.3368,3.0968,5.1637,2.242,-1.805
63.655,-4.6408,6.3383,3.0968,5.1564,2.2113,-1.805
63.705,-4.6617,6.3392,3.0968,5.1515,2.1909,-1.805
63.755,-4.6932,6.3406,3.0968,5.1442,2.1603,-1.805
63.805,-4.7142,6.3415,3.0968,5.1394,2.1398,-1.805
63.856,-4.7352,6.3425,3.0968,5.1345,2.1194,-1.805
63.906,-4.7666,6.3439,3.0968,5.1272,2.0888,-1.805
63.956,-4.7876,6.3448,3.0968,5.1223,2.0683,-1.805
64.006,-4.8086,6.3458,3.0968,5.1174,2.0479,-1.805
64.056,-4.8401,6.3472,3.0968,5.1101,2.0173,-1.805
64.107,-4.861,6.3481,3.0968,5.1052,1.9969,-1.805
64.157,-4.8925,6.3495,3.0968,5.0979,1.9662,-1.805
64.207,-4.9135,6.3505,3.0968,5.093,1.9458,-1.805
64.257,-4.9345,6.3514,3.0968,5.0882,1.9254,-1.805
64.308,-4.9659,6.3528,3.0968,5.0809,1.8947,-1.805
64.358,-4.9869,6.3538,3.0968,5.076,1.8743,-1.805
64.408,-5.0184,6.3552,3.0968,5.0687,1.8437,-1.805
64.458,-5.0394,6.3561,3.0968,5.0638,1.8232,-1.805
64.508,-5.0603,6.3571,3.0968,5.0589,1.8028,-1.805
64.559,-5.0918,6.3585,3.0968,5.0516,1.7722,-1.805
64.609,-5.1128,6.3594,3.0968,5.0467,1.7517,-1.805
64.659,-5.1443,6.3608,3.0968,5.0394,1.7211,-1.805
64.709,-5.1652,6.3618,3.0968,5.0346,1.7007,-1.805
64.76,-5.1862,6.3627,3.0968,5.0297,1.6802,-1.805
64.81,-5.2177,6.3641,3.0968,5.0224,1.6496,-1.805
64.86,-5.2387,6.3651,3.0968,5.0175,1.6292,-1.805
64.911,-5.2701,6.3665,3.0968,5.0102,1.5985,-1.805
64.961,-5.2911,6.3674,3.0968,5.0053,1.5781,-1.805
65.011,-5.3121,6.3683,3.0968,5.0004,1.5577,-1.805
65.061,-5.3436,6.3698,3.0968,4.9931,1.527,-1.805
65.112,-5.3645,6.3707,3.0968,4.9883,1.5066,-1.805
65.162,-5.3855,6.3716,3.0968,4.9834,1.4862,-1.805
65.212,-5.417,6.373,3.0968,4.9761,1.4556,-1.805
65.262,-5.438,6.374,3.0968,4.9712,1.4351,-1.805
65.313,-5.4694,6.3754,3.0968,4.9639,1.4045,-1.805
65.363,-5.4904,6.3763,3.0968,4.959,1.3841,-1.805
65.413,-5.5114,6.3773,3.0968,4.9541,1.3636,-1.805
65.463,-5.5429,6.3787,3.0968,4.9468,1.333,-1.805
65.514,-5.5638,6.3796,3.0968,4.9419,1.3126,-1.805
65.564,-5.5953,6.381,3.0968,4.9346,1.2819,-1.805
65.614,-5.6163,6.382,3.0968,4.9298,1.2615,-1.805
65.665,-5.6373,6.3829,3.0968,4.9249,1.2411,-1.805
65.715,-5.6687,6.3843,3.0968,4.9176,1.2104,-1.805
65.765,-5.6897,6.3853,3.0968,4.9127,1.19,-1.805
65.815,-5.7212,6.3867,3.0968,4.9054,1.1594,-1.805
65.866,-5.7422,6.3876,3.0968,4.9005,1.1389,-1.805
65.916,-5.7631,6.3886,3.0968,4.8956,1.1185,-1.805
65.966,-5.7946,6.39,3.0968,4.8883,1.0879,-1.805
66.016,-5.8156,6.3909,3.0968,4.8835,1.0675,-1.805
66.066,-5.8471,6.3923,3.0968,4.8761,1.0368,-1.805
66.117,-5.868,6.3933,3.0968,4.8713,1.0164,-1.805
66.167,-5.889,6.3942,3.0968,4.8664,0.996,-1.805
66.217,-5.9205,6.3956,3.0968,4.8591,0.9653,-1.805
66.268,-5.9415,6.3965,3.0968,4.8542,0.9449,-1.805
66.318,-5.9729,6.398,3.0968,4.8469,0.9143,-1.805
66.368,-5.9939,6.3989,3.0968,4.842,0.8938,-1.805
66.418,-6.0149,6.3998,3.0968,4.8371,0.8734,-1.805
66.468,-6.0464,6.4012,3.0968,4.8298,0.8428,-1.805
66.519,-6.0673,6.4022,3.0968,4.825,0.8223,-1.805
66.569,-6.0883,6.4031,3.0968,4.8201,0.8019,-1.805
66.619,-6.1198,6.4045,3.0968,4.8128,0.7713,-1.805
66.669,-6.1408,6.4055,3.0968,4.8079,0.7508,-1.805
66.72,-6.1722,6.4069,3.0968,4.8006,0.7202,-1.805
66.77,-6.1932,6.4078,3.0968,4.7957,0.6998,-1.805
66.82,-6.2142,6.4088,3.0968,4.7908,0.6793,-1.805
66.87,-6.2457,6.4102,3.0968,4.7835,0.6487,-1.805
66.921,-6.2666,6.4111,3.0968,4.7787,0.6283,-1.805
66.971,-6.2981,6.4125,3.0968,4.7713,0.5976,-1.805
67.021,-6.3191,6.4135,3.0968,4.7665,0.5772,-1.805
67.071,-6.3401,6.4144,3.0968,4.7616,0.5568,-1.805
67.122,-6.3715,6.4158,3.0968,4.7543,0.5261,-1.805
67.172,-6.3925,6.4168,3.0968,4.7494,0.5057,-1.805
67.222,-6.424,6.4182,3.0968,4.7421,0.4751,-1.805
67.273,-6.445,6.4191,3.0968,4.7372,0.4547,-1.805
67.323,-6.4659,6.42,3.0968,4.7323,0.4342,-1.805
67.373,-6.4974,6.4215,3.0968,4.725,0.4036,-1.805
67.423,-6.5184,6.4224,3.0968,4.7202,0.3832,-1.805
67.474,-6.5499,6.4238,3.0968,4.7129,0.3525,-1.805
67.524,-6.5708,6.4248,3.0968,4.708,0.3321,-1.805
67.575,-6.5918,6.4257,3.0968,4.7031,0.3117,-1.805
67.625,-6.6233,6.4271,3.0968,4.6958,0.281,-1.805
67.675,-6.6443,6.428,3.0968,4.6909,0.2606,-1.805
67.725,-6.6757,6.4295,3.0968,4.6836,0.23,-1.805
67.776,-6.6967,6.4304,3.0968,4.6787,0.2095,-1.805
67.826,-6.7177,6.4313,3.0968,4.6739,0.1891,-1.805
67.876,-6.7492,6.4327,3.0968,4.6665,0.1585,-1.805
67.926,-6.7701,6.4337,3.0968,4.6617,0.138,-1.805
67.977,-6.8016,6.4351,3.0968,4.6544,0.1074,-1.805
68.027,-6.8226,6.436,3.0968,4.6495,0.087,-1.805
68.077,-6.8436,6.437,3.0968,4.6446,0.0666,-1.805
68.127,-6.875,6.4384,3.0968,4.6373,0.0359,-1.805
68.177,-6.896,6.4393,3.0968,4.6324,0.0155,-1.805
68.228,-6.917,6.4403,3.0968,4.6276,-0.0049,-1.805
68.278,-6.9485,6.4417,3.0968,4.6202,-0.0356,-1.805
68.328,-6.9694,6.4426,3.0968,4.6154,-0.056,-1.805
68.378,-7.0009,6.444,3.0968,4.6081,-0.0866,-1.805
68.429,-7.0219,6.445,3.0968,4.6032,-0.1071,-1.805
68.479,-7.0429,6.4459,3.0968,4.5983,-0.1275,-1.805
68.529,-7.0743,6.4473,3.0968,4.591,-0.1581,-1.805
68.579,-7.0953,6.4483,3.0968,4.5861,-0.1786,-1.805
68.63,-7.1268,6.4497,3.0968,4.5788,-0.2092,-1.805
68.68,-7.1478,6.4506,3.0968,4.5739,-0.2296,-1.805
68.73,-7.1687,6.4515,3.0968,4.5691,-0.2501,-1.805
68.78,-7.1987,6.4527,3.097,4.5635,-0.2736,-1.7924
68.831,-7.2099,6.4532,3.1017,4.5622,-0.2797,-1.7672
68.881,-7.2201,6.4534,3.1321,4.5605,-0.289,-1.7294
68.931,-7.2264,6.4534,3.1543,4.5596,-0.2952,-1.7042
68.981,-7.2327,6.4533,3.1765,4.5588,-0.3015,-1.679
69.031,-7.2422,6.4528,3.2098,4.558,-0.3109,-1.6412
69.082,-7.2485,6.4523,3.232,4.5576,-0.3172,-1.616
69.132,-7.2578,6.4513,3.2653,4.5574,-0.3266,-1.5782
69.182,-7.2641,6.4505,3.2875,4.5574,-0.3329,-1.553
69.233,-7.2703,6.4495,3.3097,4.5576,-0.3392,-1.5278
69.283,-7.2796,6.4478,3.343,4.5582,-0.3487,-1.49
69.333,-7.2858,6.4464,3.3652,4.5588,-0.3549,-1.4648
69.383,-7.2949,6.4442,3.3985,4.5599,-0.3643,-1.427
69.434,-7.301,6.4425,3.4208,4.5609,-0.3705,-1.4018
69.484,-7.3071,6.4407,3.443,4.5621,-0.3767,-1.3766
69.534,-7.316,6.4378,3.4763,4.5641,-0.386,-1.3388
69.584,-7.322,6.4357,3.4985,4.5656,-0.3921,-1.3136
69.635,-7.3278,6.4334,3.5207,4.5673,-0.3982,-1.2884
69.685,-7.3366,6.4298,3.5541,4.5701,-0.4072,-1.2506
69.735,-7.3424,6.4271,3.5765,4.5721,-0.4131,-1.2254
69.785,-7.3511,6.4229,3.6108,4.5755,-0.422,-1.1876
69.836,-7.357,6.4199,3.6342,4.5779,-0.4278,-1.1624
69.886,-7.3629,6.4166,3.6581,4.5805,-0.4335,-1.1372
69.936,-7.3718,6.4113,3.6951,4.5846,-0.442,-1.0994
69.986,-7.3777,6.4076,3.7203,4.5875,-0.4476,-1.0742
70.037,-7.3866,6.4016,3.7581,4.5923,-0.456,-1.0364
70.087,-7.3925,6.3973,3.7834,4.5958,-0.4617,-1.0112
70.137,-7.3987,6.3928,3.8088,4.5997,-0.4678,-0.986
70.187,-7.4083,6.3856,3.8473,4.6063,-0.4774,-0.9482
70.238,-7.4149,6.3804,3.8729,4.6112,-0.484,-0.923
70.288,-7.4251,6.3721,3.911,4.6194,-0.4944,-0.8852
70.338,-7.4321,6.366,3.9362,4.6254,-0.5015,-0.86
70.389,-7.4393,6.3594,3.9614,4.6319,-0.5089,-0.8348
70.439,-7.4503,6.3488,3.9991,4.6425,-0.5202,-0.797
70.489,-7.4576,6.3411,4.0242,4.6501,-0.5277,-0.7718
70.539,-7.4685,6.3286,4.0619,4.6626,-0.5394,-0.734
70.59,-7.4758,6.3197,4.087,4.6715,-0.5473,-0.7088
70.64,-7.483,6.3102,4.1122,4.6809,-0.5552,-0.6836
70.69,-7.4935,6.2951,4.15,4.6961,-0.5671,-0.6458
70.741,-7.5003,6.2844,4.1752,4.7068,-0.5749,-0.6206
70.791,-7.5102,6.2672,-2.0702,4.724,-0.5867,-0.5828
70.841,-7.5166,6.2552,-2.0456,4.7361,-0.5945,-0.5583
70.891,-7.523,6.2425,-2.0221,4.7488,-0.6022,-0.5349
70.942,-7.5324,6.2225,-1.9896,4.7688,-0.6136,-0.5025
70.992,-7.5385,6.2085,-1.9695,4.7827,-0.6211,-0.4826
71.042,-7.5445,6.194,-1.951,4.7972,-0.6285,-0.4643
71.093,-7.5533,6.1713,-1.9251,4.8196,-0.6393,-0.439
71.143,-7.5591,6.1557,-1.9084,4.8349,-0.6464,-0.4233
71.193,-7.5674,6.1311,-1.8847,4.8588,-0.6568,-0.4024
71.243,-7.5728,6.1143,-1.87,4.8751,-0.6636,-0.3896
71.294,-7.578,6.0971,-1.8566,4.8917,-0.6704,-0.378
71.344,-7.5854,6.0708,-1.8383,4.9172,-0.6803,-0.3622
71.394,-7.5902,6.0529,-1.8272,4.9346,-0.6867,-0.3526
71.445,-7.5972,6.0256,-1.8124,4.9611,-0.6963,-0.3398
71.495,-7.6016,6.0072,-1.8035,4.979,-0.7025,-0.3321
71.545,-7.606,5.9885,-1.7954,4.9971,-0.7087,-0.3251
71.595,-7.6123,5.9602,-1.7843,5.0247,-0.7179,-0.3155
71.646,-7.6164,5.9411,-1.7776,5.0432,-0.7239,-0.3097
71.696,-7.6223,5.9123,-1.7689,5.0713,-0.7327,-0.302
71.746,-7.6261,5.8929,-1.7638,5.0902,-0.7386,-0.2973
71.796,-7.6299,5.8735,-1.7596,5.1093,-0.7444,-0.293
71.847,-7.6354,5.8442,-1.7537,5.138,-0.7529,-0.2872
71.897,-7.639,5.8246,-1.7502,5.1572,-0.7586,-0.2835
71.947,-7.6443,5.7949,-1.7455,5.1863,-0.767,-0.2786
71.997,-7.6478,5.775,-1.7428,5.2057,-0.7725,-0.2756
72.048,-7.6512,5.7551,-1.7403,5.2252,-0.778,-0.2728
72.098,-7.6563,5.725,-1.7368,5.2546,-0.7861,-0.2689
72.148,-7.6596,5.705,-1.7346,5.2742,-0.7915,-0.2665
72.199,-7.6646,5.6748,-1.7313,5.3038,-0.7995,-0.2631
72.249,-7.6679,5.6546,-1.729,5.3236,-0.8048,-0.261
72.299,-7.6711,5.6344,-1.7268,5.3434,-0.8101,-0.2591
72.35,-7.6758,5.6039,-1.7238,5.3732,-0.818,-0.2565
72.4,-7.6789,5.5836,-1.7219,5.3931,-0.8232,-0.2549
72.45,-7.6835,5.553,-1.7194,5.423,-0.8309,-0.2528
72.5,-7.6866,5.5326,-1.718,5.443,-0.8361,-0.2515
72.551,-7.6896,5.5121,-1.7166,5.4631,-0.8412,-0.2503
72.601,-7.6941,5.4813,-1.7148,5.4932,-0.8489,-0.2487
72.651,-7.6971,5.4608,-1.7136,5.5133,-0.854,-0.2477
72.701,-7.7015,5.4299,-1.7121,5.5435,-0.8616,-0.2464
72.751,-7.7044,5.4094,-1.7112,5.5637,-0.8667,-0.2457
72.802,-7.7073,5.3887,-1.7104,5.5839,-0.8717,-0.2449
72.852,-7.7102,5.3681,-1.7097,5.6041,-0.8768,-0.2443
72.902,-7.7145,5.3372,-1.7088,5.6344,-0.8843,-0.2434
72.952,-7.7174,5.3166,-1.7083,5.6547,-0.8893,-0.2428
73.003,-7.7216,5.2856,-1.7075,5.6851,-0.8969,-0.242
73.053,-7.7245,5.2649,-1.7071,5.7053,-0.9019,-0.2416
73.103,-7.7273,5.2442,-1.7067,5.7256,-0.9069,-0.2411
73.153,-7.7316,5.2131,-1.7062,5.7561,-0.9143,-0.2405
73.204,-7.7344,5.1924,-1.7058,5.7764,-0.9193,-0.2402
73.254,-7.7386,5.1613,-1.7054,5.8068,-0.9268,-0.2396
73.304,-7.7414,5.1406,-1.7051,5.8271,-0.9317,-0.2393
73.354,-7.7442,5.1199,-1.7048,5.8475,-0.9367,-0.239
73.405,-7.7484,5.0888,-1.7043,5.878,-0.9441,-0.2386
73.455,-7.7512,5.068,-1.704,5.8983,-0.949,-0.2383
73.505,-7.7553,5.0369,-1.7036,5.9288,-0.9565,-0.238
73.556,-7.7581,5.0161,-1.7034,5.9492,-0.9614,-0.2378
73.606,-7.7609,4.9954,-1.7031,5.9695,-0.9663,-0.2376
73.656,-7.765,4.9642,-1.7028,6.0001,-0.9737,-0.2373
73.707,-7.7678,4.9434,-1.7026,6.0205,-0.9786,-0.2371
73.757,-7.7719,4.9123,-1.7024,6.051,-0.986,-0.2369
73.807,-7.7746,4.8915,-1.7023,6.0714,-0.9909,-0.2368
73.857,-7.7774,4.8707,-1.7021,6.0918,-0.9959,-0.2367
73.907,-7.7815,4.8395,-1.7019,6.1224,-1.0032,-0.2365
73.958,-7.7842,4.8187,-1.7018,6.1428,-1.0081,-0.2364
74.008,-7.7884,4.7875,-1.7017,6.1734,-1.0155,-0.2363
74.058,-7.7911,4.7667,-1.7016,6.1938,-1.0204,-0.2362
74.108,-7.7938,4.7459,-1.7015,6.2142,-1.0253,-0.2361
74.159,-7.7979,4.7147,-1.7014,6.2448,-1.0327,-0.236
74.209,-7.8007,4.6939,-1.7014,6.2652,-1.0376,-0.236
74.259,-7.8034,4.6731,-1.7013,6.2856,-1.0425,-0.2359
74.309,-7.8075,4.6419,-1.7013,6.3162,-1.0499,-0.2358
74.36,-7.8102,4.6211,-1.7012,6.3366,-1.0548,-0.2358
74.41,-7.8143,4.5899,-1.7011,6.3672,-1.0621,-0.2357
74.46,-7.817,4.5691,-1.7011,6.3876,-1.067,-0.2356
74.51,-7.8198,4.5483,-1.7011,6.408,-1.0719,-0.2356
74.56,-7.8239,4.517,-1.701,6.4386,-1.0793,-0.2355
74.611,-7.8266,4.4962,-1.701,6.459,-1.0842,-0.2355
74.661,-7.8307,4.465,-1.7009,6.4896,-1.0915,-0.2355
74.711,-7.8334,4.4442,-1.7009,6.5101,-1.0964,-0.2354
74.761,-7.8361,4.4234,-1.7008,6.5305,-1.1013,-0.2354
74.812,-7.8402,4.3922,-1.7008,6.5611,-1.1086,-0.2354
74.862,-7.8429,4.3713,-1.7008,6.5815,-1.1135,-0.2353
74.912,-7.847,4.3401,-1.7007,6.6121,-1.1209,-0.2353
74.962,-7.8497,4.3193,-1.7007,6.6325,-1.1258,-0.2353
75.013,-7.8524,4.2985,-1.7007,6.653,-1.1307,-0.2353
75.063,-7.8565,4.2672,-1.7007,6.6836,-1.138,-0.2353
75.113,-7.8592,4.2464,-1.7007,6.704,-1.1429,-0.2352
75.164,-7.8633,4.2152,-1.7006,6.7346,-1.1503,-0.2352
75.214,-7.866,4.1944,-1.7006,6.7551,-1.1551,-0.2352
75.264,-7.8688,4.1736,-1.7006,6.7755,-1.16,-0.2352
75.314,-7.8728,4.1423,-1.7006,6.8061,-1.1674,-0.2352
75.364,-7.8755,4.1215,-1.7006,6.8265,-1.1723,-0.2352
75.415,-7.8796,4.0903,-1.7006,6.8572,-1.1796,-0.2352
75.465,-7.8823,4.0694,-1.7006,6.8776,-1.1845,-0.2352
75.515,-7.8851,4.0486,-1.7006,6.898,-1.1894,-0.2351
75.565,-7.8891,4.0174,-1.7006,6.9286,-1.1967,-0.2351
75.616,-7.8919,3.9966,-1.7005,6.949,-1.2016,-0.2351
75.666,-7.8946,3.9758,-1.7005,6.9695,-1.2065,-0.2351
75.716,-7.8986,3.9445,-1.7005,7.0001,-1.2139,-0.2351
75.767,-7.9014,3.9237,-1.7005,7.0205,-1.2187,-0.2351
75.817,-7.9054,3.8925,-1.7005,7.0511,-1.2261,-0.2351
75.867,-7.9082,3.8716,-1.7005,7.0716,-1.231,-0.2351
75.917,-7.9109,3.8508,-1.7005,7.092,-1.2359,-0.2351
75.968,-7.9149,3.8196,-1.7005,7.1226,-1.2432,-0.2351
76.018,-7.9177,3.7988,-1.7005,7.143,-1.2481,-0.2351
76.068,-7.9204,3.7779,-1.7005,7.1635,-1.253,-0.2351
76.118,-7.9244,3.7467,-1.7005,7.1941,-1.2603,-0.2351
76.169,-7.9272,3.7259,-1.7005,7.2145,-1.2652,-0.2351
76.219,-7.9312,3.6946,-1.7005,7.2452,-1.2725,-0.2351
76.269,-7.934,3.6738,-1.7005,7.2656,-1.2774,-0.2351
76.32,-7.9367,3.653,-1.7005,7.286,-1.2823,-0.2351
76.37,-7.9407,3.6218,-1.7005,7.3166,-1.2897,-0.2351
76.42,-7.9435,3.6009,-1.7005,7.337,-1.2946,-0.2351
76.47,-7.9475,3.5697,-1.7005,7.3677,-1.3019,-0.2351
76.521,-7.9502,3.5489,-1.7005,7.3881,-1.3068,-0.2351
76.571,-7.953,3.5281,-1.7005,7.4085,-1.3117,-0.2351
76.621,-7.957,3.4968,-1.7005,7.4392,-1.319,-0.2351
76.671,-7.9598,3.476,-1.7005,7.4596,-1.3239,-0.2351
76.722,-7.9638,3.4448,-1.7005,7.4902,-1.3312,-0.235
76.772,-7.9665,3.4239,-1.7005,7.5106,-1.3361,-0.235
76.822,-7.9693,3.4031,-1.7005,7.5311,-1.341,-0.235
76.872,-7.9733,3.3719,-1.7005,7.5617,-1.3484,-0.235
76.923,-7.976,3.3511,-1.7005,7.5821,-1.3532,-0.235
76.973,-7.9801,3.3198,-1.7005,7.6127,-1.3606,-0.235
77.023,-7.9828,3.299,-1.7005,7.6332,-1.3655,-0.235
77.073,-7.9855,3.2782,-1.7005,7.6536,-1.3704,-0.235
77.124,-7.9896,3.2469,-1.7005,7.6842,-1.3777,-0.235
77.174,-7.9923,3.2261,-1.7005,7.7047,-1.3826,-0.235
77.224,-7.9964,3.1949,-1.7005,7.7353,-1.3899,-0.235
77.274,-7.9991,3.1741,-1.7005,7.7557,-1.3948,-0.235
77.324,-8.0018,3.1532,-1.7005,7.7761,-1.3997,-0.235
77.375,-8.0059,3.122,-1.7005,7.8068,-1.407,-0.235
77.425,-8.0086,3.1012,-1.7005,7.8272,-1.4119,-0.235
77.475,-8.0127,3.0699,-1.7005,7.8578,-1.4193,-0.235
77.525,-8.0154,3.0491,-1.7005,7.8782,-1.4242,-0.235
77.576,-8.0181,3.0283,-1.7005,7.8987,-1.429,-0.235
77.626,-8.0222,2.9971,-1.7005,7.9293,-1.4364,-0.235
77.676,-8.0249,2.9762,-1.7005,7.9497,-1.4413,-0.235
77.726,-8.0276,2.9554,-1.7005,7.9701,-1.4462,-0.235
77.776,-8.0317,2.9242,-1.7005,8.0008,-1.4535,-0.235
77.827,-8.0344,2.9034,-1.7005,8.0212,-1.4584,-0.235
77.877,-8.0385,2.8721,-1.7005,8.0518,-1.4657,-0.235
77.927,-8.0412,2.8513,-1.7005,8.0723,-1.4706,-0.235
77.977,-8.0439,2.8305,-1.7005,8.0927,-1.4755,-0.235
78.028,-8.048,2.7992,-1.7005,8.1233,-1.4828,-0.235
78.078,-8.0507,2.7784,-1.7005,8.1437,-1.4877,-0.235
78.128,-8.0548,2.7472,-1.7005,8.1744,-1.4951,-0.235
78.178,-8.0575,2.7264,-1.7005,8.1948,-1.5,-0.235
78.229,-8.0602,2.7055,-1.7005,8.2152,-1.5048,-0.235
78.279,-8.0643,2.6743,-1.7005,8.2458,-1.5122,-0.235
78.329,-8.067,2.6535,-1.7005,8.2663,-1.5171,-0.235
78.38,-8.0711,2.6222,-1.7005,8.2969,-1.5244,-0.235
78.43,-8.0738,2.6014,-1.7005,8.3173,-1.5293,-0.235
78.48,-8.0765,2.5806,-1.7005,8.3377,-1.5342,-0.235
78.53,-8.0806,2.5494,-1.7005,8.3684,-1.5415,-0.235
78.581,-8.0833,2.5285,-1.7005,8.3888,-1.5464,-0.235
78.631,-8.0874,2.4973,-1.7005,8.4194,-1.5538,-0.235
78.681,-8.0901,2.4765,-1.7005,8.4399,-1.5586,-0.235
78.731,-8.0928,2.4556,-1.7005,8.4603,-1.5635,-0.235
78.782,-8.0969,2.4244,-1.7005,8.4909,-1.5709,-0.235
78.832,-8.0996,2.4036,-1.7005,8.5113,-1.5758,-0.235
78.882,-8.1037,2.3724,-1.7005,8.542,-1.5831,-0.235
78.932,-8.1064,2.3515,-1.7005,8.5624,-1.588,-0.235
78.983,-8.1091,2.3307,-1.7005,8.5828,-1.5929,-0.235
79.033,-8.1125,2.3014,-1.7,8.6053,-1.5982,-0.2206
79.083,-8.1138,2.2909,-1.6926,8.6115,-1.5995,-0.1954
79.133,-8.1145,2.2844,-1.6717,8.6177,-1.6007,-0.1702
79.184,-8.1153,2.2749,-1.6383,8.627,-1.6021,-0.1324
79.234,-8.1157,2.2686,-1.616,8.6332,-1.6029,-0.1072
79.284,-8.116,2.2591,-1.5823,8.6427,-1.6037,-0.0694
79.334,-8.116,2.2526,-1.5595,8.6489,-1.604,-0.0442
79.385,-8.1158,2.2461,-1.5364,8.6552,-1.6042,-0.019
79.435,-8.1153,2.2362,-1.5012,8.6647,-1.6042,0.0188
79.485,-8.1148,2.2294,-1.4772,8.671,-1.604,0.044
79.536,-8.1141,2.2226,-1.4526,8.6773,-1.6037,0.0692
79.586,-8.1126,2.2122,-1.415,8.6867,-1.6029,0.107
79.636,-8.1115,2.2052,-1.3898,8.6929,-1.6021,0.1322
79.686,-8.1094,2.1948,-1.352,8.7023,-1.6007,0.17
79.737,-8.1077,2.188,-1.3268,8.7085,-1.5995,0.1952
79.787,-8.105,2.1777,-1.289,8.7177,-1.5975,0.233
79.837,-8.103,2.171,-1.2638,8.7238,-1.596,0.2582
79.887,-8.1008,2.1643,-1.2386,8.7299,-1.5943,0.2834
79.938,-8.0971,2.1543,-1.2008,8.7389,-1.5915,0.3212
79.988,-8.0945,2.1478,-1.1756,8.7449,-1.5894,0.3464
80.038,-8.0903,2.1381,-1.1379,8.7537,-1.5861,0.3842
80.088,-8.0873,2.1318,-1.1128,8.7595,-1.5836,0.4094
80.139,-8.0842,2.1256,-1.088,8.7653,-1.5811,0.4346
80.189,-8.0794,2.1166,-1.0514,8.7738,-1.5769,0.4724
80.239,-8.0762,2.1108,-1.0276,8.7793,-1.574,0.4976
80.29,-8.0714,2.1024,-0.9928,8.7875,-1.5693,0.5354
80.34,-8.0679,2.0971,-0.97,8.7929,-1.566,0.5606
80.39,-8.0643,2.0919,-0.9477,8.7982,-1.5626,0.5858
80.44,-8.0587,2.0843,-0.9144,8.806,-1.5572,0.6236
80.491,-8.0548,2.0794,-0.8921,8.8111,-1.5535,0.6488
80.541,-8.0487,2.0721,-0.8588,8.8185,-1.5476,0.6866
80.591,-8.0444,2.0672,-0.8363,8.8235,-1.5434,0.7118
80.641,-8.0398,2.0622,-0.8133,8.8288,-1.5387,0.737
80.692,-8.0323,2.0545,-0.7782,8.837,-1.531,0.7748
80.742,-8.0269,2.0493,-0.7544,8.8425,-1.5254,0.8
80.792,-8.0211,2.044,-0.73,8.8483,-1.5194,0.8252
80.842,-8.0118,2.0359,-0.6927,8.8571,-1.5094,0.863
80.893,-8.0052,2.0305,-0.6675,8.8631,-1.5023,0.8882
80.943,-7.9942,2.0221,-0.6298,8.8723,-1.4905,0.926
80.993,-7.9863,2.0164,-0.6046,8.8784,-1.4821,0.9512
81.043,-7.9778,2.0105,-0.5794,8.8847,-1.4731,0.9764
81.094,-7.9642,2.0016,-0.5414,8.8941,-1.4587,1.0142
81.144,-7.9545,1.9955,-0.5159,8.9002,-1.4485,1.0394
81.194,-7.9389,1.9861,-0.4778,8.9095,-1.432,1.0772
81.244,-7.9279,1.98,-0.4522,8.9155,-1.4205,1.1024
81.294,-7.9162,1.9739,-0.4267,8.9215,-1.4083,1.1276
81.345,-7.8977,1.9652,-0.3884,8.9302,-1.389,1.1654
81.395,-7.8848,1.9596,-0.363,8.9357,-1.3756,1.1899
81.445,-7.8637,1.9518,-0.3267,8.9439,-1.3543,1.2231
81.495,-7.8488,1.9469,-0.3041,8.9491,-1.3394,1.2431
81.546,-7.8334,1.9422,-0.2834,8.9541,-1.3241,1.2615
81.596,-7.8095,1.9356,-0.255,8.9614,-1.3002,1.2865
81.646,-7.7931,1.9314,-0.2379,8.9661,-1.2839,1.3018
81.696,-7.7678,1.9256,-0.2161,8.9728,-1.2585,1.322
81.747,-7.7507,1.9219,-0.2037,8.977,-1.2412,1.3341
81.797,-7.7333,1.9184,-0.1925,8.9812,-1.2236,1.3453
81.847,-7.7068,1.9135,-0.177,8.9871,-1.1968,1.3607
81.897,-7.6888,1.9103,-0.1676,8.9909,-1.1786,1.3701
81.947,-7.6705,1.9073,-0.1589,8.9963,-1.151,1.3829
81.998,-7.6428,1.9031,-0.147,8.9998,-1.1323,1.3907
82.048,-7.6242,1.9004,-0.1396,9.0032,-1.1135,1.3981
82.098,-7.5958,1.8965,-0.1297,9.008,-1.085,1.408
82.148,-7.5767,1.894,-0.1235,9.0111,-1.0658,1.414
82.199,-7.5574,1.8916,-0.1177,9.0141,-1.0465,1.4196
82.249,-7.528,1.8883,-0.1092,9.0184,-1.0173,1.4273
82.299,-7.5083,1.8862,-0.104,9.0212,-0.9978,1.4319
82.349,-7.4785,1.8832,-0.0971,9.0252,-0.9682,1.4382
82.4,-7.4586,1.8813,-0.0929,9.0278,-0.9483,1.4419
82.45,-7.4385,1.8794,-0.0891,9.0304,-0.9284,1.4454
82.5,-7.4083,1.8768,-0.0837,9.0341,-0.8983,1.4501
82.55,-7.3881,1.8752,-0.0804,9.0365,-0.8782,1.4529
82.601,-7.3577,1.8728,-0.0761,9.04,-0.8479,1.4567
82.651,-7.3374,1.8712,-0.0735,9.0423,-0.8276,1.4589
82.701,-7.3169,1.8698,-0.0711,9.0446,-0.8073,1.461
82.751,-7.2863,1.8676,-0.0679,9.0479,-0.7767,1.4638
82.801,-7.2658,1.8663,-0.0661,9.0501,-0.7562,1.4655
82.852,-7.235,1.8643,-0.0639,9.0533,-0.7255,1.4678
82.902,-7.2144,1.863,-0.0625,9.0554,-0.705,1.4691
82.952,-7.1938,1.8617,-0.0612,9.0575,-0.6844,1.4704
83.002,-7.1629,1.8598,-0.0595,9.0606,-0.6535,1.4722
83.052,-7.1423,1.8586,-0.0584,9.0626,-0.6329,1.4732
83.103,-7.1216,1.8574,-0.0574,9.0646,-0.6122,1.4742
83.153,-7.0905,1.8556,-0.056,9.0676,-0.5812,1.4756
83.203,-7.0698,1.8545,-0.0552,9.0696,-0.5605,1.4764
83.254,-7.0387,1.8528,-0.0541,9.0725,-0.5295,1.4775
83.304,-7.0179,1.8516,-0.0533,9.0744,-0.5087,1.4782
83.354,-6.9971,1.8505,-0.0526,9.0764,-0.488,1.4789
83.404,-6.9658,1.8489,-0.0517,9.0792,-0.4569,1.4797
83.455,-6.945,1.8478,-0.0512,9.0811,-0.4361,1.4803
83.505,-6.9137,1.8462,-0.0505,9.0839,-0.4049,1.481
83.555,-6.8928,1.8452,-0.05,9.0858,-0.3841,1.4814
83.605,-6.8719,1.8442,-0.0496,9.0877,-0.3633,1.4818
83.656,-6.8406,1.8426,-0.049,9.0904,-0.332,1.4824
83.706,-6.8197,1.8416,-0.0487,9.0923,-0.3112,1.4827
83.756,-6.7884,1.8401,-0.0481,9.095,-0.28,1.4832
83.806,-6.7675,1.8391,-0.0478,9.0969,-0.2591,1.4834
83.857,-6.7466,1.8381,-0.0475,9.0987,-0.2382,1.4837
83.907,-6.7152,1.8366,-0.0472,9.1014,-0.207,1.484
83.957,-6.6943,1.8356,-0.047,9.1032,-0.1861,1.4842
84.007,-6.6629,1.8341,-0.0467,9.1059,-0.1548,1.4845
84.057,-6.642,1.8331,-0.0465,9.1077,-0.1339,1.4847
84.108,-6.621,1.8322,-0.0464,9.1095,-0.113,1.4848
84.158,-6.5896,1.8307,-0.0462,9.1122,-0.0817,1.485
84.208,-6.5687,1.8298,-0.046,9.114,-0.0608,1.4852
84.258,-6.5373,1.8283,-0.0458,9.1167,-0.0295,1.4853
84.308,-6.5163,1.8274,-0.0457,9.1185,-0.0086,1.4855
84.359,-6.4954,1.8264,-0.0456,9.1203,0.0123,1.4856
84.409,-6.4639,1.825,-0.0455,9.123,0.0437,1.4857
84.459,-6.443,1.824,-0.0454,9.1248,0.0646,1.4858
84.509,-6.422,1.8231,-0.0453,9.1265,0.0855,1.4859
84.56,-6.3906,1.8216,-0.0452,9.1292,0.1168,1.486
84.61,-6.3696,1.8207,-0.0451,9.131,0.1378,1.486
84.66,-6.3382,1.8193,-0.0451,9.1336,0.1691,1.4861
84.71,-6.3172,1.8183,-0.045,9.1354,0.19,1.4862
84.761,-6.2962,1.8174,-0.045,9.1372,0.2109,1.4862
84.811,-6.2648,1.816,-0.0449,9.1399,0.2423,1.4863
84.861,-6.2438,1.815,-0.0448,9.1416,0.2632,1.4863
84.911,-6.2228,1.8141,-0.0448,9.1434,0.2841,1.4864
84.962,-6.1914,1.8127,-0.0447,9.146,0.3155,1.4864
85.012,-6.1704,1.8117,-0.0447,9.1478,0.3364,1.4865
85.062,-6.139,1.8103,-0.0447,9.1505,0.3678,1.4865
85.113,-6.118,1.8094,-0.0446,9.1522,0.3887,1.4865
85.163,-6.097,1.8085,-0.0446,9.154,0.4096,1.4865
85.213,-6.0656,1.807,-0.0446,9.1567,0.441,1.4866
85.263,-6.0446,1.8061,-0.0446,9.1584,0.4619,1.4866
85.313,-6.0131,1.8047,-0.0445,9.1611,0.4933,1.4866
85.364,-5.9921,1.8038,-0.0445,9.1628,0.5142,1.4866
85.414,-5.9712,1.8028,-0.0445,9.1646,0.5352,1.4867
85.464,-5.9397,1.8014,-0.0445,9.1672,0.5666,1.4867
85.515,-5.9187,1.8005,-0.0445,9.169,0.5875,1.4867
85.565,-5.8873,1.7991,-0.0444,9.1717,0.6189,1.4867
85.615,-5.8663,1.7982,-0.0444,9.1734,0.6398,1.4867
85.666,-5.8453,1.7972,-0.0444,9.1752,0.6607,1.4867
85.716,-5.8139,1.7958,-0.0444,9.1778,0.6921,1.4867
85.766,-5.7929,1.7949,-0.0444,9.1796,0.713,1.4868
85.816,-5.7614,1.7935,-0.0444,9.1822,0.7444,1.4868
85.866,-5.7404,1.7926,-0.0444,9.184,0.7653,1.4868
85.917,-5.7195,1.7916,-0.0444,9.1858,0.7862,1.4868
85.967,-5.688,1.7903,-0.0444,9.1884,0.8176,1.4868
86.017,-5.667,1.7893,-0.0444,9.1902,0.8386,1.4868
86.068,-5.6355,1.7879,-0.0444,9.1928,0.8699,1.4868
86.118,-5.6146,1.787,-0.0444,9.1946,0.8909,1.4868
86.168,-5.5936,1.7861,-0.0444,9.1963,0.9118,1.4868
86.218,-5.5621,1.7847,-0.0443,9.199,0.9432,1.4868
86.268,-5.5411,1.7837,-0.0443,9.2007,0.9641,1.4868
86.319,-5.5097,1.7823,-0.0443,9.2025,0.985,1.4868
86.369,-5.4887,1.7814,-0.0443,9.2051,1.0164,1.4868
86.419,-5.4677,1.7805,-0.0443,9.2069,1.0373,1.4868
86.47,-5.4362,1.7791,-0.0443,9.2095,1.0687,1.4868
86.52,-5.4153,1.7781,-0.0443,9.2113,1.0897,1.4868
86.57,-5.3943,1.7772,-0.0443,9.2131,1.1106,1.4868
86.62,-5.3628,1.7758,-0.0443,9.2157,1.142,1.4868
86.671,-5.3418,1.7749,-0.0443,9.2175,1.1629,1.4868
86.721,-5.3104,1.7735,-0.0443,9.2201,1.1943,1.4868
86.771,-5.2894,1.7726,-0.0443,9.2219,1.2152,1.4868
86.821,-5.2684,1.7716,-0.0443,9.2236,1.2361,1.4868
86.872,-5.2369,1.7702,-0.0443,9.2263,1.2675,1.4868
86.922,-5.216,1.7693,-0.0443,9.228,1.2885,1.4869
86.972,-5.1845,1.7679,-0.0443,9.2307,1.3198,1.4869
87.022,-5.1635,1.767,-0.0443,9.2324,1.3408,1.4869
87.073,-5.1425,1.7661,-0.0443,9.2342,1.3617,1.4869
87.123,-5.1111,1.7647,-0.0443,9.2368,1.3931,1.4869
87.173,-5.0901,1.7637,-0.0443,9.2386,1.414,1.4869
87.224,-5.0586,1.7623,-0.0443,9.2412,1.4454,1.4869
87.274,-5.0376,1.7614,-0.0443,9.243,1.4663,1.4869
87.324,-5.0167,1.7605,-0.0443,9.2448,1.4873,1.4869
87.375,-4.9852,1.7591,-0.0443,9.2474,1.5186,1.4869
87.425,-4.9642,1.7582,-0.0443,9.2492,1.5396,1.4869
87.475,-4.9327,1.7568,-0.0443,9.2518,1.571,1.4869
87.525,-4.9118,1.7558,-0.0443,9.2536,1.5919,1.4869
87.576,-4.8908,1.7549,-0.0443,9.2553,1.6128,1.4869
87.626,-4.8593,1.7535,-0.0443,9.258,1.6442,1.4869
87.676,-4.8383,1.7526,-0.0443,9.2597,1.6651,1.4869
87.727,-4.8069,1.7512,-0.0443,9.2624,1.6965,1.4869
87.777,-4.7859,1.7502,-0.0443,9.2641,1.7174,1.4869
87.827,-4.7649,1.7493,-0.0443,9.2659,1.7384,1.4869
87.88,-4.7334,1.7479,-0.0443,9.2685,1.7698,1.4869
87.93,-4.7125,1.747,-0.0443,9.2703,1.7907,1.4869
87.98,-4.681,1.7456,-0.0443,9.2729,1.8221,1.4869
88.031,-4.66,1.7447,-0.0443,9.2747,1.843,1.4869
88.081,-4.639,1.7437,-0.0443,9.2764,1.8639,1.4869
88.131,-4.6076,1.7423,-0.0443,9.2791,1.8953,1.4869
88.181,-4.5866,1.7414,-0.0443,9.2808,1.9162,1.4869
88.231,-4.5551,1.74,-0.0443,9.2835,1.9476,1.4869
88.282,-4.5341,1.7391,-0.0443,9.2852,1.9685,1.4869
88.332,-4.5132,1.7382,-0.0443,9.287,1.9895,1.4869
88.382,-4.4817,1.7368,-0.0443,9.2896,2.0209,1.4869
88.432,-4.4607,1.7358,-0.0443,9.2914,2.0418,1.4869
88.483,-4.4292,1.7344,-0.0443,9.294,2.0732,1.4869
88.533,-4.4083,1.7335,-0.0443,9.2958,2.0941,1.4869
88.583,-4.3873,1.7326,-0.0443,9.2976,2.115,1.4869
88.633,-4.3558,1.7312,-0.0443,9.3002,2.1464,1.4869
88.684,-4.3348,1.7303,-0.0443,9.302,2.1673,1.4869
88.734,-4.3034,1.7289,-0.0443,9.3046,2.1987,1.4869
88.784,-4.2824,1.7279,-0.0443,9.3064,2.2197,1.4869
88.834,-4.2614,1.727,-0.0443,9.3081,2.2406,1.4869
88.885,-4.2299,1.7256,-0.0443,9.3108,2.272,1.4869
88.935,-4.209,1.7247,-0.0443,9.3125,2.2929,1.4869
88.985,-4.188,1.7237,-0.0443,9.3143,2.3138,1.4869
89.035,-4.1565,1.7223,-0.0443,9.3169,2.3452,1.4869
89.086,-4.1355,1.7214,-0.0443,9.3187,2.3661,1.4869
89.136,-4.1041,1.72,-0.0443,9.3213,2.3975,1.4869
89.186,-4.0831,1.7191,-0.0443,9.3231,2.4185,1.4869
89.236,-4.0621,1.7182,-0.0443,9.3249,2.4394,1.4869
89.287,-4.0306,1.7168,-0.0443,9.3275,2.4708,1.4869
89.337,-4.0097,1.7158,-0.0443,9.3293,2.4917,1.4869
89.387,-3.9782,1.7144,-0.0443,9.3319,2.5231,1.4869
89.437,-3.9572,1.7135,-0.0443,9.3337,2.544,1.4869
89.487,-3.9362,1.7126,-0.0443,9.3354,2.5649,1.4869
89.538,-3.9048,1.7112,-0.0443,9.3381,2.5963,1.4869
89.588,-3.8838,1.7103,-0.0443,9.3398,2.6173,1.4869
89.638,-3.8523,1.7089,-0.0443,9.3425,2.6486,1.4869
89.689,-3.8313,1.7079,-0.0443,9.3442,2.6696,1.4869
89.739,-3.8104,1.707,-0.0443,9.346,2.6905,1.4869
89.789,-3.7789,1.7056,-0.0443,9.3486,2.7219,1.4869
89.839,-3.7579,1.7047,-0.0443,9.3504,2.7428,1.4869
89.89,-3.7264,1.7033,-0.0443,9.353,2.7742,1.4869
89.94,-3.7055,1.7024,-0.0443,9.3548,2.7951,1.4869
89.99,-3.6845,1.7014,-0.0443,9.3565,2.8161,1.4869
90.04,-3.653,1.7,-0.0443,9.3592,2.8474,1.4869
90.091,-3.632,1.6991,-0.0443,9.3609,2.8684,1.4869
90.141,-3.6006,1.6977,-0.0443,9.3636,2.8998,1.4869
90.191,-3.5796,1.6968,-0.0443,9.3653,2.9207,1.4869
90.242,-3.5586,1.6958,-0.0443,9.3671,2.9416,1.4869
90.292,-3.5271,1.6944,-0.0443,9.3697,2.973,1.4869
90.342,-3.5062,1.6935,-0.0443,9.3715,2.9939,1.4869
90.393,-3.4852,1.6926,-0.0443,9.3733,3.0149,1.4869
90.443,-3.4537,1.6912,-0.0443,9.3759,3.0462,1.4869
90.493,-3.4327,1.6903,-0.0443,9.3777,3.0672,1.4869
90.543,-3.4013,1.6889,-0.0443,9.3803,3.0986,1.4869
90.594,-3.3803,1.6879,-0.0443,9.3821,3.1195,1.4869
90.644,-3.3593,1.687,-0.0443,9.3838,3.1404,1.4869
90.694,-3.3278,1.6856,-0.0443,9.3865,3.1718,1.4869
90.745,-3.3068,1.6847,-0.0443,9.3882,3.1927,1.4869
90.795,-3.2754,1.6833,-0.0443,9.3909,3.2241,1.4869
90.845,-3.2544,1.6824,-0.0443,9.3926,3.245,1.4869
90.896,-3.2334,1.6814,-0.0443,9.3944,3.266,1.4869
90.946,-3.202,1.68,-0.0443,9.397,3.2974,1.4869
90.996,-3.181,1.6791,-0.0443,9.3988,3.3183,1.4869
91.046,-3.1495,1.6777,-0.0443,9.4014,3.3497,1.4869
91.097,-3.1285,1.6768,-0.0443,9.4032,3.3706,1.4869
91.147,-3.1075,1.6759,-0.0443,9.405,3.3915,1.4869
91.197,-3.0761,1.6745,-0.0443,9.4076,3.4229,1.4869
91.247,-3.0551,1.6735,-0.0443,9.4094,3.4438,1.4869
91.298,-3.0236,1.6721,-0.0443,9.412,3.4752,1.4869
91.348,-3.0026,1.6712,-0.0443,9.4138,3.4962,1.4869
91.398,-2.9817,1.6703,-0.0443,9.4155,3.5171,1.4869
91.448,-2.9502,1.6689,-0.0443,9.4182,3.5485,1.4869
91.498,-2.9292,1.6679,-0.0443,9.4199,3.5694,1.4869
91.549,-2.8977,1.6666,-0.0443,9.4226,3.6008,1.4869
91.599,-2.8768,1.6656,-0.0443,9.4243,3.6217,1.4869
91.649,-2.8558,1.6647,-0.0443,9.4261,3.6426,1.4869
91.699,-2.8243,1.6633,-0.0443,9.4287,3.674,1.4869
91.75,-2.8033,1.6624,-0.0443,9.4305,3.6949,1.4869
91.8,-2.7824,1.6614,-0.0443,9.4331,3.7263,1.4869
91.85,-2.7509,1.66,-0.0443,9.4349,3.7473,1.4869
91.9,-2.7299,1.6591,-0.0443,9.4366,3.7682,1.4869
91.951,-2.6984,1.6577,-0.0443,9.4393,3.7996,1.4869
92.001,-2.6775,1.6568,-0.0443,9.441,3.8205,1.4869
92.051,-2.6565,1.6559,-0.0443,9.4428,3.8414,1.4869
92.101,-2.625,1.6545,-0.0443,9.4454,3.8728,1.4869
92.151,-2.604,1.6535,-0.0443,9.4472,3.8937,1.4869
92.202,-2.5726,1.6521,-0.0443,9.4498,3.9251,1.4869
92.252,-2.5516,1.6512,-0.0443,9.4516,3.9461,1.4869
92.302,-2.5306,1.6503,-0.0443,9.4534,3.967,1.4869
92.353,-2.4991,1.6489,-0.0443,9.456,3.9984,1.4869
92.403,-2.4782,1.648,-0.0443,9.4578,4.0193,1.4869
92.453,-2.4467,1.6466,-0.0443,9.4604,4.0507,1.4869
92.503,-2.4257,1.6456,-0.0443,9.4622,4.0716,1.4869
92.553,-2.4047,1.6447,-0.0443,9.4639,4.0925,1.4869
92.604,-2.3733,1.6433,-0.0443,9.4666,4.1239,1.4869
92.654,-2.3523,1.6424,-0.0443,9.4683,4.1449,1.4869
92.704,-2.3208,1.641,-0.0443,9.471,4.1762,1.4869
92.755,-2.2998,1.6401,-0.0443,9.4727,4.1972,1.4869
92.805,-2.2789,1.6391,-0.0443,9.4745,4.2181,1.4869
92.856,-2.2474,1.6377,-0.0443,9.4771,4.2495,1.4869
92.906,-2.2264,1.6368,-0.0443,9.4789,4.2704,1.4869
92.956,-2.1949,1.6354,-0.0443,9.4815,4.3018,1.4869
93.006,-2.174,1.6345,-0.0443,9.4833,4.3227,1.4869
93.057,-2.153,1.6335,-0.0443,9.4851,4.3437,1.4869
93.107,-2.1215,1.6321,-0.0443,9.4877,4.375,1.4869
93.157,-2.1005,1.6312,-0.0443,9.4895,4.396,1.4869
93.207,-2.0691,1.6298,-0.0443,9.4921,4.4274,1.4869
93.258,-2.0481,1.6289,-0.0443,9.4939,4.4483,1.4869
93.308,-2.0271,1.628,-0.0443,9.4956,4.4692,1.4869
93.358,-1.9956,1.6266,-0.0443,9.4983,4.5006,1.4869
93.408,-1.9747,1.6256,-0.0443,9.5,4.5215,1.4869
93.459,-1.9432,1.6242,-0.0443,9.5027,4.5529,1.4869
93.509,-1.9222,1.6233,-0.0443,9.5044,4.5738,1.4869
93.559,-1.9012,1.6224,-0.0443,9.5062,4.5948,1.4869
93.609,-1.8698,1.621,-0.0443,9.5088,4.6262,1.4869
93.659,-1.8488,1.6201,-0.0443,9.5106,4.6471,1.4869
93.71,-1.8278,1.6191,-0.0443,9.5123,4.668,1.4869
93.76,-1.7963,1.6177,-0.0443,9.515,4.6994,1.4869
93.81,-1.7754,1.6168,-0.0443,9.5167,4.7203,1.4869
93.86,-1.7439,1.6154,-0.0443,9.5194,4.7517,1.4869
93.911,-1.7229,1.6145,-0.0443,9.5211,4.7726,1.4869
93.961,-1.7019,1.6135,-0.0443,9.5229,4.7936,1.4869
94.011,-1.6705,1.6122,-0.0443,9.5255,4.825,1.4869
94.061,-1.6495,1.6112,-0.0443,9.5273,4.8459,1.4869
94.112,-1.618,1.6098,-0.0443,9.5299,4.8773,1.4869
94.162,-1.597,1.6089,-0.0443,9.5317,4.8982,1.4869
94.212,-1.576,1.608,-0.0443,9.5335,4.9191,1.4869
94.262,-1.5446,1.6066,-0.0443,9.5361,4.9505,1.4869
94.313,-1.5236,1.6056,-0.0443,9.5379,4.9714,1.4869
94.363,-1.4921,1.6042,-0.0443,9.5405,5.0028,1.4869
94.413,-1.4711,1.6033,-0.0443,9.5423,5.0238,1.4869
94.463,-1.4502,1.6024,-0.0443,9.544,5.0447,1.4869
94.514,-1.4187,1.601,-0.0443,9.5467,5.0761,1.4869
94.564,-1.3977,1.6001,-0.0443,9.5484,5.097,1.4869
94.614,-1.3663,1.5987,-0.0443,9.5511,5.1284,1.4869
94.665,-1.3453,1.5977,-0.0443,9.5528,5.1493,1.4869
94.715,-1.3243,1.5968,-0.0443,9.5546,5.1702,1.4869
94.765,-1.2928,1.5954,-0.0443,9.5572,5.2016,1.4869
94.815,-1.2718,1.5945,-0.0443,9.559,5.2226,1.4869
94.866,-1.2509,1.5936,-0.0443,9.5608,5.2435,1.4869
94.916,-1.2194,1.5922,-0.0443,9.5634,5.2749,1.4869
94.966,-1.1984,1.5912,-0.0443,9.5652,5.2958,1.4869
95.016,-1.1669,1.5898,-0.0443,9.5678,5.3272,1.4869
95.067,-1.146,1.5889,-0.0443,9.5696,5.3481,1.4869
95.117,-1.125,1.588,-0.0443,9.5713,5.369,1.4869
95.167,-1.0935,1.5866,-0.0443,9.574,5.4004,1.4869
95.217,-1.0725,1.5857,-0.0443,9.5757,5.4214,1.4869
95.268,-1.0411,1.5843,-0.0443,9.5784,5.4527,1.4869
95.318,-1.0201,1.5833,-0.0443,9.5801,5.4737,1.4869
95.368,-0.9991,1.5824,-0.0443,9.5819,5.4946,1.4869
95.418,-0.9676,1.581,-0.0443,9.5845,5.526,1.4869
95.469,-0.9467,1.5801,-0.0443,9.5863,5.5469,1.4869
95.519,-0.9152,1.5787,-0.0443,9.5889,5.5783,1.4869
95.569,-0.8942,1.5777,-0.0443,9.5907,5.5992,1.4869
95.619,-0.8732,1.5768,-0.0443,9.5924,5.6201,1.4869
95.67,-0.8418,1.5754,-0.0443,9.5951,5.6515,1.4869
95.72,-0.8208,1.5745,-0.0443,9.5968,5.6725,1.4869
95.77,-0.7893,1.5731,-0.0443,9.5995,5.7039,1.4869
95.821,-0.7683,1.5722,-0.0443,9.6012,5.7248,1.4869
95.871,-0.7474,1.5712,-0.0443,9.603,5.7457,1.4869
95.921,-0.7159,1.5698,-0.0443,9.6056,5.7771,1.4869
95.971,-0.6949,1.5689,-0.0443,9.6074,5.798,1.4869
96.022,-0.6634,1.5675,-0.0443,9.61,5.8294,1.4869
96.072,-0.6425,1.5666,-0.0443,9.6118,5.8503,1.4869
96.122,-0.6215,1.5657,-0.0443,9.6136,5.8713,1.4869
96.172,-0.59,1.5643,-0.0443,9.6162,5.9027,1.4869
96.223,-0.569,1.5633,-0.0443,9.618,5.9236,1.4869
96.273,-0.5376,1.5619,-0.0443,9.6206,5.955,1.4869
96.323,-0.5166,1.561,-0.0443,9.6224,5.9759,1.4869
96.373,-0.4956,1.5601,-0.0443,9.6241,5.9968,1.4869
96.424,-0.4641,1.5587,-0.0443,9.6268,6.0282,1.4869
96.474,-0.4432,1.5578,-0.0443,9.6285,6.0491,1.4869
96.524,-0.4222,1.5568,-0.0443,9.6303,6.0701,1.4869
96.574,-0.3907,1.5554,-0.0443,9.6329,6.1014,1.4869
96.625,-0.3697,1.5545,-0.0443,9.6347,6.1224,1.4869
96.675,-0.3383,1.5531,-0.0443,9.6373,6.1538,1.4869
96.725,-0.3173,1.5522,-0.0443,9.6391,6.1747,1.4869
96.775,-0.2963,1.5512,-0.0443,9.6409,6.1956,1.4869
96.826,-0.2648,1.5498,-0.0443,9.6435,6.227,1.4869
96.876,-0.2439,1.5489,-0.0443,9.6453,6.2479,1.4869
96.926,-0.2124,1.5475,-0.0443,9.6479,6.2793,1.4869
96.977,-0.1914,1.5466,-0.0443,9.6497,6.3002,1.4869
97.027,-0.1704,1.5457,-0.0443,9.6514,6.3212,1.4869
97.077,-0.139,1.5443,-0.0443,9.6541,6.3526,1.4869
97.127,-0.118,1.5433,-0.0443,9.6558,6.3735,1.4869
97.177,-0.0865,1.5419,-0.0443,9.6585,6.4049,1.4869
97.228,-0.0655,1.541,-0.0443,9.6602,6.4258,1.4869
97.278,-0.0446,1.5401,-0.0443,9.662,6.4467,1.4869
97.328,-0.0131,1.5387,-0.0443,9.6646,6.4781,1.4869
97.379,0.0079,1.5378,-0.0443,9.6664,6.499,1.4869
97.429,0.0394,1.5364,-0.0443,9.669,6.5304,1.4869
97.479,0.0603,1.5354,-0.0443,9.6708,6.5514,1.4869
97.529,0.0813,1.5345,-0.0443,9.6725,6.5723,1.4869
97.58,0.1128,1.5331,-0.0443,9.6752,6.6037,1.4869
97.63,0.1338,1.5322,-0.0443,9.6769,6.6246,1.4869
97.68,0.1652,1.5308,-0.0443,9.6796,6.656,1.4869
97.73,0.1862,1.5299,-0.0443,9.6813,6.6769,1.4869
97.781,0.2072,1.5289,-0.0443,9.6831,6.6978,1.4869
97.831,0.2387,1.5275,-0.0443,9.6857,6.7292,1.4869
97.881,0.2597,1.5266,-0.0443,9.6875,6.7502,1.4869
97.931,0.2806,1.5257,-0.0443,9.6893,6.7711,1.4869
97.982,0.3121,1.5243,-0.0443,9.6919,6.8025,1.4869
98.032,0.3331,1.5233,-0.0443,9.6937,6.8234,1.4869
98.082,0.3541,1.5224,-0.0443,9.6954,6.8443,1.4869
98.132,0.3855,1.521,-0.0443,9.6981,6.8757,1.4869
98.182,0.4065,1.5201,-0.0443,9.6998,6.8966,1.4869
98.233,0.438,1.5187,-0.0443,9.7025,6.928,1.4869
98.283,0.459,1.5178,-0.0443,9.7042,6.949,1.4869
98.333,0.4799,1.5168,-0.0443,9.706,6.9699,1.4869
98.383,0.5114,1.5154,-0.0443,9.7086,7.0013,1.4869
98.434,0.5324,1.5145,-0.0443,9.7104,7.0222,1.4869
98.484,0.5639,1.5131,-0.0443,9.713,7.0536,1.4869
98.534,0.5848,1.5122,-0.0443,9.7148,7.0745,1.4869
98.585,0.6058,1.5113,-0.0443,9.7166,7.0954,1.4869
98.635,0.6373,1.5099,-0.0443,9.7192,7.1268,1.4869
98.685,0.6583,1.5089,-0.0443,9.721,7.1478,1.4869
98.735,0.6897,1.5075,-0.0443,9.7236,7.1791,1.4869
98.786,0.7107,1.5066,-0.0443,9.7254,7.2001,1.4869
98.836,0.7317,1.5057,-0.0443,9.7271,7.221,1.4869
98.886,0.7632,1.5043,-0.0443,9.7298,7.2524,1.4869
98.936,0.7841,1.5034,-0.0443,9.7315,7.2733,1.4869
98.987,0.8156,1.502,-0.0443,9.7342,7.3047,1.4869
99.037,0.8366,1.501,-0.0443,9.7359,7.3256,1.4869
99.087,0.8576,1.5001,-0.0443,9.7377,7.3466,1.4869
99.137,0.889,1.4987,-0.0443,9.7403,7.3779,1.4869
99.187,0.91,1.4978,-0.0443,9.7421,7.3989,1.4869
99.238,0.931,1.4968,-0.0443,9.7447,7.4303,1.4869
99.288,0.9625,1.4954,-0.0443,9.7465,7.4512,1.4869
99.338,0.9834,1.4945,-0.0443,9.7482,7.4721,1.4869
99.388,1.0149,1.4931,-0.0443,9.7509,7.5035,1.4869
99.439,1.0359,1.4922,-0.0443,9.7526,7.5244,1.4869
99.489,1.0674,1.4908,-0.0443,9.7544,7.5453,1.4869
99.539,1.0883,1.4899,-0.0443,9.757,7.5767,1.4869
99.59,1.1093,1.4889,-0.0443,9.7588,7.5977,1.4869
99.64,1.1408,1.4875,-0.0443,9.7614,7.6291,1.4869
99.69,1.1618,1.4866,-0.0443,9.7632,7.65,1.4869
99.741,1.1827,1.4857,-0.0443,9.765,7.6709,1.4869
99.791,1.2142,1.4843,-0.0443,9.7676,7.7023,1.4869
99.841,1.2352,1.4834,-0.0443,9.7694,7.7232,1.4869
99.891,1.2667,1.482,-0.0443,9.772,7.7546,1.4869
99.941,1.2876,1.481,-0.0443,9.7738,7.7755,1.4869
99.992,1.3086,1.4801,-0.0443,9.7755,7.7965,1.4869
100.042,1.3401,1.4787,-0.0443,9.7782,7.8279,1.4869
100.092,1.3611,1.4778,-0.0443,9.7799,7.8488,1.4869
100.142,1.3925,1.4764,-0.0443,9.7826,7.8802,1.4869
100.192,1.4135,1.4755,-0.0443,9.7843,7.9011,1.4869
100.243,1.4345,1.4745,-0.0443,9.7861,7.922,1.4869
100.293,1.466,1.4731,-0.0443,9.7887,7.9534,1.4869
100.343,1.4869,1.4722,-0.0443,9.7905,7.9743,1.4869
100.393,1.5184,1.4708,-0.0443,9.7931,8.0057,1.4869
100.444,1.5394,1.4699,-0.0443,9.7949,8.0266,1.4869
100.494,1.5604,1.4689,-0.0443,9.7967,8.0476,1.4869
100.544,1.5918,1.4676,-0.0443,9.7993,8.079,1.4869
100.594,1.6128,1.4666,-0.0443,9.8011,8.0999,1.4869
100.645,1.6443,1.4652,-0.0443,9.8037,8.1313,1.4869
100.695,1.6653,1.4643,-0.0443,9.8055,8.1522,1.4869
100.745,1.6862,1.4634,-0.0443,9.8072,8.1731,1.4869
100.795,1.7177,1.462,-0.0443,9.8099,8.2045,1.4869
100.846,1.7387,1.461,-0.0443,9.8116,8.2254,1.4869
100.896,1.7597,1.4601,-0.0443,9.8134,8.2464,1.4869
100.946,1.7911,1.4587,-0.0443,9.816,8.2778,1.4869
100.996,1.8121,1.4578,-0.0443,9.8178,8.2987,1.4869
101.047,1.8436,1.4564,-0.0443,9.8204,8.3301,1.4869
101.097,1.8646,1.4555,-0.0443,9.8222,8.351,1.4869
101.147,1.8856,1.4545,-0.0443,9.8239,8.3719,1.4869
101.197,1.917,1.4531,-0.0443,9.8266,8.4033,1.4869
101.247,1.938,1.4522,-0.0443,9.8283,8.4242,1.4869
101.298,1.9695,1.4508,-0.0443,9.831,8.4556,1.4869
101.348,1.9905,1.4499,-0.0443,9.8327,8.4766,1.4869
101.398,2.0114,1.449,-0.0443,9.8345,8.4975,1.4869
101.448,2.0429,1.4476,-0.0443,9.8371,8.5289,1.4869
101.498,2.0639,1.4466,-0.0443,9.8389,8.5498,1.4869
101.549,2.0953,1.4452,-0.0443,9.8415,8.5812,1.4869
101.599,2.1163,1.4443,-0.0443,9.8433,8.6021,1.4869
101.649,2.1373,1.4434,-0.0443,9.8451,8.623,1.4869
101.699,2.1688,1.442,-0.0443,9.8477,8.6544,1.4869
101.75,2.1898,1.4411,-0.0443,9.8495,8.6754,1.4869
101.8,2.2212,1.4397,-0.0443,9.8521,8.7067,1.4869
101.85,2.2422,1.4387,-0.0443,9.8539,8.7277,1.4869
101.9,2.2632,1.4378,-0.0443,9.8556,8.7486,1.4869
101.95,2.2947,1.4364,-0.0443,9.8583,8.78,1.4869
102.001,2.3156,1.4355,-0.0443,9.86,8.8009,1.4869
102.051,2.3471,1.4341,-0.0443,9.8618,8.8218,1.4869
102.101,2.3681,1.4331,-0.0443,9.8644,8.8532,1.4869
102.151,2.3891,1.4322,-0.0443,9.8662,8.8742,1.4869
102.202,2.4205,1.4308,-0.0443,9.8688,8.9055,1.4869
102.252,2.4415,1.4299,-0.0443,9.8706,8.9265,1.4869
102.302,2.4625,1.429,-0.0443,9.8724,8.9474,1.4869
102.352,2.494,1.4276,-0.0443,9.875,8.9788,1.4869
102.402,2.5149,1.4266,-0.0443,9.8768,8.9997,1.4869
102.453,2.5464,1.4252,-0.0443,9.8794,9.0311,1.4869
102.503,2.5674,1.4243,-0.0443,9.8812,9.052,1.4869
102.553,2.5884,1.4234,-0.0443,9.8829,9.073,1.4869
102.603,2.6198,1.422,-0.0443,9.8856,9.1043,1.4869
102.654,2.6408,1.4211,-0.0443,9.8873,9.1253,1.4869
102.704,2.6723,1.4197,-0.0443,9.89,9.1567,1.4869
102.754,2.6933,1.4187,-0.0443,9.8917,9.1776,1.4869
102.804,2.7142,1.4178,-0.0443,9.8935,9.1985,1.4869
102.855,2.7457,1.4164,-0.0443,9.8961,9.2299,1.4869
102.905,2.7667,1.4155,-0.0443,9.8979,9.2508,1.4869
102.955,2.7982,1.4141,-0.0443,9.9005,9.2822,1.4869
103.005,2.8191,1.4132,-0.0443,9.9023,9.3031,1.4869
103.056,2.8401,1.4122,-0.0443,9.904,9.3241,1.4869
103.106,2.8716,1.4108,-0.0443,9.9067,9.3555,1.4869
103.156,2.8926,1.4099,-0.0443,9.9084,9.3764,1.4869
103.206,2.9135,1.409,-0.0443,9.9102,9.3973,1.4869
103.256,2.945,1.4076,-0.0443,9.9128,9.4287,1.4869
103.307,2.966,1.4066,-0.0443,9.9146,9.4496,1.4869
103.357,2.9975,1.4052,-0.0443,9.9172,9.481,1.4869
103.407,3.0184,1.4043,-0.0443,9.919,9.5019,1.4869
103.457,3.0394,1.4034,-0.0443,9.9208,9.5229,1.4869
103.508,3.0709,1.402,-0.0443,9.9234,9.5543,1.4869
103.558,3.0919,1.4011,-0.0443,9.9252,9.5752,1.4869
103.608,3.1233,1.3997,-0.0443,9.9278,9.6066,1.4869
103.658,3.1443,1.3987,-0.0443,9.9296,9.6275,1.4869
103.709,3.1653,1.3978,-0.0443,9.9313,9.6484,1.4869
103.759,3.1968,1.3964,-0.0443,9.934,9.6798,1.4869
103.809,3.2177,1.3955,-0.0443,9.9357,9.7007,1.4869
103.859,3.2492,1.3941,-0.0443,9.9384,9.7321,1.4869
103.909,3.2702,1.3932,-0.0443,9.9401,9.753,1.4869
103.96,3.2912,1.3922,-0.0443,9.9419,9.774,1.4869
104.01,3.3226,1.3908,-0.0443,9.9445,9.8054,1.4869
104.06,3.3436,1.3899,-0.0443,9.9463,9.8263,1.4869
104.11,3.3751,1.3885,-0.0443,9.9489,9.8577,1.4869
104.161,3.3961,1.3876,-0.0443,9.9507,9.8786,1.4869
104.211,3.417,1.3867,-0.0443,9.9525,9.8995,1.4869
104.261,3.4485,1.3853,-0.0443,9.9551,9.9309,1.4869
104.311,3.4695,1.3843,-0.0443,9.9569,9.9518,1.4869
104.361,3.501,1.3829,-0.0443,9.9595,9.9832,1.4869
104.412,3.5219,1.382,-0.0443,9.9613,10.0042,1.4869
104.462,3.5429,1.3811,-0.0443,9.963,10.0251,1.4869
104.512,3.5744,1.3797,-0.0443,9.9657,10.0565,1.4869
104.562,3.5954,1.3787,-0.0443,9.9674,10.0774,1.4869
104.613,3.6164,1.3778,-0.0443,9.9692,10.0983,1.4869
104.663,3.6478,1.3764,-0.0443,9.9718,10.1297,1.4869
104.713,3.6688,1.3755,-0.0443,9.9736,10.1506,1.4869
104.763,3.7003,1.3741,-0.0443,9.9762,10.182,1.4869
104.814,3.7213,1.3732,-0.0443,9.978,10.203,1.4869
104.864,3.7422,1.3722,-0.0443,9.9797,10.2239,1.4869
104.914,3.7737,1.3708,-0.0443,9.9824,10.2553,1.4869
104.964,3.7947,1.3699,-0.0443,9.9841,10.2762,1.4869
105.015,3.8261,1.3685,-0.0443,9.9868,10.3076,1.4869
105.065,3.8471,1.3676,-0.0443,9.9885,10.3285,1.4869
105.115,3.8681,1.3667,-0.0443,9.9903,10.3494,1.4869
105.165,3.8996,1.3653,-0.0443,9.9929,10.3808,1.4869
105.216,3.9206,1.3643,-0.0443,9.9947,10.4018,1.4869
105.266,3.952,1.3629,-0.0443,9.9973,10.4331,1.4869
105.316,3.973,1.362,-0.0443,9.9991,10.4541,1.4869
105.366,3.994,1.3611,-0.0443,10.0009,10.475,1.4869
105.416,4.0255,1.3597,-0.0443,10.0035,10.5064,1.4869
105.467,4.0464,1.3588,-0.0443,10.0053,10.5273,1.4869
105.517,4.0779,1.3574,-0.0443,10.0079,10.5587,1.4869
105.567,4.0989,1.3564,-0.0443,10.0097,10.5796,1.4869
105.617,4.1199,1.3555,-0.0443,10.0114,10.6006,1.4869
105.668,4.1513,1.3541,-0.0443,10.0141,10.6319,1.4869
105.718,4.1723,1.3532,-0.0443,10.0158,10.6529,1.4869
105.768,4.1933,1.3522,-0.0443,10.0176,10.6738,1.4869
105.818,4.2248,1.3508,-0.0443,10.0202,10.7052,1.4869
105.868,4.2457,1.3499,-0.0443,10.022,10.7261,1.4869
105.919,4.2772,1.3485,-0.0443,10.0246,10.7575,1.4869
105.969,4.2982,1.3476,-0.0443,10.0264,10.7784,1.4869
106.019,4.3192,1.3467,-0.0443,10.0282,10.7994,1.4869
106.069,4.3506,1.3453,-0.0443,10.0308,10.8307,1.4869
106.119,4.3716,1.3443,-0.0443,10.0326,10.8517,1.4869
106.17,4.4031,1.3429,-0.0443,10.0352,10.8831,1.4869
106.22,4.4241,1.342,-0.0443,10.037,10.904,1.4869
106.27,4.445,1.3411,-0.0443,10.0387,10.9249,1.4869
106.32,4.4765,1.3397,-0.0443,10.0414,10.9563,1.4869
106.371,4.4975,1.3388,-0.0443,10.0431,10.9772,1.4869
106.421,4.529,1.3374,-0.0443,10.0458,11.0086,1.4869
106.471,4.5499,1.3364,-0.0443,10.0475,11.0295,1.4869
106.521,4.5709,1.3355,-0.0443,10.0493,11.0505,1.4869
106.571,4.6024,1.3341,-0.0443,10.0519,11.0819,1.4869
106.622,4.6234,1.3332,-0.0443,10.0537,11.1028,1.4869
106.672,4.6548,1.3318,-0.0443,10.0563,11.1342,1.4869
106.722,4.6758,1.3309,-0.0443,10.0581,11.1551,1.4869
106.773,4.6968,1.3299,-0.0443,10.0598,11.176,1.4869
106.823,4.7283,1.3285,-0.0443,10.0625,11.2074,1.4869
106.875,4.7492,1.3276,-0.0443,10.0642,11.2283,1.4869
106.925,4.7807,1.3262,-0.0443,10.0669,11.2597,1.4869
106.975,4.8017,1.3253,-0.0443,10.0686,11.2807,1.4869
107.026,4.8227,1.3243,-0.0443,10.0704,11.3016,1.4869
107.076,4.8541,1.323,-0.0443,10.073,11.333,1.4869
107.126,4.8751,1.322,-0.0443,10.0748,11.3539,1.4869
107.176,4.9066,1.3206,-0.0443,10.0774,11.3853,1.4869
107.227,4.9276,1.3197,-0.0443,10.0792,11.4062,1.4869
107.277,4.9485,1.3188,-0.0443,10.081,11.4271,1.4869
107.327,4.98,1.3174,-0.0443,10.0836,11.4585,1.4869
107.377,5.001,1.3164,-0.0443,10.0854,11.4795,1.4869
107.428,5.0325,1.315,-0.0443,10.088,11.5108,1.4869
107.478,5.0534,1.3141,-0.0443,10.0898,11.5318,1.4869
107.528,5.0744,1.3132,-0.0443,10.0915,11.5527,1.4869
107.579,5.1059,1.3118,-0.0443,10.0942,11.5841,1.4869
107.629,5.1269,1.3109,-0.0443,10.0959,11.605,1.4869
107.679,5.1479,1.3099,-0.0443,10.0977,11.6259,1.4869
107.729,5.1793,1.3085,-0.0443,10.1003,11.6573,1.4869
107.78,5.2003,1.3076,-0.0443,10.1021,11.6782,1.4869
107.83,5.2318,1.3062,-0.0443,10.1047,11.7096,1.4869
107.88,5.2527,1.3053,-0.0443,10.1065,11.7306,1.4869
107.93,5.2737,1.3044,-0.0443,10.1083,11.7515,1.4869
107.981,5.3052,1.303,-0.0443,10.1109,11.7829,1.4869
108.031,5.3262,1.302,-0.0443,10.1127,11.8038,1.4869
108.081,5.3576,1.3006,-0.0443,10.1153,11.8352,1.4869
108.132,5.3786,1.2997,-0.0443,10.1171,11.8561,1.4869
108.182,5.3996,1.2988,-0.0443,10.1188,11.877,1.4869
108.232,5.4311,1.2974,-0.0443,10.1215,11.9084,1.4869
108.282,5.4515,1.2966,-0.0442,10.1229,11.9252,1.4941
108.333,5.4686,1.2959,-0.0352,10.1234,11.9346,1.5319
108.383,5.4751,1.2958,-0.0138,10.1236,11.9409,1.5571
108.433,5.4814,1.2958,0.0088,10.1236,11.9472,1.5823
108.483,5.4909,1.296,0.0434,10.1233,11.9567,1.6201
108.533,5.4973,1.2964,0.0669,10.1229,11.9629,1.6453
108.584,5.507,1.2972,0.1032,10.122,11.9723,1.6831
108.634,5.5136,1.298,0.128,10.1212,11.9786,1.7083
108.684,5.5202,1.299,0.1534,10.1203,11.9848,1.7335
108.734,5.5303,1.3008,0.1923,10.1186,11.9941,1.7713
108.785,5.5371,1.3022,0.2183,10.1173,12.0003,1.7965
108.835,5.5472,1.3046,0.2573,10.115,12.0094,1.8343
108.885,5.5538,1.3064,0.2832,10.1133,12.0155,1.8595
108.935,5.5605,1.3084,0.309,10.1114,12.0215,1.8847
108.986,5.5704,1.3116,0.3475,10.1083,12.0305,1.9225
109.036,5.5769,1.3139,0.3731,10.1061,12.0363,1.9477
109.086,5.5866,1.3175,0.4112,10.1037,12.0422,1.9729
109.136,5.5931,1.3199,0.4364,10.0998,12.0508,2.0107
109.187,5.5994,1.3224,0.4616,10.097,12.0565,2.0359
109.237,5.6087,1.3263,0.4991,10.0926,12.0648,2.0737
109.287,5.6148,1.329,0.524,10.0895,12.0703,2.0989
109.337,5.6208,1.3319,0.5487,10.0863,12.0757,2.1241
109.387,5.6295,1.3365,0.5853,10.0812,12.0837,2.1619
109.438,5.635,1.3398,0.6097,10.0776,12.0889,2.1871
109.488,5.643,1.3453,0.6465,10.0715,12.0971,2.2249
109.538,5.6483,1.3493,0.6713,10.067,12.1028,2.2501
109.588,5.6537,1.3537,0.6965,10.0621,12.1088,2.2753
109.639,5.6622,1.3611,0.7343,10.0539,12.1181,2.3131
109.689,5.668,1.3665,0.7594,10.0479,12.1244,2.3383
109.739,5.6772,1.3755,0.7972,10.038,12.1343,2.3761
109.789,5.6834,1.3821,0.8223,10.0309,12.141,2.4013
109.84,5.6899,1.3892,0.8474,10.0232,12.1478,2.4265
109.89,5.6997,1.4007,0.8851,10.0107,12.1582,2.4643
109.94,5.7064,1.4089,0.9102,10.0019,12.1651,2.4895
109.99,5.7165,1.4222,0.9479,9.9875,12.1757,2.5273
110.041,5.7235,1.4317,0.9731,9.9774,12.1827,2.5525
110.091,5.7306,1.4418,0.9984,9.9666,12.1897,2.5777
110.141,5.7416,1.4578,1.0362,9.9495,12.2,2.6155
110.191,5.7489,1.4692,1.0614,9.9375,12.2068,2.6407
110.242,5.7596,1.4873,1.0989,9.9184,12.2168,2.6779
110.292,5.7664,1.5003,1.123,9.905,12.2233,2.7011
110.342,5.7731,1.5139,1.1461,9.891,12.2297,2.7226
110.392,5.7826,1.5356,1.1792,9.8691,12.239,2.7522
110.443,5.7886,1.5506,1.1997,9.8541,12.2451,2.7703
110.493,5.7946,1.5662,1.2183,9.8385,12.251,2.7868
110.543,5.8032,1.5902,1.2439,9.8143,12.2596,2.8093
110.593,5.8086,1.6067,1.2594,9.7978,12.2652,2.8229
110.644,5.8165,1.6321,1.2796,9.7723,12.2733,2.8411
110.694,5.8216,1.6494,1.2916,9.755,12.2786,2.8521
110.744,5.8265,1.6669,1.3023,9.7374,12.2838,2.8622
110.794,5.8336,1.6934,1.3161,9.7105,12.2913,2.876
110.845,5.8382,1.7114,1.3246,9.6923,12.2961,2.8845
110.895,5.845,1.7387,1.3361,9.6647,12.3032,2.896
110.945,5.8493,1.7572,1.3431,9.6461,12.3078,2.903
110.995,5.8536,1.7758,1.3496,9.6274,12.3123,2.9095
111.046,5.8598,1.804,1.3586,9.5989,12.3189,2.9185
111.096,5.8638,1.823,1.3642,9.5799,12.3231,2.9241
111.146,5.8697,1.8518,1.372,9.551,12.3294,2.9316
111.196,5.8736,1.8712,1.3772,9.5316,12.3335,2.9362
111.247,5.8774,1.8907,1.3821,9.5121,12.3375,2.9404
111.297,5.8829,1.9202,1.3888,9.4827,12.3434,2.9462
111.347,5.8865,1.9399,1.3928,9.463,12.3473,2.9498
111.397,5.8918,1.9697,1.3982,9.4333,12.353,2.9544
111.448,5.8952,1.9897,1.4014,9.4134,12.3567,2.9573
111.498,5.8986,2.0098,1.4042,9.3934,12.3604,2.9599
111.548,5.9037,2.0401,1.4078,9.3633,12.3659,2.9634
111.598,5.907,2.0603,1.4101,9.3432,12.3695,2.9656
111.648,5.9119,2.0907,1.4131,9.3129,12.3748,2.9685
111.699,5.9151,2.111,1.4149,9.2927,12.3783,2.9703
111.749,5.9182,2.1314,1.4167,9.2724,12.3818,2.972
111.799,5.9229,2.1618,1.419,9.2419,12.387,2.9742
111.85,5.926,2.1822,1.4204,9.2216,12.3904,2.9757
111.9,5.9291,2.2026,1.4217,9.2012,12.3938,2.977
111.95,5.9337,2.2332,1.4235,9.1706,12.3989,2.9788
112.0,5.9367,2.2537,1.4246,9.1502,12.4022,2.9799
112.051,5.9412,2.2844,1.4261,9.1195,12.4072,2.9814
112.101,5.9442,2.3049,1.4271,9.099,12.4105,2.9823
112.151,5.9472,2.3255,1.4279,9.0784,12.4138,2.9832
112.201,5.9516,2.3563,1.4291,9.0476,12.4187,2.9843
112.252,5.9545,2.3769,1.4298,9.0271,12.422,2.9851
112.303,5.9589,2.4078,1.431,8.9962,12.4268,2.9861
112.353,5.9618,2.4285,1.4317,8.9756,12.43,2.9867
112.403,5.9647,2.4491,1.4323,8.955,12.4333,2.9872
112.453,5.969,2.4801,1.4332,8.9241,12.4381,2.988
112.503,5.9718,2.5008,1.4337,8.9035,12.4412,2.9884
112.554,5.9761,2.5319,1.4344,8.8725,12.446,2.989
112.604,5.9789,2.5526,1.4348,8.8518,12.4492,2.9894
112.654,5.9818,2.5733,1.4351,8.8312,12.4524,2.9898
112.704,5.986,2.6044,1.4356,8.8001,12.4571,2.9902
112.755,5.9888,2.6251,1.4359,8.7795,12.4602,2.9905
112.805,5.9931,2.6563,1.4363,8.7484,12.465,2.9909
112.855,5.9959,2.677,1.4365,8.7277,12.4681,2.9912
112.906,5.9987,2.6978,1.4367,8.707,12.4712,2.9914
112.956,6.0029,2.7289,1.437,8.6759,12.4759,2.9917
113.006,6.0056,2.7497,1.4372,8.6552,12.4791,2.9919
113.056,6.0098,2.7808,1.4375,8.6241,12.4837,2.9922
113.106,6.0126,2.8016,1.4377,8.6034,12.4869,2.9923
113.157,6.0154,2.8223,1.4378,8.5827,12.49,2.9925
113.207,6.0196,2.8535,1.438,8.5516,12.4947,2.9927
113.257,6.0223,2.8743,1.4381,8.5309,12.4978,2.9928
113.308,6.0265,2.9055,1.4383,8.4998,12.5024,2.993
113.358,6.0293,2.9262,1.4384,8.479,12.5055,2.9931
113.408,6.032,2.947,1.4385,8.4583,12.5086,2.9932
113.458,6.0362,2.9782,1.4387,8.4272,12.5133,2.9933
113.508,6.0389,2.999,1.4388,8.4064,12.5164,2.9934
113.559,6.0417,3.0198,1.4389,8.3857,12.5195,2.9935
113.609,6.0458,3.051,1.439,8.3545,12.5241,2.9936
113.659,6.0486,3.0718,1.4391,8.3338,12.5272,2.9936
113.709,6.0527,3.103,1.4392,8.3026,12.5318,2.9937
113.76,6.0555,3.1238,1.4392,8.2819,12.5349,2.9938
113.81,6.0582,3.1446,1.4393,8.2611,12.538,2.9938
113.86,6.0624,3.1759,1.4393,8.23,12.5427,2.9939
113.91,6.0651,3.1967,1.4394,8.2092,12.5458,2.9939
113.96,6.0692,3.2279,1.4394,8.1781,12.5504,2.994
114.011,6.072,3.2487,1.4395,8.1573,12.5535,2.994
114.061,6.0747,3.2695,1.4395,8.1365,12.5566,2.9941
114.111,6.0789,3.3007,1.4395,8.1054,12.5612,2.9941
114.161,6.0816,3.3215,1.4396,8.0846,12.5643,2.9941
114.212,6.0857,3.3527,1.4396,8.0535,12.5689,2.9942
114.262,6.0885,3.3736,1.4396,8.0327,12.572,2.9942
114.312,6.0912,3.3944,1.4396,8.012,12.5751,2.9942
114.362,6.0953,3.4256,1.4397,7.9808,12.5797,2.9943
114.413,6.0981,3.4464,1.4397,7.96,12.5828,2.9943
114.463,6.1022,3.4776,1.4397,7.9289,12.5874,2.9943
114.513,6.1049,3.4984,1.4397,7.9081,12.5905,2.9943
114.564,6.1077,3.5193,1.4397,7.8873,12.5935,2.9943
114.614,6.1118,3.5505,1.4398,7.8562,12.5982,2.9943
114.664,6.1145,3.5713,1.4398,7.8354,12.6013,2.9944
114.714,6.1187,3.6025,1.4398,7.8043,12.6059,2.9944
114.765,6.1214,3.6233,1.4398,7.7835,12.609,2.9944
114.815,6.1241,3.6442,1.4398,7.7627,12.612,2.9944
114.865,6.1283,3.6754,1.4398,7.7316,12.6167,2.9944
114.915,6.131,3.6962,1.4398,7.7108,12.6197,2.9944
114.966,6.1337,3.717,1.4398,7.69,12.6228,2.9944
115.016,6.1379,3.7483,1.4399,7.6589,12.6274,2.9944
115.066,6.1406,3.7691,1.4399,7.6381,12.6305,2.9944
115.116,6.1447,3.8003,1.4399,7.6069,12.6351,2.9944
115.167,6.1474,3.8211,1.4399,7.5862,12.6382,2.9945
115.217,6.1502,3.8419,1.4399,7.5654,12.6413,2.9945
115.267,6.1543,3.8732,1.4399,7.5342,12.6459,2.9945
115.317,6.157,3.894,1.4399,7.5135,12.649,2.9945
115.368,6.1612,3.9252,1.4399,7.4823,12.6536,2.9945
115.418,6.1639,3.946,1.4399,7.4615,12.6567,2.9945
115.468,6.1666,3.9669,1.4399,7.4408,12.6598,2.9945
115.518,6.1707,3.9981,1.4399,7.4096,12.6644,2.9945
115.568,6.1735,4.0189,1.4399,7.3888,12.6674,2.9945
115.619,6.1776,4.0501,1.4399,7.3577,12.6721,2.9945
115.669,6.1803,4.071,1.4399,7.3369,12.6751,2.9945
115.719,6.1831,4.0918,1.4399,7.3161,12.6782,2.9945
115.769,6.1872,4.123,1.4399,7.285,12.6828,2.9945
115.82,6.1899,4.1438,1.4399,7.2642,12.6859,2.9945
115.87,6.194,4.1751,1.4399,7.233,12.6905,2.9945
115.92,6.1968,4.1959,1.4399,7.2123,12.6936,2.9945
115.97,6.1995,4.2167,1.4399,7.1915,12.6967,2.9945
116.021,6.2036,4.2479,1.4399,7.1603,12.7013,2.9945
116.071,6.2064,4.2687,1.4399,7.1396,12.7044,2.9945
116.121,6.2091,4.2896,1.4399,7.1188,12.7075,2.9945
116.171,6.2132,4.3208,1.4399,7.0876,12.7121,2.9945
116.221,6.216,4.3416,1.4399,7.0669,12.7151,2.9945
116.272,6.2201,4.3728,1.4399,7.0357,12.7198,2.9945
116.322,6.2228,4.3937,1.4399,7.0149,12.7228,2.9945
116.372,6.2256,4.4145,1.4399,6.9942,12.7259,2.9945
116.422,6.2297,4.4457,1.4399,6.963,12.7305,2.9945
116.473,6.2324,4.4665,1.4399,6.9422,12.7336,2.9945
116.523,6.2365,4.4978,1.4399,6.9111,12.7382,2.9945
116.573,6.2393,4.5186,1.4399,6.8903,12.7413,2.9945
116.623,6.242,4.5394,1.4399,6.8695,12.7444,2.9945
116.674,6.2461,4.5706,1.4399,6.8384,12.749,2.9945
116.724,6.2488,4.5915,1.4399,6.8176,12.7521,2.9945
116.774,6.253,4.6227,1.4399,6.7864,12.7567,2.9945
116.825,6.2557,4.6435,1.4399,6.7657,12.7598,2.9945
116.875,6.2584,4.6643,1.4399,6.7449,12.7628,2.9945
116.925,6.2625,4.6956,1.4399,6.7137,12.7675,2.9945
116.975,6.2653,4.7164,1.4399,6.6929,12.7705,2.9945
117.026,6.2694,4.7476,1.4399,6.6618,12.7752,2.9945
117.076,6.2721,4.7684,1.4399,6.641,12.7782,2.9945
117.126,6.2749,4.7892,1.4399,6.6202,12.7813,2.9945
117.176,6.279,4.8205,1.44,6.5891,12.7859,2.9945
117.226,6.2817,4.8413,1.44,6.5683,12.789,2.9945
117.277,6.2858,4.8725,1.44,6.5371,12.7936,2.9945
117.327,6.2886,4.8934,1.44,6.5164,12.7967,2.9945
117.377,6.2913,4.9142,1.44,6.4956,12.7998,2.9945
117.428,6.2954,4.9454,1.44,6.4644,12.8044,2.9945
117.478,6.2982,4.9662,1.44,6.4437,12.8075,2.9945
117.528,6.3023,4.9975,1.44,6.4125,12.8121,2.9945
117.578,6.305,5.0183,1.44,6.3917,12.8152,2.9945
117.628,6.3078,5.0391,1.44,6.371,12.8182,2.9945
117.679,6.3119,5.0703,1.44,6.3398,12.8228,2.9945
117.729,6.3146,5.0911,1.44,6.319,12.8259,2.9945
117.779,6.3173,5.112,1.44,6.2983,12.829,2.9945
117.829,6.3215,5.1432,1.44,6.2671,12.8336,2.9945
117.88,6.3242,5.164,1.44,6.2463,12.8367,2.9945
117.93,6.3283,5.1952,1.44,6.2152,12.8413,2.9945
117.98,6.331,5.2161,1.44,6.1944,12.8444,2.9945
118.03,6.3338,5.2369,1.44,6.1736,12.8475,2.9945
118.081,6.3379,5.2681,1.44,6.1425,12.8521,2.9945
118.131,6.3406,5.2889,1.44,6.1217,12.8552,2.9945
118.181,6.3447,5.3202,1.44,6.0905,12.8598,2.9945
118.231,6.3475,5.341,1.44,6.0697,12.8629,2.9945
118.282,6.3502,5.3618,1.44,6.049,12.8659,2.9945
118.332,6.3543,5.393,1.44,6.0178,12.8705,2.9945
118.382,6.3571,5.4139,1.44,5.997,12.8736,2.9945
118.432,6.3604,5.4426,1.4405,5.9752,12.8768,3.0107
118.483,6.3617,5.4527,1.449,5.969,12.8776,3.0359
118.533,6.3624,5.4592,1.4705,5.9627,12.8781,3.0611
118.583,6.3632,5.4686,1.5039,5.9533,12.8787,3.0989
118.633,6.3636,5.4749,1.5261,5.947,12.8789,3.1241
118.684,6.3638,5.4844,1.5594,5.9375,12.8789,3.1619
118.734,6.3638,5.4907,1.5816,5.9312,12.8787,3.1871
118.784,6.3637,5.497,1.6038,5.9249,12.8783,3.2123
118.834,6.3632,5.5064,1.6371,5.9155,12.8775,3.2501
118.884,6.3628,5.5127,1.6593,5.9093,12.8767,3.2753
118.935,6.3621,5.519,1.6815,5.903,12.8758,3.3005
118.985,6.3609,5.5283,1.7148,5.8937,12.8741,3.3383
119.035,6.36,5.5346,1.737,5.8876,12.8728,3.3635
119.085,6.3583,5.5438,1.7704,5.8784,12.8706,3.4013
119.136,6.357,5.55,1.7926,5.8723,12.8689,3.4265
119.186,6.3555,5.5561,1.8148,5.8663,12.867,3.4517
119.236,6.3531,5.5653,1.8481,5.8574,12.864,3.4895
119.287,6.3513,5.5713,1.8703,5.8515,12.8618,3.5147
119.337,6.3484,5.5803,1.9036,5.8427,12.8581,3.5525
119.387,6.3462,5.5862,1.9258,5.837,12.8556,3.5777
119.437,6.344,5.5921,1.948,5.8313,12.8528,3.6029
119.488,6.3404,5.6008,1.9813,5.8229,12.8485,3.6407
119.538,6.3378,5.6066,2.0035,5.8174,12.8454,3.6659
119.588,6.3337,5.6151,2.0368,5.8094,12.8405,3.7037
119.638,6.3308,5.6207,2.059,5.8041,12.8371,3.7289
119.688,6.3278,5.6262,2.0813,5.7989,12.8335,3.7541
119.739,6.323,5.6344,2.1148,5.7912,12.8279,3.7919
119.789,6.3197,5.6399,2.1374,5.7863,12.824,3.8171
119.839,6.3143,5.6481,2.1721,5.779,12.818,3.8549
119.889,6.3105,5.6535,2.1958,5.7743,12.8138,3.8801
119.939,6.3065,5.659,2.2201,5.7697,12.8095,3.9053
119.99,6.3001,5.6673,2.2576,5.763,12.8029,3.9431
120.04,6.2955,5.6727,2.2828,5.7586,12.7982,3.9683
120.09,6.2883,5.681,2.3207,5.752,12.7907,4.0061
120.14,6.2831,5.6866,2.346,5.7474,12.7852,4.0313
120.191,6.2776,5.6924,2.3714,5.7426,12.7791,4.0565
120.241,6.269,5.7014,2.4096,5.7353,12.7692,4.0943
120.291,6.2628,5.7076,2.4349,5.7304,12.7621,4.1195
120.341,6.2563,5.7138,2.4601,5.7253,12.7544,4.1447
120.391,6.2457,5.7234,2.4978,5.7177,12.742,4.1825
120.442,6.2381,5.7298,2.523,5.7127,12.7332,4.2077
120.492,6.2257,5.7394,2.5608,5.7052,12.7189,4.2455
120.542,6.2168,5.7458,2.586,5.7002,12.7088,4.2707
120.592,6.2074,5.7522,2.6112,5.6953,12.698,4.2959
120.643,6.1923,5.7616,2.649,5.6881,12.681,4.3337
120.693,6.1816,5.7677,2.6742,5.6836,12.6691,4.3589
120.743,6.1645,5.7765,2.712,5.677,12.6501,4.3967
120.793,6.1525,5.7822,2.7372,5.6728,12.6368,4.4219
120.843,6.1399,5.7875,2.7621,5.6689,12.6229,4.4468
120.894,6.1199,5.7951,2.7971,5.6634,12.6012,4.4818
120.944,6.106,5.8,2.8189,5.6601,12.5863,4.5033
120.994,6.0914,5.8047,2.8386,5.6569,12.5707,4.5229
121.045,6.0687,5.8115,2.8657,5.6526,12.5466,4.5499
121.095,6.0532,5.8158,2.8826,5.6501,12.5302,4.5666
121.145,6.0288,5.822,2.9059,5.6467,12.5048,4.589
121.195,6.012,5.826,2.9209,5.6446,12.4875,4.6027
121.245,5.9859,5.8316,2.942,5.642,12.4609,4.621
121.296,5.9681,5.8351,2.9548,5.6404,12.4429,4.632
121.346,5.95,5.8384,2.9664,5.639,12.4246,4.6421
121.396,5.9225,5.843,2.9822,5.6373,12.3967,4.6558
121.447,5.9039,5.8459,2.9918,5.6363,12.3779,4.6641
121.497,5.885,5.8487,3.0004,5.6354,12.3589,4.6716
121.547,5.8565,5.8526,3.0122,5.6344,12.33,4.6818
121.597,5.8372,5.855,3.0193,5.6339,12.3106,4.6879
121.648,5.808,5.8585,3.0287,5.6334,12.2911,4.6934
121.698,5.7884,5.8607,3.0343,5.633,12.2615,4.7009
121.748,5.7687,5.8627,3.0392,5.6328,12.2417,4.7053
121.799,5.7391,5.8657,3.0455,5.6327,12.2118,4.7114
121.849,5.7192,5.8676,3.0491,5.6327,12.1917,4.7151
121.899,5.6993,5.8694,3.0523,5.6328,12.1716,4.7184
121.949,5.6691,5.872,3.0566,5.6331,12.1413,4.7231
121.999,5.649,5.8737,3.0592,5.6333,12.1211,4.726
122.05,5.6186,5.8762,3.0628,5.6338,12.0906,4.7299
122.1,5.5983,5.8778,3.065,5.6342,12.0702,4.7324
122.15,5.578,5.8793,3.0672,5.6346,12.0498,4.7346
122.2,5.5475,5.8815,3.0703,5.6353,12.0191,4.7377
122.251,5.5271,5.883,3.0723,5.6359,11.9986,4.7397
122.301,5.4964,5.885,3.0753,5.6367,11.9678,4.7423
122.351,5.4758,5.8864,3.0771,5.6374,11.9473,4.7438
122.401,5.4552,5.8877,3.0787,5.638,11.9266,4.7452
122.451,5.4243,5.8896,3.081,5.6391,11.8957,4.7472
122.502,5.4037,5.8909,3.0823,5.6398,11.875,4.7484
122.552,5.3726,5.8927,3.0841,5.641,11.8439,4.7499
122.602,5.3519,5.8939,3.0852,5.6418,11.8232,4.7509
122.653,5.3311,5.895,3.0862,5.6426,11.8024,4.7517
122.703,5.3,5.8967,3.0875,5.6438,11.7712,4.7529
122.753,5.2792,5.8978,3.0883,5.6447,11.7504,4.7536
122.803,5.248,5.8995,3.0894,5.646,11.7192,4.7545
122.853,5.2272,5.9006,3.09,5.6468,11.6984,4.7551
122.904,5.2063,5.9016,3.0905,5.6477,11.6775,4.7556
122.954,5.1751,5.9032,3.0912,5.6491,11.6462,4.7563
123.004,5.1542,5.9043,3.0916,5.65,11.6254,4.7567
123.054,5.1334,5.9053,3.092,5.651,11.6045,4.7571
123.105,5.102,5.9069,3.0924,5.6524,11.5732,4.7577
123.155,5.0812,5.9079,3.0927,5.6533,11.5523,4.758
123.205,5.0498,5.9094,3.0932,5.6548,11.5209,4.7585
123.255,5.0289,5.9104,3.0934,5.6557,11.5,4.7588
123.305,5.008,5.9114,3.0937,5.6567,11.4791,4.759
123.356,4.9767,5.9129,3.094,5.6582,11.4478,4.7594
123.406,4.9557,5.9139,3.0943,5.6592,11.4268,4.7596
123.456,4.9244,5.9154,3.0947,5.6606,11.3955,4.76
123.506,4.9034,5.9164,3.0949,5.6616,11.3745,4.7601
123.557,4.8825,5.9174,3.0951,5.6626,11.3536,4.7603
123.607,4.8511,5.9188,3.0953,5.6642,11.3222,4.7606
123.657,4.8301,5.9198,3.0955,5.6652,11.3013,4.7607
123.707,4.7987,5.9212,3.0957,5.6667,11.2698,4.7609
123.758,4.7778,5.9222,3.0959,5.6677,11.2489,4.761
123.808,4.7568,5.9232,3.096,5.6687,11.2279,4.7611
123.858,4.7254,5.9246,3.0961,5.6703,11.1965,4.7612
123.908,4.7044,5.9255,3.0962,5.6713,11.1756,4.7613
123.958,4.673,5.927,3.0963,5.6728,11.1441,4.7614
124.009,4.652,5.9279,3.0964,5.6739,11.1232,4.7615
124.059,4.6311,5.9289,3.0965,5.6749,11.1022,4.7616
124.109,4.5996,5.9303,3.0966,5.6764,11.0708,4.7616
124.159,4.5787,5.9312,3.0966,5.6775,11.0498,4.7617
124.209,4.5472,5.9326,3.0967,5.679,11.0184,4.7618
124.26,4.5263,5.9336,3.0967,5.6801,10.9974,4.7618
124.31,4.5053,5.9345,3.0967,5.6811,10.9764,4.7619
124.36,4.4738,5.9359,3.0968,5.6827,10.945,4.7619
124.41,4.4529,5.9369,3.0968,5.6837,10.924,4.7619
124.461,4.4319,5.9378,3.0969,5.6847,10.9031,4.762
124.511,4.4004,5.9392,3.0969,5.6863,10.8716,4.762
124.561,4.3795,5.9402,3.0969,5.6873,10.8507,4.7621
124.611,4.348,5.9416,3.097,5.6889,10.8192,4.7621
124.662,4.327,5.9425,3.097,5.6899,10.7982,4.7621
124.712,4.3061,5.9434,3.097,5.691,10.7773,4.7621
124.762,4.2746,5.9448,3.0971,5.6926,10.7458,4.7622
124.812,4.2536,5.9458,3.0971,5.6936,10.7248,4.7622
124.863,4.2327,5.9467,3.0971,5.6946,10.7039,4.7622
124.913,4.2012,5.9481,3.0971,5.6962,10.6724,4.7622
124.963,4.1802,5.949,3.0971,5.6973,10.6514,4.7622
125.013,4.1487,5.9504,3.0971,5.6988,10.62,4.7622
125.064,4.1278,5.9514,3.0972,5.6999,10.599,4.7623
125.114,4.1068,5.9523,3.0972,5.7009,10.578,4.7623
125.164,4.0753,5.9537,3.0972,5.7025,10.5466,4.7623
125.214,4.0544,5.9546,3.0972,5.7035,10.5256,4.7623
125.264,4.0229,5.956,3.0972,5.7051,10.4942,4.7623
125.315,4.0019,5.957,3.0972,5.7062,10.4732,4.7623
125.365,3.9809,5.9579,3.0972,5.7072,10.4522,4.7623
125.415,3.9495,5.9593,3.0972,5.7088,10.4208,4.7623
125.466,3.9285,5.9602,3.0972,5.7098,10.3998,4.7623
125.516,3.9075,5.9611,3.0972,5.7109,10.3788,4.7623
125.566,3.876,5.9625,3.0972,5.7124,10.3474,4.7623
125.616,3.8551,5.9635,3.0972,5.7135,10.3264,4.7623
125.667,3.8236,5.9649,3.0973,5.7151,10.2949,4.7623
125.717,3.8026,5.9658,3.0973,5.7161,10.2739,4.7624
125.767,3.7816,5.9667,3.0973,5.7172,10.253,4.7624
125.817,3.7502,5.9681,3.0973,5.7187,10.2215,4.7624
125.868,3.7292,5.9691,3.0973,5.7198,10.2005,4.7624
125.918,3.6977,5.9705,3.0973,5.7214,10.1691,4.7624
125.968,3.6767,5.9714,3.0973,5.7224,10.1481,4.7624
126.018,3.6558,5.9723,3.0973,5.7235,10.1271,4.7624
126.069,3.6243,5.9737,3.0973,5.725,10.0957,4.7624
126.119,3.6033,5.9746,3.0973,5.7261,10.0747,4.7624
126.169,3.5718,5.976,3.0973,5.7277,10.0432,4.7624
126.219,3.5509,5.977,3.0973,5.7287,10.0223,4.7624
126.269,3.5299,5.9779,3.0973,5.7298,10.0013,4.7624
126.32,3.4984,5.9793,3.0973,5.7313,9.9698,4.7624
126.37,3.4774,5.9802,3.0973,5.7324,9.9489,4.7624
126.42,3.4565,5.9812,3.0973,5.7334,9.9279,4.7624
126.472,3.425,5.9826,3.0973,5.735,9.8964,4.7624
126.522,3.404,5.9835,3.0973,5.736,9.8755,4.7624
126.572,3.3725,5.9849,3.0973,5.7376,9.844,4.7624
126.623,3.3516,5.9858,3.0973,5.7387,9.823,4.7624
126.673,3.3306,5.9867,3.0973,5.7397,9.802,4.7624
126.723,3.2991,5.9881,3.0973,5.7413,9.7706,4.7624
126.773,3.2781,5.9891,3.0973,5.7423,9.7496,4.7624
126.823,3.2467,5.9905,3.0973,5.7439,9.7182,4.7624
126.873,3.2257,5.9914,3.0973,5.745,9.6972,4.7624
126.924,3.2047,5.9923,3.0973,5.746,9.6762,4.7624
126.974,3.1732,5.9937,3.0973,5.7476,9.6447,4.7624
127.024,3.1523,5.9946,3.0973,5.7486,9.6238,4.7624
127.075,3.1208,5.996,3.0973,5.7502,9.5923,4.7624
127.125,3.0998,5.997,3.0973,5.7513,9.5713,4.7624
127.175,3.0788,5.9979,3.0973,5.7523,9.5504,4.7624
127.225,3.0474,5.9993,3.0973,5.7539,9.5189,4.7624
127.276,3.0264,6.0002,3.0973,5.7549,9.4979,4.7624
127.326,2.9949,6.0016,3.0973,5.7565,9.4665,4.7624
127.376,2.9739,6.0025,3.0973,5.7576,9.4455,4.7624
127.427,2.953,6.0035,3.0973,5.7586,9.4245,4.7624
127.477,2.9215,6.0049,3.0973,5.7602,9.3931,4.7624
127.527,2.9005,6.0058,3.0973,5.7612,9.3721,4.7624
127.577,2.869,6.0072,3.0973,5.7628,9.3406,4.7624
127.628,2.8481,6.0081,3.0973,5.7639,9.3197,4.7624
127.678,2.8271,6.0091,3.0973,5.7649,9.2987,4.7624
127.728,2.7956,6.0104,3.0973,5.7665,9.2672,4.7624
127.778,2.7746,6.0114,3.0973,5.7675,9.2462,4.7624
127.829,2.7432,6.0128,3.0973,5.7691,9.2148,4.7624
127.879,2.7222,6.0137,3.0973,5.7702,9.1938,4.7624
127.929,2.7012,6.0146,3.0973,5.7712,9.1728,4.7624
127.98,2.6697,6.016,3.0973,5.7728,9.1414,4.7624
128.03,2.6488,6.017,3.0973,5.7738,9.1204,4.7624
128.08,2.6173,6.0184,3.0973,5.7754,9.0889,4.7624
128.13,2.5963,6.0193,3.0973,5.7765,9.068,4.7624
128.18,2.5753,6.0202,3.0973,5.7775,9.047,4.7624
128.231,2.5439,6.0216,3.0973,5.7791,9.0155,4.7624
128.281,2.5229,6.0225,3.0973,5.7801,8.9946,4.7624
128.331,2.5019,6.0235,3.0973,5.7812,8.9736,4.7624
128.381,2.4704,6.0249,3.0973,5.7828,8.9421,4.7624
128.432,2.4495,6.0258,3.0973,5.7838,8.9212,4.7624
128.482,2.418,6.0272,3.0973,5.7854,8.8897,4.7624
128.532,2.397,6.0281,3.0973,5.7864,8.8687,4.7624
128.582,2.376,6.029,3.0973,5.7875,8.8477,4.7624
128.633,2.3446,6.0304,3.0973,5.7891,8.8163,4.7624
128.683,2.3236,6.0314,3.0973,5.7901,8.7953,4.7624
128.733,2.2921,6.0328,3.0973,5.7917,8.7638,4.7624
128.784,2.2711,6.0337,3.0973,5.7927,8.7429,4.7624
128.834,2.2502,6.0346,3.0973,5.7938,8.7219,4.7624
128.884,2.2187,6.036,3.0973,5.7954,8.6904,4.7624
128.934,2.1977,6.0369,3.0973,5.7964,8.6695,4.7624
128.985,2.1662,6.0383,3.0973,5.798,8.638,4.7624
129.035,2.1453,6.0393,3.0973,5.799,8.617,4.7624
129.085,2.1243,6.0402,3.0973,5.8001,8.5961,4.7624
129.135,2.0928,6.0416,3.0973,5.8017,8.5646,4.7624
129.185,2.0718,6.0425,3.0973,5.8027,8.5436,4.7624
129.236,2.0404,6.0439,3.0973,5.8043,8.5122,4.7624
129.286,2.0194,6.0449,3.0973,5.8053,8.4912,4.7624
129.336,1.9984,6.0458,3.0973,5.8064,8.4702,4.7624
129.387,1.9669,6.0472,3.0973,5.808,8.4388,4.7624
129.437,1.946,6.0481,3.0973,5.809,8.4178,4.7624
129.487,1.9145,6.0495,3.0973,5.8106,8.3863,4.7624
129.537,1.8935,6.0504,3.0973,5.8116,8.3653,4.7624
129.588,1.8725,6.0514,3.0973,5.8127,8.3444,4.7624
129.638,1.8411,6.0528,3.0973,5.8143,8.3129,4.7624
129.688,1.8201,6.0537,3.0973,5.8153,8.2919,4.7624
129.738,1.7991,6.0546,3.0973,5.8164,8.271,4.7624
129.788,1.7676,6.056,3.0973,5.8179,8.2395,4.7624
129.839,1.7466,6.0569,3.0973,5.819,8.2185,4.7624
129.889,1.7152,6.0583,3.0973,5.8206,8.1871,4.7624
129.939,1.6942,6.0593,3.0973,5.8216,8.1661,4.7624
129.99,1.6732,6.0602,3.0973,5.8227,8.1451,4.7624
130.04,1.6418,6.0616,3.0973,5.8242,8.1137,4.7624
130.09,1.6208,6.0625,3.0973,5.8253,8.0927,4.7624
130.14,1.5893,6.0639,3.0973,5.8269,8.0612,4.7624
130.191,1.5683,6.0648,3.0973,5.8279,8.0403,4.7624
130.241,1.5473,6.0658,3.0973,5.829,8.0193,4.7624
130.291,1.5159,6.0672,3.0973,5.8305,7.9878,4.7624
130.341,1.4949,6.0681,3.0973,5.8316,7.9668,4.7624
130.391,1.4634,6.0695,3.0973,5.8331,7.9354,4.7624
130.442,1.4424,6.0704,3.0973,5.8342,7.9144,4.7624
130.492,1.4215,6.0714,3.0973,5.8352,7.8934,4.7624
130.542,1.39,6.0727,3.0973,5.8368,7.862,4.7624
130.592,1.369,6.0737,3.0973,5.8379,7.841,4.7624
130.643,1.3375,6.0751,3.0973,5.8394,7.8095,4.7624
130.693,1.3166,6.076,3.0973,5.8405,7.7886,4.7624
130.743,1.2956,6.0769,3.0973,5.8415,7.7676,4.7624
130.793,1.2641,6.0783,3.0973,5.8431,7.7361,4.7624
130.844,1.2431,6.0793,3.0973,5.8442,7.7152,4.7624
130.894,1.2222,6.0802,3.0973,5.8452,7.6942,4.7624
130.944,1.1907,6.0816,3.0973,5.8468,7.6627,4.7624
130.995,1.1697,6.0825,3.0973,5.8478,7.6418,4.7624
131.045,1.1382,6.0839,3.0973,5.8494,7.6103,4.7624
131.095,1.1173,6.0848,3.0973,5.8505,7.5893,4.7624
131.145,1.0963,6.0858,3.0973,5.8515,7.5683,4.7624
131.196,1.0648,6.0872,3.0973,5.8531,7.5369,4.7624
131.246,1.0438,6.0881,3.0973,5.8541,7.5159,4.7624
131.296,1.0124,6.0895,3.0973,5.8557,7.4845,4.7624
131.346,0.9914,6.0904,3.0973,5.8568,7.4635,4.7624
131.397,0.9704,6.0913,3.0973,5.8578,7.4425,4.7624
131.447,0.9389,6.0927,3.0973,5.8594,7.411,4.7624
131.497,0.918,6.0937,3.0973,5.8604,7.3901,4.7624
131.547,0.8865,6.0951,3.0973,5.862,7.3586,4.7624
131.597,0.8655,6.096,3.0973,5.8631,7.3376,4.7624
131.648,0.8445,6.0969,3.0973,5.8641,7.3167,4.7624
131.698,0.8131,6.0983,3.0973,5.8657,7.2852,4.7624
131.748,0.7921,6.0992,3.0973,5.8667,7.2642,4.7624
131.798,0.7606,6.1006,3.0973,5.8683,7.2328,4.7624
131.849,0.7396,6.1016,3.0973,5.8694,7.2118,4.7624
131.899,0.7187,6.1025,3.0973,5.8704,7.1908,4.7624
131.949,0.6872,6.1039,3.0973,5.872,7.1594,4.7624
131.999,0.6662,6.1048,3.0973,5.873,7.1384,4.7624
132.05,0.6347,6.1062,3.0973,5.8746,7.1069,4.7624
132.1,0.6138,6.1072,3.0973,5.8757,7.0859,4.7624
132.15,0.5928,6.1081,3.0973,5.8767,7.065,4.7624
132.2,0.5613,6.1095,3.0973,5.8783,7.0335,4.7624
132.251,0.5403,6.1104,3.0973,5.8793,7.0125,4.7624
132.301,0.5194,6.1113,3.0973,5.8804,6.9916,4.7624
132.351,0.4879,6.1127,3.0973,5.882,6.9601,4.7624
132.401,0.4669,6.1137,3.0973,5.883,6.9391,4.7624
132.452,0.4354,6.1151,3.0973,5.8846,6.9077,4.7624
132.502,0.4145,6.116,3.0973,5.8856,6.8867,4.7624
132.552,0.3935,6.1169,3.0973,5.8867,6.8657,4.7624
132.602,0.362,6.1183,3.0973,5.8883,6.8343,4.7624
132.653,0.341,6.1192,3.0973,5.8893,6.8133,4.7624
132.703,0.3096,6.1206,3.0973,5.8909,6.7818,4.7624
132.753,0.2886,6.1216,3.0973,5.8919,6.7609,4.7624
132.803,0.2676,6.1225,3.0973,5.893,6.7399,4.7624
132.854,0.2361,6.1239,3.0973,5.8946,6.7084,4.7624
132.904,0.2152,6.1248,3.0973,5.8956,6.6874,4.7624
132.954,0.1837,6.1262,3.0973,5.8972,6.656,4.7624
133.004,0.1627,6.1271,3.0973,5.8982,6.635,4.7624
133.055,0.1417,6.1281,3.0973,5.8993,6.614,4.7624
133.105,0.1103,6.1295,3.0973,5.9009,6.5826,4.7624
133.155,0.0893,6.1304,3.0973,5.9019,6.5616,4.7624
133.205,0.0578,6.1318,3.0973,5.9035,6.5301,4.7624
133.255,0.0368,6.1327,3.0973,5.9045,6.5092,4.7624
133.306,0.0158,6.1337,3.0973,5.9056,6.4882,4.7624
133.356,-0.0156,6.135,3.0973,5.9072,6.4567,4.7624
133.406,-0.0366,6.136,3.0973,5.9082,6.4358,4.7624
133.456,-0.0681,6.1374,3.0973,5.9098,6.4043,4.7624
133.507,-0.0891,6.1383,3.0973,5.9108,6.3833,4.7624
133.557,-0.11,6.1392,3.0973,5.9119,6.3624,4.7624
133.607,-0.1415,6.1406,3.0973,5.9135,6.3309,4.7624
133.657,-0.1625,6.1416,3.0973,5.9145,6.3099,4.7624
133.707,-0.1835,6.1425,3.0973,5.9156,6.2889,4.7624
133.758,-0.2149,6.1439,3.0973,5.9171,6.2575,4.7624
133.808,-0.2359,6.1448,3.0973,5.9182,6.2365,4.7624
133.858,-0.2674,6.1462,3.0973,5.9198,6.2051,4.7624
133.908,-0.2884,6.1471,3.0973,5.9208,6.1841,4.7624
133.958,-0.3093,6.1481,3.0973,5.9219,6.1631,4.7624
134.009,-0.3408,6.1495,3.0973,5.9234,6.1316,4.7624
134.059,-0.3618,6.1504,3.0973,5.9245,6.1107,4.7624
134.109,-0.3933,6.1518,3.0973,5.9261,6.0792,4.7624
134.159,-0.4142,6.1527,3.0973,5.9271,6.0582,4.7624
134.21,-0.4352,6.1536,3.0973,5.9282,6.0373,4.7624
134.26,-0.4667,6.155,3.0973,5.9297,6.0058,4.7624
134.31,-0.4877,6.156,3.0973,5.9308,5.9848,4.7624
134.36,-0.5191,6.1574,3.0973,5.9324,5.9534,4.7624
134.411,-0.5401,6.1583,3.0973,5.9334,5.9324,4.7624
134.461,-0.5611,6.1592,3.0973,5.9345,5.9114,4.7624
134.511,-0.5926,6.1606,3.0973,5.936,5.88,4.7624
134.561,-0.6135,6.1615,3.0973,5.9371,5.859,4.7624
134.612,-0.645,6.1629,3.0973,5.9387,5.8275,4.7624
134.662,-0.666,6.1639,3.0973,5.9397,5.8066,4.7624
134.712,-0.687,6.1648,3.0973,5.9408,5.7856,4.7624
134.762,-0.7184,6.1662,3.0973,5.9423,5.7541,4.7624
134.812,-0.7394,6.1671,3.0973,5.9434,5.7331,4.7624
134.863,-0.7604,6.1681,3.0973,5.9444,5.7122,4.7624
134.913,-0.7919,6.1694,3.0973,5.946,5.6807,4.7624
134.963,-0.8128,6.1704,3.0973,5.947,5.6597,4.7624
135.014,-0.8443,6.1718,3.0973,5.9486,5.6283,4.7624
135.064,-0.8653,6.1727,3.0973,5.9497,5.6073,4.7624
135.114,-0.8863,6.1736,3.0973,5.9507,5.5863,4.7624
135.164,-0.9177,6.175,3.0973,5.9523,5.5549,4.7624
135.215,-0.9387,6.176,3.0973,5.9533,5.5339,4.7624
135.265,-0.9702,6.1774,3.0973,5.9549,5.5024,4.7624
135.315,-0.9912,6.1783,3.0973,5.956,5.4815,4.7624
135.365,-1.0121,6.1792,3.0973,5.957,5.4605,4.7624
135.416,-1.0436,6.1806,3.0973,5.9586,5.429,4.7624
135.466,-1.0646,6.1815,3.0973,5.9596,5.4081,4.7624
135.516,-1.0961,6.1829,3.0973,5.9612,5.3766,4.7624
135.566,-1.117,6.1839,3.0973,5.9623,5.3556,4.7624
135.617,-1.138,6.1848,3.0973,5.9633,5.3346,4.7624
135.667,-1.1695,6.1862,3.0973,5.9649,5.3032,4.7624
135.717,-1.1905,6.1871,3.0973,5.9659,5.2822,4.7624
135.768,-1.2219,6.1885,3.0973,5.9675,5.2507,4.7624
135.818,-1.2429,6.1894,3.0973,5.9686,5.2298,4.7624
135.868,-1.2639,6.1904,3.0973,5.9696,5.2088,4.7624
135.918,-1.2954,6.1918,3.0973,5.9712,5.1773,4.7624
135.969,-1.3163,6.1927,3.0973,5.9722,5.1564,4.7624
136.019,-1.3478,6.1941,3.0973,5.9738,5.1249,4.7624
136.069,-1.3688,6.195,3.0973,5.9749,5.1039,4.7624
136.12,-1.3898,6.1959,3.0973,5.9759,5.083,4.7624
136.17,-1.4212,6.1973,3.0973,5.9775,5.0515,4.7624
136.22,-1.4422,6.1983,3.0973,5.9785,5.0305,4.7624
136.271,-1.4737,6.1997,3.0973,5.9801,4.9991,4.7624
136.321,-1.4947,6.2006,3.0973,5.9812,4.9781,4.7624
136.371,-1.5156,6.2015,3.0973,5.9822,4.9571,4.7624
136.421,-1.5471,6.2029,3.0973,5.9838,4.9257,4.7624
136.472,-1.5681,6.2039,3.0973,5.9848,4.9047,4.7624
136.522,-1.5996,6.2052,3.0973,5.9864,4.8732,4.7624
136.572,-1.6205,6.2062,3.0973,5.9875,4.8522,4.7624
136.622,-1.6415,6.2071,3.0973,5.9885,4.8313,4.7624
136.673,-1.673,6.2085,3.0973,5.9901,4.7998,4.7624
136.723,-1.694,6.2094,3.0973,5.9911,4.7788,4.7624
136.773,-1.715,6.2104,3.0973,5.9922,4.7579,4.7624
136.823,-1.7464,6.2118,3.0973,5.9938,4.7264,4.7624
136.873,-1.7674,6.2127,3.0973,5.9948,4.7054,4.7624
136.924,-1.7989,6.2141,3.0973,5.9964,4.674,4.7624
136.974,-1.8199,6.215,3.0973,5.9974,4.653,4.7624
137.024,-1.8408,6.2159,3.0973,5.9985,4.632,4.7624
137.074,-1.8723,6.2173,3.0973,6.0001,4.6006,4.7624
137.125,-1.8933,6.2183,3.0973,6.0011,4.5796,4.7624
137.175,-1.9247,6.2197,3.0973,6.0027,4.5481,4.7624
137.225,-1.9457,6.2206,3.0973,6.0037,4.5272,4.7624
137.275,-1.9667,6.2215,3.0973,6.0048,4.5062,4.7624
137.326,-1.9982,6.2229,3.0973,6.0064,4.4747,4.7624
137.376,-2.0192,6.2238,3.0973,6.0074,4.4537,4.7624
137.426,-2.0506,6.2252,3.0973,6.009,4.4223,4.7624
137.476,-2.0716,6.2262,3.0973,6.01,4.4013,4.7624
137.527,-2.0926,6.2271,3.0973,6.0111,4.3803,4.7624
137.577,-2.1241,6.2285,3.0973,6.0127,4.3489,4.7624
137.627,-2.145,6.2294,3.0973,6.0137,4.3279,4.7624
137.677,-2.1765,6.2308,3.0973,6.0153,4.2964,4.7624
137.728,-2.1975,6.2317,3.0973,6.0163,4.2755,4.7624
137.778,-2.2185,6.2327,3.0973,6.0174,4.2545,4.7624
137.828,-2.2499,6.2341,3.0973,6.019,4.223,4.7624
137.879,-2.2709,6.235,3.0973,6.02,4.2021,4.7624
137.929,-2.3024,6.2364,3.0973,6.0216,4.1706,4.7624
137.979,-2.3234,6.2373,3.0973,6.0226,4.1496,4.7624
138.03,-2.3443,6.2383,3.0973,6.0237,4.1287,4.7624
138.08,-2.3758,6.2397,3.0973,6.0253,4.0972,4.7624
138.13,-2.3968,6.2406,3.0973,6.0263,4.0762,4.7624
138.18,-2.4178,6.2415,3.0973,6.0274,4.0552,4.7624
138.231,-2.4492,6.2429,3.0973,6.0289,4.0238,4.7624
138.281,-2.4702,6.2438,3.0973,6.03,4.0028,4.7624
138.331,-2.5017,6.2452,3.0973,6.0316,3.9713,4.7624
138.381,-2.5227,6.2462,3.0973,6.0326,3.9504,4.7624
138.432,-2.5436,6.2471,3.0973,6.0337,3.9294,4.7624
138.482,-2.5751,6.2485,3.0973,6.0352,3.8979,4.7624
138.532,-2.5961,6.2494,3.0973,6.0363,3.877,4.7624
138.582,-2.6276,6.2508,3.0973,6.0379,3.8455,4.7624
138.633,-2.6485,6.2517,3.0973,6.0389,3.8245,4.7624
138.683,-2.6695,6.2527,3.0973,6.04,3.8036,4.7624
138.733,-2.701,6.2541,3.0973,6.0415,3.7721,4.7624
138.783,-2.722,6.255,3.0973,6.0426,3.7511,4.7624
138.834,-2.7534,6.2564,3.0973,6.0442,3.7197,4.7624
138.884,-2.7744,6.2573,3.0973,6.0452,3.6987,4.7624
138.934,-2.7954,6.2582,3.0973,6.0463,3.6777,4.7624
138.984,-2.8269,6.2596,3.0973,6.0478,3.6463,4.7624
139.035,-2.8478,6.2606,3.0973,6.0489,3.6253,4.7624
139.085,-2.8793,6.262,3.0973,6.0505,3.5938,4.7624
139.135,-2.9003,6.2629,3.0973,6.0515,3.5728,4.7624
139.185,-2.9213,6.2638,3.0973,6.0526,3.5519,4.7624
139.236,-2.9527,6.2652,3.0973,6.0541,3.5204,4.7624
139.286,-2.9737,6.2662,3.0973,6.0552,3.4994,4.7624
139.336,-3.0052,6.2675,3.0973,6.0568,3.468,4.7624
139.386,-3.0262,6.2685,3.0973,6.0578,3.447,4.7624
139.437,-3.0471,6.2694,3.0973,6.0588,3.426,4.7624
139.487,-3.0786,6.2708,3.0973,6.0604,3.3946,4.7624
139.537,-3.0996,6.2717,3.0973,6.0615,3.3736,4.7624
139.587,-3.1206,6.2727,3.0973,6.0625,3.3526,4.7624
139.638,-3.152,6.2741,3.0973,6.0641,3.3212,4.7624
139.688,-3.173,6.275,3.0973,6.0651,3.3002,4.7624
139.738,-3.2045,6.2764,3.0973,6.0667,3.2687,4.7624
139.789,-3.2255,6.2773,3.0973,6.0678,3.2478,4.7624
139.84,-3.2465,6.2782,3.0973,6.0688,3.2268,4.7624
139.89,-3.2779,6.2796,3.0973,6.0704,3.1953,4.7624
139.94,-3.2989,6.2806,3.0973,6.0714,3.1743,4.7624
139.99,-3.3304,6.282,3.0973,6.073,3.1429,4.7624
140.041,-3.3513,6.2829,3.0973,6.0741,3.1219,4.7624
140.091,-3.3723,6.2838,3.0973,6.0751,3.1009,4.7624
140.141,-3.4038,6.2852,3.0973,6.0767,3.0695,4.7624
140.191,-3.4248,6.2861,3.0973,6.0777,3.0485,4.7624
140.242,-3.4562,6.2875,3.0973,6.0793,3.017,4.7624
140.292,-3.4772,6.2885,3.0973,6.0804,2.9961,4.7624
140.342,-3.4982,6.2894,3.0973,6.0814,2.9751,4.7624
140.392,-3.5297,6.2908,3.0973,6.083,2.9436,4.7624
140.442,-3.5507,6.2917,3.0973,6.084,2.9227,4.7624
140.493,-3.5821,6.2931,3.0973,6.0856,2.8912,4.7624
140.543,-3.6031,6.294,3.0973,6.0867,2.8702,4.7624
140.593,-3.6241,6.295,3.0973,6.0877,2.8493,4.7624
140.643,-3.6555,6.2964,3.0973,6.0893,2.8178,4.7624
140.694,-3.6765,6.2973,3.0973,6.0903,2.7968,4.7624
140.744,-3.708,6.2987,3.0973,6.0919,2.7654,4.7624
140.794,-3.729,6.2996,3.0973,6.093,2.7444,4.7624
140.844,-3.75,6.3006,3.0973,6.094,2.7234,4.7624
140.894,-3.7814,6.3019,3.0973,6.0956,2.692,4.7624
140.945,-3.8024,6.3029,3.0973,6.0966,2.671,4.7624
140.995,-3.8234,6.3038,3.0973,6.0982,2.6395,4.7624
141.045,-3.8549,6.3052,3.0973,6.0993,2.6185,4.7624
141.095,-3.8758,6.3061,3.0973,6.1003,2.5976,4.7624
141.146,-3.9073,6.3075,3.0973,6.1019,2.5661,4.7624
141.196,-3.9283,6.3085,3.0973,6.1029,2.5451,4.7624
141.246,-3.9493,6.3094,3.0973,6.104,2.5242,4.7624
141.297,-3.9807,6.3108,3.0973,6.1056,2.4927,4.7624
141.347,-4.0017,6.3117,3.0973,6.1066,2.4717,4.7624
141.397,-4.0332,6.3131,3.0973,6.1082,2.4403,4.7624
141.447,-4.0542,6.314,3.0973,6.1092,2.4193,4.7624
141.498,-4.0751,6.315,3.0973,6.1103,2.3983,4.7624
141.548,-4.1066,6.3164,3.0973,6.1119,2.3669,4.7624
141.598,-4.1276,6.3173,3.0973,6.1129,2.3459,4.7624
141.648,-4.1591,6.3187,3.0973,6.1145,2.3144,4.7624
141.699,-4.18,6.3196,3.0973,6.1155,2.2934,4.7624
141.749,-4.201,6.3205,3.0973,6.1166,2.2725,4.7624
141.799,-4.2325,6.3219,3.0973,6.1182,2.241,4.7624
141.849,-4.2535,6.3229,3.0973,6.1192,2.22,4.7624
141.899,-4.2849,6.3243,3.0973,6.1208,2.1886,4.7624
141.95,-4.3059,6.3252,3.0973,6.1218,2.1676,4.7624
142.0,-4.3269,6.3261,3.0973,6.1229,2.1466,4.7624
142.05,-4.3584,6.3275,3.0973,6.1245,2.1152,4.7624
142.1,-4.3793,6.3284,3.0973,6.1255,2.0942,4.7624
142.151,-4.4108,6.3298,3.0973,6.1271,2.0627,4.7624
142.201,-4.4318,6.3308,3.0973,6.1281,2.0418,4.7624
142.251,-4.4528,6.3317,3.0973,6.1292,2.0208,4.7624
142.301,-4.4842,6.3331,3.0973,6.1308,1.9893,4.7624
142.352,-4.5052,6.334,3.0973,6.1318,1.9684,4.7624
142.402,-4.5367,6.3354,3.0973,6.1334,1.9369,4.7624
142.452,-4.5577,6.3364,3.0973,6.1344,1.9159,4.7624
142.503,-4.5786,6.3373,3.0973,6.1355,1.8949,4.7624
142.553,-4.6101,6.3387,3.0973,6.1371,1.8635,4.7624
142.603,-4.6311,6.3396,3.0973,6.1381,1.8425,4.7624
142.653,-4.6626,6.341,3.0973,6.1392,1.8215,4.7624
142.704,-4.6835,6.3419,3.0973,6.1407,1.7901,4.7624
142.754,-4.7045,6.3429,3.0973,6.1418,1.7691,4.7624
142.804,-4.736,6.3443,3.0973,6.1434,1.7376,4.7624
142.854,-4.757,6.3452,3.0973,6.1444,1.7167,4.7624
142.905,-4.7779,6.3461,3.0973,6.1455,1.6957,4.7624
142.955,-4.8094,6.3475,3.0973,6.147,1.6642,4.7624
143.005,-4.8304,6.3484,3.0973,6.1481,1.6433,4.7624
143.055,-4.8619,6.3498,3.0973,6.1497,1.6118,4.7624
143.105,-4.8828,6.3508,3.0973,6.1507,1.5908,4.7624
143.156,-4.9038,6.3517,3.0973,6.1518,1.5699,4.7624
143.206,-4.9353,6.3531,3.0973,6.1533,1.5384,4.7624
143.256,-4.9563,6.354,3.0973,6.1544,1.5174,4.7624
143.306,-4.9877,6.3554,3.0973,6.156,1.486,4.7624
143.357,-5.0087,6.3563,3.0973,6.157,1.465,4.7624
143.407,-5.0297,6.3573,3.0973,6.1581,1.444,4.7624
143.457,-5.0612,6.3587,3.0973,6.1596,1.4126,4.7624
143.508,-5.0821,6.3596,3.0973,6.1607,1.3916,4.7624
143.558,-5.1136,6.361,3.0973,6.1623,1.3601,4.7624
143.608,-5.1346,6.3619,3.0973,6.1633,1.3391,4.7624
143.659,-5.1556,6.3629,3.0973,6.1644,1.3182,4.7624
143.709,-5.187,6.3642,3.0973,6.1659,1.2867,4.7624
143.759,-5.208,6.3652,3.0973,6.167,1.2657,4.7624
143.81,-5.2395,6.3666,3.0973,6.1686,1.2343,4.7624
143.86,-5.2605,6.3675,3.0973,6.1696,1.2133,4.7624
143.91,-5.2815,6.3684,3.0973,6.1706,1.1923,4.7624
143.96,-5.3129,6.3698,3.0973,6.1722,1.1609,4.7624
144.01,-5.3339,6.3708,3.0973,6.1733,1.1399,4.7624
144.061,-5.3654,6.3722,3.0973,6.1748,1.1084,4.7624
144.111,-5.3863,6.3731,3.0973,6.1759,1.0875,4.7624
144.161,-5.4073,6.374,3.0973,6.1769,1.0665,4.7624
144.211,-5.4388,6.3754,3.0973,6.1785,1.035,4.7624
144.262,-5.4598,6.3763,3.0973,6.1796,1.0141,4.7624
144.312,-5.4808,6.3773,3.0973,6.1806,0.9931,4.7624
144.362,-5.5122,6.3787,3.0973,6.1822,0.9616,4.7624
144.412,-5.5332,6.3796,3.0973,6.1832,0.9406,4.7624
144.462,-5.5647,6.381,3.0973,6.1848,0.9092,4.7624
144.513,-5.5857,6.3819,3.0973,6.1859,0.8882,4.7624
144.563,-5.6066,6.3828,3.0973,6.1869,0.8672,4.7624
144.613,-5.6381,6.3842,3.0973,6.1885,0.8358,4.7624
144.665,-5.6591,6.3852,3.0973,6.1895,0.8148,4.7624
144.715,-5.6906,6.3866,3.0973,6.1911,0.7833,4.7624
144.765,-5.7115,6.3875,3.0973,6.1922,0.7624,4.7624
144.816,-5.7325,6.3884,3.0973,6.1932,0.7414,4.7624
144.866,-5.764,6.3898,3.0973,6.1948,0.7099,4.7624
144.916,-5.785,6.3907,3.0973,6.1958,0.689,4.7624
144.967,-5.8164,6.3921,3.0973,6.1974,0.6575,4.7624
145.017,-5.8374,6.3931,3.0973,6.1985,0.6365,4.7624
145.067,-5.8584,6.394,3.0973,6.1995,0.6155,4.7624
145.117,-5.8899,6.3954,3.0973,6.2011,0.5841,4.7624
145.168,-5.9108,6.3963,3.0973,6.2021,0.5631,4.7624
145.218,-5.9423,6.3977,3.0973,6.2037,0.5317,4.7624
145.268,-5.9633,6.3987,3.0973,6.2048,0.5107,4.7624
145.318,-5.9843,6.3996,3.0973,6.2058,0.4897,4.7624
145.369,-6.0157,6.401,3.0973,6.2074,0.4582,4.7624
145.419,-6.0367,6.4019,3.0973,6.2084,0.4373,4.7624
145.469,-6.0682,6.4033,3.0973,6.21,0.4058,4.7624
145.519,-6.0892,6.4042,3.0973,6.2111,0.3848,4.7624
145.57,-6.1101,6.4052,3.0973,6.2121,0.3639,4.7624
145.62,-6.1416,6.4066,3.0973,6.2137,0.3324,4.7624
145.67,-6.1626,6.4075,3.0973,6.2147,0.3114,4.7624
145.72,-6.1941,6.4089,3.0973,6.2163,0.28,4.7624
145.771,-6.215,6.4098,3.0973,6.2174,0.259,4.7624
145.821,-6.236,6.4107,3.0973,6.2184,0.238,4.7624
145.871,-6.2675,6.4121,3.0973,6.22,0.2066,4.7624
145.922,-6.2885,6.4131,3.0973,6.221,0.1856,4.7624
145.972,-6.3199,6.4145,3.0973,6.2221,0.1646,4.7624
146.022,-6.3409,6.4154,3.0973,6.2237,0.1332,4.7624
146.073,-6.3619,6.4163,3.0973,6.2247,0.1122,4.7624
146.123,-6.3934,6.4177,3.0973,6.2263,0.0807,4.7624
146.173,-6.4143,6.4186,3.0973,6.2273,0.0597,4.7624
146.223,-6.4353,6.4196,3.0973,6.2289,0.0283,4.7624
146.273,-6.4668,6.421,3.0973,6.23,0.0073,4.7624
146.324,-6.4878,6.4219,3.0973,6.231,-0.0137,4.7624
146.374,-6.5192,6.4233,3.0973,6.2326,-0.0451,4.7624
146.424,-6.5402,6.4242,3.0973,6.2336,-0.0661,4.7624
146.475,-6.5612,6.4252,3.0973,6.2347,-0.0871,4.7624
146.525,-6.5927,6.4265,3.0973,6.2363,-0.1185,4.7624
146.575,-6.6136,6.4275,3.0973,6.2373,-0.1395,4.7624
146.625,-6.6451,6.4289,3.0973,6.2389,-0.171,4.7624
146.676,-6.6661,6.4298,3.0973,6.2399,-0.1919,4.7624
146.726,-6.6871,6.4307,3.0973,6.241,-0.2129,4.7624
146.776,-6.7185,6.4321,3.0973,6.2426,-0.2444,4.7624
146.827,-6.7395,6.4331,3.0973,6.2436,-0.2653,4.7624
146.877,-6.771,6.4344,3.0973,6.2452,-0.2968,4.7624
146.927,-6.792,6.4354,3.0973,6.2462,-0.3178,4.7624
146.978,-6.8129,6.4363,3.0973,6.2473,-0.3388,4.7624
147.028,-6.8444,6.4377,3.0973,6.2489,-0.3702,4.7624
147.078,-6.8654,6.4386,3.0973,6.2499,-0.3912,4.7624
147.129,-6.8969,6.44,3.0973,6.2515,-0.4227,4.7624
147.179,-6.9178,6.441,3.0973,6.2525,-0.4436,4.7624
147.229,-6.9388,6.4419,3.0973,6.2536,-0.4646,4.7624
147.279,-6.9703,6.4433,3.0973,6.2552,-0.4961,4.7624
147.329,-6.9913,6.4442,3.0973,6.2562,-0.517,4.7624
147.38,-7.0227,6.4456,3.0973,6.2578,-0.5485,4.7624
147.43,-7.0437,6.4465,3.0973,6.2588,-0.5695,4.7624
147.48,-7.0647,6.4475,3.0973,6.2599,-0.5904,4.7624
147.53,-7.0962,6.4489,3.0973,6.2615,-0.6219,4.7624
147.581,-7.1171,6.4498,3.0973,6.2625,-0.6429,4.7624
147.631,-7.1486,6.4512,3.0973,6.2641,-0.6743,4.7624
147.681,-7.1696,6.4521,3.0973,6.2651,-0.6953,4.7624
147.732,-7.1902,6.453,3.0973,6.266,-0.7131,4.7678
147.782,-7.2081,6.4536,3.1052,6.2667,-0.7226,4.8056
147.832,-7.2147,6.4538,3.1263,6.2674,-0.7288,4.8308
147.882,-7.2208,6.4538,3.1492,6.2682,-0.7351,4.856
147.933,-7.2297,6.4536,3.1846,6.2697,-0.7444,4.8938
147.983,-7.2355,6.4533,3.2089,6.271,-0.7506,4.919
148.033,-7.2439,6.4525,3.2462,6.2731,-0.7598,4.9568
148.083,-7.2494,6.4519,3.2714,6.2747,-0.7659,4.982
148.134,-7.2549,6.4511,3.2966,6.2764,-0.7719,5.0072
148.184,-7.2631,6.4497,3.3344,6.2793,-0.7809,5.045
148.234,-7.2685,6.4486,3.3596,6.2815,-0.7868,5.0702
148.286,-7.2766,6.4466,3.3974,6.285,-0.7956,5.108
148.336,-7.2819,6.4452,3.4226,6.2875,-0.8014,5.1332
148.386,-7.2872,6.4436,3.4478,6.2901,-0.8071,5.1584
148.437,-7.2951,6.4409,3.4856,6.2943,-0.8156,5.1962
148.487,-7.3003,6.439,3.5108,6.2973,-0.8211,5.2214
148.537,-7.308,6.4358,3.5486,6.3021,-0.8293,5.2592
148.587,-7.3131,6.4336,3.5738,6.3054,-0.8346,5.2844
148.638,-7.3181,6.4312,3.599,6.3089,-0.8399,5.3096
148.688,-7.3255,6.4274,3.6368,6.3144,-0.8476,5.3474
148.738,-7.3303,6.4247,3.662,6.3182,-0.8526,5.3726
148.788,-7.3375,6.4204,3.6998,6.3241,-0.86,5.4104
148.839,-7.3422,6.4174,3.7251,6.3282,-0.8648,5.4356
148.889,-7.3469,6.4143,3.7504,6.3325,-0.8695,5.4608
148.939,-7.3543,6.4088,3.7885,6.3397,-0.8769,5.4986
148.989,-7.3596,6.4048,3.814,6.3449,-0.882,5.5238
149.04,-7.368,6.3978,3.8521,6.3538,-0.8901,5.5616
149.09,-7.3739,6.3927,3.8778,6.3602,-0.8956,5.5868
149.14,-7.38,6.387,3.9034,6.3672,-0.9013,5.612
149.191,-7.3896,6.3777,3.9424,6.3785,-0.9099,5.6498
149.241,-7.3961,6.3708,3.9689,6.3865,-0.9157,5.675
149.291,-7.4063,6.3595,4.0085,6.3997,-0.9245,5.7128
149.342,-7.4132,6.3514,4.035,6.4091,-0.9304,5.738
149.392,-7.4203,6.3427,4.0613,6.4191,-0.9363,5.7632
149.442,-7.4309,6.3288,4.1001,6.4351,-0.945,5.801
149.492,-7.4381,6.319,4.1255,6.4463,-0.9507,5.8262
149.542,-7.4489,6.3032,4.1633,6.4642,-0.9591,5.864
149.593,-7.456,6.2921,4.1885,6.4768,-0.9645,5.8892
149.643,-7.463,6.2804,-2.0696,6.49,-0.9698,5.9143
149.693,-7.4733,6.2618,-2.0334,6.5107,-0.9774,5.9504
149.744,-7.4799,6.2487,-2.0109,6.5251,-0.9821,5.9727
149.794,-7.4897,6.228,-1.9807,6.5477,-0.989,6.0029
149.844,-7.496,6.2136,-1.9622,6.5633,-0.9933,6.0214
149.894,-7.5021,6.1987,-1.9451,6.5793,-0.9975,6.0385
149.945,-7.511,6.1757,-1.9215,6.6039,-1.0033,6.0621
149.995,-7.5167,6.1599,-1.9068,6.6207,-1.007,6.0766
150.045,-7.5225,6.1437,-1.8933,6.6379,-1.0104,6.0901
150.096,-7.5308,6.1188,-1.8746,6.6641,-1.0153,6.1085
150.146,-7.5362,6.1018,-1.8628,6.6819,-1.0183,6.12
150.196,-7.5439,6.0756,-1.8458,6.709,-1.0226,6.1354
150.247,-7.5489,6.0577,-1.8349,6.7274,-1.0252,6.1448
150.297,-7.5537,6.0396,-1.8249,6.7459,-1.0277,6.1534
150.347,-7.5607,6.012,-1.8114,6.7742,-1.0312,6.1651
150.398,-7.5651,5.9934,-1.8032,6.7932,-1.0334,6.1722
150.448,-7.5717,5.9651,-1.7922,6.8221,-1.0365,6.1817
150.498,-7.5759,5.9461,-1.7856,6.8415,-1.0384,6.1874
150.549,-7.58,5.9269,-1.7796,6.861,-1.0402,6.1926
150.599,-7.5861,5.8978,-1.7714,6.8906,-1.0428,6.1997
150.649,-7.59,5.8784,-1.7664,6.9104,-1.0444,6.204
150.699,-7.5957,5.8489,-1.7598,6.9403,-1.0467,6.2098
150.75,-7.5995,5.8292,-1.756,6.9603,-1.0482,6.2133
150.8,-7.6031,5.8094,-1.7528,6.9805,-1.0495,6.2164
150.85,-7.6085,5.7797,-1.7485,7.0108,-1.0515,6.2208
150.901,-7.6121,5.7598,-1.7458,7.031,-1.0527,6.2234
150.951,-7.6173,5.7298,-1.7422,7.0615,-1.0545,6.2271
151.001,-7.6208,5.7097,-1.7399,7.0819,-1.0556,6.2293
151.051,-7.6242,5.6896,-1.738,7.1024,-1.0567,6.2313
151.102,-7.6293,5.6593,-1.7354,7.1331,-1.0583,6.2342
151.152,-7.6326,5.639,-1.7338,7.1536,-1.0592,6.236
151.202,-7.6376,5.6086,-1.7316,7.1844,-1.0607,6.2384
151.252,-7.6409,5.5882,-1.7302,7.205,-1.0616,6.2399
151.303,-7.6442,5.5678,-1.7288,7.2256,-1.0624,6.2413
151.353,-7.649,5.5372,-1.7266,7.2566,-1.0637,6.2433
151.403,-7.6522,5.5167,-1.7253,7.2773,-1.0645,6.2445
151.453,-7.657,5.486,-1.7234,7.3083,-1.0657,6.2461
151.503,-7.6601,5.4655,-1.7223,7.3291,-1.0665,6.2471
151.554,-7.6632,5.445,-1.7212,7.3498,-1.0672,6.248
151.604,-7.6679,5.4141,-1.7198,7.381,-1.0683,6.2492
151.654,-7.671,5.3936,-1.719,7.4018,-1.069,6.2499
151.704,-7.674,5.373,-1.7182,7.4226,-1.0697,6.2506
151.755,-7.6786,5.342,-1.7171,7.4538,-1.0707,6.2515
151.805,-7.6816,5.3214,-1.7165,7.4747,-1.0713,6.2521
151.855,-7.6862,5.2904,-1.7157,7.506,-1.0723,6.2528
151.905,-7.6892,5.2698,-1.7152,7.5268,-1.0729,6.2533
151.956,-7.6922,5.2491,-1.7148,7.5477,-1.0735,6.2537
152.006,-7.6967,5.2181,-1.7143,7.5791,-1.0744,6.2543
152.056,-7.6997,5.1974,-1.7139,7.6,-1.075,6.2546
152.106,-7.7041,5.1664,-1.7134,7.6313,-1.0759,6.2551
152.157,-7.7071,5.1457,-1.7131,7.6522,-1.0765,6.2554
152.207,-7.7101,5.125,-1.7129,7.6732,-1.0771,6.2557
152.257,-7.7145,5.0939,-1.7126,7.7046,-1.078,6.256
152.307,-7.7175,5.0732,-1.7123,7.7255,-1.0785,6.2563
152.358,-7.7219,5.042,-1.712,7.7569,-1.0794,6.2566
152.408,-7.7248,5.0213,-1.7118,7.7778,-1.0799,6.2568
152.458,-7.7278,5.0006,-1.7116,7.7988,-1.0805,6.257
152.508,-7.7322,4.9694,-1.7114,7.8302,-1.0813,6.2573
152.559,-7.7351,4.9487,-1.7112,7.8511,-1.0818,6.2574
152.609,-7.7395,4.9175,-1.7109,7.8826,-1.0826,6.2576
152.659,-7.7424,4.8968,-1.7108,7.9035,-1.0832,6.2578
152.709,-7.7454,4.876,-1.7106,7.9245,-1.0837,6.2579
152.76,-7.7497,4.8449,-1.7104,7.9559,-1.0845,6.2581
152.81,-7.7527,4.8241,-1.7103,7.9769,-1.085,6.2582
152.86,-7.757,4.7929,-1.7102,8.0084,-1.0858,6.2583
152.911,-7.7599,4.7722,-1.7101,8.0293,-1.0863,6.2584
152.961,-7.7629,4.7514,-1.71,8.0503,-1.0868,6.2585
153.011,-7.7672,4.7202,-1.7099,8.0818,-1.0876,6.2586
153.061,-7.7701,4.6994,-1.7098,8.1028,-1.0881,6.2586
153.112,-7.773,4.6787,-1.7098,8.1237,-1.0887,6.2587
153.162,-7.7774,4.6475,-1.7097,8.1552,-1.0894,6.2588
153.212,-7.7803,4.6267,-1.7096,8.1762,-1.0899,6.2588
153.263,-7.7847,4.5955,-1.7096,8.2077,-1.0907,6.2589
153.313,-7.7876,4.5747,-1.7095,8.2286,-1.0912,6.2589
153.363,-7.7905,4.554,-1.7095,8.2496,-1.0917,6.259
153.414,-7.7948,4.5228,-1.7095,8.2811,-1.0925,6.259
153.464,-7.7977,4.502,-1.7094,8.3021,-1.093,6.259
153.514,-7.8021,4.4708,-1.7094,8.3336,-1.0937,6.2591
153.564,-7.805,4.45,-1.7094,8.3545,-1.0943,6.2591
153.615,-7.8079,4.4292,-1.7093,8.3755,-1.0948,6.2591
153.665,-7.8122,4.398,-1.7093,8.407,-1.0955,6.2592
153.715,-7.8151,4.3772,-1.7093,8.428,-1.096,6.2592
153.765,-7.8195,4.346,-1.7092,8.4595,-1.0968,6.2592
153.816,-7.8224,4.3252,-1.7092,8.4805,-1.0973,6.2592
153.866,-7.8253,4.3044,-1.7092,8.5015,-1.0978,6.2593
153.916,-7.8296,4.2733,-1.7092,8.5329,-1.0985,6.2593
153.967,-7.8325,4.2525,-1.7091,8.5539,-1.099,6.2593
154.017,-7.8368,4.2213,-1.7091,8.5854,-1.0998,6.2593
154.067,-7.8397,4.2005,-1.7091,8.6064,-1.1003,6.2593
154.117,-7.8426,4.1797,-1.7091,8.6274,-1.1008,6.2593
154.168,-7.847,4.1485,-1.7091,8.6589,-1.1015,6.2594
154.218,-7.8499,4.1277,-1.7091,8.6799,-1.102,6.2594
154.268,-7.8542,4.0965,-1.7091,8.7114,-1.1028,6.2594
154.319,-7.8571,4.0757,-1.7091,8.7324,-1.1033,6.2594
154.369,-7.86,4.0549,-1.7091,8.7534,-1.1038,6.2594
154.419,-7.8643,4.0237,-1.709,8.7848,-1.1045,6.2594
154.469,-7.8672,4.0029,-1.709,8.8058,-1.105,6.2594
154.52,-7.8716,3.9717,-1.709,8.8373,-1.1058,6.2594
154.57,-7.8745,3.9509,-1.709,8.8583,-1.1063,6.2594
154.62,-7.8774,3.9301,-1.709,8.8793,-1.1068,6.2594
154.67,-7.8817,3.8989,-1.709,8.9108,-1.1075,6.2594
154.721,-7.8846,3.8781,-1.709,8.9318,-1.108,6.2594
154.771,-7.8889,3.8469,-1.709,8.9633,-1.1088,6.2595
154.821,-7.8918,3.8261,-1.709,8.9843,-1.1093,6.2595
154.871,-7.8947,3.8053,-1.709,9.0053,-1.1098,6.2595
154.922,-7.8991,3.7741,-1.709,9.0368,-1.1105,6.2595
154.972,-7.9019,3.7533,-1.709,9.0578,-1.111,6.2595
155.022,-7.9048,3.7325,-1.709,9.0787,-1.1115,6.2595
155.072,-7.9092,3.7013,-1.709,9.1102,-1.1123,6.2595
155.122,-7.9121,3.6805,-1.709,9.1312,-1.1128,6.2595
155.173,-7.9164,3.6493,-1.709,9.1627,-1.1135,6.2595
155.223,-7.9193,3.6285,-1.709,9.1837,-1.114,6.2595
155.273,-7.9222,3.6077,-1.709,9.2047,-1.1145,6.2595
155.323,-7.9265,3.5765,-1.709,9.2362,-1.1152,6.2595
155.374,-7.9294,3.5557,-1.709,9.2572,-1.1157,6.2595
155.424,-7.9338,3.5245,-1.709,9.2887,-1.1165,6.2595
155.474,-7.9367,3.5037,-1.709,9.3097,-1.117,6.2595
155.524,-7.9395,3.4829,-1.709,9.3307,-1.1175,6.2595
155.575,-7.9439,3.4517,-1.709,9.3622,-1.1182,6.2595
155.625,-7.9468,3.4309,-1.709,9.3832,-1.1187,6.2595
155.675,-7.9511,3.3997,-1.709,9.4146,-1.1195,6.2595
155.726,-7.954,3.3789,-1.709,9.4356,-1.12,6.2595
155.776,-7.9569,3.3581,-1.709,9.4566,-1.1205,6.2595
155.826,-7.9612,3.3269,-1.709,9.4881,-1.1212,6.2595
155.876,-7.9641,3.3061,-1.709,9.5091,-1.1217,6.2595
155.927,-7.967,3.2853,-1.709,9.5406,-1.1225,6.2595
155.977,-7.9714,3.2541,-1.709,9.5616,-1.123,6.2595
156.027,-7.9743,3.2333,-1.709,9.5826,-1.1235,6.2595
156.077,-7.9786,3.2021,-1.709,9.6141,-1.1242,6.2595
156.127,-7.9815,3.1813,-1.7089,9.6351,-1.1247,6.2595
156.178,-7.9844,3.1605,-1.7089,9.6561,-1.1252,6.2595
156.228,-7.9887,3.1293,-1.7089,9.6876,-1.1259,6.2595
156.278,-7.9916,3.1085,-1.7089,9.7086,-1.1264,6.2595
156.329,-7.9959,3.0773,-1.7089,9.7401,-1.1272,6.2595
156.379,-7.9988,3.0565,-1.7089,9.761,-1.1277,6.2595
156.429,-8.0017,3.0357,-1.7089,9.782,-1.1282,6.2595
156.48,-8.0061,3.0045,-1.7089,9.8135,-1.1289,6.2595
156.53,-8.009,2.9837,-1.7089,9.8345,-1.1294,6.2595
156.58,-8.0133,2.9525,-1.7089,9.866,-1.1302,6.2595
156.631,-8.0162,2.9317,-1.7089,9.887,-1.1307,6.2595
156.681,-8.0191,2.9109,-1.7089,9.908,-1.1312,6.2595
156.731,-8.0234,2.8797,-1.7089,9.9395,-1.1319,6.2595
156.781,-8.0263,2.8589,-1.7089,9.9605,-1.1324,6.2595
156.832,-8.0306,2.8277,-1.7089,9.992,-1.1332,6.2595
156.882,-8.0335,2.8069,-1.7089,10.013,-1.1336,6.2595
156.932,-8.0364,2.7861,-1.7089,10.034,-1.1341,6.2595
156.982,-8.0408,2.7549,-1.7089,10.0655,-1.1349,6.2595
157.033,-8.0437,2.7341,-1.7089,10.0865,-1.1354,6.2595
157.083,-8.048,2.7029,-1.7089,10.1179,-1.1361,6.2595
157.133,-8.0509,2.6821,-1.7089,10.1389,-1.1366,6.2595
157.183,-8.0538,2.6613,-1.7089,10.1599,-1.1371,6.2595
157.234,-8.0581,2.6301,-1.7089,10.1914,-1.1379,6.2595
157.284,-8.061,2.6093,-1.7089,10.2124,-1.1384,6.2595
157.334,-8.0653,2.5781,-1.7089,10.2439,-1.1391,6.2595
157.385,-8.0682,2.5573,-1.7089,10.2649,-1.1396,6.2595
157.435,-8.0711,2.5365,-1.7089,10.2859,-1.1401,6.2595
157.485,-8.0755,2.5053,-1.7089,10.3174,-1.1409,6.2595
157.536,-8.0784,2.4845,-1.7089,10.3384,-1.1414,6.2595
157.586,-8.0827,2.4533,-1.7089,10.3699,-1.1421,6.2595
157.636,-8.0856,2.4325,-1.7089,10.3909,-1.1426,6.2595
157.686,-8.0885,2.4117,-1.7089,10.4119,-1.1431,6.2595
157.737,-8.0928,2.3805,-1.7089,10.4434,-1.1438,6.2595
157.787,-8.0957,2.3597,-1.7089,10.4643,-1.1443,6.2595
157.837,-8.1001,2.3285,-1.7089,10.4958,-1.1451,6.2595
157.887,-8.1024,2.3089,-1.7087,10.5105,-1.1454,6.2703
157.938,-8.1039,2.2975,-1.7031,10.5168,-1.1454,-6.2709
157.988,-8.1051,2.2875,-1.6719,10.5263,-1.1451,-6.2331
158.038,-8.1056,2.2813,-1.6495,10.5326,-1.1447,-6.2079
158.088,-8.1061,2.2751,-1.6268,10.5388,-1.1442,-6.1827
158.139,-8.1064,2.2659,-1.5926,10.5482,-1.143,-6.1449
158.189,-8.1065,2.2598,-1.5697,10.5545,-1.1421,-6.1197
158.239,-8.1064,2.2507,-1.535,10.5637,-1.1404,-6.0819
158.291,-8.1061,2.2447,-1.5119,10.5699,-1.139,-6.0567
158.341,-8.1054,2.2356,-1.4769,10.5791,-1.1368,-6.0189
158.391,-8.1048,2.2296,-1.4534,10.5851,-1.135,-5.9937
158.442,-8.104,2.2236,-1.4297,10.5911,-1.1332,-5.9685
158.492,-8.1025,2.2143,-1.3937,10.6001,-1.1301,-5.9307
158.542,-8.1013,2.208,-1.3694,10.606,-1.1278,-5.9055
158.592,-8.0998,2.2015,-1.345,10.6118,-1.1254,-5.8803
158.643,-8.0973,2.1915,-1.3077,10.6204,-1.1215,-5.8425
158.693,-8.0954,2.1847,-1.2826,10.6261,-1.1188,-5.8173
158.743,-8.0922,2.1746,-1.2448,10.6344,-1.1144,-5.7795
158.793,-8.0898,2.1679,-1.2196,10.6399,-1.1113,-5.7543
158.844,-8.0873,2.1613,-1.1944,10.6453,-1.108,-5.7291
158.894,-8.0833,2.1516,-1.1566,10.6532,-1.1029,-5.6913
158.944,-8.0804,2.1451,-1.1314,10.6584,-1.0993,-5.6661
158.994,-8.0757,2.1356,-1.0936,10.666,-1.0937,-5.6283
159.045,-8.0724,2.1294,-1.0684,10.671,-1.0898,-5.6031
159.095,-8.0689,2.1233,-1.0432,10.6758,-1.0858,-5.5779
159.145,-8.0636,2.1142,-1.0054,10.6829,-1.0795,-5.5401
159.195,-8.0601,2.1083,-0.9802,10.6875,-1.0752,-5.5149
159.246,-8.0548,2.0996,-0.9424,10.6942,-1.0685,-5.4771
159.296,-8.0513,2.094,-0.9174,10.6985,-1.0639,-5.4519
159.346,-8.0479,2.0885,-0.8926,10.7026,-1.0592,-5.4267
159.397,-8.0424,2.0805,-0.8554,10.7087,-1.0519,-5.3889
159.447,-8.0385,2.0754,-0.8306,10.7127,-1.0468,-5.3637
159.497,-8.0319,2.0679,-0.7929,10.7191,-1.0381,-5.3259
159.547,-8.027,2.063,-0.7678,10.7234,-1.0318,-5.3007
159.597,-8.0215,2.0579,-0.7427,10.7279,-1.0249,-5.2755
159.648,-8.0126,2.05,-0.705,10.7346,-1.0138,-5.2377
159.698,-8.0062,2.0446,-0.6799,10.7391,-1.0059,-5.2125
159.748,-7.9955,2.0363,-0.6423,10.7459,-0.9928,-5.1747
159.799,-7.9878,2.0306,-0.6172,10.7503,-0.9836,-5.1495
159.849,-7.9795,2.0249,-0.5922,10.7548,-0.9738,-5.1243
159.899,-7.9662,2.0162,-0.5544,10.7612,-0.9581,-5.0865
159.949,-7.9568,2.0104,-0.5292,10.7654,-0.9472,-5.0613
160.0,-7.9468,2.0045,-0.504,10.7694,-0.9356,-5.0361
160.05,-7.9309,1.9954,-0.4662,10.7752,-0.9173,-4.9983
160.1,-7.9197,1.9893,-0.441,10.7787,-0.9046,-4.9731
160.151,-7.9017,1.9803,-0.4032,10.7837,-0.8844,-4.9353
160.201,-7.8891,1.9746,-0.3783,10.7867,-0.8704,-4.9106
160.251,-7.8757,1.9691,-0.3542,10.7895,-0.8558,-4.8871
160.301,-7.8543,1.9613,-0.3196,10.7931,-0.833,-4.8549
160.352,-7.8394,1.9564,-0.2975,10.7952,-0.8174,-4.8351
160.402,-7.8158,1.9495,-0.2675,10.7979,-0.7929,-4.8087
160.452,-7.7996,1.9452,-0.2491,10.7993,-0.7762,-4.7927
160.503,-7.783,1.9411,-0.2327,10.8006,-0.759,-4.7782
160.553,-7.7573,1.9353,-0.2102,10.8021,-0.7327,-4.7585
160.603,-7.7399,1.9317,-0.1967,10.8028,-0.7148,-4.7466
160.654,-7.7132,1.9266,-0.1793,10.8035,-0.6875,-4.7307
160.704,-7.6951,1.9234,-0.1692,10.8037,-0.669,-4.7211
160.754,-7.6769,1.9204,-0.1604,10.8038,-0.6503,-4.7124
160.805,-7.6492,1.9161,-0.1484,10.8036,-0.6219,-4.7004
160.855,-7.6306,1.9133,-0.141,10.8033,-0.6028,-4.6931
160.905,-7.6022,1.9095,-0.1311,10.8026,-0.5739,-4.6831
160.955,-7.5831,1.907,-0.125,10.802,-0.5545,-4.6771
161.006,-7.5639,1.9046,-0.1195,10.8013,-0.535,-4.6715
161.056,-7.5348,1.9013,-0.1117,10.7999,-0.5055,-4.6638
161.106,-7.5153,1.8991,-0.1069,10.7989,-0.4858,-4.659
161.157,-7.4858,1.896,-0.1003,10.7973,-0.456,-4.6526
161.207,-7.4659,1.8941,-0.0959,10.796,-0.436,-4.6487
161.257,-7.446,1.8922,-0.0918,10.7947,-0.416,-4.6452
161.308,-7.4158,1.8895,-0.0862,10.7926,-0.3858,-4.6403
161.358,-7.3957,1.8878,-0.0828,10.7911,-0.3657,-4.6373
161.408,-7.3653,1.8853,-0.0785,10.7888,-0.3353,-4.6334
161.458,-7.3449,1.8837,-0.0761,10.7871,-0.315,-4.631
161.509,-7.3244,1.8822,-0.0739,10.7854,-0.2946,-4.6288
161.559,-7.2937,1.88,-0.0708,10.7828,-0.264,-4.6259
161.609,-7.2732,1.8785,-0.0689,10.781,-0.2435,-4.624
161.659,-7.2424,1.8765,-0.0661,10.7783,-0.2128,-4.6216
161.709,-7.2218,1.8751,-0.0644,10.7764,-0.1923,-4.6201
161.76,-7.2012,1.8738,-0.0629,10.7745,-0.1717,-4.6187
161.81,-7.1703,1.8719,-0.061,10.7715,-0.1408,-4.6169
161.86,-7.1497,1.8706,-0.0599,10.7696,-0.1202,-4.6158
161.91,-7.1187,1.8688,-0.0583,10.7665,-0.0893,-4.6143
161.961,-7.098,1.8676,-0.0574,10.7645,-0.0686,-4.6133
162.011,-7.0773,1.8664,-0.0566,10.7624,-0.0479,-4.6125
162.061,-7.0462,1.8647,-0.0554,10.7593,-0.0169,-4.6113
162.112,-7.0254,1.8635,-0.0547,10.7572,0.0038,-4.6106
162.162,-7.0046,1.8624,-0.054,10.7551,0.0245,-4.6099
162.212,-6.9734,1.8607,-0.0531,10.7519,0.0556,-4.609
162.262,-6.9526,1.8596,-0.0525,10.7497,0.0764,-4.6084
162.312,-6.9214,1.858,-0.0516,10.7464,0.1075,-4.6076
162.363,-6.9005,1.8569,-0.0511,10.7442,0.1282,-4.6072
162.413,-6.8797,1.8559,-0.0506,10.7421,0.149,-4.6068
162.463,-6.8483,1.8543,-0.05,10.7387,0.1802,-4.6062
162.514,-6.8275,1.8532,-0.0496,10.7365,0.201,-4.6058
162.564,-6.7961,1.8517,-0.0492,10.7332,0.2322,-4.6054
162.614,-6.7752,1.8507,-0.0489,10.7309,0.253,-4.6051
162.665,-6.7543,1.8497,-0.0486,10.7287,0.2738,-4.6048
162.715,-6.7229,1.8481,-0.0482,10.7253,0.305,-4.6045
162.765,-6.702,1.8471,-0.048,10.7231,0.3259,-4.6043
162.815,-6.6706,1.8456,-0.0477,10.7197,0.3571,-4.604
162.866,-6.6497,1.8446,-0.0475,10.7174,0.3779,-4.6038
162.916,-6.6287,1.8436,-0.0473,10.7151,0.3988,-4.6036
162.966,-6.5973,1.8421,-0.0471,10.7117,0.43,-4.6034
163.016,-6.5764,1.8412,-0.047,10.7094,0.4508,-4.6032
163.067,-6.545,1.8397,-0.0468,10.706,0.4821,-4.6031
163.117,-6.524,1.8387,-0.0467,10.7037,0.503,-4.6029
163.167,-6.5031,1.8377,-0.0466,10.7014,0.5238,-4.6028
163.217,-6.4717,1.8363,-0.0464,10.698,0.5551,-4.6027
163.268,-6.4507,1.8353,-0.0463,10.6957,0.5759,-4.6026
163.318,-6.4298,1.8343,-0.0462,10.6934,0.5968,-4.6025
163.368,-6.3983,1.8329,-0.0461,10.6899,0.6281,-4.6024
163.419,-6.3774,1.8319,-0.046,10.6876,0.6489,-4.6023
163.469,-6.3459,1.8305,-0.0459,10.6842,0.6802,-4.6022
163.519,-6.325,1.8295,-0.0459,10.6818,0.7011,-4.6022
163.569,-6.304,1.8285,-0.0458,10.6795,0.7219,-4.6021
163.62,-6.2725,1.8271,-0.0457,10.6761,0.7532,-4.6021
163.67,-6.2516,1.8261,-0.0457,10.6738,0.7741,-4.602
163.72,-6.2201,1.8247,-0.0456,10.6703,0.8054,-4.602
163.77,-6.1992,1.8237,-0.0456,10.668,0.8262,-4.6019
163.821,-6.1782,1.8228,-0.0456,10.6657,0.8471,-4.6019
163.871,-6.1467,1.8214,-0.0455,10.6622,0.8784,-4.6019
163.921,-6.1258,1.8204,-0.0455,10.6599,0.8992,-4.6018
163.971,-6.1048,1.8194,-0.0455,10.6576,0.9201,-4.6018
164.021,-6.0733,1.818,-0.0454,10.6541,0.9514,-4.6018
164.072,-6.0524,1.8171,-0.0454,10.6518,0.9723,-4.6017
164.122,-6.0209,1.8156,-0.0454,10.6483,1.0036,-4.6017
164.172,-5.9999,1.8147,-0.0454,10.646,1.0244,-4.6017
164.223,-5.9789,1.8137,-0.0454,10.6436,1.0453,-4.6017
164.273,-5.9475,1.8123,-0.0453,10.6402,1.0766,-4.6017
164.323,-5.9265,1.8113,-0.0453,10.6378,1.0975,-4.6016
164.374,-5.895,1.8099,-0.0453,10.6344,1.1288,-4.6016
164.424,-5.8741,1.809,-0.0453,10.632,1.1497,-4.6016
164.474,-5.8531,1.808,-0.0453,10.6297,1.1705,-4.6016
164.525,-5.8216,1.8066,-0.0453,10.6262,1.2018,-4.6016
164.575,-5.8007,1.8056,-0.0453,10.6239,1.2227,-4.6016
164.625,-5.7692,1.8042,-0.0452,10.6204,1.254,-4.6016
164.675,-5.7482,1.8033,-0.0452,10.6181,1.2749,-4.6016
164.726,-5.7272,1.8023,-0.0452,10.6158,1.2957,-4.6016
164.776,-5.6958,1.8009,-0.0452,10.6123,1.327,-4.6015
164.826,-5.6748,1.7999,-0.0452,10.61,1.3479,-4.6015
164.876,-5.6433,1.7985,-0.0452,10.6065,1.3792,-4.6015
164.927,-5.6224,1.7976,-0.0452,10.6042,1.4001,-4.6015
164.977,-5.6014,1.7966,-0.0452,10.6019,1.421,-4.6015
165.027,-5.5699,1.7952,-0.0452,10.5984,1.4523,-4.6015
165.077,-5.5489,1.7943,-0.0452,10.596,1.4731,-4.6015
165.128,-5.5175,1.7928,-0.0452,10.5926,1.5044,-4.6015
165.178,-5.4965,1.7919,-0.0452,10.5902,1.5253,-4.6015
165.228,-5.4755,1.7909,-0.0452,10.5879,1.5462,-4.6015
165.278,-5.444,1.7895,-0.0452,10.5844,1.5775,-4.6015
165.329,-5.4231,1.7886,-0.0452,10.5821,1.5983,-4.6015
165.379,-5.3916,1.7871,-0.0452,10.5786,1.6297,-4.6015
165.429,-5.3706,1.7862,-0.0452,10.5763,1.6505,-4.6015
165.479,-5.3496,1.7852,-0.0452,10.574,1.6714,-4.6015
165.53,-5.3182,1.7838,-0.0452,10.5705,1.7027,-4.6015
165.58,-5.2972,1.7829,-0.0452,10.5682,1.7236,-4.6015
165.63,-5.2762,1.7819,-0.0452,10.5658,1.7444,-4.6015
165.681,-5.2448,1.7805,-0.0452,10.5623,1.7757,-4.6015
165.731,-5.2238,1.7796,-0.0452,10.56,1.7966,-4.6015
165.781,-5.1923,1.7781,-0.0452,10.5565,1.8279,-4.6015
165.831,-5.1713,1.7772,-0.0452,10.5542,1.8488,-4.6015
165.882,-5.1503,1.7762,-0.0452,10.5519,1.8697,-4.6015
165.932,-5.1189,1.7748,-0.0451,10.5484,1.901,-4.6015
165.982,-5.0979,1.7739,-0.0451,10.5461,1.9218,-4.6015
166.032,-5.0664,1.7724,-0.0451,10.5426,1.9531,-4.6015
166.083,-5.0455,1.7715,-0.0451,10.5403,1.974,-4.6015
166.133,-5.0245,1.7705,-0.0451,10.5379,1.9949,-4.6015
166.183,-4.993,1.7691,-0.0451,10.5345,2.0262,-4.6015
166.233,-4.972,1.7682,-0.0451,10.5321,2.0471,-4.6015
166.283,-4.9406,1.7668,-0.0451,10.5286,2.0784,-4.6015
166.334,-4.9196,1.7658,-0.0451,10.5263,2.0992,-4.6015
166.384,-4.8986,1.7649,-0.0451,10.524,2.1201,-4.6015
166.434,-4.8671,1.7634,-0.0451,10.5205,2.1514,-4.6015
166.484,-4.8462,1.7625,-0.0451,10.5182,2.1723,-4.6015
166.535,-4.8147,1.7611,-0.0451,10.5147,2.2036,-4.6015
166.585,-4.7937,1.7601,-0.0451,10.5124,2.2245,-4.6015
166.635,-4.7727,1.7592,-0.0451,10.51,2.2453,-4.6015
166.685,-4.7413,1.7578,-0.0451,10.5066,2.2766,-4.6015
166.736,-4.7203,1.7568,-0.0451,10.5042,2.2975,-4.6015
166.786,-4.6888,1.7554,-0.0451,10.5019,2.3184,-4.6015
166.836,-4.6678,1.7544,-0.0451,10.4984,2.3497,-4.6015
166.886,-4.6469,1.7535,-0.0451,10.4961,2.3706,-4.6015
166.936,-4.6154,1.7521,-0.0451,10.4926,2.4019,-4.6015
166.987,-4.5944,1.7511,-0.0451,10.4903,2.4227,-4.6015
167.037,-4.5734,1.7502,-0.0451,10.488,2.4436,-4.6015
167.087,-4.542,1.7488,-0.0451,10.4845,2.4749,-4.6015
167.138,-4.521,1.7478,-0.0451,10.4821,2.4958,-4.6015
167.188,-4.4895,1.7464,-0.0451,10.4787,2.5271,-4.6015
167.238,-4.4685,1.7454,-0.0451,10.4763,2.548,-4.6015
167.288,-4.4476,1.7445,-0.0451,10.474,2.5688,-4.6015
167.339,-4.4161,1.7431,-0.0451,10.4705,2.6001,-4.6015
167.389,-4.3951,1.7421,-0.0451,10.4682,2.621,-4.6015
167.439,-4.3637,1.7407,-0.0451,10.4647,2.6523,-4.6015
167.49,-4.3427,1.7398,-0.0451,10.4624,2.6732,-4.6015
167.54,-4.3217,1.7388,-0.0451,10.4601,2.6941,-4.6015
167.59,-4.2902,1.7374,-0.0451,10.4566,2.7254,-4.6015
167.64,-4.2693,1.7364,-0.0451,10.4543,2.7462,-4.6015
167.691,-4.2378,1.735,-0.0451,10.4508,2.7775,-4.6015
167.741,-4.2168,1.7341,-0.0451,10.4484,2.7984,-4.6015
167.791,-4.1958,1.7331,-0.0451,10.4461,2.8193,-4.6015
167.841,-4.1644,1.7317,-0.0451,10.4426,2.8506,-4.6015
167.892,-4.1434,1.7307,-0.0451,10.4403,2.8715,-4.6015
167.942,-4.1119,1.7293,-0.0451,10.4368,2.9028,-4.6015
167.992,-4.0909,1.7284,-0.0451,10.4345,2.9236,-4.6015
168.042,-4.07,1.7274,-0.0451,10.4322,2.9445,-4.6015
168.093,-4.0385,1.726,-0.0451,10.4287,2.9758,-4.6015
168.143,-4.0175,1.7251,-0.0451,10.4264,2.9967,-4.6015
168.193,-3.986,1.7236,-0.0451,10.4229,3.028,-4.6015
168.243,-3.9651,1.7227,-0.0451,10.4205,3.0489,-4.6015
168.293,-3.9441,1.7217,-0.0451,10.4182,3.0697,-4.6015
168.344,-3.9126,1.7203,-0.0451,10.4147,3.101,-4.6015
168.394,-3.8916,1.7194,-0.0451,10.4124,3.1219,-4.6015
168.444,-3.8707,1.7184,-0.0451,10.4101,3.1428,-4.6015
168.495,-3.8392,1.717,-0.0451,10.4066,3.1741,-4.6015
168.545,-3.8182,1.7161,-0.0451,10.4043,3.195,-4.6015
168.595,-3.7867,1.7146,-0.0451,10.4008,3.2263,-4.6015
168.645,-3.7658,1.7137,-0.0451,10.3985,3.2471,-4.6015
168.695,-3.7448,1.7127,-0.0451,10.3961,3.268,-4.6015
168.746,-3.7133,1.7113,-0.0451,10.3926,3.2993,-4.6015
168.796,-3.6923,1.7104,-0.0451,10.3903,3.3202,-4.6015
168.846,-3.6609,1.709,-0.0451,10.3868,3.3515,-4.6015
168.897,-3.6399,1.708,-0.0451,10.3845,3.3724,-4.6015
168.947,-3.6189,1.7071,-0.0451,10.3822,3.3932,-4.6015
168.997,-3.5874,1.7056,-0.0451,10.3787,3.4245,-4.6015
169.048,-3.5665,1.7047,-0.0451,10.3764,3.4454,-4.6015
169.098,-3.535,1.7033,-0.0451,10.3729,3.4767,-4.6015
169.148,-3.514,1.7023,-0.0451,10.3706,3.4976,-4.6015
169.198,-3.493,1.7014,-0.0451,10.3682,3.5185,-4.6015
169.249,-3.4616,1.7,-0.0451,10.3647,3.5498,-4.6015
169.299,-3.4406,1.699,-0.0451,10.3624,3.5706,-4.6015
169.349,-3.4091,1.6976,-0.0451,10.3589,3.6019,-4.6015
169.399,-3.3881,1.6966,-0.0451,10.3566,3.6228,-4.6015
169.45,-3.3672,1.6957,-0.0451,10.3543,3.6437,-4.6015
169.5,-3.3357,1.6943,-0.0451,10.3508,3.675,-4.6015
169.55,-3.3147,1.6933,-0.0451,10.3485,3.6959,-4.6015
169.6,-3.2833,1.6919,-0.0451,10.345,3.7272,-4.6015
169.651,-3.2623,1.691,-0.0451,10.3427,3.748,-4.6015
169.701,-3.2413,1.69,-0.0451,10.3403,3.7689,-4.6015
169.751,-3.2098,1.6886,-0.0451,10.3369,3.8002,-4.6015
169.801,-3.1889,1.6876,-0.0451,10.3345,3.8211,-4.6015
169.852,-3.1679,1.6867,-0.0451,10.3322,3.842,-4.6015
169.902,-3.1364,1.6853,-0.0451,10.3287,3.8733,-4.6015
169.952,-3.1154,1.6843,-0.0451,10.3264,3.8941,-4.6015
170.002,-3.084,1.6829,-0.0451,10.3229,3.9254,-4.6015
170.053,-3.063,1.6819,-0.0451,10.3206,3.9463,-4.6015
170.103,-3.042,1.681,-0.0451,10.3183,3.9672,-4.6015
170.153,-3.0105,1.6796,-0.0451,10.3148,3.9985,-4.6015
170.203,-2.9896,1.6786,-0.0451,10.3124,4.0194,-4.6015
170.254,-2.9581,1.6772,-0.0451,10.309,4.0507,-4.6015
170.304,-2.9371,1.6763,-0.0451,10.3066,4.0715,-4.6015
170.354,-2.9161,1.6753,-0.0451,10.3043,4.0924,-4.6015
170.405,-2.8847,1.6739,-0.0451,10.3008,4.1237,-4.6015
170.455,-2.8637,1.6729,-0.0451,10.2985,4.1446,-4.6015
170.505,-2.8322,1.6715,-0.0451,10.295,4.1759,-4.6015
170.555,-2.8112,1.6706,-0.0451,10.2927,4.1968,-4.6015
170.606,-2.7903,1.6696,-0.0451,10.2904,4.2176,-4.6015
170.656,-2.7588,1.6682,-0.0451,10.2869,4.2489,-4.6015
170.706,-2.7378,1.6673,-0.0451,10.2845,4.2698,-4.6015
170.756,-2.7063,1.6658,-0.0451,10.2811,4.3011,-4.6015
170.807,-2.6854,1.6649,-0.0451,10.2787,4.322,-4.6015
170.857,-2.6644,1.6639,-0.0451,10.2764,4.3429,-4.6015
170.907,-2.6329,1.6625,-0.0451,10.2729,4.3742,-4.6015
170.957,-2.6119,1.6616,-0.0451,10.2706,4.395,-4.6015
171.008,-2.5805,1.6602,-0.0451,10.2671,4.4264,-4.6015
171.058,-2.5595,1.6592,-0.0451,10.2648,4.4472,-4.6015
171.108,-2.5385,1.6583,-0.0451,10.2625,4.4681,-4.6015
171.158,-2.507,1.6568,-0.0451,10.259,4.4994,-4.6015
171.209,-2.4861,1.6559,-0.0451,10.2566,4.5203,-4.6015
171.259,-2.4546,1.6545,-0.0451,10.2532,4.5516,-4.6015
171.309,-2.4336,1.6535,-0.0451,10.2508,4.5724,-4.6015
171.359,-2.4126,1.6526,-0.0451,10.2485,4.5933,-4.6015
171.41,-2.3812,1.6512,-0.0451,10.245,4.6246,-4.6015
171.46,-2.3602,1.6502,-0.0451,10.2427,4.6455,-4.6015
171.51,-2.3392,1.6493,-0.0451,10.2404,4.6664,-4.6015
171.56,-2.3078,1.6478,-0.0451,10.2369,4.6977,-4.6015
171.611,-2.2868,1.6469,-0.0451,10.2346,4.7185,-4.6015
171.661,-2.2553,1.6455,-0.0451,10.2311,4.7499,-4.6015
171.711,-2.2343,1.6445,-0.0451,10.2288,4.7707,-4.6015
171.761,-2.2133,1.6436,-0.0451,10.2264,4.7916,-4.6015
171.812,-2.1819,1.6421,-0.0451,10.2229,4.8229,-4.6015
171.862,-2.1609,1.6412,-0.0451,10.2206,4.8438,-4.6015
171.912,-2.1294,1.6398,-0.0451,10.2171,4.8751,-4.6015
171.962,-2.1085,1.6388,-0.0451,10.2148,4.8959,-4.6015
172.013,-2.0875,1.6379,-0.0451,10.2125,4.9168,-4.6015
172.063,-2.056,1.6365,-0.0451,10.209,4.9481,-4.6015
172.113,-2.035,1.6355,-0.0451,10.2067,4.969,-4.6015
172.163,-2.0036,1.6341,-0.0451,10.2032,5.0003,-4.6015
172.214,-1.9826,1.6331,-0.0451,10.2009,5.0212,-4.6015
172.264,-1.9616,1.6322,-0.0451,10.1985,5.042,-4.6015
172.314,-1.9301,1.6308,-0.0451,10.195,5.0734,-4.6015
172.364,-1.9092,1.6298,-0.0451,10.1927,5.0942,-4.6015
172.415,-1.8777,1.6284,-0.0451,10.1892,5.1255,-4.6015
172.465,-1.8567,1.6275,-0.0451,10.1869,5.1464,-4.6015
172.515,-1.8357,1.6265,-0.0451,10.1846,5.1673,-4.6015
172.565,-1.8043,1.6251,-0.0451,10.1811,5.1986,-4.6015
172.616,-1.7833,1.6241,-0.0451,10.1788,5.2194,-4.6015
172.666,-1.7518,1.6227,-0.0451,10.1753,5.2508,-4.6015
172.716,-1.7308,1.6218,-0.0451,10.173,5.2716,-4.6015
172.766,-1.7099,1.6208,-0.0451,10.1706,5.2925,-4.6015
172.817,-1.6784,1.6194,-0.0451,10.1671,5.3238,-4.6015
172.867,-1.6574,1.6185,-0.0451,10.1648,5.3447,-4.6015
172.917,-1.6364,1.6175,-0.0451,10.1625,5.3655,-4.6015
172.967,-1.605,1.6161,-0.0451,10.159,5.3968,-4.6015
173.018,-1.584,1.6151,-0.0451,10.1567,5.4177,-4.6015
173.068,-1.5525,1.6137,-0.0451,10.1532,5.449,-4.6015
173.118,-1.5315,1.6128,-0.0451,10.1509,5.4699,-4.6015
173.168,-1.5106,1.6118,-0.0451,10.1485,5.4908,-4.6015
173.219,-1.4791,1.6104,-0.0451,10.1451,5.5221,-4.6015
173.269,-1.4581,1.6095,-0.0451,10.1427,5.5429,-4.6015
173.319,-1.4266,1.608,-0.0451,10.1392,5.5743,-4.6015
173.369,-1.4057,1.6071,-0.0451,10.1369,5.5951,-4.6015
173.419,-1.3847,1.6061,-0.0451,10.1346,5.616,-4.6015
173.47,-1.3532,1.6047,-0.0451,10.1311,5.6473,-4.6015
173.52,-1.3322,1.6038,-0.0451,10.1288,5.6682,-4.6015
173.57,-1.3008,1.6024,-0.0451,10.1253,5.6995,-4.6015
173.62,-1.2798,1.6014,-0.0451,10.123,5.7203,-4.6015
173.671,-1.2588,1.6005,-0.0451,10.1207,5.7412,-4.6015
173.721,-1.2274,1.599,-0.0451,10.1172,5.7725,-4.6015
173.771,-1.2064,1.5981,-0.0451,10.1148,5.7934,-4.6015
173.821,-1.1749,1.5967,-0.0451,10.1114,5.8247,-4.6015
173.871,-1.1539,1.5957,-0.0451,10.109,5.8456,-4.6015
173.922,-1.1329,1.5948,-0.0451,10.1067,5.8664,-4.6015
173.972,-1.1015,1.5933,-0.0451,10.1032,5.8978,-4.6015
174.022,-1.0805,1.5924,-0.0451,10.1009,5.9186,-4.6015
174.072,-1.0595,1.5915,-0.0451,10.0986,5.9395,-4.6015
174.123,-1.0281,1.59,-0.0451,10.0951,5.9708,-4.6015
174.173,-1.0071,1.5891,-0.0451,10.0928,5.9917,-4.6015
174.223,-0.9756,1.5877,-0.0451,10.0893,6.023,-4.6015
174.273,-0.9546,1.5867,-0.0451,10.0869,6.0438,-4.6015
174.323,-0.9337,1.5858,-0.0451,10.0846,6.0647,-4.6015
174.374,-0.9022,1.5843,-0.0451,10.0811,6.096,-4.6015
174.424,-0.8812,1.5834,-0.0451,10.0788,6.1169,-4.6015
174.474,-0.8497,1.582,-0.0451,10.0753,6.1482,-4.6015
174.524,-0.8288,1.581,-0.0451,10.073,6.1691,-4.6015
174.575,-0.8078,1.5801,-0.0451,10.0707,6.1899,-4.6015
174.625,-0.7763,1.5787,-0.0451,10.0672,6.2213,-4.6015
174.675,-0.7553,1.5777,-0.0451,10.0649,6.2421,-4.6015
174.725,-0.7239,1.5763,-0.0451,10.0614,6.2734,-4.6015
174.775,-0.7029,1.5753,-0.0451,10.059,6.2943,-4.6015
174.826,-0.6819,1.5744,-0.0451,10.0567,6.3152,-4.6015
174.876,-0.6504,1.573,-0.0451,10.0532,6.3465,-4.6015
174.926,-0.6295,1.572,-0.0451,10.0509,6.3673,-4.6015
174.976,-0.598,1.5706,-0.0451,10.0474,6.3987,-4.6015
175.026,-0.577,1.5697,-0.0451,10.0451,6.4195,-4.6015
175.076,-0.556,1.5687,-0.0451,10.0428,6.4404,-4.6015
175.127,-0.5246,1.5673,-0.0451,10.0393,6.4717,-4.6015
175.177,-0.5036,1.5663,-0.0451,10.037,6.4926,-4.6015
175.227,-0.4826,1.5654,-0.0451,10.0346,6.5134,-4.6015
175.277,-0.4511,1.564,-0.0451,10.0311,6.5448,-4.6015
175.328,-0.4302,1.563,-0.0451,10.0288,6.5656,-4.6015
175.378,-0.3987,1.5616,-0.0451,10.0253,6.5969,-4.6015
175.428,-0.3777,1.5607,-0.0451,10.023,6.6178,-4.6015
175.478,-0.3567,1.5597,-0.0451,10.0207,6.6387,-4.6015
175.529,-0.3253,1.5583,-0.0451,10.0172,6.67,-4.6015
175.579,-0.3043,1.5573,-0.0451,10.0149,6.6908,-4.6015
175.629,-0.2728,1.5559,-0.0451,10.0114,6.7222,-4.6015
175.68,-0.2518,1.555,-0.0451,10.0091,6.743,-4.6015
175.73,-0.2309,1.554,-0.0451,10.0067,6.7639,-4.6015
175.78,-0.1994,1.5526,-0.0451,10.0033,6.7952,-4.6015
175.83,-0.1784,1.5517,-0.0451,10.0009,6.8161,-4.6015
175.881,-0.147,1.5502,-0.0451,9.9974,6.8474,-4.6015
175.931,-0.126,1.5493,-0.0451,9.9951,6.8682,-4.6015
175.981,-0.105,1.5483,-0.0451,9.9928,6.8891,-4.6015
176.031,-0.0735,1.5469,-0.0451,9.9893,6.9204,-4.6015
176.082,-0.0526,1.546,-0.0451,9.987,6.9413,-4.6015
176.132,-0.0211,1.5445,-0.0451,9.9835,6.9726,-4.6015
176.182,-0.0001,1.5436,-0.0451,9.9812,6.9935,-4.6015
176.232,0.0209,1.5427,-0.0451,9.9788,7.0143,-4.6015
176.283,0.0523,1.5412,-0.0451,9.9754,7.0457,-4.6015
176.333,0.0733,1.5403,-0.0451,9.973,7.0665,-4.6015
176.383,0.1048,1.5389,-0.0451,9.9695,7.0978,-4.6015
176.434,0.1258,1.5379,-0.0451,9.9672,7.1187,-4.6015
176.484,0.1467,1.537,-0.0451,9.9649,7.1396,-4.6015
176.534,0.1782,1.5355,-0.0451,9.9614,7.1709,-4.6015
176.585,0.1992,1.5346,-0.0451,9.9591,7.1917,-4.6015
176.635,0.2307,1.5332,-0.0451,9.9556,7.2231,-4.6015
176.685,0.2516,1.5322,-0.0451,9.9533,7.2439,-4.6015
176.736,0.2726,1.5313,-0.0451,9.9509,7.2648,-4.6015
176.786,0.3041,1.5299,-0.0451,9.9475,7.2961,-4.6015
176.836,0.3251,1.5289,-0.0451,9.9451,7.317,-4.6015
176.886,0.346,1.528,-0.0451,9.9428,7.3378,-4.6015
176.937,0.3775,1.5265,-0.0451,9.9393,7.3692,-4.6015
176.987,0.3985,1.5256,-0.0451,9.937,7.39,-4.6015
177.037,0.43,1.5242,-0.0451,9.9335,7.4213,-4.6015
177.088,0.4509,1.5232,-0.0451,9.9312,7.4422,-4.6015
177.138,0.4719,1.5223,-0.0451,9.9289,7.4631,-4.6015
177.188,0.5034,1.5209,-0.0451,9.9254,7.4944,-4.6015
177.239,0.5244,1.5199,-0.0451,9.923,7.5152,-4.6015
177.289,0.5558,1.5185,-0.0451,9.9196,7.5466,-4.6015
177.339,0.5768,1.5175,-0.0451,9.9172,7.5674,-4.6015
177.389,0.5978,1.5166,-0.0451,9.9149,7.5883,-4.6015
177.44,0.6293,1.5152,-0.0451,9.9114,7.6196,-4.6015
177.49,0.6502,1.5142,-0.0451,9.9091,7.6405,-4.6015
177.54,0.6712,1.5133,-0.0451,9.9068,7.6613,-4.6015
177.591,0.7027,1.5119,-0.0451,9.9033,7.6927,-4.6015
177.641,0.7237,1.5109,-0.0451,9.901,7.7135,-4.6015
177.691,0.7551,1.5095,-0.0451,9.8975,7.7448,-4.6015
177.742,0.7761,1.5085,-0.0451,9.8952,7.7657,-4.6015
177.792,0.7971,1.5076,-0.0451,9.8928,7.7866,-4.6015
177.842,0.8286,1.5062,-0.0451,9.8893,7.8179,-4.6015
177.893,0.8495,1.5052,-0.0451,9.887,7.8387,-4.6015
177.943,0.881,1.5038,-0.0451,9.8835,7.8701,-4.6015
177.993,0.902,1.5029,-0.0451,9.8812,7.8909,-4.6015
178.043,0.923,1.5019,-0.0451,9.8789,7.9118,-4.6015
178.094,0.9544,1.5005,-0.0451,9.8754,7.9431,-4.6015
178.144,0.9754,1.4995,-0.0451,9.8731,7.964,-4.6015
178.194,1.0069,1.4981,-0.0451,9.8696,7.9953,-4.6015
178.245,1.0278,1.4972,-0.0451,9.8673,8.0162,-4.6015
178.295,1.0488,1.4962,-0.0451,9.8649,8.037,-4.6015
178.345,1.0803,1.4948,-0.0451,9.8614,8.0683,-4.6015
178.395,1.1013,1.4939,-0.0451,9.8591,8.0892,-4.6015
178.446,1.1327,1.4924,-0.0451,9.8556,8.1205,-4.6015
178.496,1.1537,1.4915,-0.0451,9.8533,8.1414,-4.6015
178.546,1.1747,1.4905,-0.0451,9.851,8.1622,-4.6015
178.596,1.2062,1.4891,-0.0451,9.8475,8.1936,-4.6015
178.647,1.2271,1.4882,-0.0451,9.8452,8.2144,-4.6015
178.697,1.2586,1.4867,-0.0451,9.8417,8.2457,-4.6015
178.747,1.2796,1.4858,-0.0451,9.8394,8.2666,-4.6015
178.798,1.3006,1.4849,-0.0451,9.837,8.2875,-4.6015
178.848,1.332,1.4834,-0.0451,9.8335,8.3188,-4.6015
178.898,1.353,1.4825,-0.0451,9.8312,8.3397,-4.6015
178.948,1.3845,1.4811,-0.0451,9.8277,8.371,-4.6015
178.999,1.4055,1.4801,-0.0451,9.8254,8.3918,-4.6015
179.049,1.4264,1.4792,-0.0451,9.8231,8.4127,-4.6015
179.099,1.4579,1.4777,-0.0451,9.8196,8.444,-4.6015
179.149,1.4789,1.4768,-0.0451,9.8173,8.4649,-4.6015
179.2,1.5104,1.4754,-0.0451,9.8138,8.4962,-4.6015
179.25,1.5313,1.4744,-0.0451,9.8115,8.5171,-4.6015
179.3,1.5523,1.4735,-0.0451,9.8091,8.5379,-4.6015
179.35,1.5838,1.4721,-0.0451,9.8056,8.5692,-4.6015
179.401,1.6048,1.4711,-0.0451,9.8033,8.5901,-4.6015
179.451,1.6257,1.4702,-0.0451,9.801,8.611,-4.6015
179.501,1.6572,1.4687,-0.0451,9.7975,8.6423,-4.6015
179.552,1.6782,1.4678,-0.0451,9.7952,8.6631,-4.6015
179.602,1.7097,1.4664,-0.0451,9.7917,8.6945,-4.6015
179.652,1.7306,1.4654,-0.0451,9.7894,8.7153,-4.6015
179.703,1.7516,1.4645,-0.0451,9.7871,8.7362,-4.6015
179.753,1.7831,1.4631,-0.0451,9.7836,8.7675,-4.6015
179.803,1.8041,1.4621,-0.0451,9.7812,8.7884,-4.6015
179.854,1.8355,1.4607,-0.0451,9.7778,8.8197,-4.6015
179.904,1.8565,1.4597,-0.0451,9.7754,8.8406,-4.6015
179.954,1.8775,1.4588,-0.0451,9.7731,8.8614,-4.6015
180.005,1.9089,1.4574,-0.0451,9.7696,8.8927,-4.6015
180.055,1.9299,1.4564,-0.0451,9.7673,8.9136,-4.6015
180.105,1.9614,1.455,-0.0451,9.7638,8.9449,-4.6015
180.156,1.9824,1.4541,-0.0451,9.7615,8.9658,-4.6015
180.206,2.0034,1.4531,-0.0451,9.7592,8.9866,-4.6015
180.256,2.0348,1.4517,-0.0451,9.7557,9.018,-4.6015
180.306,2.0558,1.4507,-0.0451,9.7533,9.0388,-4.6015
180.357,2.0873,1.4493,-0.0451,9.7499,9.0701,-4.6015
180.407,2.1082,1.4484,-0.0451,9.7475,9.091,-4.6015
180.457,2.1292,1.4474,-0.0451,9.7452,9.1119,-4.6015
180.508,2.1607,1.446,-0.0451,9.7417,9.1432,-4.6015
180.558,2.1817,1.4451,-0.0451,9.7394,9.1641,-4.6015
180.608,2.2131,1.4436,-0.0451,9.7359,9.1954,-4.6015
180.658,2.2341,1.4427,-0.0451,9.7336,9.2162,-4.6015
180.708,2.2551,1.4417,-0.0451,9.7313,9.2371,-4.6015
180.759,2.2866,1.4403,-0.0451,9.7278,9.2684,-4.6015
180.809,2.3075,1.4394,-0.0451,9.7254,9.2893,-4.6015
180.859,2.339,1.4379,-0.0451,9.722,9.3206,-4.6015
180.909,2.36,1.437,-0.0451,9.7196,9.3415,-4.6015
180.96,2.381,1.4361,-0.0451,9.7173,9.3623,-4.6015
181.01,2.4124,1.4346,-0.0451,9.7138,9.3936,-4.6015
181.06,2.4334,1.4337,-0.0451,9.7115,9.4145,-4.6015
181.11,2.4544,1.4327,-0.0451,9.7092,9.4354,-4.6015
181.161,2.4859,1.4313,-0.0451,9.7057,9.4667,-4.6015
181.211,2.5068,1.4304,-0.0451,9.7034,9.4876,-4.6015
181.261,2.5383,1.4289,-0.0451,9.6999,9.5189,-4.6015
181.311,2.5593,1.428,-0.0451,9.6975,9.5397,-4.6015
181.362,2.5803,1.427,-0.0451,9.6952,9.5606,-4.6015
181.412,2.6117,1.4256,-0.0451,9.6917,9.5919,-4.6015
181.462,2.6327,1.4247,-0.0451,9.6894,9.6128,-4.6015
181.512,2.6642,1.4233,-0.0451,9.6859,9.6441,-4.6015
181.563,2.6852,1.4223,-0.0451,9.6836,9.665,-4.6015
181.613,2.7061,1.4214,-0.0451,9.6813,9.6858,-4.6015
181.663,2.7376,1.4199,-0.0451,9.6778,9.7171,-4.6015
181.713,2.7586,1.419,-0.0451,9.6755,9.738,-4.6015
181.764,2.7901,1.4176,-0.0451,9.672,9.7693,-4.6015
181.814,2.811,1.4166,-0.0451,9.6697,9.7902,-4.6015
181.864,2.832,1.4157,-0.0451,9.6673,9.8111,-4.6015
181.914,2.8635,1.4143,-0.0451,9.6638,9.8424,-4.6015
181.964,2.8845,1.4133,-0.0451,9.6615,9.8632,-4.6015
182.015,2.9159,1.4119,-0.0451,9.658,9.8945,-4.6015
182.065,2.9369,1.4109,-0.0451,9.6557,9.9154,-4.6015
182.115,2.9579,1.41,-0.0451,9.6534,9.9363,-4.6015
182.165,2.9893,1.4086,-0.0451,9.6499,9.9676,-4.6015
182.216,3.0103,1.4076,-0.0451,9.6476,9.9885,-4.6015
182.266,3.0313,1.4067,-0.0451,9.6441,10.0198,-4.6015
182.316,3.0628,1.4053,-0.0451,9.6418,10.0406,-4.6015
182.367,3.0838,1.4043,-0.0451,9.6394,10.0615,-4.6015
182.417,3.1152,1.4029,-0.0451,9.6359,10.0928,-4.6015
182.468,3.1362,1.4019,-0.0451,9.6336,10.1137,-4.6015
182.518,3.1677,1.4005,-0.0451,9.6301,10.145,-4.6015
182.568,3.1886,1.3996,-0.0451,9.6278,10.1659,-4.6015
182.618,3.2096,1.3986,-0.0451,9.6255,10.1867,-4.6015
182.668,3.2411,1.3972,-0.0451,9.622,10.218,-4.6015
182.719,3.2621,1.3963,-0.0451,9.6197,10.2389,-4.6015
182.769,3.283,1.3953,-0.0451,9.6173,10.2598,-4.6015
182.819,3.3145,1.3939,-0.0451,9.6139,10.2911,-4.6015
182.869,3.3355,1.3929,-0.0451,9.6115,10.312,-4.6015
182.92,3.367,1.3915,-0.0451,9.608,10.3433,-4.6015
182.97,3.3879,1.3906,-0.0451,9.6057,10.3641,-4.6015
183.02,3.4089,1.3896,-0.0451,9.6034,10.385,-4.6015
183.07,3.4404,1.3882,-0.0451,9.5999,10.4163,-4.6015
183.121,3.4614,1.3873,-0.0451,9.5976,10.4372,-4.6015
183.171,3.4928,1.3858,-0.0451,9.5941,10.4685,-4.6015
183.221,3.5138,1.3849,-0.0451,9.5918,10.4894,-4.6015
183.271,3.5348,1.3839,-0.0451,9.5894,10.5102,-4.6015
183.322,3.5663,1.3825,-0.0451,9.586,10.5415,-4.6015
183.372,3.5872,1.3816,-0.0451,9.5836,10.5624,-4.6015
183.422,3.6187,1.3801,-0.0451,9.5802,10.5937,-4.6015
183.472,3.6397,1.3792,-0.0451,9.5778,10.6146,-4.6015
183.523,3.6607,1.3782,-0.0451,9.5755,10.6355,-4.6015
183.573,3.6921,1.3768,-0.0451,9.572,10.6668,-4.6015
183.623,3.7131,1.3759,-0.0451,9.5697,10.6876,-4.6015
183.673,3.7446,1.3745,-0.0451,9.5662,10.7189,-4.6015
183.723,3.7656,1.3735,-0.0451,9.5639,10.7398,-4.6015
183.774,3.7865,1.3726,-0.0451,9.5616,10.7607,-4.6015
183.824,3.818,1.3711,-0.0451,9.5581,10.792,-4.6015
183.874,3.839,1.3702,-0.0451,9.5557,10.8129,-4.6015
183.924,3.86,1.3692,-0.0451,9.5534,10.8337,-4.6015
183.975,3.8914,1.3678,-0.0451,9.5499,10.865,-4.6015
184.025,3.9124,1.3669,-0.0451,9.5476,10.8859,-4.6015
184.075,3.9439,1.3655,-0.0451,9.5441,10.9172,-4.6015
184.125,3.9649,1.3645,-0.0451,9.5418,10.9381,-4.6015
184.176,3.9858,1.3636,-0.0451,9.5395,10.959,-4.6015
184.226,4.0173,1.3621,-0.0451,9.536,10.9903,-4.6015
184.276,4.0383,1.3612,-0.0451,9.5337,11.0111,-4.6015
184.327,4.0697,1.3598,-0.0451,9.5302,11.0424,-4.6015
184.377,4.0907,1.3588,-0.0451,9.5278,11.0633,-4.6015
184.427,4.1117,1.3579,-0.0451,9.5255,11.0842,-4.6015
184.477,4.1432,1.3565,-0.0451,9.522,11.1155,-4.6015
184.528,4.1641,1.3555,-0.0451,9.5197,11.1364,-4.6015
184.578,4.1956,1.3541,-0.0451,9.5162,11.1677,-4.6015
184.628,4.2166,1.3531,-0.0451,9.5139,11.1885,-4.6015
184.679,4.2376,1.3522,-0.0451,9.5116,11.2094,-4.6015
184.729,4.269,1.3508,-0.0451,9.5081,11.2407,-4.6015
184.779,4.29,1.3498,-0.0451,9.5058,11.2616,-4.6015
184.83,4.3215,1.3484,-0.0451,9.5023,11.2929,-4.6015
184.88,4.3425,1.3475,-0.0451,9.4999,11.3138,-4.6015
184.93,4.3634,1.3465,-0.0451,9.4976,11.3346,-4.6015
184.98,4.3949,1.3451,-0.0451,9.4941,11.3659,-4.6015
185.031,4.4159,1.3441,-0.0451,9.4918,11.3868,-4.6015
185.081,4.4474,1.3427,-0.0451,9.4883,11.4181,-4.6015
185.131,4.4683,1.3418,-0.0451,9.486,11.439,-4.6015
185.181,4.4893,1.3408,-0.0451,9.4837,11.4599,-4.6015
185.231,4.5208,1.3394,-0.0451,9.4802,11.4912,-4.6015
185.282,4.5418,1.3385,-0.0451,9.4779,11.512,-4.6015
185.332,4.5732,1.337,-0.0451,9.4744,11.5433,-4.6015
185.382,4.5942,1.3361,-0.0451,9.472,11.5642,-4.6015
185.433,4.6152,1.3351,-0.0451,9.4697,11.5851,-4.6015
185.483,4.6467,1.3337,-0.0451,9.4662,11.6164,-4.6015
185.533,4.6676,1.3328,-0.0451,9.4639,11.6373,-4.6015
185.583,4.6886,1.3318,-0.0451,9.4616,11.6581,-4.6015
185.634,4.7201,1.3304,-0.0451,9.4581,11.6894,-4.6015
185.684,4.7411,1.3294,-0.0451,9.4558,11.7103,-4.6015
185.734,4.7725,1.328,-0.0451,9.4523,11.7416,-4.6015
185.784,4.7935,1.3271,-0.0451,9.45,11.7625,-4.6015
185.835,4.8145,1.3261,-0.0451,9.4476,11.7834,-4.6015
185.885,4.846,1.3247,-0.0451,9.4442,11.8147,-4.6015
185.935,4.8669,1.3238,-0.0451,9.4418,11.8355,-4.6015
185.985,4.8984,1.3223,-0.0451,9.4383,11.8668,-4.6015
186.036,4.9194,1.3214,-0.0451,9.436,11.8877,-4.6015
186.086,4.9404,1.3204,-0.0451,9.4337,11.9086,-4.6015
186.136,4.9718,1.319,-0.0451,9.4302,11.9399,-4.6015
186.186,4.9928,1.3181,-0.0451,9.4279,11.9608,-4.6015
186.237,5.0243,1.3167,-0.0451,9.4244,11.9921,-4.6015
186.287,5.0453,1.3157,-0.0451,9.4221,12.0129,-4.6015
186.337,5.0662,1.3148,-0.0451,9.4197,12.0338,-4.6015
186.387,5.0977,1.3133,-0.0451,9.4163,12.0651,-4.6015
186.438,5.1187,1.3124,-0.0451,9.4139,12.086,-4.6015
186.488,5.1501,1.311,-0.0451,9.4104,12.1173,-4.6015
186.538,5.1711,1.31,-0.0451,9.4081,12.1382,-4.6015
186.588,5.1921,1.3091,-0.0451,9.4058,12.159,-4.6015
186.639,5.2236,1.3077,-0.0451,9.4023,12.1903,-4.6015
186.689,5.2445,1.3067,-0.0451,9.4,12.2112,-4.6015
186.739,5.2655,1.3058,-0.0451,9.3977,12.2321,-4.6015
186.789,5.297,1.3043,-0.0451,9.3942,12.2634,-4.6015
186.84,5.318,1.3034,-0.0451,9.3918,12.2843,-4.6015
186.89,5.3494,1.302,-0.0451,9.3884,12.3156,-4.6015
186.94,5.3704,1.301,-0.0451,9.386,12.3364,-4.6015
186.991,5.3914,1.3001,-0.0451,9.3837,12.3573,-4.6015
187.041,5.4229,1.2987,-0.0451,9.3802,12.3886,-4.6015
187.091,5.4433,1.2978,-0.0451,9.3784,12.4053,-4.5943
187.141,5.4604,1.2972,-0.036,9.3771,12.4147,-4.5565
187.192,5.4669,1.297,-0.0144,9.376,12.4209,-4.5313
187.242,5.473,1.297,0.0086,9.3748,12.4271,-4.5061
187.292,5.4818,1.2972,0.0444,9.3727,12.4363,-4.4683
187.342,5.4875,1.2976,0.0691,9.3711,12.4424,-4.4431
187.393,5.4958,1.2983,0.1068,9.3684,12.4514,-4.4053
187.443,5.5013,1.2989,0.132,9.3664,12.4574,-4.3801
187.493,5.5068,1.2997,0.1574,9.3643,12.4633,-4.3549
187.543,5.5151,1.3012,0.1959,9.3608,12.4721,-4.3171
187.594,5.5207,1.3024,0.222,9.3583,12.4779,-4.2919
187.644,5.5292,1.3045,0.262,9.3543,12.4865,-4.2541
187.694,5.5349,1.3061,0.2894,9.3514,12.4921,-4.2289
187.744,5.5407,1.3079,0.3174,9.3484,12.4976,-4.2037
187.794,5.5496,1.311,0.3606,9.3437,12.5058,-4.1659
187.845,5.5554,1.3133,0.3897,9.3403,12.5111,-4.1407
187.895,5.5641,1.3171,0.4334,9.3351,12.519,-4.1029
187.945,5.5698,1.3198,0.4625,9.3314,12.5241,-4.0777
187.996,5.5754,1.3227,0.4917,9.3276,12.5291,-4.0525
188.046,5.5836,1.3273,0.5353,9.3217,12.5365,-4.0147
188.096,5.589,1.3306,0.5645,9.3176,12.5412,-3.9895
188.146,5.5969,1.3359,0.6081,9.3111,12.5483,-3.9517
188.196,5.6023,1.3397,0.6369,9.3065,12.553,-3.9265
188.247,5.6079,1.344,0.6648,9.3013,12.5581,-3.9013
188.297,5.6165,1.351,0.7054,9.2926,12.566,-3.8635
188.347,5.6223,1.356,0.7314,9.2863,12.5714,-3.8383
188.397,5.6313,1.3645,0.7692,9.2758,12.5799,-3.8005
188.448,5.6375,1.3706,0.7944,9.2683,12.5856,-3.7753
188.498,5.6439,1.3773,0.8196,9.2601,12.5914,-3.7501
188.548,5.6536,1.3881,0.8574,9.2471,12.6001,-3.7123
188.598,5.6602,1.3959,0.8826,9.2378,12.6059,-3.6871
188.648,5.6669,1.4042,0.9078,9.228,12.6117,-3.6619
188.699,5.6769,1.4176,0.9456,9.2123,12.6203,-3.6241
188.749,5.6836,1.427,0.9708,9.2013,12.6259,-3.5989
188.799,5.6937,1.4424,1.0086,9.1836,12.6341,-3.5611
188.849,5.7004,1.4532,1.0338,9.1713,12.6395,-3.5359
188.9,5.707,1.4647,1.059,9.1583,12.6447,-3.5107
188.95,5.717,1.4828,1.0963,9.1379,12.6521,-3.4735
189.0,5.7235,1.4956,1.12,9.1238,12.6568,-3.4503
189.05,5.7335,1.5162,1.1531,9.1015,12.6635,-3.419
189.101,5.7399,1.5307,1.1741,9.086,12.6677,-3.3999
189.151,5.7461,1.5459,1.194,9.0701,12.6718,-3.3824
189.201,5.7551,1.5695,1.2214,9.0456,12.6775,-3.3584
189.251,5.7609,1.5857,1.2381,9.0288,12.6811,-3.3437
189.301,5.7693,1.6108,1.2602,9.0028,12.6861,-3.3243
189.352,5.7746,1.6279,1.2736,8.9852,12.6893,-3.3126
189.402,5.7799,1.6454,1.2857,8.9672,12.6923,-3.3018
189.452,5.7875,1.672,1.3024,8.9399,12.6965,-3.2872
189.502,5.7923,1.6901,1.3126,8.9214,12.6991,-3.2783
189.553,5.7971,1.7083,1.3217,8.9026,12.7016,-3.2703
189.603,5.804,1.736,1.3342,8.8742,12.7051,-3.2592
189.653,5.8084,1.7547,1.3415,8.8551,12.7073,-3.2525
189.703,5.8148,1.7829,1.3505,8.8261,12.7104,-3.2435
189.754,5.819,1.8018,1.356,8.8066,12.7123,-3.238
189.804,5.8232,1.8209,1.3611,8.787,12.7142,-3.233
189.854,5.8292,1.8497,1.3681,8.7575,12.7168,-3.226
189.905,5.8331,1.8691,1.3724,8.7377,12.7184,-3.2217
189.955,5.8389,1.8983,1.3782,8.7078,12.7207,-3.2158
190.005,5.8427,1.9179,1.3818,8.6878,12.7222,-3.2122
190.056,5.8464,1.9376,1.3851,8.6677,12.7236,-3.2089
190.106,5.8519,1.9673,1.3899,8.6374,12.7255,-3.2043
190.156,5.8556,1.9872,1.3931,8.6172,12.7268,-3.2015
190.206,5.8609,2.0173,1.3975,8.5868,12.7286,-3.1977
190.257,5.8644,2.0374,1.4002,8.5664,12.7297,-3.1954
190.307,5.8678,2.0575,1.4026,8.546,12.7308,-3.1933
190.357,5.8729,2.0879,1.4059,8.5152,12.7323,-3.1904
190.407,5.8763,2.1081,1.4079,8.4947,12.7333,-3.1887
190.458,5.8813,2.1386,1.4105,8.4639,12.7347,-3.1864
190.508,5.8845,2.1591,1.4119,8.4432,12.7356,-3.185
190.558,5.8878,2.1795,1.4132,8.4226,12.7365,-3.1837
190.608,5.8927,2.2102,1.415,8.3916,12.7378,-3.1819
190.659,5.8959,2.2307,1.4161,8.3709,12.7386,-3.1808
190.709,5.9006,2.2615,1.4175,8.3398,12.7398,-3.1793
190.759,5.9038,2.282,1.4184,8.3191,12.7406,-3.1784
190.809,5.907,2.3025,1.4192,8.2983,12.7413,-3.1776
190.86,5.9116,2.3333,1.4204,8.2671,12.7424,-3.1764
190.91,5.9147,2.3538,1.4211,8.2463,12.7431,-3.1757
190.96,5.9194,2.3847,1.4221,8.2151,12.7442,-3.1747
191.01,5.9225,2.4053,1.4227,8.1943,12.7449,-3.1741
191.061,5.9255,2.4259,1.4233,8.1734,12.7455,-3.1735
191.111,5.9301,2.4568,1.4241,8.1421,12.7465,-3.1727
191.161,5.9332,2.4775,1.4246,8.1213,12.7472,-3.1722
191.211,5.9362,2.4981,1.425,8.1004,12.7478,-3.1718
191.261,5.9407,2.5291,1.4257,8.0691,12.7487,-3.1712
191.312,5.9438,2.5498,1.4261,8.0482,12.7494,-3.1708
191.362,5.9483,2.5809,1.4267,8.0168,12.7503,-3.1703
191.412,5.9513,2.6016,1.4271,7.9959,12.7509,-3.17
191.462,5.9543,2.6223,1.4274,7.975,12.7514,-3.1697
191.513,5.9587,2.6534,1.4278,7.9436,12.7523,-3.1693
191.563,5.9617,2.6741,1.4281,7.9227,12.7529,-3.1691
191.613,5.9662,2.7052,1.4284,7.8913,12.7538,-3.1688
191.663,5.9692,2.7259,1.4286,7.8703,12.7543,-3.1686
191.713,5.9721,2.7467,1.4288,7.8494,12.7549,-3.1684
191.764,5.9766,2.7778,1.429,7.818,12.7557,-3.1682
191.814,5.9795,2.7986,1.4292,7.797,12.7563,-3.168
191.864,5.984,2.8297,1.4293,7.7656,12.7571,-3.1678
191.914,5.9869,2.8505,1.4295,7.7446,12.7577,-3.1677
191.965,5.9899,2.8712,1.4296,7.7236,12.7582,-3.1676
192.015,5.9943,2.9024,1.4298,7.6922,12.759,-3.1674
192.065,5.9973,2.9231,1.4299,7.6712,12.7596,-3.1673
192.116,6.0017,2.9543,1.43,7.6398,12.7604,-3.1672
192.166,6.0046,2.975,1.4301,7.6188,12.7609,-3.1671
192.216,6.0076,2.9958,1.4302,7.5978,12.7614,-3.167
192.266,6.012,3.027,1.4303,7.5664,12.7622,-3.1669
192.317,6.0149,3.0477,1.4303,7.5454,12.7628,-3.1668
192.367,6.0193,3.0789,1.4304,7.5139,12.7636,-3.1667
192.417,6.0222,3.0997,1.4305,7.4929,12.7641,-3.1667
192.467,6.0252,3.1205,1.4305,7.472,12.7646,-3.1666
192.517,6.0296,3.1516,1.4306,7.4405,12.7654,-3.1666
192.568,6.0325,3.1724,1.4307,7.4195,12.7659,-3.1665
192.618,6.0354,3.1932,1.4307,7.3985,12.7665,-3.1665
192.668,6.0398,3.2244,1.4308,7.3671,12.7672,-3.1664
192.718,6.0428,3.2452,1.4308,7.3461,12.7678,-3.1664
192.769,6.0472,3.2764,1.4309,7.3146,12.7685,-3.1664
192.819,6.0501,3.2971,1.4309,7.2936,12.7691,-3.1663
192.869,6.053,3.3179,1.4309,7.2726,12.7696,-3.1663
192.92,6.0574,3.3491,1.4309,7.2411,12.7704,-3.1663
192.97,6.0603,3.3699,1.431,7.2201,12.7709,-3.1663
193.02,6.0647,3.4011,1.431,7.1887,12.7716,-3.1662
193.07,6.0676,3.4219,1.431,7.1677,12.7722,-3.1662
193.121,6.0706,3.4427,1.431,7.1467,12.7727,-3.1662
193.171,6.075,3.4739,1.431,7.1152,12.7735,-3.1662
193.221,6.0779,3.4946,1.4311,7.0942,12.774,-3.1661
193.272,6.0823,3.5258,1.4311,7.0627,12.7747,-3.1661
193.322,6.0852,3.5466,1.4311,7.0417,12.7753,-3.1661
193.372,6.0881,3.5674,1.4311,7.0207,12.7758,-3.1661
193.422,6.0925,3.5986,1.4311,6.9893,12.7765,-3.1661
193.472,6.0954,3.6194,1.4311,6.9683,12.7771,-3.1661
193.523,6.0998,3.6506,1.4311,6.9368,12.7778,-3.1661
193.573,6.1027,3.6714,1.4312,6.9158,12.7783,-3.1661
193.623,6.1057,3.6922,1.4312,6.8948,12.7789,-3.166
193.673,6.11,3.7234,1.4312,6.8633,12.7796,-3.166
193.723,6.113,3.7442,1.4312,6.8423,12.7801,-3.166
193.774,6.1159,3.765,1.4312,6.8213,12.7807,-3.166
193.824,6.1203,3.7961,1.4312,6.7898,12.7814,-3.166
193.874,6.1232,3.8169,1.4312,6.7688,12.7819,-3.166
193.925,6.1276,3.8481,1.4312,6.7374,12.7827,-3.166
193.975,6.1305,3.8689,1.4312,6.7164,12.7832,-3.166
194.025,6.1334,3.8897,1.4312,6.6954,12.7837,-3.166
194.076,6.1378,3.9209,1.4312,6.6639,12.7845,-3.166
194.126,6.1407,3.9417,1.4312,6.6429,12.785,-3.166
194.176,6.1451,3.9729,1.4312,6.6114,12.7858,-3.166
194.226,6.148,3.9937,1.4312,6.5904,12.7863,-3.166
194.277,6.1509,4.0145,1.4312,6.5694,12.7868,-3.166
194.327,6.1553,4.0457,1.4312,6.5379,12.7876,-3.166
194.377,6.1582,4.0665,1.4312,6.5169,12.7881,-3.166
194.427,6.1626,4.0977,1.4312,6.4854,12.7888,-3.166
194.478,6.1655,4.1185,1.4312,6.4644,12.7894,-3.166
194.528,6.1685,4.1393,1.4312,6.4435,12.7899,-3.166
194.578,6.1728,4.1705,1.4312,6.412,12.7906,-3.166
194.628,6.1758,4.1913,1.4313,6.391,12.7912,-3.166
194.679,6.1801,4.2224,1.4313,6.3595,12.7919,-3.166
194.729,6.1831,4.2432,1.4313,6.3385,12.7924,-3.166
194.78,6.186,4.264,1.4313,6.3175,12.7929,-3.166
194.83,6.1904,4.2952,1.4313,6.286,12.7937,-3.166
194.88,6.1933,4.316,1.4313,6.265,12.7942,-3.1659
194.931,6.1977,4.3472,1.4313,6.2335,12.795,-3.1659
194.981,6.2006,4.368,1.4313,6.2125,12.7955,-3.1659
195.031,6.2035,4.3888,1.4313,6.1915,12.796,-3.1659
195.082,6.2079,4.42,1.4313,6.16,12.7968,-3.1659
195.132,6.2108,4.4408,1.4313,6.139,12.7973,-3.1659
195.182,6.2152,4.472,1.4313,6.1076,12.7981,-3.1659
195.232,6.2181,4.4928,1.4313,6.0866,12.7986,-3.1659
195.283,6.221,4.5136,1.4313,6.0656,12.7991,-3.1659
195.333,6.2254,4.5448,1.4313,6.0341,12.7998,-3.1659
195.383,6.2283,4.5656,1.4313,6.0131,12.8004,-3.1659
195.434,6.2327,4.5968,1.4313,5.9816,12.8011,-3.1659
195.484,6.2356,4.6176,1.4313,5.9606,12.8016,-3.1659
195.534,6.2386,4.6384,1.4313,5.9396,12.8021,-3.1659
195.585,6.2429,4.6696,1.4313,5.9081,12.8029,-3.1659
195.635,6.2459,4.6903,1.4313,5.8871,12.8034,-3.1659
195.685,6.2502,4.7215,1.4313,5.8556,12.8042,-3.1659
195.736,6.2532,4.7423,1.4313,5.8346,12.8047,-3.1659
195.786,6.2561,4.7631,1.4313,5.8136,12.8052,-3.1659
195.836,6.2605,4.7943,1.4313,5.7822,12.806,-3.1659
195.886,6.2634,4.8151,1.4313,5.7612,12.8065,-3.1659
195.936,6.2678,4.8463,1.4313,5.7297,12.8073,-3.1659
195.987,6.2707,4.8671,1.4313,5.7087,12.8078,-3.1659
196.037,6.2736,4.8879,1.4313,5.6877,12.8083,-3.1659
196.087,6.278,4.9191,1.4313,5.6562,12.809,-3.1659
196.137,6.2809,4.9399,1.4313,5.6352,12.8096,-3.1659
196.188,6.2838,4.9607,1.4313,5.6142,12.8101,-3.1659
196.238,6.2882,4.9919,1.4313,5.5827,12.8108,-3.1659
196.288,6.2911,5.0127,1.4313,5.5617,12.8113,-3.1659
196.339,6.2955,5.0439,1.4313,5.5302,12.8121,-3.1659
196.389,6.2984,5.0647,1.4313,5.5092,12.8126,-3.1659
196.439,6.3014,5.0855,1.4313,5.4882,12.8131,-3.1659
196.489,6.3057,5.1167,1.4313,5.4568,12.8139,-3.1659
196.54,6.3087,5.1375,1.4313,5.4358,12.8144,-3.1659
196.59,6.313,5.1687,1.4313,5.4043,12.8152,-3.1659
196.64,6.316,5.1895,1.4313,5.3833,12.8157,-3.1659
196.691,6.3189,5.2102,1.4313,5.3623,12.8162,-3.1659
196.741,6.3233,5.2414,1.4313,5.3308,12.817,-3.1659
196.791,6.3262,5.2622,1.4313,5.3098,12.8175,-3.1659
196.842,6.3306,5.2934,1.4313,5.2783,12.8182,-3.1659
196.892,6.3335,5.3142,1.4313,5.2573,12.8188,-3.1659
196.942,6.3364,5.335,1.4313,5.2363,12.8193,-3.1659
196.992,6.3408,5.3662,1.4313,5.2048,12.82,-3.1659
197.042,6.3437,5.387,1.4313,5.1838,12.8205,-3.1659
197.093,6.3481,5.4182,1.4313,5.1523,12.8213,-3.1659
197.143,6.3505,5.4378,1.4315,5.1376,12.8217,-3.1551
197.193,6.3519,5.4493,1.4373,5.1313,12.8217,-3.1299
197.243,6.3531,5.4594,1.4695,5.1219,12.8214,-3.0921
197.294,6.3537,5.4658,1.4936,5.1156,12.821,-3.0669
197.344,6.3544,5.4753,1.5312,5.1062,12.8201,-3.0291
197.394,6.3546,5.4816,1.5571,5.1,12.8193,-3.0039
197.445,6.3546,5.4878,1.5837,5.0937,12.8184,-2.9787
197.495,6.3543,5.4971,1.6247,5.0844,12.8167,-2.9409
197.545,6.3539,5.5033,1.6526,5.0783,12.8153,-2.9157
197.595,6.3529,5.5126,1.6951,5.0722,12.8138,-2.8905
197.646,6.3521,5.5187,1.7236,5.063,12.8113,-2.8527
197.696,6.3511,5.5248,1.7522,5.057,12.8094,-2.8275
197.746,6.3492,5.5339,1.795,5.0481,12.8064,-2.7897
197.796,6.3478,5.5399,1.8233,5.0422,12.8041,-2.7645
197.847,6.3462,5.5457,1.8513,5.0364,12.8017,-2.7393
197.897,6.3435,5.5543,1.8925,5.0278,12.7979,-2.7015
197.947,6.3416,5.5598,1.9193,5.0221,12.7951,-2.6763
197.997,6.3385,5.5678,1.9583,5.0137,12.7907,-2.6385
198.047,6.3364,5.5729,1.9835,5.0083,12.7876,-2.6133
198.097,6.3341,5.578,2.0087,5.0029,12.7844,-2.5881
198.148,6.3304,5.5854,2.0465,4.9949,12.7792,-2.5503
198.198,6.3278,5.5903,2.0717,4.9897,12.7757,-2.5251
198.248,6.3237,5.5976,2.1095,4.9821,12.7701,-2.4873
198.298,6.3208,5.6023,2.1347,4.9772,12.7662,-2.4621
198.349,6.3178,5.6069,2.1599,4.9723,12.7621,-2.4369
198.399,6.3131,5.6138,2.1977,4.9652,12.7559,-2.3991
198.449,6.3097,5.6182,2.2229,4.9606,12.7516,-2.3739
198.499,6.3046,5.6247,2.2607,4.954,12.7449,-2.3361
198.55,6.3009,5.6291,2.2859,4.9496,12.7402,-2.3109
198.6,6.2969,5.6335,2.3111,4.9451,12.7352,-2.2857
198.65,6.2903,5.6405,2.3489,4.9382,12.7269,-2.2479
198.701,6.2854,5.6454,2.3741,4.9335,12.7208,-2.2227
198.751,6.28,5.6505,2.3993,4.9286,12.7143,-2.1975
198.801,6.2711,5.6585,2.4371,4.9211,12.7035,-2.1597
198.852,6.2646,5.6639,2.4623,4.9161,12.6959,-2.1345
198.902,6.2538,5.6724,2.5002,4.9085,12.6833,-2.0967
198.952,6.2461,5.6782,2.5256,4.9035,12.6743,-2.0715
199.002,6.2378,5.6842,2.5511,4.8984,12.6648,-2.0463
199.053,6.2244,5.6935,2.5895,4.8909,12.6495,-2.0085
199.103,6.2149,5.6999,2.6152,4.8861,12.6388,-1.9833
199.153,6.1995,5.7094,2.6534,4.8789,12.6216,-1.9455
199.203,6.1886,5.7157,2.6787,4.8743,12.6095,-1.9203
199.254,6.1772,5.7218,2.7039,4.8699,12.5968,-1.8951
199.304,6.1591,5.7308,2.7417,4.8636,12.5768,-1.8573
199.354,6.1464,5.7365,2.7665,4.8597,12.563,-1.8327
199.404,6.1261,5.7448,2.8008,4.8542,12.541,-1.7987
199.454,6.112,5.75,2.8218,4.8509,12.5259,-1.7779
199.505,6.0973,5.755,2.841,4.8477,12.5102,-1.7588
199.555,6.0744,5.7622,2.8674,4.8435,12.4859,-1.7324
199.605,6.0587,5.7667,2.8836,4.8409,12.4694,-1.7162
199.655,6.0343,5.7731,2.9054,4.8374,12.4438,-1.6944
199.706,6.0176,5.7771,2.9187,4.8354,12.4264,-1.6811
199.756,6.0006,5.7809,2.931,4.8336,12.4087,-1.6688
199.806,5.9745,5.7863,2.948,4.8311,12.3817,-1.6519
199.857,5.9569,5.7897,2.9585,4.8298,12.3635,-1.6414
199.907,5.9299,5.7945,2.9726,4.828,12.3357,-1.6274
199.957,5.9116,5.7975,2.9812,4.827,12.317,-1.6189
200.007,5.893,5.8004,2.9896,4.8262,12.298,-1.611
200.058,5.8647,5.8046,3.0019,4.8252,12.2694,-1.6001
200.108,5.8456,5.8072,3.0096,4.8247,12.2501,-1.5935
200.158,5.8166,5.8109,3.0197,4.8241,12.2209,-1.5847
200.208,5.7972,5.8132,3.0258,4.8239,12.2013,-1.5794
200.259,5.7775,5.8155,3.0314,4.8238,12.1816,-1.5746
200.309,5.7479,5.8186,3.0389,4.8238,12.1518,-1.5681
200.359,5.728,5.8206,3.0435,4.8239,12.1318,-1.5641
200.409,5.698,5.8235,3.0496,4.8242,12.1017,-1.5589
200.46,5.6779,5.8253,3.0532,4.8244,12.0815,-1.5557
200.51,5.6578,5.8271,3.0565,4.8248,12.0612,-1.5528
200.56,5.6274,5.8296,3.061,4.8254,12.0308,-1.5489
200.61,5.6071,5.8312,3.0636,4.8259,12.0104,-1.5466
200.661,5.5868,5.8328,3.0657,4.8264,11.9899,-1.5444
200.711,5.5562,5.8351,3.0684,4.8272,11.9592,-1.5415
200.761,5.5357,5.8366,3.07,4.8279,11.9387,-1.5397
200.812,5.5049,5.8387,3.0722,4.8289,11.9079,-1.5372
200.862,5.4844,5.8401,3.0736,4.8296,11.8873,-1.5357
200.912,5.4638,5.8415,3.0749,4.8303,11.8666,-1.5343
200.962,5.4329,5.8436,3.0767,4.8315,11.8357,-1.5323
201.013,5.4123,5.8449,3.078,4.8323,11.815,-1.5311
201.063,5.3813,5.8468,3.0796,4.8335,11.784,-1.5294
201.113,5.3607,5.8481,3.0807,4.8344,11.7633,-1.5284
201.163,5.3399,5.8494,3.0818,4.8353,11.7425,-1.5275
201.214,5.3088,5.8512,3.0832,4.8367,11.7114,-1.5262
201.264,5.2881,5.8524,3.0841,4.8376,11.6906,-1.5254
201.314,5.2569,5.8542,3.0853,4.839,11.6594,-1.5244
201.364,5.2361,5.8554,3.086,4.84,11.6386,-1.5238
201.414,5.2153,5.8565,3.0867,4.841,11.6178,-1.5232
201.465,5.184,5.8582,3.0876,4.8425,11.5865,-1.5224
201.515,5.1632,5.8593,3.0881,4.8435,11.5656,-1.522
201.565,5.1319,5.861,3.0888,4.8445,11.5448,-1.5216
201.615,5.111,5.8621,3.0892,4.8461,11.5135,-1.521
201.666,5.0901,5.8632,3.0896,4.8471,11.4926,-1.5207
201.716,5.0588,5.8648,3.0901,4.8487,11.4612,-1.5202
201.766,5.0379,5.8659,3.0904,4.8498,11.4403,-1.5199
201.817,5.017,5.867,3.0906,4.8508,11.4194,-1.5197
201.867,4.9856,5.8686,3.0909,4.8524,11.3881,-1.5193
201.917,4.9647,5.8696,3.0911,4.8535,11.3671,-1.5191
201.967,4.9333,5.8712,3.0914,4.8552,11.3358,-1.5188
202.018,4.9124,5.8722,3.0915,4.8562,11.3148,-1.5186
202.068,4.8914,5.8733,3.0917,4.8573,11.2939,-1.5185
202.118,4.86,5.8749,3.0919,4.859,11.2625,-1.5182
202.168,4.8391,5.8759,3.092,4.8601,11.2416,-1.5181
202.219,4.8077,5.8775,3.0923,4.8618,11.2102,-1.5179
202.269,4.7868,5.8785,3.0924,4.8629,11.1892,-1.5177
202.319,4.7658,5.8795,3.0925,4.864,11.1683,-1.5176
202.369,4.7344,5.8811,3.0927,4.8656,11.1369,-1.5175
202.42,4.7134,5.8821,3.0928,4.8668,11.1159,-1.5174
202.47,4.682,5.8836,3.0929,4.8685,11.0845,-1.5173
202.52,4.6611,5.8846,3.093,4.8696,11.0636,-1.5172
202.57,4.6401,5.8857,3.0931,4.8707,11.0426,-1.5171
202.621,4.6087,5.8872,3.0932,4.8724,11.0112,-1.517
202.671,4.5877,5.8882,3.0933,4.8735,10.9902,-1.517
202.721,4.5563,5.8897,3.0934,4.8752,10.9588,-1.5169
202.771,4.5353,5.8907,3.0934,4.8763,10.9378,-1.5169
202.821,4.5143,5.8917,3.0935,4.8775,10.9169,-1.5168
202.872,4.4829,5.8932,3.0935,4.8792,10.8854,-1.5168
202.922,4.4619,5.8943,3.0935,4.8803,10.8645,-1.5167
202.972,4.4305,5.8958,3.0936,4.882,10.833,-1.5167
203.023,4.4095,5.8968,3.0936,4.8831,10.8121,-1.5166
203.073,4.3885,5.8978,3.0936,4.8843,10.7911,-1.5166
203.123,4.3571,5.8993,3.0937,4.886,10.7597,-1.5166
203.174,4.3361,5.9003,3.0937,4.8871,10.7387,-1.5166
203.224,4.3151,5.9013,3.0937,4.8883,10.7177,-1.5165
203.274,4.2837,5.9028,3.0937,4.89,10.6863,-1.5165
203.324,4.2627,5.9038,3.0938,4.8911,10.6653,-1.5165
203.375,4.2312,5.9053,3.0938,4.8928,10.6339,-1.5165
203.425,4.2103,5.9063,3.0938,4.894,10.6129,-1.5165
203.475,4.1893,5.9073,3.0938,4.8951,10.5919,-1.5164
203.528,4.1578,5.9088,3.0938,4.8968,10.5605,-1.5164
203.578,4.1369,5.9098,3.0938,4.898,10.5395,-1.5164
203.628,4.1054,5.9113,3.0939,4.8997,10.5081,-1.5164
203.678,4.0844,5.9123,3.0939,4.9008,10.4871,-1.5164
203.728,4.053,5.9138,3.0939,4.9025,10.4557,-1.5164
203.779,4.032,5.9148,3.0939,4.9037,10.4347,-1.5164
203.829,4.011,5.9158,3.0939,4.9048,10.4137,-1.5164
203.879,3.9796,5.9173,3.0939,4.9065,10.3823,-1.5163
203.93,3.9586,5.9183,3.0939,4.9077,10.3613,-1.5163
203.98,3.9271,5.9198,3.0939,4.9094,10.3299,-1.5163
204.03,3.9062,5.9208,3.0939,4.9105,10.3089,-1.5163
204.08,3.8852,5.9218,3.0939,4.9117,10.2879,-1.5163
204.131,3.8537,5.9233,3.0939,4.9134,10.2565,-1.5163
204.181,3.8327,5.9243,3.0939,4.9145,10.2355,-1.5163
204.231,3.8118,5.9253,3.0939,4.9157,10.2145,-1.5163
204.281,3.7803,5.9268,3.0939,4.9174,10.1831,-1.5163
204.332,3.7593,5.9278,3.0939,4.9185,10.1621,-1.5163
204.382,3.7279,5.9293,3.094,4.9202,10.1307,-1.5163
204.432,3.7069,5.9303,3.094,4.9214,10.1097,-1.5163
204.483,3.6859,5.9313,3.094,4.9225,10.0887,-1.5163
204.533,3.6545,5.9328,3.094,4.9243,10.0573,-1.5163
204.583,3.6335,5.9338,3.094,4.9254,10.0363,-1.5163
204.633,3.602,5.9353,3.094,4.9271,10.0049,-1.5163
204.684,3.581,5.9363,3.094,4.9283,9.9839,-1.5163
204.734,3.5601,5.9373,3.094,4.9294,9.9629,-1.5163
204.784,3.5286,5.9388,3.094,4.9311,9.9315,-1.5163
204.834,3.5076,5.9398,3.094,4.9323,9.9105,-1.5163
204.884,3.4762,5.9413,3.094,4.934,9.8791,-1.5163
204.935,3.4552,5.9423,3.094,4.9351,9.8581,-1.5163
204.985,3.4342,5.9433,3.094,4.9363,9.8371,-1.5163
205.035,3.4027,5.9448,3.094,4.938,9.8057,-1.5163
205.085,3.3818,5.9458,3.094,4.9391,9.7847,-1.5163
205.136,3.3503,5.9473,3.094,4.9408,9.7532,-1.5163
205.186,3.3293,5.9483,3.094,4.942,9.7323,-1.5163
205.236,3.3084,5.9493,3.094,4.9431,9.7113,-1.5163
205.287,3.2769,5.9508,3.094,4.9448,9.6798,-1.5163
205.337,3.2559,5.9518,3.094,4.946,9.6589,-1.5163
205.387,3.2244,5.9533,3.094,4.9477,9.6274,-1.5163
205.437,3.2035,5.9543,3.094,4.9489,9.6065,-1.5163
205.488,3.1825,5.9553,3.094,4.95,9.5855,-1.5163
205.538,3.151,5.9568,3.094,4.9517,9.554,-1.5163
205.588,3.1301,5.9578,3.094,4.9529,9.5331,-1.5163
205.638,3.1091,5.9588,3.094,4.954,9.5121,-1.5163
205.689,3.0776,5.9603,3.094,4.9557,9.4806,-1.5163
205.739,3.0566,5.9613,3.094,4.9569,9.4597,-1.5163
205.789,3.0252,5.9628,3.094,4.9586,9.4282,-1.5163
205.84,3.0042,5.9638,3.094,4.9597,9.4073,-1.5163
205.89,2.9832,5.9648,3.094,4.9609,9.3863,-1.5163
205.94,2.9518,5.9663,3.094,4.9626,9.3548,-1.5163
205.991,2.9308,5.9673,3.094,4.9637,9.3339,-1.5163
206.041,2.8993,5.9688,3.094,4.9655,9.3024,-1.5163
206.091,2.8783,5.9698,3.094,4.9666,9.2814,-1.5163
206.142,2.8574,5.9708,3.094,4.9677,9.2605,-1.5163
206.192,2.8259,5.9723,3.094,4.9695,9.229,-1.5163
206.242,2.8049,5.9733,3.094,4.9706,9.2081,-1.5163
206.292,2.7735,5.9748,3.094,4.9723,9.1766,-1.5163
206.343,2.7525,5.9758,3.094,4.9735,9.1556,-1.5163
206.393,2.7315,5.9768,3.094,4.9746,9.1347,-1.5163
206.443,2.7,5.9783,3.094,4.9763,9.1032,-1.5163
206.494,2.6791,5.9793,3.094,4.9775,9.0822,-1.5163
206.544,2.6476,5.9808,3.094,4.9792,9.0508,-1.5163
206.594,2.6266,5.9818,3.094,4.9803,9.0298,-1.5163
206.644,2.6057,5.9828,3.094,4.9815,9.0088,-1.5163
206.695,2.5742,5.9843,3.094,4.9832,8.9774,-1.5163
206.745,2.5532,5.9853,3.094,4.9843,8.9564,-1.5163
206.795,2.5217,5.9868,3.094,4.9861,8.925,-1.5163
206.845,2.5008,5.9878,3.094,4.9872,8.904,-1.5163
206.896,2.4798,5.9888,3.094,4.9883,8.883,-1.5163
206.946,2.4483,5.9903,3.094,4.9901,8.8516,-1.5163
206.996,2.4274,5.9913,3.094,4.9912,8.8306,-1.5163
207.046,2.3959,5.9928,3.094,4.9929,8.7992,-1.5163
207.097,2.3749,5.9938,3.094,4.9941,8.7782,-1.5163
207.147,2.3539,5.9948,3.094,4.9952,8.7572,-1.5163
207.197,2.3225,5.9963,3.094,4.9969,8.7258,-1.5163
207.247,2.3015,5.9973,3.094,4.9981,8.7048,-1.5163
207.298,2.2805,5.9983,3.094,4.9992,8.6838,-1.5163
207.348,2.2491,5.9998,3.094,5.0009,8.6524,-1.5163
207.398,2.2281,6.0008,3.094,5.0021,8.6314,-1.5163
207.448,2.1966,6.0023,3.094,5.0038,8.6,-1.5163
207.499,2.1756,6.0033,3.094,5.0049,8.579,-1.5163
207.549,2.1547,6.0043,3.094,5.0061,8.558,-1.5163
207.599,2.1232,6.0058,3.094,5.0078,8.5266,-1.5163
207.649,2.1022,6.0068,3.094,5.009,8.5056,-1.5163
207.7,2.0708,6.0083,3.094,5.0107,8.4741,-1.5163
207.75,2.0498,6.0093,3.094,5.0118,8.4532,-1.5163
207.8,2.0288,6.0103,3.094,5.013,8.4322,-1.5163
207.85,1.9973,6.0118,3.094,5.0147,8.4008,-1.5163
207.9,1.9764,6.0128,3.094,5.0158,8.3798,-1.5163
207.951,1.9449,6.0143,3.094,5.0175,8.3483,-1.5163
208.001,1.9239,6.0153,3.094,5.0187,8.3274,-1.5163
208.051,1.9029,6.0163,3.094,5.0198,8.3064,-1.5163
208.102,1.8715,6.0178,3.094,5.0215,8.2749,-1.5163
208.153,1.8505,6.0188,3.094,5.0227,8.254,-1.5163
208.203,1.819,6.0203,3.094,5.0244,8.2225,-1.5163
208.253,1.7981,6.0213,3.094,5.0256,8.2016,-1.5163
208.304,1.7771,6.0223,3.094,5.0267,8.1806,-1.5163
208.354,1.7456,6.0238,3.094,5.0284,8.1491,-1.5163
208.404,1.7246,6.0248,3.094,5.0296,8.1282,-1.5163
208.454,1.6932,6.0263,3.094,5.0313,8.0967,-1.5163
208.505,1.6722,6.0273,3.094,5.0324,8.0757,-1.5163
208.555,1.6512,6.0283,3.094,5.0336,8.0548,-1.5163
208.605,1.6198,6.0298,3.094,5.0353,8.0233,-1.5163
208.655,1.5988,6.0308,3.094,5.0364,8.0023,-1.5163
208.706,1.5673,6.0323,3.094,5.0381,7.9709,-1.5163
208.756,1.5464,6.0333,3.094,5.0393,7.9499,-1.5163
208.806,1.5254,6.0343,3.094,5.0404,7.929,-1.5163
208.856,1.4939,6.0358,3.094,5.0422,7.8975,-1.5163
208.907,1.4729,6.0368,3.094,5.0433,7.8765,-1.5163
208.957,1.452,6.0378,3.094,5.0444,7.8556,-1.5163
209.007,1.4205,6.0393,3.094,5.0462,7.8241,-1.5163
209.057,1.3995,6.0403,3.094,5.0473,7.8031,-1.5163
209.108,1.3681,6.0418,3.094,5.049,7.7717,-1.5163
209.158,1.3471,6.0428,3.094,5.0502,7.7507,-1.5163
209.208,1.3261,6.0438,3.094,5.0513,7.7298,-1.5163
209.258,1.2946,6.0453,3.094,5.053,7.6983,-1.5163
209.309,1.2737,6.0463,3.094,5.0542,7.6773,-1.5163
209.359,1.2422,6.0478,3.094,5.0559,7.6459,-1.5163
209.409,1.2212,6.0488,3.094,5.057,7.6249,-1.5163
209.459,1.2002,6.0498,3.094,5.0582,7.6039,-1.5163
209.51,1.1688,6.0513,3.094,5.0599,7.5725,-1.5163
209.56,1.1478,6.0523,3.094,5.061,7.5515,-1.5163
209.61,1.1163,6.0538,3.094,5.0628,7.5201,-1.5163
209.66,1.0954,6.0548,3.094,5.0639,7.4991,-1.5163
209.711,1.0744,6.0558,3.094,5.065,7.4781,-1.5163
209.761,1.0429,6.0573,3.094,5.0668,7.4467,-1.5163
209.811,1.0219,6.0583,3.094,5.0679,7.4257,-1.5163
209.861,0.9905,6.0598,3.094,5.0696,7.3943,-1.5163
209.912,0.9695,6.0608,3.094,5.0708,7.3733,-1.5163
209.962,0.9485,6.0618,3.094,5.0719,7.3523,-1.5163
210.012,0.9171,6.0633,3.094,5.0736,7.3209,-1.5163
210.063,0.8961,6.0643,3.094,5.0748,7.2999,-1.5163
210.113,0.8646,6.0658,3.094,5.0765,7.2684,-1.5163
210.163,0.8436,6.0668,3.094,5.0776,7.2475,-1.5163
210.213,0.8227,6.0678,3.094,5.0788,7.2265,-1.5163
210.264,0.7912,6.0693,3.094,5.0805,7.1951,-1.5163
210.314,0.7702,6.0703,3.094,5.0816,7.1741,-1.5163
210.364,0.7493,6.0713,3.094,5.0828,7.1531,-1.5163
210.414,0.7178,6.0728,3.094,5.0845,7.1217,-1.5163
210.465,0.6968,6.0738,3.094,5.0857,7.1007,-1.5163
210.515,0.6654,6.0753,3.094,5.0868,7.0797,-1.5163
210.565,0.6444,6.0763,3.094,5.0885,7.0483,-1.5163
210.615,0.6234,6.0773,3.094,5.0897,7.0273,-1.5163
210.666,0.5919,6.0788,3.094,5.0914,6.9958,-1.5163
210.716,0.571,6.0798,3.094,5.0925,6.9749,-1.5163
210.766,0.55,6.0808,3.094,5.0937,6.9539,-1.5163
210.817,0.5185,6.0823,3.094,5.0954,6.9225,-1.5163
210.867,0.4975,6.0833,3.094,5.0965,6.9015,-1.5163
210.917,0.4661,6.0848,3.094,5.0982,6.87,-1.5163
210.968,0.4451,6.0858,3.094,5.0994,6.8491,-1.5163
211.018,0.4241,6.0868,3.094,5.1005,6.8281,-1.5163
211.068,0.3927,6.0883,3.094,5.1022,6.7966,-1.5163
211.118,0.3717,6.0893,3.094,5.1034,6.7757,-1.5163
211.169,0.3402,6.0908,3.094,5.1051,6.7442,-1.5163
211.219,0.3192,6.0917,3.094,5.1063,6.7233,-1.5163
211.269,0.2983,6.0927,3.094,5.1074,6.7023,-1.5163
211.32,0.2668,6.0942,3.094,5.1091,6.6708,-1.5163
211.37,0.2458,6.0952,3.094,5.1103,6.6499,-1.5163
211.42,0.2144,6.0967,3.094,5.112,6.6184,-1.5163
211.47,0.1934,6.0977,3.094,5.1131,6.5974,-1.5163
211.521,0.1724,6.0987,3.094,5.1143,6.5765,-1.5163
211.571,0.1409,6.1002,3.094,5.116,6.545,-1.5163
211.621,0.12,6.1012,3.094,5.1171,6.524,-1.5163
211.671,0.0885,6.1027,3.094,5.1188,6.4926,-1.5163
211.722,0.0675,6.1037,3.094,5.12,6.4716,-1.5163
211.772,0.0466,6.1047,3.094,5.1211,6.4507,-1.5163
211.822,0.0151,6.1062,3.094,5.1229,6.4192,-1.5163
211.873,-0.0059,6.1072,3.094,5.124,6.3982,-1.5163
211.923,-0.0374,6.1087,3.094,5.1257,6.3668,-1.5163
211.976,-0.0583,6.1097,3.094,5.1269,6.3458,-1.5163
212.026,-0.0793,6.1107,3.094,5.128,6.3248,-1.5163
212.077,-0.1108,6.1122,3.094,5.1297,6.2934,-1.5163
212.127,-0.1317,6.1132,3.094,5.1309,6.2724,-1.5163
212.177,-0.1632,6.1147,3.094,5.1326,6.241,-1.5163
212.227,-0.1842,6.1157,3.094,5.1337,6.22,-1.5163
212.278,-0.2052,6.1167,3.094,5.1349,6.199,-1.5163
212.328,-0.2366,6.1182,3.094,5.1366,6.1676,-1.5163
212.378,-0.2576,6.1192,3.094,5.1377,6.1466,-1.5163
212.428,-0.2891,6.1207,3.094,5.1395,6.1152,-1.5163
212.481,-0.31,6.1217,3.094,5.1406,6.0942,-1.5163
212.531,-0.331,6.1227,3.094,5.1423,6.0627,-1.5163
212.581,-0.3625,6.1242,3.094,5.1435,6.0418,-1.5163
212.632,-0.3835,6.1252,3.094,5.1446,6.0208,-1.5163
212.682,-0.4149,6.1267,3.094,5.1463,5.9893,-1.5163
212.732,-0.4359,6.1277,3.094,5.1475,5.9684,-1.5163
212.783,-0.4569,6.1287,3.094,5.1486,5.9474,-1.5163
212.833,-0.4883,6.1302,3.094,5.1503,5.916,-1.5163
212.883,-0.5093,6.1312,3.094,5.1515,5.895,-1.5163
212.933,-0.5408,6.1327,3.094,5.1532,5.8635,-1.5163
212.984,-0.5618,6.1337,3.094,5.1543,5.8426,-1.5163
213.034,-0.5827,6.1347,3.094,5.1555,5.8216,-1.5163
213.084,-0.6142,6.1362,3.094,5.1572,5.7901,-1.5163
213.134,-0.6352,6.1372,3.094,5.1583,5.7692,-1.5163
213.185,-0.6666,6.1387,3.094,5.1601,5.7377,-1.5163
213.235,-0.6876,6.1397,3.094,5.1612,5.7168,-1.5163
213.285,-0.7086,6.1407,3.094,5.1623,5.6958,-1.5163
213.335,-0.7401,6.1422,3.094,5.1641,5.6643,-1.5163
213.386,-0.761,6.1432,3.094,5.1652,5.6434,-1.5163
213.436,-0.7925,6.1447,3.094,5.1669,5.6119,-1.5163
213.486,-0.8135,6.1457,3.094,5.1681,5.5909,-1.5163
213.536,-0.8344,6.1467,3.094,5.1692,5.57,-1.5163
213.586,-0.8659,6.1482,3.094,5.1709,5.5385,-1.5163
213.637,-0.8869,6.1492,3.094,5.1721,5.5175,-1.5163
213.687,-0.9184,6.1507,3.094,5.1738,5.4861,-1.5163
213.737,-0.9393,6.1517,3.094,5.1749,5.4651,-1.5163
213.787,-0.9603,6.1527,3.094,5.1761,5.4442,-1.5163
213.838,-0.9918,6.1542,3.094,5.1778,5.4127,-1.5163
213.888,-1.0127,6.1552,3.094,5.1789,5.3917,-1.5163
213.938,-1.0337,6.1562,3.094,5.1801,5.3708,-1.5163
213.988,-1.0652,6.1577,3.094,5.1818,5.3393,-1.5163
214.039,-1.0862,6.1587,3.094,5.183,5.3183,-1.5163
214.089,-1.1176,6.1602,3.094,5.1847,5.2869,-1.5163
214.139,-1.1386,6.1612,3.094,5.1858,5.2659,-1.5163
214.189,-1.1596,6.1622,3.094,5.187,5.245,-1.5163
214.24,-1.191,6.1637,3.094,5.1887,5.2135,-1.5163
214.29,-1.212,6.1647,3.094,5.1898,5.1925,-1.5163
214.34,-1.2435,6.1662,3.094,5.1915,5.1611,-1.5163
214.39,-1.2645,6.1672,3.094,5.1927,5.1401,-1.5163
214.441,-1.2854,6.1682,3.094,5.1938,5.1191,-1.5163
214.491,-1.3169,6.1697,3.094,5.1955,5.0877,-1.5163
214.541,-1.3379,6.1707,3.094,5.1967,5.0667,-1.5163
214.591,-1.3693,6.1722,3.094,5.1984,5.0353,-1.5163
214.642,-1.3903,6.1732,3.094,5.1996,5.0143,-1.5163
214.692,-1.4113,6.1742,3.094,5.2007,4.9933,-1.5163
214.742,-1.4428,6.1757,3.094,5.2024,4.9619,-1.5163
214.792,-1.4637,6.1767,3.094,5.2036,4.9409,-1.5163
214.842,-1.4952,6.1782,3.094,5.2053,4.9095,-1.5163
214.893,-1.5162,6.1792,3.094,5.2064,4.8885,-1.5163
214.943,-1.5372,6.1802,3.094,5.2076,4.8675,-1.5163
214.993,-1.5686,6.1817,3.094,5.2093,4.8361,-1.5163
215.043,-1.5896,6.1827,3.094,5.2104,4.8151,-1.5163
215.094,-1.6211,6.1842,3.094,5.2121,4.7836,-1.5163
215.144,-1.642,6.1852,3.094,5.2133,4.7627,-1.5163
215.194,-1.663,6.1862,3.094,5.2144,4.7417,-1.5163
215.244,-1.6945,6.1877,3.094,5.2162,4.7103,-1.5163
215.295,-1.7154,6.1887,3.094,5.2173,4.6893,-1.5163
215.345,-1.7364,6.1897,3.094,5.2184,4.6683,-1.5163
215.395,-1.7679,6.1912,3.094,5.2202,4.6369,-1.5163
215.446,-1.7889,6.1922,3.094,5.2213,4.6159,-1.5163
215.496,-1.8203,6.1937,3.094,5.223,4.5844,-1.5163
215.546,-1.8413,6.1947,3.094,5.2242,4.5635,-1.5163
215.596,-1.8623,6.1957,3.094,5.2253,4.5425,-1.5163
215.647,-1.8937,6.1972,3.094,5.227,4.511,-1.5163
215.697,-1.9147,6.1982,3.094,5.2282,4.4901,-1.5163
215.747,-1.9462,6.1997,3.094,5.2299,4.4586,-1.5163
215.797,-1.9672,6.2007,3.094,5.231,4.4377,-1.5163
215.848,-1.9881,6.2017,3.094,5.2322,4.4167,-1.5163
215.898,-2.0196,6.2032,3.094,5.2339,4.3852,-1.5163
215.948,-2.0406,6.2042,3.094,5.235,4.3643,-1.5163
215.998,-2.072,6.2057,3.094,5.2368,4.3328,-1.5163
216.049,-2.093,6.2067,3.094,5.2379,4.3118,-1.5163
216.099,-2.114,6.2077,3.094,5.239,4.2909,-1.5163
216.149,-2.1455,6.2092,3.094,5.2408,4.2594,-1.5163
216.199,-2.1664,6.2102,3.094,5.2419,4.2385,-1.5163
216.25,-2.1874,6.2112,3.094,5.2431,4.2175,-1.5163
216.3,-2.2189,6.2127,3.094,5.2448,4.186,-1.5163
216.35,-2.2399,6.2137,3.094,5.2459,4.1651,-1.5163
216.4,-2.2713,6.2152,3.094,5.2476,4.1336,-1.5163
216.451,-2.2923,6.2162,3.094,5.2488,4.1126,-1.5163
216.501,-2.3133,6.2172,3.094,5.2499,4.0917,-1.5163
216.553,-2.3447,6.2187,3.094,5.2516,4.0602,-1.5163
216.603,-2.3657,6.2197,3.094,5.2528,4.0392,-1.5163
216.653,-2.3972,6.2212,3.094,5.2545,4.0078,-1.5163
216.703,-2.4182,6.2222,3.094,5.2556,3.9868,-1.5163
216.754,-2.4391,6.2232,3.094,5.2568,3.9659,-1.5163
216.804,-2.4706,6.2247,3.094,5.2585,3.9344,-1.5163
216.854,-2.4916,6.2257,3.094,5.2597,3.9134,-1.5163
216.904,-2.523,6.2272,3.094,5.2614,3.882,-1.5163
216.955,-2.544,6.2282,3.094,5.2625,3.861,-1.5163
217.005,-2.565,6.2292,3.094,5.2637,3.84,-1.5163
217.055,-2.5964,6.2307,3.094,5.2654,3.8086,-1.5163
217.105,-2.6174,6.2317,3.094,5.2665,3.7876,-1.5163
217.155,-2.6489,6.2332,3.094,5.2682,3.7562,-1.5163
217.206,-2.6699,6.2342,3.094,5.2694,3.7352,-1.5163
217.256,-2.6908,6.2352,3.094,5.2705,3.7142,-1.5163
217.306,-2.7223,6.2367,3.094,5.2722,3.6828,-1.5163
217.356,-2.7433,6.2377,3.094,5.2734,3.6618,-1.5163
217.407,-2.7747,6.2392,3.094,5.2751,3.6304,-1.5163
217.457,-2.7957,6.2402,3.094,5.2762,3.6094,-1.5163
217.507,-2.8167,6.2412,3.094,5.2774,3.5884,-1.5163
217.558,-2.8482,6.2426,3.094,5.2791,3.557,-1.5163
217.608,-2.8691,6.2436,3.094,5.2803,3.536,-1.5163
217.658,-2.9006,6.2451,3.094,5.282,3.5045,-1.5163
217.708,-2.9216,6.2461,3.094,5.2831,3.4836,-1.5163
217.759,-2.9426,6.2471,3.094,5.2843,3.4626,-1.5163
217.809,-2.974,6.2486,3.094,5.286,3.4312,-1.5163
217.859,-2.995,6.2496,3.094,5.2871,3.4102,-1.5163
217.91,-3.016,6.2506,3.094,5.2883,3.3892,-1.5163
217.96,-3.0474,6.2521,3.094,5.29,3.3578,-1.5163
218.01,-3.0684,6.2531,3.094,5.2911,3.3368,-1.5163
218.06,-3.0999,6.2546,3.094,5.2928,3.3053,-1.5163
218.111,-3.1209,6.2556,3.094,5.294,3.2844,-1.5163
218.161,-3.1418,6.2566,3.094,5.2951,3.2634,-1.5163
218.211,-3.1733,6.2581,3.094,5.2969,3.232,-1.5163
218.261,-3.1943,6.2591,3.094,5.298,3.211,-1.5163
218.312,-3.2257,6.2606,3.094,5.2997,3.1795,-1.5163
218.362,-3.2467,6.2616,3.094,5.3009,3.1586,-1.5163
218.412,-3.2677,6.2626,3.094,5.302,3.1376,-1.5163
218.462,-3.2992,6.2641,3.094,5.3037,3.1061,-1.5163
218.513,-3.3201,6.2651,3.094,5.3049,3.0852,-1.5163
218.563,-3.3516,6.2666,3.094,5.3066,3.0537,-1.5163
218.613,-3.3726,6.2676,3.094,5.3077,3.0327,-1.5163
218.664,-3.3935,6.2686,3.094,5.3089,3.0118,-1.5163
218.714,-3.425,6.2701,3.094,5.3106,2.9803,-1.5163
218.764,-3.446,6.2711,3.094,5.3117,2.9594,-1.5163
218.815,-3.4774,6.2726,3.094,5.3135,2.9279,-1.5163
218.865,-3.4984,6.2736,3.094,5.3146,2.9069,-1.5163
218.915,-3.5194,6.2746,3.094,5.3157,2.886,-1.5163
218.965,-3.5509,6.2761,3.094,5.3175,2.8545,-1.5163
219.016,-3.5718,6.2771,3.094,5.3186,2.8335,-1.5163
219.066,-3.6033,6.2786,3.094,5.3203,2.8021,-1.5163
219.116,-3.6243,6.2796,3.094,5.3215,2.7811,-1.5163
219.166,-3.6453,6.2806,3.094,5.3226,2.7602,-1.5163
219.217,-3.6767,6.2821,3.094,5.3243,2.7287,-1.5163
219.267,-3.6977,6.2831,3.094,5.3255,2.7077,-1.5163
219.317,-3.7187,6.2841,3.094,5.3266,2.6868,-1.5163
219.367,-3.7501,6.2856,3.094,5.3283,2.6553,-1.5163
219.418,-3.7711,6.2866,3.094,5.3295,2.6343,-1.5163
219.468,-3.8026,6.2881,3.094,5.3312,2.6029,-1.5163
219.518,-3.8236,6.2891,3.094,5.3323,2.5819,-1.5163
219.568,-3.8445,6.2901,3.094,5.3335,2.561,-1.5163
219.619,-3.876,6.2916,3.094,5.3352,2.5295,-1.5163
219.669,-3.897,6.2926,3.094,5.3363,2.5085,-1.5163
219.719,-3.9284,6.2941,3.094,5.3381,2.4771,-1.5163
219.769,-3.9494,6.2951,3.094,5.3392,2.4561,-1.5163
219.82,-3.9704,6.2961,3.094,5.3404,2.4351,-1.5163
219.87,-4.0019,6.2976,3.094,5.3421,2.4037,-1.5163
219.92,-4.0228,6.2986,3.094,5.3432,2.3827,-1.5163
219.97,-4.0543,6.3001,3.094,5.3449,2.3513,-1.5163
220.021,-4.0753,6.3011,3.094,5.3461,2.3303,-1.5163
220.071,-4.0962,6.3021,3.094,5.3472,2.3093,-1.5163
220.121,-4.1277,6.3036,3.094,5.3489,2.2779,-1.5163
220.171,-4.1487,6.3046,3.094,5.3501,2.2569,-1.5163
220.222,-4.1802,6.3061,3.094,5.3518,2.2255,-1.5163
220.272,-4.2011,6.3071,3.094,5.3529,2.2045,-1.5163
220.322,-4.2221,6.3081,3.094,5.3541,2.1835,-1.5163
220.372,-4.2536,6.3096,3.094,5.3558,2.1521,-1.5163
220.423,-4.2745,6.3106,3.094,5.357,2.1311,-1.5163
220.473,-4.306,6.3121,3.094,5.3587,2.0996,-1.5163
220.523,-4.327,6.3131,3.094,5.3598,2.0787,-1.5163
220.574,-4.348,6.3141,3.094,5.361,2.0577,-1.5163
220.624,-4.3794,6.3156,3.094,5.3627,2.0262,-1.5163
220.674,-4.4004,6.3166,3.094,5.3638,2.0053,-1.5163
220.724,-4.4214,6.3176,3.094,5.365,1.9843,-1.5163
220.775,-4.4528,6.3191,3.094,5.3667,1.9529,-1.5163
220.825,-4.4738,6.3201,3.094,5.3678,1.9319,-1.5163
220.875,-4.5053,6.3216,3.094,5.3695,1.9004,-1.5163
220.925,-4.5263,6.3226,3.094,5.3707,1.8795,-1.5163
220.975,-4.5472,6.3236,3.094,5.3718,1.8585,-1.5163
221.026,-4.5787,6.3251,3.094,5.3736,1.827,-1.5163
221.076,-4.5997,6.3261,3.094,5.3747,1.8061,-1.5163
221.126,-4.6207,6.3271,3.094,5.3758,1.7851,-1.5163
221.177,-4.6521,6.3286,3.094,5.3776,1.7537,-1.5163
221.227,-4.6731,6.3296,3.094,5.3787,1.7327,-1.5163
221.277,-4.7046,6.3311,3.094,5.3804,1.7012,-1.5163
221.327,-4.7255,6.3321,3.094,5.3816,1.6803,-1.5163
221.378,-4.7465,6.3331,3.094,5.3827,1.6593,-1.5163
221.428,-4.778,6.3346,3.094,5.3844,1.6278,-1.5163
221.478,-4.799,6.3356,3.094,5.3856,1.6069,-1.5163
221.528,-4.8304,6.3371,3.094,5.3873,1.5754,-1.5163
221.579,-4.8514,6.3381,3.094,5.3884,1.5544,-1.5163
221.629,-4.8724,6.3391,3.094,5.3896,1.5335,-1.5163
221.679,-4.9038,6.3406,3.094,5.3913,1.502,-1.5163
221.729,-4.9248,6.3416,3.094,5.3924,1.4811,-1.5163
221.78,-4.9563,6.3431,3.094,5.3942,1.4496,-1.5163
221.83,-4.9772,6.3441,3.094,5.3953,1.4286,-1.5163
221.88,-4.9982,6.3451,3.094,5.3964,1.4077,-1.5163
221.93,-5.0297,6.3466,3.094,5.3982,1.3762,-1.5163
221.98,-5.0507,6.3476,3.094,5.3993,1.3552,-1.5163
222.031,-5.0821,6.3491,3.094,5.401,1.3238,-1.5163
222.081,-5.1031,6.3501,3.094,5.4022,1.3028,-1.5163
222.131,-5.1241,6.3511,3.094,5.4033,1.2819,-1.5163
222.181,-5.1555,6.3526,3.094,5.405,1.2504,-1.5163
222.232,-5.1765,6.3536,3.094,5.4062,1.2294,-1.5163
222.282,-5.208,6.3551,3.094,5.4079,1.198,-1.5163
222.332,-5.229,6.3561,3.094,5.409,1.177,-1.5163
222.382,-5.2499,6.3571,3.094,5.4102,1.156,-1.5163
222.433,-5.2814,6.3586,3.094,5.4119,1.1246,-1.5163
222.483,-5.3024,6.3596,3.094,5.413,1.1036,-1.5163
222.533,-5.3234,6.3606,3.094,5.4142,1.0827,-1.5163
222.583,-5.3548,6.3621,3.094,5.4159,1.0512,-1.5163
222.633,-5.3758,6.3631,3.094,5.4171,1.0302,-1.5163
222.684,-5.4073,6.3646,3.094,5.4188,0.9988,-1.5163
222.734,-5.4282,6.3656,3.094,5.4199,0.9778,-1.5163
222.784,-5.4492,6.3666,3.094,5.4211,0.9568,-1.5163
222.834,-5.4807,6.3681,3.094,5.4228,0.9254,-1.5163
222.885,-5.5017,6.3691,3.094,5.4239,0.9044,-1.5163
222.935,-5.5331,6.3706,3.094,5.4256,0.873,-1.5163
222.985,-5.5541,6.3716,3.094,5.4268,0.852,-1.5163
223.035,-5.5751,6.3726,3.094,5.4279,0.831,-1.5163
223.086,-5.6065,6.3741,3.094,5.4296,0.7996,-1.5163
223.136,-5.6275,6.3751,3.094,5.4308,0.7786,-1.5163
223.186,-5.659,6.3766,3.094,5.4325,0.7472,-1.5163
223.236,-5.68,6.3776,3.094,5.4337,0.7262,-1.5163
223.287,-5.7009,6.3786,3.094,5.4348,0.7052,-1.5163
223.337,-5.7324,6.3801,3.094,5.4365,0.6738,-1.5163
223.387,-5.7534,6.3811,3.094,5.4377,0.6528,-1.5163
223.438,-5.7848,6.3826,3.094,5.4394,0.6213,-1.5163
223.488,-5.8058,6.3836,3.094,5.4405,0.6004,-1.5163
223.538,-5.8268,6.3846,3.094,5.4417,0.5794,-1.5163
223.588,-5.8582,6.3861,3.094,5.4434,0.5479,-1.5163
223.639,-5.8792,6.3871,3.094,5.4445,0.527,-1.5163
223.689,-5.9107,6.3886,3.094,5.4462,0.4955,-1.5163
223.739,-5.9317,6.3896,3.094,5.4474,0.4746,-1.5163
223.789,-5.9526,6.3906,3.094,5.4485,0.4536,-1.5163
223.84,-5.9841,6.392,3.094,5.4503,0.4221,-1.5163
223.89,-6.0051,6.393,3.094,5.4514,0.4012,-1.5163
223.94,-6.0261,6.394,3.094,5.4525,0.3802,-1.5163
223.99,-6.0575,6.3955,3.094,5.4543,0.3487,-1.5163
224.04,-6.0785,6.3965,3.094,5.4554,0.3278,-1.5163
224.091,-6.11,6.398,3.094,5.4571,0.2963,-1.5163
224.141,-6.1309,6.399,3.094,5.4583,0.2754,-1.5163
224.191,-6.1519,6.4,3.094,5.4594,0.2544,-1.5163
224.241,-6.1834,6.4015,3.094,5.4611,0.2229,-1.5163
224.292,-6.2044,6.4025,3.094,5.4623,0.202,-1.5163
224.342,-6.2358,6.404,3.094,5.464,0.1705,-1.5163
224.392,-6.2568,6.405,3.094,5.4651,0.1495,-1.5163
224.443,-6.2778,6.406,3.094,5.4663,0.1286,-1.5163
224.493,-6.3092,6.4075,3.094,5.468,0.0971,-1.5163
224.543,-6.3302,6.4085,3.094,5.4691,0.0762,-1.5163
224.593,-6.3617,6.41,3.094,5.4709,0.0447,-1.5163
224.644,-6.3827,6.411,3.094,5.472,0.0237,-1.5163
224.694,-6.4036,6.412,3.094,5.4731,0.0028,-1.5163
224.744,-6.4351,6.4135,3.094,5.4749,-0.0287,-1.5163
224.794,-6.4561,6.4145,3.094,5.476,-0.0497,-1.5163
224.845,-6.4875,6.416,3.094,5.4777,-0.0811,-1.5163
224.895,-6.5085,6.417,3.094,5.4789,-0.1021,-1.5163
224.945,-6.5295,6.418,3.094,5.48,-0.1231,-1.5163
224.995,-6.561,6.4195,3.094,5.4817,-0.1545,-1.5163
225.046,-6.5819,6.4205,3.094,5.4829,-0.1755,-1.5163
225.096,-6.6134,6.422,3.094,5.4846,-0.2069,-1.5163
225.146,-6.6344,6.423,3.094,5.4857,-0.2279,-1.5163
225.196,-6.6553,6.424,3.094,5.4869,-0.2489,-1.5163
225.247,-6.6868,6.4255,3.094,5.4886,-0.2803,-1.5163
225.297,-6.7078,6.4265,3.094,5.4897,-0.3013,-1.5163
225.347,-6.7288,6.4275,3.094,5.4909,-0.3223,-1.5163
225.397,-6.7602,6.429,3.094,5.4926,-0.3537,-1.5163
225.448,-6.7812,6.43,3.094,5.4938,-0.3747,-1.5163
225.498,-6.8127,6.4315,3.094,5.4955,-0.4061,-1.5163
225.548,-6.8336,6.4325,3.094,5.4966,-0.4271,-1.5163
225.598,-6.8546,6.4335,3.094,5.4978,-0.4481,-1.5163
225.649,-6.8861,6.435,3.094,5.4995,-0.4795,-1.5163
225.699,-6.9071,6.436,3.094,5.5006,-0.5005,-1.5163
225.749,-6.9385,6.4375,3.094,5.5023,-0.5319,-1.5163
225.799,-6.9595,6.4385,3.094,5.5035,-0.5529,-1.5163
225.85,-6.9805,6.4395,3.094,5.5046,-0.5739,-1.5163
225.9,-7.0119,6.441,3.094,5.5063,-0.6053,-1.5163
225.95,-7.0329,6.442,3.094,5.5075,-0.6263,-1.5163
226.001,-7.0644,6.4435,3.094,5.5092,-0.6578,-1.5163
226.051,-7.0854,6.4445,3.094,5.5103,-0.6787,-1.5163
226.101,-7.1063,6.4455,3.094,5.5115,-0.6997,-1.5163
226.151,-7.1378,6.447,3.094,5.5132,-0.7311,-1.5163
226.202,-7.1588,6.448,3.094,5.5144,-0.7521,-1.5163
226.252,-7.1878,6.4492,3.0943,5.5156,-0.7741,-1.5001
226.302,-7.1982,6.4497,3.1009,5.5161,-0.7804,-1.4749
226.352,-7.2049,6.4499,3.1215,5.5168,-0.7867,-1.4497
226.403,-7.2143,6.4499,3.1562,5.5181,-0.796,-1.4119
226.453,-7.2206,6.4498,3.1803,5.5192,-0.8022,-1.3867
226.503,-7.2299,6.4493,3.2177,5.5211,-0.8115,-1.3489
226.553,-7.236,6.4488,3.2436,5.5226,-0.8176,-1.3237
226.604,-7.2422,6.4481,3.2699,5.5242,-0.8237,-1.2985
226.654,-7.2515,6.4468,3.3103,5.5269,-0.8328,-1.2607
226.704,-7.2576,6.4458,3.3378,5.5289,-0.8387,-1.2355
226.754,-7.2637,6.4445,3.3655,5.531,-0.8447,-1.2103
226.805,-7.2727,6.4423,3.4076,5.5345,-0.8534,-1.1725
226.855,-7.2786,6.4406,3.4358,5.5371,-0.8592,-1.1473
226.905,-7.2873,6.4378,3.4777,5.5411,-0.8677,-1.1095
226.955,-7.2929,6.4357,3.5054,5.544,-0.8734,-1.0843
227.006,-7.2984,6.4336,3.5326,5.547,-0.8789,-1.0591
227.056,-7.3064,6.4301,3.5725,5.5518,-0.887,-1.0213
227.106,-7.3116,6.4277,3.5983,5.5551,-0.8924,-0.9961
227.156,-7.319,6.4239,3.6361,5.5604,-0.9002,-0.9583
227.207,-7.3238,6.4212,3.6613,5.5641,-0.9053,-0.9331
227.257,-7.3286,6.4184,3.6865,5.5679,-0.9103,-0.9079
227.307,-7.3356,6.4139,3.7243,5.5739,-0.9177,-0.8701
227.357,-7.3403,6.4108,3.7495,5.5781,-0.9225,-0.8449
227.408,-7.3478,6.4053,3.7873,5.5851,-0.9301,-0.8071
227.458,-7.353,6.4013,3.8125,5.5903,-0.9354,-0.7819
227.508,-7.3586,6.3968,3.8377,5.596,-0.9409,-0.7567
227.558,-7.3672,6.3893,3.8755,5.6053,-0.9494,-0.7189
227.609,-7.3732,6.3838,3.9007,5.612,-0.9551,-0.6937
227.659,-7.3825,6.3746,3.9385,5.6231,-0.964,-0.6559
227.709,-7.3888,6.368,3.9637,5.6311,-0.9699,-0.6307
227.76,-7.3954,6.3608,3.9889,5.6396,-0.976,-0.6055
227.81,-7.4053,6.3491,4.0268,5.6533,-0.9851,-0.5677
227.86,-7.4119,6.3408,4.0521,5.6629,-0.9911,-0.5425
227.91,-7.4222,6.3272,4.0903,5.6786,-1.0001,-0.5047
227.961,-7.429,6.3175,4.116,5.6896,-1.006,-0.4795
228.011,-7.4359,6.3071,4.142,5.7012,-1.0119,-0.4543
228.061,-7.4464,6.2905,4.1817,5.7196,-1.0204,-0.4165
228.112,-7.4534,6.2787,-2.0743,5.7324,-1.0259,-0.3913
228.162,-7.4637,6.2595,-2.034,5.7529,-1.0339,-0.3549
228.212,-7.4703,6.246,-2.0086,5.7672,-1.039,-0.3327
228.262,-7.4768,6.2317,-1.9854,5.782,-1.044,-0.3124
228.313,-7.4863,6.2094,-1.9538,5.8052,-1.0511,-0.2848
228.363,-7.4923,6.1941,-1.9349,5.8212,-1.0556,-0.268
228.413,-7.4983,6.1783,-1.9178,5.8376,-1.06,-0.2527
228.464,-7.5069,6.1538,-1.8946,5.8629,-1.0662,-0.2318
228.514,-7.5124,6.1372,-1.8807,5.8801,-1.0702,-0.2191
228.564,-7.5203,6.1117,-1.8632,5.9066,-1.0758,-0.2021
228.614,-7.5254,6.0945,-1.8529,5.9245,-1.0794,-0.1917
228.665,-7.5304,6.0769,-1.8435,5.9427,-1.0829,-0.1822
228.715,-7.5377,6.0502,-1.8305,5.9704,-1.0878,-0.169
228.765,-7.5425,6.0321,-1.8225,5.989,-1.0909,-0.1609
228.816,-7.5494,6.0046,-1.8116,6.0173,-1.0953,-0.1498
228.866,-7.5539,5.9861,-1.8049,6.0363,-1.0981,-0.143
228.916,-7.5583,5.9675,-1.7986,6.0555,-1.1008,-0.1368
228.966,-7.5649,5.9392,-1.7897,6.0845,-1.1046,-0.1281
229.017,-7.5691,5.9201,-1.7838,6.1039,-1.1071,-0.1227
229.067,-7.5752,5.8911,-1.7755,6.1333,-1.1106,-0.1155
229.117,-7.5792,5.8716,-1.7705,6.1531,-1.1129,-0.1111
229.167,-7.5831,5.8521,-1.7658,6.1729,-1.115,-0.1072
229.218,-7.5889,5.8225,-1.7595,6.2028,-1.1182,-0.1017
229.27,-7.5926,5.8028,-1.7557,6.2229,-1.1202,-0.0984
229.321,-7.5981,5.7729,-1.7506,6.2531,-1.1231,-0.094
229.371,-7.6017,5.7529,-1.7475,6.2733,-1.125,-0.0913
229.421,-7.6053,5.7329,-1.7447,6.2936,-1.1268,-0.0889
229.471,-7.6105,5.7027,-1.7409,6.3241,-1.1295,-0.0855
229.522,-7.614,5.6825,-1.7385,6.3445,-1.1312,-0.0835
229.572,-7.6191,5.6522,-1.7355,6.3752,-1.1337,-0.0808
229.622,-7.6224,5.6319,-1.7339,6.3957,-1.1354,-0.0792
229.673,-7.6257,5.6116,-1.7324,6.4162,-1.137,-0.0777
229.723,-7.6307,5.5811,-1.7304,6.4471,-1.1394,-0.0757
229.773,-7.634,5.5607,-1.7291,6.4677,-1.1409,-0.0744
229.823,-7.6388,5.5301,-1.7275,6.4987,-1.1432,-0.0727
229.874,-7.642,5.5096,-1.7266,6.5194,-1.1447,-0.0716
229.924,-7.6453,5.4891,-1.7257,6.5401,-1.1462,-0.0706
229.974,-7.65,5.4583,-1.7245,6.5711,-1.1483,-0.0692
230.024,-7.6532,5.4378,-1.7237,6.5918,-1.1498,-0.0684
230.074,-7.658,5.407,-1.7226,6.623,-1.1519,-0.0672
230.125,-7.6611,5.3864,-1.7218,6.6437,-1.1533,-0.0664
230.175,-7.6642,5.3658,-1.721,6.6645,-1.1546,-0.0658
230.225,-7.6689,5.3349,-1.72,6.6957,-1.1567,-0.0648
230.275,-7.672,5.3143,-1.7193,6.7165,-1.158,-0.0642
230.325,-7.6766,5.2833,-1.7184,6.7477,-1.16,-0.0635
230.376,-7.6797,5.2627,-1.7179,6.7686,-1.1613,-0.063
230.426,-7.6827,5.242,-1.7174,6.7894,-1.1626,-0.0626
230.476,-7.6873,5.211,-1.7167,6.8207,-1.1646,-0.062
230.526,-7.6903,5.1903,-1.7163,6.8416,-1.1659,-0.0617
230.577,-7.6949,5.1593,-1.7158,6.8729,-1.1678,-0.0612
230.627,-7.6979,5.1386,-1.7155,6.8938,-1.1691,-0.0609
230.677,-7.7009,5.1179,-1.7152,6.9147,-1.1704,-0.0607
230.727,-7.7054,5.0868,-1.7148,6.946,-1.1723,-0.0603
230.777,-7.7084,5.0661,-1.7146,6.9669,-1.1735,-0.0601
230.828,-7.7114,5.0453,-1.7144,6.9878,-1.1748,-0.0599
230.878,-7.7159,5.0142,-1.7141,7.0192,-1.1767,-0.0596
230.928,-7.7189,4.9935,-1.714,7.0401,-1.1779,-0.0594
230.978,-7.7234,4.9624,-1.7137,7.0715,-1.1798,-0.0592
231.029,-7.7264,4.9416,-1.7136,7.0924,-1.181,-0.0591
231.079,-7.7293,4.9209,-1.7135,7.1134,-1.1822,-0.0589
231.129,-7.7338,4.8897,-1.7133,7.1448,-1.1841,-0.0587
231.18,-7.7368,4.869,-1.7132,7.1657,-1.1853,-0.0586
231.23,-7.7413,4.8378,-1.7131,7.1971,-1.1872,-0.0585
231.28,-7.7442,4.8171,-1.7129,7.218,-1.1884,-0.0584
231.331,-7.7472,4.7963,-1.7128,7.239,-1.1896,-0.0583
231.381,-7.7517,4.7652,-1.7127,7.2704,-1.1914,-0.0581
231.431,-7.7546,4.7444,-1.7126,7.2913,-1.1927,-0.0581
231.481,-7.7591,4.7132,-1.7125,7.3228,-1.1945,-0.0579
231.532,-7.762,4.6925,-1.7124,7.3437,-1.1957,-0.0579
231.582,-7.765,4.6717,-1.7124,7.3647,-1.1969,-0.0578
231.632,-7.7694,4.6405,-1.7123,7.3961,-1.1987,-0.0577
231.682,-7.7724,4.6198,-1.7122,7.417,-1.1999,-0.0577
231.733,-7.7768,4.5886,-1.7121,7.4485,-1.2017,-0.0576
231.783,-7.7798,4.5678,-1.7121,7.4694,-1.203,-0.0576
231.833,-7.7827,4.547,-1.7121,7.4904,-1.2042,-0.0576
231.883,-7.7872,4.5159,-1.712,7.5218,-1.206,-0.0575
231.933,-7.7901,4.4951,-1.712,7.5428,-1.2072,-0.0575
231.984,-7.7931,4.4743,-1.7119,7.5637,-1.2084,-0.0575
232.034,-7.7975,4.4431,-1.7119,7.5952,-1.2102,-0.0574
232.084,-7.8005,4.4223,-1.7119,7.6161,-1.2114,-0.0574
232.135,-7.8049,4.3911,-1.7119,7.6476,-1.2132,-0.0574
232.185,-7.8078,4.3704,-1.7118,7.6685,-1.2144,-0.0573
232.235,-7.8108,4.3496,-1.7118,7.6895,-1.2156,-0.0573
232.285,-7.8152,4.3184,-1.7118,7.7209,-1.2174,-0.0573
232.336,-7.8182,4.2976,-1.7118,7.7419,-1.2186,-0.0573
232.386,-7.8226,4.2664,-1.7118,7.7733,-1.2204,-0.0572
232.436,-7.8255,4.2456,-1.7117,7.7943,-1.2216,-0.0572
232.486,-7.8285,4.2248,-1.7117,7.8153,-1.2228,-0.0572
232.537,-7.8329,4.1937,-1.7117,7.8467,-1.2246,-0.0572
232.587,-7.8359,4.1729,-1.7117,7.8677,-1.2258,-0.0572
232.637,-7.8403,4.1417,-1.7117,7.8991,-1.2276,-0.0572
232.687,-7.8432,4.1209,-1.7117,7.9201,-1.2288,-0.0572
232.737,-7.8462,4.1001,-1.7117,7.941,-1.23,-0.0572
232.788,-7.8506,4.0689,-1.7116,7.9725,-1.2318,-0.0571
232.838,-7.8535,4.0481,-1.7116,7.9934,-1.233,-0.0571
232.888,-7.858,4.017,-1.7116,8.0249,-1.2348,-0.0571
232.939,-7.8609,3.9962,-1.7116,8.0458,-1.236,-0.0571
232.989,-7.8639,3.9754,-1.7116,8.0668,-1.2372,-0.0571
233.039,-7.8683,3.9442,-1.7116,8.0983,-1.239,-0.0571
233.089,-7.8712,3.9234,-1.7116,8.1192,-1.2402,-0.0571
233.14,-7.8757,3.8922,-1.7116,8.1507,-1.242,-0.0571
233.19,-7.8786,3.8714,-1.7116,8.1716,-1.2432,-0.0571
233.24,-7.8815,3.8506,-1.7116,8.1926,-1.2444,-0.0571
233.29,-7.886,3.8194,-1.7116,8.224,-1.2462,-0.0571
233.341,-7.8889,3.7986,-1.7116,8.245,-1.2474,-0.0571
233.391,-7.8919,3.7779,-1.7116,8.266,-1.2486,-0.0571
233.441,-7.8963,3.7467,-1.7116,8.2974,-1.2504,-0.0571
233.491,-7.8992,3.7259,-1.7116,8.3184,-1.2516,-0.0571
233.542,-7.9036,3.6947,-1.7116,8.3498,-1.2534,-0.0571
233.592,-7.9066,3.6739,-1.7116,8.3708,-1.2546,-0.0571
233.642,-7.9095,3.6531,-1.7116,8.3918,-1.2558,-0.0571
233.692,-7.914,3.6219,-1.7116,8.4232,-1.2576,-0.0571
233.743,-7.9169,3.6011,-1.7116,8.4442,-1.2588,-0.0571
233.793,-7.9213,3.5699,-1.7116,8.4756,-1.2606,-0.0571
233.843,-7.9243,3.5491,-1.7116,8.4966,-1.2618,-0.0571
233.894,-7.9272,3.5284,-1.7116,8.5176,-1.263,-0.0571
233.944,-7.9316,3.4972,-1.7116,8.549,-1.2648,-0.0571
233.994,-7.9346,3.4764,-1.7116,8.57,-1.266,-0.057
234.044,-7.939,3.4452,-1.7115,8.6014,-1.2678,-0.057
234.095,-7.9419,3.4244,-1.7115,8.6224,-1.269,-0.057
234.145,-7.9449,3.4036,-1.7115,8.6434,-1.2702,-0.057
234.195,-7.9493,3.3724,-1.7115,8.6748,-1.272,-0.057
234.246,-7.9523,3.3516,-1.7115,8.6958,-1.2732,-0.057
234.296,-7.9567,3.3204,-1.7115,8.7272,-1.2749,-0.057
234.346,-7.9596,3.2996,-1.7115,8.7482,-1.2761,-0.057
234.396,-7.9626,3.2789,-1.7115,8.7691,-1.2773,-0.057
234.446,-7.967,3.2477,-1.7115,8.8006,-1.2791,-0.057
234.497,-7.9699,3.2269,-1.7115,8.8216,-1.2803,-0.057
234.547,-7.9743,3.1957,-1.7115,8.853,-1.2821,-0.057
234.597,-7.9773,3.1749,-1.7115,8.874,-1.2833,-0.057
234.647,-7.9802,3.1541,-1.7115,8.8949,-1.2845,-0.057
234.697,-7.9847,3.1229,-1.7115,8.9264,-1.2863,-0.057
234.748,-7.9876,3.1021,-1.7115,8.9474,-1.2875,-0.057
234.798,-7.992,3.0709,-1.7115,8.9788,-1.2893,-0.057
234.848,-7.995,3.0501,-1.7115,8.9998,-1.2905,-0.057
234.898,-7.9979,3.0293,-1.7115,9.0207,-1.2917,-0.057
234.949,-8.0023,2.9982,-1.7115,9.0522,-1.2935,-0.057
234.999,-8.0053,2.9774,-1.7115,9.0732,-1.2947,-0.057
235.049,-8.0082,2.9566,-1.7115,9.0941,-1.2959,-0.057
235.099,-8.0126,2.9254,-1.7115,9.1256,-1.2977,-0.057
235.15,-8.0156,2.9046,-1.7115,9.1465,-1.2989,-0.057
235.2,-8.02,2.8734,-1.7115,9.178,-1.3007,-0.057
235.25,-8.023,2.8526,-1.7115,9.1989,-1.3019,-0.057
235.301,-8.0259,2.8318,-1.7115,9.2199,-1.3031,-0.057
235.351,-8.0303,2.8006,-1.7115,9.2514,-1.3049,-0.057
235.401,-8.0333,2.7798,-1.7115,9.2723,-1.3061,-0.057
235.451,-8.0377,2.7486,-1.7115,9.3038,-1.3079,-0.057
235.502,-8.0406,2.7279,-1.7115,9.3247,-1.3091,-0.057
235.552,-8.0436,2.7071,-1.7115,9.3457,-1.3103,-0.057
235.602,-8.048,2.6759,-1.7115,9.3772,-1.3121,-0.057
235.652,-8.0509,2.6551,-1.7115,9.3981,-1.3133,-0.057
235.702,-8.0554,2.6239,-1.7115,9.4296,-1.315,-0.057
235.753,-8.0583,2.6031,-1.7115,9.4505,-1.3162,-0.057
235.803,-8.0612,2.5823,-1.7115,9.4715,-1.3174,-0.057
235.853,-8.0657,2.5511,-1.7115,9.5029,-1.3192,-0.057
235.903,-8.0686,2.5303,-1.7115,9.5239,-1.3204,-0.057
235.954,-8.073,2.4991,-1.7115,9.5554,-1.3222,-0.057
236.004,-8.076,2.4783,-1.7115,9.5763,-1.3234,-0.057
236.054,-8.0789,2.4576,-1.7115,9.5973,-1.3246,-0.057
236.104,-8.0833,2.4264,-1.7115,9.6287,-1.3264,-0.057
236.154,-8.0863,2.4056,-1.7115,9.6497,-1.3276,-0.057
236.205,-8.0892,2.3848,-1.7115,9.6707,-1.3288,-0.057
236.255,-8.0937,2.3536,-1.7115,9.7021,-1.3306,-0.057
