t,truth_x,truth_y,truth_yaw,est_x,est_y,est_yaw
0.0,-8.0569,2.3207,-1.7486,0.0,0.0,0.0268
0.05,-8.0569,2.3207,-1.745,0.0,0.0,0.0313
0.101,-8.0572,2.3193,-1.7224,0.0013,0.0001,0.0655
0.151,-8.0576,2.3158,-1.6846,0.0034,0.0003,0.0891
0.201,-8.0579,2.3134,-1.6594,0.0075,0.0008,0.1253
0.252,-8.0581,2.3098,-1.6216,0.0106,0.0012,0.1506
0.302,-8.0582,2.3074,-1.5964,0.0153,0.002,0.1885
0.352,-8.0583,2.305,-1.5712,0.0185,0.0026,0.2138
0.403,-8.0582,2.3014,-1.5334,0.0225,0.0035,0.2463
0.453,-8.0581,2.299,-1.5082,0.0254,0.0043,0.2697
0.503,-8.0579,2.2966,-1.4831,0.0298,0.0055,0.3059
0.553,-8.0575,2.2931,-1.4453,0.0328,0.0065,0.3312
0.604,-8.0572,2.2907,-1.4201,0.0371,0.008,0.3673
0.654,-8.0566,2.2872,-1.3823,0.0399,0.0091,0.3907
0.704,-8.0561,2.2848,-1.3571,0.0443,0.011,0.4286
0.754,-8.0556,2.2825,-1.3319,0.0472,0.0123,0.4539
0.805,-8.0547,2.279,-1.2941,0.0509,0.0142,0.4864
0.855,-8.054,2.2767,-1.2689,0.0537,0.0157,0.5116
0.905,-8.0529,2.2733,-1.231,0.0576,0.0179,0.5477
0.955,-8.052,2.271,-1.2057,0.0601,0.0195,0.5713
1.006,-8.0511,2.2688,-1.1803,0.0639,0.022,0.6079
1.056,-8.0496,2.2653,-1.1417,0.0663,0.0237,0.6319
1.107,-8.0485,2.263,-1.1156,0.0701,0.0265,0.6712
1.157,-8.0467,2.2595,-1.0757,0.0726,0.0285,0.698
1.207,-8.0454,2.257,-1.0485,0.0762,0.0316,0.739
1.258,-8.0439,2.2545,-1.0207,0.078,0.0333,0.761
1.308,-8.0414,2.2507,-0.978,0.0812,0.0365,0.802
1.358,-8.0396,2.2481,-0.9488,0.0833,0.0386,0.8291
1.408,-8.0368,2.2443,-0.9051,0.0863,0.042,0.8708
1.459,-8.0348,2.2419,-0.876,0.0891,0.0455,0.9126
1.509,-8.0327,2.2394,-0.847,0.0911,0.0481,0.9417
1.559,-8.0292,2.2356,-0.8034,0.0931,0.0509,0.9708
1.609,-8.0265,2.2329,-0.7744,0.0961,0.0557,1.0145
1.66,-8.022,2.2287,-0.7309,0.0987,0.0602,1.0519
1.71,-8.0187,2.2258,-0.7019,0.1007,0.0638,1.0788
1.76,-8.0151,2.2228,-0.6729,0.1037,0.0698,1.1204
1.81,-8.0091,2.2182,-0.6294,0.1058,0.0744,1.1495
1.86,-8.0048,2.2152,-0.6005,0.1087,0.0814,1.1908
1.911,-7.9978,2.2106,-0.5576,0.1105,0.0863,1.2174
1.961,-7.9928,2.2075,-0.5293,0.1134,0.0947,1.26
2.011,-7.9876,2.2046,-0.5014,0.1152,0.1007,1.2878
2.061,-7.9794,2.2003,-0.4607,0.1174,0.1087,1.3226
2.111,-7.9738,2.1976,-0.4343,0.1189,0.1153,1.3488
2.162,-7.968,2.195,-0.409,0.121,0.1253,1.3848
2.212,-7.9588,2.1912,-0.3723,0.1221,0.1319,1.4075
2.262,-7.9523,2.1887,-0.3495,0.1237,0.1427,1.4395
2.312,-7.9418,2.1851,-0.3188,0.1246,0.1499,1.4583
2.363,-7.9346,2.1828,-0.3001,0.1258,0.162,1.4862
2.413,-7.9271,2.1805,-0.283,0.1264,0.1703,1.5029
2.463,-7.9155,2.1773,-0.2597,0.1271,0.183,1.5258
2.513,-7.9075,2.1752,-0.2453,0.1274,0.1898,1.5368
2.563,-7.8951,2.1722,-0.226,0.1277,0.2024,1.5552
2.614,-7.8867,2.1703,-0.2142,0.1278,0.2107,1.5662
2.664,-7.8781,2.1685,-0.2034,0.1278,0.2237,1.5814
2.714,-7.865,2.1659,-0.1885,0.1277,0.2329,1.5912
2.764,-7.8561,2.1642,-0.1794,0.1273,0.2462,1.6041
2.815,-7.8425,2.1619,-0.167,0.127,0.2556,1.6125
2.865,-7.8333,2.1603,-0.1595,0.1263,0.2699,1.6237
2.915,-7.824,2.1589,-0.1526,0.1259,0.2774,1.629
2.965,-7.8099,2.1567,-0.1431,0.1251,0.2912,1.6382
3.015,-7.8004,2.1553,-0.1372,0.1244,0.3009,1.6441
3.066,-7.786,2.1533,-0.1293,0.1233,0.3149,1.6518
3.116,-7.7763,2.1521,-0.1245,0.1226,0.324,1.6564
3.166,-7.7665,2.1509,-0.1199,0.1214,0.3382,1.6633
3.216,-7.7517,2.1491,-0.1132,0.1204,0.3481,1.6678
3.266,-7.7417,2.148,-0.1091,0.1189,0.3631,1.674
3.317,-7.7266,2.1464,-0.1036,0.1179,0.3731,1.6777
3.367,-7.7165,2.1453,-0.1003,0.1165,0.386,1.6821
3.417,-7.7064,2.1443,-0.0973,0.1154,0.3954,1.685
3.467,-7.6912,2.1429,-0.0931,0.1138,0.4098,1.689
3.518,-7.681,2.142,-0.0906,0.1126,0.4192,1.6915
3.568,-7.6708,2.141,-0.0883,0.1109,0.4337,1.6949
3.618,-7.6555,2.1397,-0.0852,0.1096,0.4439,1.6971
3.668,-7.6452,2.1388,-0.0833,0.1076,0.4592,1.7
3.719,-7.6298,2.1376,-0.0807,0.1063,0.4694,1.7018
3.769,-7.6195,2.1367,-0.0792,0.1046,0.4826,1.704
3.819,-7.6092,2.1359,-0.0778,0.1033,0.4921,1.7053
3.869,-7.5937,2.1347,-0.076,0.1013,0.5068,1.7072
3.919,-7.5834,2.134,-0.0748,0.0993,0.5215,1.7089
3.97,-7.5678,2.1328,-0.0733,0.0979,0.5318,1.7099
4.02,-7.5575,2.132,-0.0725,0.0965,0.5413,1.7108
4.07,-7.5471,2.1313,-0.0716,0.0943,0.5568,1.7121
4.12,-7.5315,2.1302,-0.0705,0.0929,0.5671,1.7129
4.171,-7.5211,2.1295,-0.0699,0.091,0.5804,1.7139
4.221,-7.5055,2.1284,-0.069,0.0888,0.5951,1.7149
4.271,-7.4951,2.1277,-0.0685,0.0874,0.6055,1.7154
4.321,-7.4847,2.1269,-0.0681,0.0852,0.6202,1.7162
4.371,-7.4691,2.1259,-0.0675,0.0838,0.6298,1.7167
4.422,-7.4586,2.1252,-0.0672,0.0816,0.6446,1.7173
4.472,-7.4482,2.1245,-0.0668,0.0801,0.6549,1.7177
4.522,-7.4326,2.1234,-0.0664,0.0778,0.6705,1.7182
4.572,-7.4221,2.1227,-0.0661,0.0763,0.6808,1.7185
4.623,-7.4065,2.1217,-0.0657,0.0743,0.6941,1.719
4.673,-7.396,2.121,-0.0655,0.0729,0.7037,1.7192
4.723,-7.3856,2.1203,-0.0653,0.0706,0.7185,1.7196
4.773,-7.3699,2.1193,-0.065,0.0692,0.7282,1.7199
4.823,-7.3595,2.1186,-0.0648,0.067,0.743,1.7202
4.874,-7.3438,2.1176,-0.0646,0.0654,0.7533,1.7204
4.924,-7.3333,2.1169,-0.0645,0.0631,0.7689,1.7207
4.974,-7.3229,2.1163,-0.0643,0.0615,0.7792,1.7209
5.024,-7.3072,2.1153,-0.0641,0.0595,0.7926,1.7213
5.075,-7.2967,2.1146,-0.064,0.058,0.8022,1.7214
5.125,-7.281,2.1136,-0.0639,0.0558,0.817,1.7217
5.175,-7.2706,2.1129,-0.0638,0.0542,0.8274,1.7218
5.225,-7.2601,2.1122,-0.0637,0.052,0.8422,1.722
5.276,-7.2444,2.1112,-0.0636,0.0505,0.8518,1.7222
5.326,-7.2339,2.1106,-0.0635,0.0481,0.8674,1.7224
5.376,-7.2182,2.1096,-0.0634,0.0465,0.8777,1.7225
5.426,-7.2078,2.1089,-0.0633,0.0445,0.8911,1.7227
5.476,-7.1973,2.1083,-0.0632,0.0429,0.9015,1.7228
5.527,-7.1816,2.1073,-0.0632,0.0406,0.9163,1.7231
5.577,-7.1711,2.1066,-0.0631,0.0392,0.9259,1.7232
5.627,-7.1554,2.1056,-0.0631,0.0369,0.9407,1.7234
5.677,-7.1449,2.1049,-0.063,0.0354,0.9503,1.7235
5.727,-7.1344,2.1043,-0.063,0.033,0.9659,1.7236
5.778,-7.1187,2.1033,-0.0629,0.0314,0.9763,1.7238
5.828,-7.1082,2.1026,-0.0629,0.029,0.9918,1.7241
5.878,-7.0978,2.102,-0.0629,0.0277,1.0,1.7242
5.928,-7.0821,2.101,-0.0629,0.0255,1.0148,1.7243
5.979,-7.0716,2.1003,-0.0628,0.024,1.0244,1.7245
6.029,-7.0559,2.0993,-0.0628,0.0217,1.0393,1.7246
6.079,-7.0454,2.0987,-0.0628,0.0194,1.0541,1.7248
6.129,-7.0349,2.098,-0.0628,0.0178,1.0645,1.7249
6.179,-7.0192,2.097,-0.0628,0.0161,1.0748,1.7251
6.23,-7.0087,2.0964,-0.0627,0.0137,1.0904,1.7252
6.28,-6.993,2.0954,-0.0627,0.0125,1.0985,1.7253
6.33,-6.9825,2.0947,-0.0627,0.0101,1.1134,1.7255
6.38,-6.972,2.0941,-0.0627,0.0078,1.1282,1.7256
6.43,-6.9563,2.0931,-0.0627,0.0062,1.1386,1.7257
6.481,-6.9458,2.0924,-0.0627,0.0039,1.1534,1.7258
6.531,-6.9301,2.0914,-0.0627,0.0024,1.163,1.7258
6.581,-6.9197,2.0908,-0.0627,-0.0,1.1786,1.726
6.631,-6.9092,2.0901,-0.0627,-0.0017,1.1889,1.7261
6.681,-6.8935,2.0891,-0.0626,-0.0037,1.2023,1.7262
6.732,-6.883,2.0885,-0.0626,-0.0054,1.2127,1.7263
6.782,-6.8725,2.0878,-0.0626,-0.0077,1.2275,1.7264
6.832,-6.8568,2.0868,-0.0626,-0.0092,1.2371,1.7266
6.882,-6.8463,2.0862,-0.0626,-0.0115,1.2519,1.7267
6.933,-6.8306,2.0852,-0.0626,-0.013,1.2615,1.7268
6.983,-6.8201,2.0845,-0.0626,-0.0155,1.2771,1.727
7.033,-6.8096,2.0839,-0.0626,-0.0171,1.2875,1.727
7.083,-6.7939,2.0829,-0.0626,-0.0196,1.303,1.7272
7.133,-6.7834,2.0822,-0.0626,-0.0209,1.3112,1.7273
7.184,-6.7677,2.0813,-0.0626,-0.0232,1.326,1.7274
7.234,-6.7572,2.0806,-0.0626,-0.0247,1.3356,1.7275
7.284,-6.7467,2.0799,-0.0626,-0.0271,1.3504,1.7277
7.335,-6.731,2.079,-0.0626,-0.0287,1.3608,1.7277
7.385,-6.7206,2.0783,-0.0626,-0.031,1.3756,1.7278
7.435,-6.7048,2.0773,-0.0626,-0.0327,1.386,1.7278
7.485,-6.6944,2.0767,-0.0626,-0.0352,1.4016,1.7279
7.535,-6.6839,2.076,-0.0626,-0.0364,1.4097,1.7279
7.586,-6.6682,2.075,-0.0626,-0.0388,1.4245,1.7281
7.636,-6.6577,2.0744,-0.0626,-0.0404,1.4349,1.7281
7.686,-6.642,2.0734,-0.0626,-0.0428,1.4497,1.7282
7.737,-6.6315,2.0727,-0.0626,-0.0443,1.4593,1.7284
7.787,-6.621,2.0721,-0.0626,-0.0467,1.4742,1.7285
7.838,-6.6053,2.0711,-0.0626,-0.0483,1.4845,1.7286
7.888,-6.5948,2.0704,-0.0626,-0.0508,1.5001,1.7287
7.938,-6.5791,2.0694,-0.0626,-0.0524,1.5104,1.7289
7.989,-6.5686,2.0688,-0.0626,-0.0546,1.5238,1.729
8.039,-6.5581,2.0681,-0.0626,-0.0561,1.5334,1.7291
8.089,-6.5424,2.0671,-0.0626,-0.0585,1.5482,1.7292
8.139,-6.5319,2.0665,-0.0626,-0.06,1.5578,1.7293
8.189,-6.5162,2.0655,-0.0626,-0.0624,1.5727,1.7294
8.24,-6.5057,2.0648,-0.0626,-0.0649,1.5882,1.7295
8.29,-6.4952,2.0642,-0.0626,-0.0665,1.5986,1.7296
8.34,-6.4795,2.0632,-0.0626,-0.0682,1.6089,1.7297
8.39,-6.469,2.0625,-0.0626,-0.0703,1.6223,1.7299
8.44,-6.4586,2.0619,-0.0626,-0.0719,1.6319,1.73
8.491,-6.4428,2.0609,-0.0626,-0.0743,1.6467,1.7302
8.541,-6.4324,2.0602,-0.0626,-0.0766,1.6615,1.7304
8.591,-6.4167,2.0593,-0.0626,-0.0783,1.6719,1.7305
8.641,-6.4062,2.0586,-0.0626,-0.0807,1.6867,1.7305
8.692,-6.3957,2.0579,-0.0626,-0.0824,1.6971,1.7305
8.742,-6.38,2.057,-0.0626,-0.0849,1.7126,1.7305
8.792,-6.3695,2.0563,-0.0626,-0.0862,1.7208,1.7306
8.842,-6.3538,2.0553,-0.0626,-0.0886,1.7356,1.7307
8.892,-6.3433,2.0547,-0.0626,-0.0902,1.7459,1.7308
8.942,-6.3328,2.054,-0.0626,-0.0926,1.7607,1.7309
8.993,-6.3171,2.053,-0.0626,-0.0942,1.7704,1.731
9.043,-6.3066,2.0524,-0.0626,-0.0966,1.7852,1.7311
9.093,-6.2909,2.0514,-0.0626,-0.0983,1.7955,1.7313
9.143,-6.2804,2.0507,-0.0626,-0.1008,1.8111,1.7315
9.194,-6.2699,2.0501,-0.0626,-0.1025,1.8215,1.7316
9.244,-6.2542,2.0491,-0.0626,-0.1046,1.8348,1.7316
9.294,-6.2437,2.0484,-0.0626,-0.1062,1.8444,1.7317
9.344,-6.228,2.0474,-0.0626,-0.1086,1.8592,1.7316
9.394,-6.2175,2.0468,-0.0626,-0.1101,1.8688,1.7317
9.445,-6.2071,2.0461,-0.0626,-0.1125,1.8836,1.7318
9.495,-6.1913,2.0451,-0.0626,-0.1142,1.894,1.7319
9.545,-6.1809,2.0445,-0.0626,-0.1168,1.9095,1.732
9.595,-6.1704,2.0438,-0.0626,-0.1184,1.9199,1.7321
9.645,-6.1547,2.0428,-0.0626,-0.1206,1.9332,1.7321
9.696,-6.1442,2.0422,-0.0626,-0.1222,1.9429,1.7322
9.746,-6.1285,2.0412,-0.0626,-0.1246,1.9577,1.7324
9.796,-6.118,2.0405,-0.0626,-0.1263,1.968,1.7325
9.846,-6.1075,2.0399,-0.0626,-0.1287,1.9828,1.7326
9.896,-6.0918,2.0389,-0.0626,-0.1303,1.9925,1.7328
9.947,-6.0813,2.0382,-0.0626,-0.1328,2.008,1.7329
9.997,-6.0656,2.0373,-0.0626,-0.1345,2.0184,1.733
10.047,-6.0551,2.0366,-0.0626,-0.1367,2.0317,1.7331
10.097,-6.0446,2.0359,-0.0626,-0.1384,2.042,1.7332
10.147,-6.0289,2.035,-0.0626,-0.1408,2.0568,1.7333
10.198,-6.0184,2.0343,-0.0626,-0.1424,2.0665,1.7334
10.248,-6.0027,2.0333,-0.0626,-0.1448,2.0813,1.7336
10.298,-5.9922,2.0327,-0.0626,-0.1464,2.0909,1.7336
10.348,-5.9818,2.032,-0.0626,-0.1489,2.1064,1.7338
10.398,-5.966,2.031,-0.0626,-0.1515,2.122,1.7339
10.448,-5.9556,2.0304,-0.0626,-0.1532,2.1323,1.734
10.499,-5.9398,2.0294,-0.0626,-0.1545,2.1405,1.7341
10.549,-5.9294,2.0287,-0.0626,-0.157,2.1553,1.7342
10.599,-5.9189,2.0281,-0.0626,-0.1594,2.1701,1.7343
10.649,-5.9032,2.0271,-0.0626,-0.161,2.1797,1.7343
10.699,-5.8927,2.0264,-0.0626,-0.1635,2.1945,1.7343
10.75,-5.8822,2.0258,-0.0626,-0.1652,2.2049,1.7345
10.8,-5.8665,2.0248,-0.0626,-0.1669,2.2152,1.7346
10.85,-5.856,2.0241,-0.0626,-0.1694,2.2308,1.7348
10.9,-5.8403,2.0231,-0.0626,-0.1717,2.2441,1.7349
10.95,-5.8298,2.0225,-0.0626,-0.1732,2.2537,1.7349
11.001,-5.8193,2.0218,-0.0626,-0.1757,2.2685,1.7351
11.051,-5.8036,2.0208,-0.0626,-0.1774,2.2788,1.7352
11.101,-5.7931,2.0202,-0.0626,-0.179,2.2885,1.7353
11.151,-5.7774,2.0192,-0.0626,-0.1815,2.3033,1.7354
11.202,-5.7669,2.0185,-0.0626,-0.184,2.3188,1.7357
11.252,-5.7564,2.0179,-0.0626,-0.1858,2.3292,1.7358
11.302,-5.7407,2.0169,-0.0626,-0.188,2.3425,1.7359
11.352,-5.7302,2.0162,-0.0626,-0.1897,2.3528,1.7359
11.402,-5.7145,2.0153,-0.0626,-0.1922,2.3676,1.736
11.452,-5.704,2.0146,-0.0626,-0.1938,2.3772,1.7362
11.503,-5.6936,2.014,-0.0626,-0.1963,2.392,1.7363
11.553,-5.6778,2.013,-0.0626,-0.1979,2.4017,1.7364
11.603,-5.6674,2.0123,-0.0626,-0.2005,2.4172,1.7365
11.653,-5.6569,2.0117,-0.0626,-0.2022,2.4275,1.7366
11.704,-5.6412,2.0107,-0.0626,-0.2048,2.4431,1.7368
11.754,-5.6307,2.01,-0.0626,-0.2062,2.4512,1.7369
11.804,-5.615,2.009,-0.0626,-0.2086,2.466,1.737
11.854,-5.6045,2.0084,-0.0626,-0.2103,2.4756,1.7371
11.904,-5.594,2.0077,-0.0626,-0.2127,2.4904,1.7371
11.955,-5.5783,2.0067,-0.0626,-0.2145,2.5008,1.7371
12.005,-5.5678,2.0061,-0.0626,-0.217,2.5156,1.7373
12.055,-5.5521,2.0051,-0.0626,-0.2187,2.5259,1.7374
12.105,-5.5416,2.0044,-0.0626,-0.2213,2.5415,1.7375
12.155,-5.5311,2.0038,-0.0626,-0.2227,2.5496,1.7376
12.206,-5.5154,2.0028,-0.0626,-0.2252,2.5644,1.7376
12.256,-5.5049,2.0021,-0.0626,-0.2269,2.5747,1.7377
12.306,-5.4892,2.0011,-0.0626,-0.2294,2.5895,1.7378
12.356,-5.4787,2.0005,-0.0626,-0.231,2.5991,1.7379
12.406,-5.4683,1.9998,-0.0626,-0.2335,2.6139,1.7381
12.457,-5.4525,1.9989,-0.0626,-0.2353,2.6243,1.7382
12.507,-5.4421,1.9982,-0.0626,-0.2379,2.6398,1.7383
12.557,-5.4263,1.9972,-0.0626,-0.2397,2.6502,1.7384
12.607,-5.4159,1.9966,-0.0626,-0.2419,2.6635,1.7386
12.658,-5.4054,1.9959,-0.0626,-0.2435,2.6731,1.7387
12.708,-5.3897,1.9949,-0.0626,-0.246,2.6879,1.7389
12.758,-5.3792,1.9943,-0.0626,-0.2477,2.6975,1.7391
12.808,-5.3687,1.9936,-0.0626,-0.2502,2.7123,1.7392
12.858,-5.353,1.9926,-0.0626,-0.2519,2.7226,1.7393
12.909,-5.3425,1.992,-0.0626,-0.2546,2.7382,1.7393
12.959,-5.3268,1.991,-0.0626,-0.2564,2.7485,1.7393
13.009,-5.3163,1.9903,-0.0626,-0.2586,2.7618,1.7395
13.059,-5.3058,1.9897,-0.0626,-0.2603,2.7714,1.7396
13.109,-5.2901,1.9887,-0.0626,-0.2628,2.7862,1.7397
13.16,-5.2796,1.988,-0.0626,-0.2653,2.801,1.7398
13.21,-5.2639,1.987,-0.0626,-0.2671,2.8114,1.74
13.26,-5.2534,1.9864,-0.0626,-0.2687,2.821,1.74
13.31,-5.243,1.9857,-0.0626,-0.2714,2.8365,1.74
13.361,-5.2272,1.9847,-0.0626,-0.274,2.852,1.7401
13.411,-5.2168,1.9841,-0.0626,-0.2754,2.8601,1.7402
13.461,-5.201,1.9831,-0.0626,-0.2779,2.8749,1.7403
13.511,-5.1906,1.9824,-0.0626,-0.2797,2.8853,1.7404
13.561,-5.1801,1.9818,-0.0626,-0.2822,2.9001,1.7405
13.612,-5.1644,1.9808,-0.0626,-0.2839,2.9097,1.7406
13.662,-5.1539,1.9801,-0.0626,-0.2864,2.9245,1.7408
13.712,-5.1382,1.9792,-0.0626,-0.2882,2.9348,1.7409
13.762,-5.1277,1.9785,-0.0626,-0.2909,2.9503,1.741
13.813,-5.1172,1.9778,-0.0626,-0.2926,2.9607,1.7411
13.863,-5.1015,1.9769,-0.0626,-0.2949,2.974,1.7412
13.913,-5.091,1.9762,-0.0626,-0.2966,2.9836,1.7413
13.963,-5.0805,1.9755,-0.0626,-0.2991,2.9984,1.7414
14.014,-5.0648,1.9746,-0.0626,-0.3008,3.008,1.7414
14.064,-5.0543,1.9739,-0.0626,-0.3033,3.0228,1.7415
14.114,-5.0386,1.9729,-0.0626,-0.3051,3.0331,1.7415
14.164,-5.0281,1.9723,-0.0626,-0.3078,3.0486,1.7416
14.215,-5.0176,1.9716,-0.0626,-0.3096,3.059,1.7417
14.265,-5.0019,1.9706,-0.0626,-0.3119,3.0723,1.7417
14.315,-4.9914,1.97,-0.0626,-0.3135,3.0819,1.7419
14.365,-4.9757,1.969,-0.0626,-0.3161,3.0967,1.742
14.415,-4.9652,1.9683,-0.0626,-0.3179,3.107,1.742
14.466,-4.9548,1.9677,-0.0626,-0.3204,3.1218,1.7421
14.516,-4.939,1.9667,-0.0626,-0.3221,3.1314,1.7421
14.566,-4.9286,1.966,-0.0626,-0.3248,3.1469,1.7423
14.616,-4.9128,1.965,-0.0626,-0.3266,3.1573,1.7424
14.667,-4.9024,1.9644,-0.0626,-0.3289,3.1706,1.7425
14.717,-4.8919,1.9637,-0.0626,-0.3307,3.1809,1.7426
14.767,-4.8762,1.9627,-0.0626,-0.3332,3.1957,1.7427
14.817,-4.8657,1.9621,-0.0626,-0.3349,3.2053,1.7427
14.867,-4.85,1.9611,-0.0626,-0.3375,3.2201,1.7428
14.918,-4.8395,1.9604,-0.0626,-0.3391,3.2297,1.7429
14.968,-4.829,1.9598,-0.0626,-0.3418,3.2452,1.7431
15.018,-4.8133,1.9588,-0.0626,-0.3445,3.2607,1.7432
15.068,-4.8028,1.9581,-0.0626,-0.3463,3.2711,1.7433
15.119,-4.7923,1.9575,-0.0626,-0.3478,3.2792,1.7433
15.169,-4.7766,1.9565,-0.0626,-0.3503,3.294,1.7435
15.219,-4.7661,1.9558,-0.0626,-0.3529,3.3087,1.7437
15.269,-4.7504,1.9549,-0.0626,-0.3546,3.3184,1.7437
15.319,-4.7399,1.9542,-0.0626,-0.3572,3.3331,1.7439
15.37,-4.7295,1.9535,-0.0626,-0.359,3.3435,1.7441
15.42,-4.7137,1.9526,-0.0626,-0.3617,3.359,1.7441
15.47,-4.7033,1.9519,-0.0626,-0.3635,3.3693,1.7442
15.52,-4.6875,1.9509,-0.0626,-0.3658,3.3826,1.7443
15.571,-4.6771,1.9503,-0.0626,-0.3675,3.3922,1.7444
15.621,-4.6666,1.9496,-0.0626,-0.3701,3.407,1.7446
15.671,-4.6509,1.9486,-0.0626,-0.3719,3.4173,1.7447
15.721,-4.6404,1.948,-0.0626,-0.3745,3.4321,1.7447
15.771,-4.6247,1.947,-0.0626,-0.3762,3.4417,1.7448
15.821,-4.6142,1.9463,-0.0626,-0.3789,3.4572,1.7449
15.872,-4.6037,1.9457,-0.0626,-0.3808,3.4676,1.745
15.922,-4.588,1.9447,-0.0626,-0.3831,3.4809,1.7451
15.972,-4.5775,1.944,-0.0626,-0.3849,3.4912,1.7451
16.022,-4.5618,1.943,-0.0626,-0.3875,3.506,1.7452
16.072,-4.5513,1.9424,-0.0626,-0.3892,3.5156,1.7453
16.123,-4.5408,1.9417,-0.0626,-0.3918,3.5304,1.7455
16.173,-4.5251,1.9407,-0.0626,-0.3935,3.54,1.7456
16.223,-4.5146,1.9401,-0.0626,-0.3963,3.5555,1.7457
16.273,-4.5042,1.9394,-0.0626,-0.3981,3.5658,1.7458
16.324,-4.4884,1.9384,-0.0626,-0.4008,3.5813,1.7459
16.374,-4.478,1.9378,-0.0626,-0.4023,3.5894,1.7461
16.424,-4.4622,1.9368,-0.0626,-0.4049,3.6042,1.7461
16.474,-4.4518,1.9361,-0.0626,-0.4066,3.6138,1.7462
16.524,-4.4413,1.9355,-0.0626,-0.4092,3.6286,1.7462
16.575,-4.4256,1.9345,-0.0626,-0.411,3.6389,1.7463
16.625,-4.4151,1.9339,-0.0626,-0.4137,3.6537,1.7464
16.675,-4.3994,1.9329,-0.0626,-0.4155,3.664,1.7465
16.725,-4.3889,1.9322,-0.0626,-0.4182,3.6795,1.7468
16.775,-4.3784,1.9316,-0.0626,-0.4197,3.6877,1.7469
16.826,-4.3627,1.9306,-0.0626,-0.4223,3.7024,1.7472
16.876,-4.3522,1.9299,-0.0626,-0.4242,3.7128,1.7471
16.926,-4.3365,1.9289,-0.0626,-0.4268,3.7275,1.7473
16.976,-4.326,1.9283,-0.0626,-0.4285,3.7371,1.7474
17.026,-4.3155,1.9276,-0.0626,-0.4311,3.7519,1.7475
17.077,-4.2998,1.9266,-0.0626,-0.433,3.7622,1.7475
17.127,-4.2893,1.926,-0.0626,-0.4358,3.7777,1.7477
17.177,-4.2736,1.925,-0.0626,-0.4376,3.7881,1.7478
17.227,-4.2631,1.9243,-0.0626,-0.44,3.8014,1.7479
17.277,-4.2526,1.9237,-0.0626,-0.4417,3.811,1.7479
17.328,-4.2369,1.9227,-0.0626,-0.4443,3.8257,1.748
17.378,-4.2264,1.922,-0.0626,-0.4461,3.8353,1.748
17.428,-4.216,1.9214,-0.0626,-0.4487,3.8501,1.7481
17.478,-4.2002,1.9204,-0.0626,-0.4506,3.8604,1.7482
17.528,-4.1898,1.9197,-0.0626,-0.4533,3.8759,1.7484
17.579,-4.174,1.9188,-0.0626,-0.4552,3.8863,1.7485
17.629,-4.1636,1.9181,-0.0626,-0.4576,3.8995,1.7486
17.679,-4.1531,1.9174,-0.0626,-0.4593,3.9091,1.7487
17.729,-4.1374,1.9165,-0.0626,-0.462,3.9239,1.7488
17.779,-4.1269,1.9158,-0.0626,-0.4646,3.9387,1.7489
17.829,-4.1112,1.9148,-0.0626,-0.4665,3.949,1.749
17.88,-4.1007,1.9142,-0.0626,-0.4682,3.9586,1.749
17.93,-4.0902,1.9135,-0.0626,-0.471,3.9741,1.7492
17.98,-4.0745,1.9125,-0.0626,-0.4738,3.9896,1.7494
18.03,-4.064,1.9119,-0.0626,-0.4753,3.9977,1.7494
18.08,-4.0483,1.9109,-0.0626,-0.4779,4.0125,1.7494
18.131,-4.0378,1.9102,-0.0626,-0.4798,4.0228,1.7495
18.181,-4.0273,1.9096,-0.0626,-0.4815,4.0324,1.7496
18.231,-4.0116,1.9086,-0.0626,-0.4842,4.0472,1.7497
18.281,-4.0011,1.9079,-0.0626,-0.4869,4.0619,1.7498
18.331,-3.9907,1.9073,-0.0626,-0.4887,4.0723,1.75
18.382,-3.9749,1.9063,-0.0626,-0.4915,4.0878,1.7502
18.432,-3.9645,1.9056,-0.0626,-0.4934,4.0981,1.7503
18.482,-3.9487,1.9046,-0.0626,-0.4958,4.1114,1.7504
18.532,-3.9383,1.904,-0.0626,-0.4976,4.121,1.7505
18.582,-3.9278,1.9033,-0.0626,-0.5003,4.1357,1.7506
18.633,-3.9121,1.9023,-0.0626,-0.502,4.1453,1.7507
18.683,-3.9016,1.9017,-0.0626,-0.5047,4.1601,1.7508
18.733,-3.8859,1.9007,-0.0626,-0.5066,4.1704,1.7508
18.783,-3.8754,1.9,-0.0626,-0.5094,4.1859,1.7508
18.833,-3.8649,1.8994,-0.0626,-0.5113,4.1962,1.7509
18.884,-3.8492,1.8984,-0.0626,-0.5137,4.2095,1.751
18.934,-3.8387,1.8977,-0.0626,-0.5154,4.2191,1.7511
18.984,-3.823,1.8968,-0.0626,-0.5181,4.2339,1.7512
19.034,-3.8125,1.8961,-0.0626,-0.52,4.2442,1.7513
19.085,-3.802,1.8954,-0.0626,-0.5227,4.2589,1.7514
19.135,-3.7863,1.8945,-0.0626,-0.5244,4.2685,1.7514
19.185,-3.7758,1.8938,-0.0626,-0.5273,4.284,1.7515
19.236,-3.7601,1.8928,-0.0626,-0.5292,4.2944,1.7516
19.286,-3.7496,1.8922,-0.0626,-0.5316,4.3076,1.7517
19.336,-3.7392,1.8915,-0.0626,-0.5335,4.318,1.7518
19.387,-3.7234,1.8905,-0.0626,-0.5362,4.3327,1.7519
19.437,-3.713,1.8899,-0.0626,-0.5379,4.3423,1.7521
19.487,-3.6972,1.8889,-0.0626,-0.5406,4.3571,1.7522
19.537,-3.6868,1.8882,-0.0626,-0.5424,4.3667,1.7523
19.587,-3.6763,1.8876,-0.0626,-0.5452,4.3822,1.7523
19.638,-3.6606,1.8866,-0.0626,-0.5471,4.3925,1.7524
19.688,-3.6501,1.8859,-0.0626,-0.55,4.408,1.7527
19.738,-3.6396,1.8853,-0.0626,-0.5515,4.4161,1.7527
19.79,-3.6239,1.8843,-0.0626,-0.5542,4.4308,1.7528
19.84,-3.6134,1.8836,-0.0626,-0.556,4.4404,1.7529
19.89,-3.6029,1.883,-0.0626,-0.5587,4.4552,1.7529
19.941,-3.5872,1.882,-0.0626,-0.5606,4.4655,1.753
19.991,-3.5767,1.8813,-0.0626,-0.5633,4.4803,1.7531
20.041,-3.561,1.8803,-0.0626,-0.5652,4.4906,1.7533
20.091,-3.5505,1.8797,-0.0626,-0.5681,4.5061,1.7534
20.141,-3.54,1.879,-0.0626,-0.5696,4.5142,1.7535
20.192,-3.5243,1.878,-0.0626,-0.5723,4.5289,1.7536
20.242,-3.5138,1.8774,-0.0626,-0.5742,4.5393,1.7536
20.292,-3.5034,1.8767,-0.0626,-0.5769,4.554,1.7537
20.342,-3.4876,1.8757,-0.0626,-0.5787,4.5636,1.7538
20.392,-3.4772,1.8751,-0.0626,-0.5814,4.5783,1.754
20.443,-3.4614,1.8741,-0.0626,-0.5833,4.5887,1.7541
20.493,-3.451,1.8734,-0.0626,-0.5862,4.6042,1.7541
20.543,-3.4405,1.8728,-0.0626,-0.5881,4.6145,1.7542
20.593,-3.4248,1.8718,-0.0626,-0.5906,4.6278,1.7543
20.643,-3.4143,1.8711,-0.0626,-0.5924,4.6373,1.7544
20.694,-3.3986,1.8702,-0.0626,-0.5951,4.6521,1.7546
20.744,-3.3881,1.8695,-0.0626,-0.5969,4.6617,1.7546
20.794,-3.3776,1.8689,-0.0626,-0.5996,4.6764,1.7548
20.844,-3.3619,1.8679,-0.0626,-0.6016,4.6867,1.7549
20.894,-3.3514,1.8672,-0.0626,-0.6044,4.7022,1.755
20.945,-3.3357,1.8662,-0.0626,-0.6064,4.7125,1.7552
20.995,-3.3252,1.8656,-0.0626,-0.6088,4.7258,1.7554
21.045,-3.3147,1.8649,-0.0626,-0.6106,4.7354,1.7555
21.095,-3.299,1.8639,-0.0626,-0.6134,4.7501,1.7557
21.145,-3.2885,1.8633,-0.0626,-0.6153,4.7605,1.7558
21.196,-3.2728,1.8623,-0.0626,-0.6181,4.7752,1.756
21.246,-3.2623,1.8616,-0.0626,-0.6199,4.7848,1.7561
21.296,-3.2519,1.861,-0.0626,-0.6228,4.8003,1.7561
21.346,-3.2361,1.86,-0.0626,-0.6247,4.8106,1.7562
21.396,-3.2257,1.8593,-0.0626,-0.6272,4.8239,1.7563
21.447,-3.2152,1.8587,-0.0626,-0.63,4.8386,1.7564
21.497,-3.1995,1.8577,-0.0626,-0.6319,4.8489,1.7566
21.547,-3.189,1.857,-0.0626,-0.6337,4.8585,1.7567
21.597,-3.1733,1.856,-0.0626,-0.6365,4.8732,1.7568
21.647,-3.1628,1.8554,-0.0626,-0.6383,4.8828,1.7569
21.698,-3.1523,1.8547,-0.0626,-0.6412,4.8983,1.757
21.748,-3.1366,1.8538,-0.0626,-0.6441,4.9138,1.7571
21.798,-3.1261,1.8531,-0.0626,-0.6461,4.9241,1.7572
21.848,-3.1104,1.8521,-0.0626,-0.6486,4.9374,1.7573
21.898,-3.0999,1.8515,-0.0626,-0.6504,4.947,1.7575
21.949,-3.0894,1.8508,-0.0626,-0.6532,4.9617,1.7576
21.999,-3.0737,1.8498,-0.0626,-0.655,4.9713,1.7576
22.049,-3.0632,1.8492,-0.0626,-0.6578,4.986,1.7577
22.099,-3.0475,1.8482,-0.0626,-0.6597,4.9963,1.7577
22.149,-3.037,1.8475,-0.0626,-0.6626,5.0118,1.7578
22.2,-3.0265,1.8469,-0.0626,-0.6646,5.0221,1.7579
22.25,-3.0108,1.8459,-0.0626,-0.6671,5.0354,1.758
22.3,-3.0004,1.8452,-0.0626,-0.6689,5.045,1.7581
22.35,-2.9846,1.8442,-0.0626,-0.6717,5.0597,1.7583
22.4,-2.9742,1.8436,-0.0626,-0.6737,5.07,1.7584
22.451,-2.9637,1.8429,-0.0626,-0.6765,5.0848,1.7585
22.501,-2.948,1.8419,-0.0626,-0.6783,5.0943,1.7585
22.551,-2.9375,1.8413,-0.0626,-0.6812,5.1098,1.7586
22.601,-2.927,1.8406,-0.0626,-0.6832,5.1201,1.7587
22.652,-2.9113,1.8396,-0.0626,-0.6857,5.1334,1.7589
22.702,-2.9008,1.839,-0.0626,-0.6877,5.1437,1.759
22.752,-2.8851,1.838,-0.0626,-0.6905,5.1584,1.7591
22.804,-2.8746,1.8373,-0.0626,-0.6923,5.168,1.7592
22.854,-2.8641,1.8367,-0.0626,-0.6951,5.1827,1.7593
22.904,-2.8484,1.8357,-0.0626,-0.6969,5.1923,1.7594
22.955,-2.8379,1.835,-0.0626,-0.6999,5.2078,1.7595
23.005,-2.8222,1.8341,-0.0626,-0.7019,5.2181,1.7596
23.055,-2.8117,1.8334,-0.0626,-0.7048,5.2336,1.7597
23.105,-2.8012,1.8327,-0.0626,-0.7064,5.2417,1.7597
23.156,-2.7855,1.8318,-0.0626,-0.7092,5.2564,1.7597
23.206,-2.775,1.8311,-0.0626,-0.711,5.266,1.7598
23.256,-2.7593,1.8301,-0.0626,-0.7138,5.2807,1.76
23.306,-2.7488,1.8295,-0.0626,-0.7167,5.2955,1.7602
23.356,-2.7384,1.8288,-0.0626,-0.7186,5.3058,1.7603
23.407,-2.7226,1.8278,-0.0626,-0.7206,5.3161,1.7603
23.457,-2.7122,1.8272,-0.0626,-0.7236,5.3315,1.7605
23.507,-2.6964,1.8262,-0.0626,-0.7251,5.3396,1.7606
23.557,-2.686,1.8255,-0.0626,-0.728,5.3544,1.7607
23.607,-2.6755,1.8249,-0.0626,-0.7308,5.3691,1.7608
23.658,-2.6598,1.8239,-0.0626,-0.7328,5.3794,1.7608
23.708,-2.6493,1.8232,-0.0626,-0.7356,5.3941,1.7609
23.758,-2.6336,1.8222,-0.0626,-0.7375,5.4037,1.761
23.808,-2.6231,1.8216,-0.0626,-0.7404,5.4192,1.7611
23.859,-2.6126,1.8209,-0.0626,-0.7424,5.4295,1.7612
23.909,-2.5969,1.8199,-0.0626,-0.745,5.4428,1.7614
23.959,-2.5864,1.8193,-0.0626,-0.747,5.4531,1.7615
24.009,-2.5759,1.8186,-0.0626,-0.7498,5.4678,1.7616
24.059,-2.5602,1.8176,-0.0626,-0.7517,5.4774,1.7617
24.11,-2.5497,1.817,-0.0626,-0.7545,5.4921,1.7618
24.16,-2.534,1.816,-0.0626,-0.7564,5.5017,1.762
24.21,-2.5235,1.8153,-0.0626,-0.7594,5.5171,1.7622
24.26,-2.5131,1.8147,-0.0626,-0.7614,5.5274,1.7622
24.31,-2.4973,1.8137,-0.0626,-0.7643,5.5429,1.7623
24.361,-2.4869,1.813,-0.0626,-0.7659,5.551,1.7624
24.411,-2.4711,1.8121,-0.0626,-0.7688,5.5657,1.7626
24.461,-2.4607,1.8114,-0.0626,-0.7706,5.5753,1.7626
24.511,-2.4502,1.8107,-0.0626,-0.7735,5.59,1.7628
24.561,-2.4345,1.8098,-0.0626,-0.7755,5.6003,1.7629
24.612,-2.424,1.8091,-0.0626,-0.7784,5.615,1.763
24.662,-2.4083,1.8081,-0.0626,-0.7804,5.6254,1.7631
24.712,-2.3978,1.8075,-0.0626,-0.7834,5.6408,1.7633
24.762,-2.3873,1.8068,-0.0626,-0.785,5.6489,1.7634
24.812,-2.3716,1.8058,-0.0626,-0.7878,5.6636,1.7634
24.863,-2.3611,1.8052,-0.0626,-0.7898,5.6739,1.7636
24.913,-2.3454,1.8042,-0.0626,-0.7927,5.6887,1.7637
24.963,-2.3349,1.8035,-0.0626,-0.7946,5.6982,1.7638
25.013,-2.3244,1.8029,-0.0626,-0.7975,5.713,1.7639
25.063,-2.3087,1.8019,-0.0626,-0.7995,5.7233,1.764
25.114,-2.2982,1.8012,-0.0626,-0.8025,5.7387,1.7641
25.164,-2.2877,1.8006,-0.0626,-0.8045,5.749,1.7642
25.214,-2.272,1.7996,-0.0626,-0.8071,5.7623,1.7642
25.264,-2.2615,1.7989,-0.0626,-0.809,5.7718,1.7643
25.314,-2.2458,1.7979,-0.0626,-0.8119,5.7866,1.7644
25.365,-2.2354,1.7973,-0.0626,-0.8138,5.7961,1.7645
25.415,-2.2249,1.7966,-0.0626,-0.8166,5.8108,1.7646
25.465,-2.2092,1.7956,-0.0626,-0.8187,5.8211,1.7647
25.515,-2.1987,1.795,-0.0626,-0.8217,5.8366,1.7648
25.565,-2.183,1.794,-0.0626,-0.8237,5.8469,1.765
25.616,-2.1725,1.7933,-0.0626,-0.8263,5.8601,1.7651
25.666,-2.162,1.7927,-0.0626,-0.8282,5.8697,1.7652
25.716,-2.1463,1.7917,-0.0626,-0.8311,5.8844,1.7653
25.766,-2.1358,1.791,-0.0626,-0.834,5.8992,1.7655
25.816,-2.1201,1.7901,-0.0626,-0.836,5.9095,1.7656
25.867,-2.1096,1.7894,-0.0626,-0.8379,5.919,1.7658
25.917,-2.0991,1.7888,-0.0626,-0.841,5.9345,1.7658
25.967,-2.0834,1.7878,-0.0626,-0.843,5.9448,1.766
26.017,-2.0729,1.7871,-0.0626,-0.8456,5.958,1.7662
26.068,-2.0624,1.7865,-0.0626,-0.8486,5.9727,1.7664
26.118,-2.0467,1.7855,-0.0626,-0.8506,5.983,1.7664
26.168,-2.0362,1.7848,-0.0626,-0.8525,5.9926,1.7665
26.218,-2.0205,1.7838,-0.0626,-0.8554,6.0073,1.7666
26.268,-2.01,1.7832,-0.0626,-0.8583,6.022,1.7668
26.318,-1.9996,1.7825,-0.0626,-0.8604,6.0323,1.7668
26.369,-1.9838,1.7815,-0.0626,-0.8634,6.0478,1.7669
26.419,-1.9734,1.7809,-0.0626,-0.8655,6.0581,1.767
26.469,-1.9576,1.7799,-0.0626,-0.8681,6.0713,1.7671
26.519,-1.9472,1.7792,-0.0626,-0.87,6.0809,1.7672
26.57,-1.9367,1.7786,-0.0626,-0.873,6.0956,1.7673
26.62,-1.921,1.7776,-0.0626,-0.8749,6.1051,1.7674
26.67,-1.9105,1.7769,-0.0626,-0.8778,6.1199,1.7675
26.72,-1.8948,1.7759,-0.0626,-0.8798,6.1301,1.7676
26.77,-1.8843,1.7753,-0.0626,-0.8829,6.1456,1.7678
26.821,-1.8738,1.7746,-0.0626,-0.885,6.1559,1.7678
26.871,-1.8581,1.7737,-0.0626,-0.8876,6.1691,1.768
26.921,-1.8476,1.773,-0.0626,-0.8895,6.1787,1.768
26.971,-1.8319,1.772,-0.0626,-0.8925,6.1934,1.7682
27.021,-1.8214,1.7714,-0.0626,-0.8945,6.2037,1.7683
27.072,-1.8109,1.7707,-0.0626,-0.8975,6.2184,1.7684
27.122,-1.7952,1.7697,-0.0626,-0.8994,6.228,1.7685
27.172,-1.7847,1.7691,-0.0626,-0.9025,6.2434,1.7686
27.222,-1.7743,1.7684,-0.0626,-0.9045,6.2537,1.7687
27.272,-1.7585,1.7674,-0.0626,-0.9072,6.2669,1.7687
27.323,-1.7481,1.7668,-0.0626,-0.9093,6.2772,1.7687
27.373,-1.7323,1.7658,-0.0626,-0.9122,6.2919,1.7688
27.423,-1.7219,1.7651,-0.0626,-0.9141,6.3015,1.7689
27.473,-1.7114,1.7645,-0.0626,-0.9171,6.3162,1.769
27.524,-1.6957,1.7635,-0.0626,-0.919,6.3258,1.7691
27.574,-1.6852,1.7628,-0.0626,-0.9221,6.3412,1.7692
27.624,-1.6695,1.7618,-0.0626,-0.9242,6.3515,1.7693
27.674,-1.659,1.7612,-0.0626,-0.9273,6.3669,1.7695
27.725,-1.6485,1.7605,-0.0626,-0.9289,6.375,1.7696
27.775,-1.6328,1.7595,-0.0626,-0.9319,6.3897,1.7698
27.825,-1.6223,1.7589,-0.0626,-0.9338,6.3993,1.7699
27.875,-1.6066,1.7579,-0.0626,-0.9368,6.414,1.7701
27.925,-1.5961,1.7572,-0.0626,-0.9389,6.4243,1.7702
27.976,-1.5856,1.7566,-0.0626,-0.9418,6.439,1.7703
28.026,-1.5699,1.7556,-0.0626,-0.9439,6.4493,1.7703
28.076,-1.5594,1.7549,-0.0626,-0.947,6.4647,1.7704
28.126,-1.5437,1.754,-0.0626,-0.9487,6.4728,1.7705
28.176,-1.5332,1.7533,-0.0626,-0.9516,6.4875,1.7706
28.227,-1.5227,1.7526,-0.0626,-0.9546,6.5022,1.7707
28.277,-1.507,1.7517,-0.0626,-0.9567,6.5125,1.7708
28.327,-1.4965,1.751,-0.0626,-0.9586,6.5221,1.7709
28.377,-1.4808,1.75,-0.0626,-0.9616,6.5368,1.7711
28.427,-1.4704,1.7494,-0.0626,-0.9637,6.547,1.7712
28.478,-1.4599,1.7487,-0.0626,-0.9668,6.5625,1.7713
28.528,-1.4442,1.7477,-0.0626,-0.9695,6.5757,1.7713
28.578,-1.4337,1.7471,-0.0626,-0.9716,6.586,1.7714
28.628,-1.4232,1.7464,-0.0626,-0.9736,6.5956,1.7715
28.678,-1.4075,1.7454,-0.0626,-0.9766,6.6103,1.7716
28.729,-1.397,1.7448,-0.0626,-0.9796,6.625,1.7717
28.779,-1.3813,1.7438,-0.0626,-0.9815,6.6345,1.7718
28.829,-1.3708,1.7431,-0.0626,-0.9846,6.6499,1.7718
28.879,-1.3603,1.7425,-0.0626,-0.9867,6.6602,1.7719
28.929,-1.3446,1.7415,-0.0626,-0.9899,6.6757,1.772
28.98,-1.3341,1.7408,-0.0626,-0.9915,6.6837,1.7721
29.03,-1.3184,1.7398,-0.0626,-0.9945,6.6984,1.7722
29.08,-1.3079,1.7392,-0.0626,-0.9965,6.708,1.7724
29.13,-1.2974,1.7385,-0.0626,-0.9995,6.7227,1.7725
29.18,-1.2817,1.7375,-0.0626,-1.0016,6.733,1.7725
29.231,-1.2712,1.7369,-0.0626,-1.0046,6.7477,1.7727
29.281,-1.2555,1.7359,-0.0626,-1.0067,6.758,1.7727
29.331,-1.245,1.7352,-0.0626,-1.0099,6.7734,1.7728
29.381,-1.2346,1.7346,-0.0626,-1.0115,6.7815,1.7728
29.432,-1.2188,1.7336,-0.0626,-1.0145,6.7962,1.773
29.482,-1.2084,1.7329,-0.0626,-1.0166,6.8064,1.7732
29.532,-1.1979,1.7323,-0.0626,-1.0197,6.8211,1.7733
29.582,-1.1822,1.7313,-0.0626,-1.0216,6.8307,1.7735
29.632,-1.1717,1.7306,-0.0626,-1.0246,6.8454,1.7735
29.683,-1.156,1.7297,-0.0626,-1.0268,6.8557,1.7736
29.733,-1.1455,1.729,-0.0626,-1.0299,6.8711,1.7736
29.783,-1.135,1.7283,-0.0626,-1.032,6.8814,1.7737
29.833,-1.1193,1.7274,-0.0626,-1.0348,6.8946,1.7738
29.884,-1.1088,1.7267,-0.0626,-1.0367,6.9042,1.7738
29.934,-1.0931,1.7257,-0.0626,-1.0398,6.9188,1.774
29.984,-1.0826,1.7251,-0.0626,-1.0417,6.9284,1.7741
30.034,-1.0721,1.7244,-0.0626,-1.0448,6.9431,1.7741
30.085,-1.0564,1.7234,-0.0626,-1.0469,6.9534,1.7743
30.135,-1.0459,1.7228,-0.0626,-1.0501,6.9688,1.7745
30.185,-1.0302,1.7218,-0.0626,-1.0522,6.9791,1.7745
30.235,-1.0197,1.7211,-0.0626,-1.0549,6.9923,1.7746
30.285,-1.0093,1.7205,-0.0626,-1.0569,7.0018,1.7747
30.336,-0.9935,1.7195,-0.0626,-1.0599,7.0165,1.7748
30.386,-0.9831,1.7188,-0.0626,-1.0621,7.0268,1.7749
30.436,-0.9673,1.7178,-0.0626,-1.0651,7.0415,1.7752
30.486,-0.9569,1.7172,-0.0626,-1.0671,7.0511,1.7753
30.536,-0.9464,1.7165,-0.0626,-1.0703,7.0665,1.7754
30.587,-0.9307,1.7155,-0.0626,-1.0735,7.0819,1.7755
30.637,-0.9202,1.7149,-0.0626,-1.0752,7.09,1.7755
30.687,-0.9097,1.7142,-0.0626,-1.0782,7.1047,1.7757
30.737,-0.894,1.7132,-0.0626,-1.0803,7.1149,1.7758
30.787,-0.8835,1.7126,-0.0626,-1.0823,7.1245,1.7759
30.838,-0.8678,1.7116,-0.0626,-1.0854,7.1392,1.776
30.888,-0.8573,1.7109,-0.0626,-1.0884,7.1539,1.7761
30.938,-0.8468,1.7103,-0.0626,-1.0906,7.1641,1.7762
30.988,-0.8311,1.7093,-0.0626,-1.0938,7.1796,1.7764
31.038,-0.8206,1.7087,-0.0626,-1.0959,7.1898,1.7764
31.089,-0.8049,1.7077,-0.0626,-1.0987,7.2031,1.7766
31.139,-0.7944,1.707,-0.0626,-1.1007,7.2126,1.7766
31.189,-0.7839,1.7064,-0.0626,-1.1038,7.2273,1.7766
31.239,-0.7682,1.7054,-0.0626,-1.1057,7.2368,1.7767
31.289,-0.7577,1.7047,-0.0626,-1.1088,7.2515,1.7768
31.34,-0.742,1.7037,-0.0626,-1.111,7.2618,1.7769
31.39,-0.7315,1.7031,-0.0626,-1.1142,7.2772,1.777
31.44,-0.7211,1.7024,-0.0626,-1.1163,7.2875,1.7771
31.49,-0.7054,1.7014,-0.0626,-1.1191,7.3007,1.7772
31.541,-0.6949,1.7008,-0.0626,-1.1211,7.3102,1.7772
31.591,-0.6792,1.6998,-0.0626,-1.1242,7.3249,1.7774
31.641,-0.6687,1.6991,-0.0626,-1.1263,7.3352,1.7775
31.691,-0.6582,1.6985,-0.0626,-1.1294,7.3499,1.7778
31.742,-0.6425,1.6975,-0.0626,-1.1314,7.3594,1.7779
31.792,-0.632,1.6968,-0.0626,-1.1347,7.3748,1.7781
31.842,-0.6215,1.6962,-0.0626,-1.1368,7.3851,1.7781
31.892,-0.6058,1.6952,-0.0626,-1.1396,7.3983,1.7783
31.942,-0.5953,1.6945,-0.0626,-1.1418,7.4086,1.7784
31.993,-0.5796,1.6936,-0.0626,-1.1449,7.4233,1.7785
32.043,-0.5691,1.6929,-0.0626,-1.1469,7.4328,1.7786
32.093,-0.5586,1.6922,-0.0626,-1.15,7.4475,1.7787
32.143,-0.5429,1.6913,-0.0626,-1.152,7.457,1.7788
32.193,-0.5324,1.6906,-0.0626,-1.1552,7.4724,1.7789
32.244,-0.5167,1.6896,-0.0626,-1.1574,7.4827,1.7789
32.294,-0.5062,1.689,-0.0626,-1.1606,7.4981,1.779
32.344,-0.4958,1.6883,-0.0626,-1.1624,7.5062,1.7791
32.394,-0.48,1.6873,-0.0626,-1.1655,7.5209,1.7792
32.444,-0.4696,1.6867,-0.0626,-1.1675,7.5304,1.7792
32.495,-0.4591,1.686,-0.0626,-1.1706,7.5451,1.7794
32.545,-0.4434,1.685,-0.0626,-1.1728,7.5554,1.7794
32.595,-0.4329,1.6844,-0.0626,-1.1759,7.57,1.7796
32.645,-0.4172,1.6834,-0.0626,-1.178,7.5803,1.7797
32.696,-0.4067,1.6827,-0.0626,-1.1813,7.5957,1.78
32.746,-0.3962,1.6821,-0.0626,-1.183,7.6038,1.78
32.796,-0.3805,1.6811,-0.0626,-1.1861,7.6184,1.7801
32.846,-0.37,1.6804,-0.0626,-1.1893,7.6331,1.7801
32.896,-0.3543,1.6794,-0.0626,-1.1914,7.6434,1.7802
32.947,-0.3438,1.6788,-0.0626,-1.1935,7.6529,1.7803
32.997,-0.3333,1.6781,-0.0626,-1.1966,7.6676,1.7804
33.047,-0.3176,1.6771,-0.0626,-1.1988,7.6779,1.7805
33.097,-0.3071,1.6765,-0.0626,-1.202,7.6933,1.7806
33.147,-0.2914,1.6755,-0.0626,-1.2049,7.7065,1.7808
33.198,-0.2809,1.6748,-0.0626,-1.207,7.7167,1.7809
33.248,-0.2705,1.6742,-0.0626,-1.2102,7.7314,1.781
33.298,-0.2547,1.6732,-0.0626,-1.2122,7.741,1.7813
33.348,-0.2443,1.6725,-0.0626,-1.2153,7.7556,1.7814
33.398,-0.2285,1.6716,-0.0626,-1.2174,7.7652,1.7814
33.448,-0.2181,1.6709,-0.0626,-1.2207,7.7806,1.7815
33.499,-0.2076,1.6702,-0.0626,-1.2229,7.7908,1.7815
33.549,-0.1919,1.6693,-0.0626,-1.2262,7.8062,1.7817
33.599,-0.1814,1.6686,-0.0626,-1.2279,7.8143,1.7818
33.649,-0.1657,1.6676,-0.0626,-1.231,7.829,1.782
33.699,-0.1552,1.667,-0.0626,-1.2331,7.8385,1.782
33.75,-0.1447,1.6663,-0.0626,-1.2362,7.8532,1.7821
33.8,-0.129,1.6653,-0.0626,-1.2384,7.8634,1.7822
33.85,-0.1185,1.6647,-0.0626,-1.2416,7.8781,1.7823
33.9,-0.108,1.664,-0.0626,-1.2438,7.8884,1.7825
33.95,-0.0923,1.663,-0.0626,-1.2471,7.9038,1.7826
34.001,-0.0818,1.6624,-0.0626,-1.2488,7.9118,1.7827
34.051,-0.0661,1.6614,-0.0626,-1.252,7.9265,1.7828
34.101,-0.0556,1.6607,-0.0626,-1.2542,7.9368,1.783
34.151,-0.0451,1.6601,-0.0626,-1.2574,7.9514,1.7831
34.201,-0.0294,1.6591,-0.0626,-1.2594,7.9609,1.7832
34.252,-0.0189,1.6584,-0.0626,-1.2626,7.9756,1.7833
34.302,-0.0032,1.6574,-0.0626,-1.2648,7.9859,1.7834
34.352,0.0073,1.6568,-0.0626,-1.2681,8.0013,1.7836
34.402,0.0177,1.6561,-0.0626,-1.2703,8.0115,1.7837
34.452,0.0335,1.6551,-0.0626,-1.2732,8.0247,1.7839
34.503,0.0439,1.6545,-0.0626,-1.2752,8.0343,1.7839
34.553,0.0596,1.6535,-0.0626,-1.2784,8.0489,1.7841
34.603,0.0701,1.6528,-0.0626,-1.2805,8.0584,1.7841
34.653,0.0806,1.6522,-0.0626,-1.2837,8.0731,1.7843
34.703,0.0963,1.6512,-0.0626,-1.2859,8.0834,1.7843
34.754,0.1068,1.6505,-0.0626,-1.2892,8.0988,1.7845
34.804,0.1225,1.6496,-0.0626,-1.2914,8.109,1.7846
34.854,0.133,1.6489,-0.0626,-1.2943,8.1222,1.7847
34.904,0.1435,1.6482,-0.0626,-1.2964,8.1317,1.7847
34.954,0.1592,1.6473,-0.0626,-1.2996,8.1464,1.7848
35.005,0.1697,1.6466,-0.0626,-1.3018,8.1567,1.7848
35.055,0.1802,1.646,-0.0626,-1.305,8.1713,1.785
35.105,0.1959,1.645,-0.0626,-1.3071,8.1808,1.785
35.155,0.2064,1.6443,-0.0626,-1.3104,8.1962,1.7851
35.206,0.2221,1.6433,-0.0626,-1.3126,8.2065,1.7851
35.256,0.2326,1.6427,-0.0626,-1.3155,8.2197,1.7853
35.306,0.243,1.642,-0.0626,-1.3177,8.2299,1.7854
35.356,0.2588,1.641,-0.0626,-1.3209,8.2446,1.7855
35.406,0.2692,1.6404,-0.0626,-1.323,8.2541,1.7855
35.457,0.285,1.6394,-0.0626,-1.3262,8.2688,1.7857
35.507,0.2954,1.6387,-0.0626,-1.3294,8.2834,1.7858
35.558,0.3059,1.6381,-0.0626,-1.3317,8.2937,1.7858
35.608,0.3216,1.6371,-0.0626,-1.335,8.3091,1.786
35.658,0.3321,1.6364,-0.0626,-1.3373,8.3193,1.786
35.708,0.3478,1.6354,-0.0626,-1.339,8.3274,1.7861
35.758,0.3583,1.6348,-0.0626,-1.3422,8.3421,1.7863
35.809,0.3688,1.6341,-0.0626,-1.3454,8.3567,1.7865
35.859,0.3845,1.6331,-0.0626,-1.3475,8.3662,1.7865
35.909,0.395,1.6325,-0.0626,-1.3507,8.3809,1.7866
35.959,0.4107,1.6315,-0.0626,-1.353,8.3911,1.7867
36.009,0.4212,1.6308,-0.0626,-1.3552,8.4014,1.7867
36.06,0.4317,1.6302,-0.0626,-1.3586,8.4168,1.7868
36.11,0.4474,1.6292,-0.0626,-1.3615,8.43,1.7869
36.16,0.4579,1.6286,-0.0626,-1.3636,8.4395,1.787
36.21,0.4683,1.6279,-0.0626,-1.3658,8.4497,1.787
36.26,0.4841,1.6269,-0.0626,-1.3691,8.4644,1.7871
36.311,0.4945,1.6263,-0.0626,-1.3712,8.4739,1.7872
36.361,0.5103,1.6253,-0.0626,-1.3744,8.4886,1.7873
36.411,0.5207,1.6246,-0.0626,-1.3778,8.5039,1.7874
36.461,0.5312,1.624,-0.0626,-1.38,8.5142,1.7875
36.511,0.5469,1.623,-0.0626,-1.3829,8.5274,1.7876
36.562,0.5574,1.6223,-0.0626,-1.3852,8.5376,1.7877
36.612,0.5679,1.6217,-0.0626,-1.3884,8.5523,1.7878
36.662,0.5836,1.6207,-0.0626,-1.3905,8.5618,1.7878
36.712,0.5941,1.62,-0.0626,-1.3937,8.5765,1.7879
36.762,0.6098,1.619,-0.0626,-1.3958,8.586,1.788
36.813,0.6203,1.6184,-0.0626,-1.3992,8.6014,1.7881
36.863,0.6308,1.6177,-0.0626,-1.4015,8.6116,1.7882
36.913,0.6465,1.6167,-0.0626,-1.4049,8.627,1.7885
36.963,0.657,1.6161,-0.0626,-1.4067,8.635,1.7884
37.013,0.6727,1.6151,-0.0626,-1.4099,8.6497,1.7885
37.064,0.6832,1.6144,-0.0626,-1.412,8.6592,1.7886
37.114,0.6937,1.6138,-0.0626,-1.4153,8.6739,1.7887
37.164,0.7094,1.6128,-0.0626,-1.4175,8.6841,1.7888
37.214,0.7199,1.6121,-0.0626,-1.4208,8.6988,1.789
37.264,0.7356,1.6112,-0.0626,-1.4231,8.709,1.7891
37.315,0.7461,1.6105,-0.0626,-1.4265,8.7244,1.7892
37.365,0.7565,1.6098,-0.0626,-1.4283,8.7324,1.7892
37.415,0.7723,1.6089,-0.0626,-1.4315,8.7471,1.7894
37.465,0.7827,1.6082,-0.0626,-1.4338,8.7573,1.7895
37.515,0.7932,1.6075,-0.0626,-1.437,8.772,1.7896
37.566,0.8089,1.6066,-0.0626,-1.4392,8.7815,1.7896
37.616,0.8194,1.6059,-0.0626,-1.4424,8.7961,1.7898
37.666,0.8351,1.6049,-0.0626,-1.4447,8.8064,1.7899
37.716,0.8456,1.6043,-0.0626,-1.4481,8.8218,1.79
37.767,0.8561,1.6036,-0.0626,-1.4504,8.832,1.7901
37.817,0.8718,1.6026,-0.0626,-1.4533,8.8452,1.7902
37.867,0.8823,1.602,-0.0626,-1.4555,8.8547,1.7903
37.917,0.898,1.601,-0.0626,-1.4587,8.8693,1.7905
37.967,0.9085,1.6003,-0.0626,-1.4609,8.8789,1.7906
38.018,0.919,1.5997,-0.0626,-1.4641,8.8935,1.7908
38.068,0.9347,1.5987,-0.0626,-1.4664,8.9037,1.7909
38.118,0.9452,1.598,-0.0626,-1.4699,8.9191,1.791
38.168,0.9609,1.597,-0.0626,-1.4722,8.9294,1.791
38.218,0.9714,1.5964,-0.0626,-1.4751,8.9425,1.7912
38.268,0.9818,1.5957,-0.0626,-1.4772,8.952,1.7912
38.319,0.9976,1.5947,-0.0626,-1.4805,8.9667,1.7913
38.369,1.008,1.5941,-0.0626,-1.4838,8.9813,1.7913
38.419,1.0238,1.5931,-0.0626,-1.4861,8.9916,1.7914
38.469,1.0342,1.5924,-0.0626,-1.4882,9.0011,1.7915
38.519,1.0447,1.5918,-0.0626,-1.4917,9.0164,1.7917
38.569,1.0604,1.5908,-0.0626,-1.494,9.0267,1.7917
38.62,1.0709,1.5901,-0.0626,-1.4969,9.0399,1.7919
38.67,1.0814,1.5895,-0.0626,-1.5002,9.0545,1.7919
38.72,1.0971,1.5885,-0.0626,-1.5025,9.0647,1.792
38.77,1.1076,1.5878,-0.0626,-1.5047,9.0742,1.7921
38.82,1.1233,1.5869,-0.0626,-1.508,9.0889,1.7922
38.87,1.1338,1.5862,-0.0626,-1.5113,9.1035,1.7924
38.921,1.1443,1.5855,-0.0626,-1.5136,9.1138,1.7926
38.971,1.16,1.5846,-0.0626,-1.517,9.1291,1.7928
39.021,1.1705,1.5839,-0.0626,-1.5193,9.1394,1.7929
39.071,1.1862,1.5829,-0.0626,-1.5212,9.1474,1.7929
39.121,1.1967,1.5823,-0.0626,-1.5245,9.162,1.7931
39.172,1.2071,1.5816,-0.0626,-1.5278,9.1767,1.7932
39.222,1.2229,1.5806,-0.0626,-1.5299,9.1862,1.7932
39.272,1.2333,1.58,-0.0626,-1.5332,9.2008,1.7933
39.322,1.2491,1.579,-0.0626,-1.5356,9.2111,1.7934
39.372,1.2595,1.5783,-0.0626,-1.539,9.2264,1.7934
39.423,1.27,1.5777,-0.0626,-1.5413,9.2367,1.7935
39.473,1.2857,1.5767,-0.0626,-1.5443,9.2498,1.7937
39.523,1.2962,1.576,-0.0626,-1.5465,9.2593,1.7938
39.573,1.3067,1.5754,-0.0626,-1.5498,9.274,1.794
39.624,1.3224,1.5744,-0.0626,-1.5521,9.2842,1.7942
39.674,1.3329,1.5737,-0.0626,-1.5555,9.2988,1.7943
39.724,1.3486,1.5727,-0.0626,-1.5576,9.3083,1.7944
39.774,1.3591,1.5721,-0.0626,-1.5611,9.3237,1.7945
39.824,1.3696,1.5714,-0.0626,-1.5634,9.3339,1.7946
39.875,1.3853,1.5704,-0.0626,-1.5664,9.3471,1.7948
39.925,1.3958,1.5698,-0.0626,-1.5688,9.3573,1.7948
39.975,1.4115,1.5688,-0.0626,-1.5721,9.372,1.7949
40.025,1.422,1.5681,-0.0626,-1.5743,9.3815,1.795
40.075,1.4325,1.5675,-0.0626,-1.5776,9.3961,1.7951
40.126,1.4482,1.5665,-0.0626,-1.5798,9.4056,1.7951
40.176,1.4587,1.5659,-0.0626,-1.5833,9.4209,1.7953
40.226,1.4744,1.5649,-0.0626,-1.5856,9.4312,1.7953
40.276,1.4849,1.5642,-0.0626,-1.5891,9.4465,1.7954
40.326,1.4953,1.5636,-0.0626,-1.591,9.4546,1.7954
40.377,1.5111,1.5626,-0.0626,-1.5943,9.4692,1.7956
40.427,1.5215,1.5619,-0.0626,-1.5965,9.4787,1.7957
40.477,1.5373,1.5609,-0.0626,-1.5998,9.4933,1.7959
40.527,1.5477,1.5603,-0.0626,-1.6022,9.5036,1.7959
40.577,1.5582,1.5596,-0.0626,-1.6055,9.5182,1.7961
40.628,1.5739,1.5586,-0.0626,-1.6079,9.5284,1.7962
40.678,1.5844,1.558,-0.0626,-1.6114,9.5438,1.7963
40.729,1.5949,1.5573,-0.0626,-1.6132,9.5518,1.7963
40.779,1.6106,1.5563,-0.0626,-1.6166,9.5664,1.7964
40.829,1.6211,1.5557,-0.0626,-1.6189,9.5767,1.7966
40.879,1.6368,1.5547,-0.0626,-1.6223,9.5913,1.7968
40.93,1.6473,1.554,-0.0626,-1.6245,9.6008,1.7968
40.98,1.6578,1.5534,-0.0626,-1.6278,9.6154,1.797
41.03,1.6735,1.5524,-0.0626,-1.6302,9.6256,1.7971
41.08,1.684,1.5517,-0.0626,-1.6337,9.641,1.7972
41.13,1.6997,1.5507,-0.0626,-1.6361,9.6512,1.7973
41.181,1.7102,1.5501,-0.0626,-1.6391,9.6644,1.7975
41.231,1.7206,1.5494,-0.0626,-1.6413,9.6739,1.7977
41.281,1.7364,1.5485,-0.0626,-1.6447,9.6885,1.7978
41.331,1.7468,1.5478,-0.0626,-1.6481,9.7031,1.798
41.381,1.7626,1.5468,-0.0626,-1.6503,9.7126,1.7981
41.432,1.773,1.5462,-0.0626,-1.6538,9.728,1.7982
41.482,1.7835,1.5455,-0.0626,-1.6562,9.7382,1.7983
41.532,1.7992,1.5445,-0.0626,-1.6585,9.7484,1.7984
41.582,1.8097,1.5439,-0.0626,-1.6616,9.7616,1.7985
41.632,1.8254,1.5429,-0.0626,-1.665,9.7762,1.7985
41.683,1.8359,1.5422,-0.0626,-1.6672,9.7857,1.7986
41.733,1.8464,1.5416,-0.0626,-1.6706,9.8003,1.7985
41.783,1.8621,1.5406,-0.0626,-1.6729,9.8105,1.7987
41.833,1.8726,1.5399,-0.0626,-1.6763,9.8251,1.7988
41.883,1.8831,1.5393,-0.0626,-1.6787,9.8354,1.799
41.934,1.8988,1.5383,-0.0626,-1.6823,9.8507,1.7992
41.984,1.9093,1.5376,-0.0626,-1.6841,9.8587,1.7993
42.034,1.925,1.5366,-0.0626,-1.6875,9.8733,1.7995
42.084,1.9355,1.536,-0.0626,-1.6899,9.8836,1.7996
42.135,1.946,1.5353,-0.0626,-1.6933,9.8982,1.7997
42.185,1.9617,1.5343,-0.0626,-1.6955,9.9077,1.7997
42.235,1.9721,1.5337,-0.0626,-1.6989,9.9223,1.7998
42.285,1.9879,1.5327,-0.0626,-1.7013,9.9325,1.7999
42.336,1.9983,1.532,-0.0626,-1.7049,9.9478,1.8
42.386,2.0088,1.5314,-0.0626,-1.7073,9.9581,1.8002
42.436,2.0245,1.5304,-0.0626,-1.7103,9.9712,1.8003
42.486,2.035,1.5297,-0.0626,-1.7126,9.9807,1.8005
42.536,2.0507,1.5288,-0.0626,-1.716,9.9953,1.8007
42.586,2.0612,1.5281,-0.0626,-1.7182,10.0048,1.8008
42.637,2.0717,1.5274,-0.0626,-1.7216,10.0194,1.8009
42.687,2.0874,1.5265,-0.0626,-1.724,10.0296,1.801
42.737,2.0979,1.5258,-0.0626,-1.7276,10.045,1.801
42.787,2.1136,1.5248,-0.0626,-1.73,10.0552,1.8012
42.837,2.1241,1.5242,-0.0626,-1.7331,10.0683,1.8012
42.888,2.1346,1.5235,-0.0626,-1.7353,10.0778,1.8013
42.938,2.1503,1.5225,-0.0626,-1.7387,10.0924,1.8014
42.988,2.1608,1.5219,-0.0626,-1.7411,10.1027,1.8015
43.038,2.1713,1.5212,-0.0626,-1.7446,10.1173,1.8016
43.088,2.187,1.5202,-0.0626,-1.7468,10.1267,1.8017
43.139,2.1975,1.5196,-0.0626,-1.7504,10.1421,1.8017
43.189,2.2132,1.5186,-0.0626,-1.7528,10.1523,1.8018
43.239,2.2237,1.5179,-0.0626,-1.7559,10.1654,1.8019
43.289,2.2341,1.5173,-0.0626,-1.7583,10.1757,1.8019
43.339,2.2499,1.5163,-0.0626,-1.7618,10.1903,1.802
43.39,2.2603,1.5156,-0.0626,-1.764,10.1998,1.802
43.44,2.2761,1.5146,-0.0626,-1.7674,10.2144,1.8021
43.49,2.2865,1.514,-0.0626,-1.7709,10.229,1.8021
43.54,2.297,1.5133,-0.0626,-1.7733,10.2392,1.8023
43.59,2.3127,1.5123,-0.0626,-1.7769,10.2545,1.8024
43.641,2.3232,1.5117,-0.0626,-1.7793,10.2647,1.8024
43.691,2.3389,1.5107,-0.0626,-1.7812,10.2728,1.8025
43.741,2.3494,1.51,-0.0626,-1.7846,10.2874,1.8026
43.791,2.3599,1.5094,-0.0626,-1.7881,10.302,1.8028
43.841,2.3756,1.5084,-0.0626,-1.7903,10.3114,1.8028
43.891,2.3861,1.5077,-0.0626,-1.7938,10.326,1.8029
43.942,2.4018,1.5068,-0.0626,-1.7962,10.3363,1.803
43.992,2.4123,1.5061,-0.0626,-1.7998,10.3516,1.8032
44.042,2.4228,1.5054,-0.0626,-1.8022,10.3618,1.8032
44.092,2.4385,1.5045,-0.0626,-1.8053,10.3749,1.8033
44.143,2.449,1.5038,-0.0626,-1.8076,10.3844,1.8034
44.193,2.4594,1.5031,-0.0626,-1.811,10.399,1.8036
44.243,2.4752,1.5022,-0.0626,-1.8135,10.4092,1.8038
44.293,2.4856,1.5015,-0.0626,-1.8169,10.4238,1.8039
44.343,2.5014,1.5005,-0.0626,-1.8192,10.4333,1.804
44.394,2.5118,1.4999,-0.0626,-1.8228,10.4486,1.8042
44.444,2.5223,1.4992,-0.0626,-1.8253,10.4589,1.8043
44.494,2.538,1.4982,-0.0626,-1.8284,10.472,1.8045
44.544,2.5485,1.4976,-0.0626,-1.8308,10.4822,1.8046
44.594,2.5642,1.4966,-0.0626,-1.8343,10.4968,1.8047
44.645,2.5747,1.4959,-0.0626,-1.8366,10.5063,1.8048
44.695,2.5852,1.4953,-0.0626,-1.84,10.5209,1.8049
44.745,2.6009,1.4943,-0.0626,-1.8423,10.5304,1.8051
44.796,2.6114,1.4936,-0.0626,-1.846,10.5457,1.8052
44.846,2.6271,1.4926,-0.0626,-1.8484,10.5559,1.8052
44.896,2.6376,1.492,-0.0626,-1.852,10.5712,1.8053
44.946,2.6481,1.4913,-0.0626,-1.854,10.5792,1.8053
44.997,2.6638,1.4903,-0.0626,-1.8575,10.5938,1.8055
45.047,2.6743,1.4897,-0.0626,-1.8597,10.6033,1.8056
45.097,2.69,1.4887,-0.0626,-1.8632,10.6179,1.8057
45.147,2.7005,1.488,-0.0626,-1.8657,10.6281,1.8058
45.197,2.711,1.4874,-0.0626,-1.8691,10.6427,1.806
45.248,2.7267,1.4864,-0.0626,-1.8716,10.6529,1.8061
45.298,2.7371,1.4858,-0.0626,-1.8753,10.6682,1.8062
45.348,2.7476,1.4851,-0.0626,-1.8772,10.6762,1.8063
45.398,2.7633,1.4841,-0.0626,-1.8807,10.6908,1.8064
45.448,2.7738,1.4835,-0.0626,-1.8831,10.701,1.8064
45.499,2.7895,1.4825,-0.0626,-1.8866,10.7156,1.8066
45.549,2.8,1.4818,-0.0626,-1.8889,10.7251,1.8067
45.599,2.8105,1.4812,-0.0626,-1.8924,10.7397,1.8068
45.649,2.8262,1.4802,-0.0626,-1.8949,10.7499,1.8069
45.7,2.8367,1.4795,-0.0626,-1.8986,10.7652,1.807
45.75,2.8524,1.4785,-0.0626,-1.901,10.7754,1.8071
45.8,2.8629,1.4779,-0.0626,-1.9042,10.7885,1.8072
45.85,2.8734,1.4772,-0.0626,-1.9065,10.798,1.8073
45.9,2.8891,1.4762,-0.0626,-1.91,10.8126,1.8075
45.951,2.8996,1.4756,-0.0626,-1.9123,10.8221,1.8076
46.001,2.9101,1.4749,-0.0626,-1.9158,10.8367,1.8076
46.051,2.9258,1.4739,-0.0626,-1.9195,10.852,1.8078
46.101,2.9363,1.4733,-0.0626,-1.922,10.8622,1.8079
46.152,2.952,1.4723,-0.0626,-1.9244,10.8724,1.8079
46.202,2.9625,1.4716,-0.0626,-1.9276,10.8855,1.8081
46.252,2.9782,1.4706,-0.0626,-1.9311,10.9001,1.8083
46.302,2.9887,1.47,-0.0626,-1.9334,10.9096,1.8084
46.353,2.9991,1.4693,-0.0626,-1.9369,10.9241,1.8085
46.403,3.0149,1.4684,-0.0626,-1.9394,10.9343,1.8087
46.453,3.0253,1.4677,-0.0626,-1.943,10.9489,1.8088
46.503,3.0358,1.467,-0.0626,-1.9454,10.9591,1.8088
46.554,3.0515,1.4661,-0.0626,-1.9491,10.9744,1.809
46.604,3.062,1.4654,-0.0626,-1.9511,10.9825,1.8091
46.654,3.0777,1.4644,-0.0626,-1.9546,10.997,1.8093
46.704,3.0882,1.4638,-0.0626,-1.9571,11.0072,1.8094
46.754,3.0987,1.4631,-0.0626,-1.9607,11.0218,1.8095
46.805,3.1144,1.4621,-0.0626,-1.963,11.0313,1.8095
46.855,3.1249,1.4615,-0.0626,-1.9665,11.0459,1.8096
46.905,3.1406,1.4605,-0.0626,-1.969,11.0561,1.8097
46.955,3.1511,1.4598,-0.0626,-1.9727,11.0714,1.8098
47.005,3.1616,1.4592,-0.0626,-1.9752,11.0816,1.8098
47.056,3.1773,1.4582,-0.0626,-1.9784,11.0947,1.8099
47.106,3.1878,1.4575,-0.0626,-1.9807,11.1041,1.81
47.156,3.2035,1.4565,-0.0626,-1.9843,11.1187,1.8101
47.206,3.214,1.4559,-0.0626,-1.9866,11.1282,1.8102
47.256,3.2244,1.4552,-0.0626,-1.9901,11.1428,1.8102
47.307,3.2402,1.4542,-0.0626,-1.9926,11.153,1.8103
47.357,3.2506,1.4536,-0.0626,-1.9964,11.1683,1.8105
47.407,3.2664,1.4526,-0.0626,-1.9989,11.1785,1.8106
47.457,3.2768,1.4519,-0.0626,-2.0021,11.1916,1.8107
47.508,3.2873,1.4513,-0.0626,-2.0044,11.201,1.8108
47.558,3.303,1.4503,-0.0626,-2.008,11.2156,1.811
47.608,3.3135,1.4496,-0.0626,-2.0104,11.2258,1.811
47.658,3.324,1.449,-0.0626,-2.014,11.2404,1.8111
47.708,3.3397,1.448,-0.0626,-2.0163,11.2499,1.8111
47.759,3.3502,1.4473,-0.0626,-2.0201,11.2652,1.8112
47.809,3.3659,1.4464,-0.0626,-2.0226,11.2754,1.8113
47.859,3.3764,1.4457,-0.0626,-2.0258,11.2885,1.8114
47.909,3.3869,1.445,-0.0626,-2.0294,11.303,1.8116
47.959,3.4026,1.4441,-0.0626,-2.0319,11.3132,1.8117
48.01,3.4131,1.4434,-0.0626,-2.0342,11.3227,1.8118
48.06,3.4288,1.4424,-0.0626,-2.0378,11.3373,1.812
48.11,3.4393,1.4418,-0.0626,-2.0414,11.3518,1.8121
48.16,3.4498,1.4411,-0.0626,-2.0439,11.362,1.8123
48.21,3.4655,1.4401,-0.0626,-2.0477,11.3773,1.8123
48.261,3.4759,1.4395,-0.0626,-2.0502,11.3875,1.8125
48.311,3.4917,1.4385,-0.0626,-2.0521,11.3955,1.8126
48.361,3.5021,1.4378,-0.0626,-2.0557,11.4101,1.8128
48.411,3.5126,1.4372,-0.0626,-2.0593,11.4246,1.813
48.462,3.5283,1.4362,-0.0626,-2.0617,11.4341,1.8131
48.512,3.5388,1.4355,-0.0626,-2.0653,11.4487,1.8133
48.563,3.5545,1.4345,-0.0626,-2.0678,11.4589,1.8135
48.613,3.565,1.4339,-0.0626,-2.0716,11.4742,1.8136
48.663,3.5755,1.4332,-0.0626,-2.0741,11.4843,1.8137
48.713,3.5912,1.4322,-0.0626,-2.0773,11.4974,1.8138
48.763,3.6017,1.4316,-0.0626,-2.0797,11.5069,1.8139
48.814,3.6122,1.4309,-0.0626,-2.0833,11.5215,1.814
48.864,3.6279,1.4299,-0.0626,-2.0858,11.5317,1.8141
48.914,3.6384,1.4293,-0.0626,-2.0895,11.5462,1.8142
48.964,3.6541,1.4283,-0.0626,-2.0918,11.5557,1.8143
49.014,3.6646,1.4276,-0.0626,-2.0956,11.571,1.8144
49.065,3.6751,1.427,-0.0626,-2.0981,11.5812,1.8145
49.115,3.6908,1.426,-0.0626,-2.1014,11.5943,1.8146
49.165,3.7013,1.4253,-0.0626,-2.1039,11.6044,1.8147
49.215,3.717,1.4244,-0.0626,-2.1076,11.619,1.8148
49.265,3.7275,1.4237,-0.0626,-2.1099,11.6285,1.8149
49.316,3.7379,1.423,-0.0626,-2.1135,11.643,1.815
49.366,3.7537,1.4221,-0.0626,-2.1159,11.6525,1.8151
49.416,3.7641,1.4214,-0.0626,-2.1197,11.6678,1.8152
49.466,3.7799,1.4204,-0.0626,-2.1222,11.678,1.8153
49.517,3.7903,1.4198,-0.0626,-2.1261,11.6932,1.8155
49.567,3.8008,1.4191,-0.0626,-2.1281,11.7012,1.8155
49.617,3.8165,1.4181,-0.0626,-2.1317,11.7158,1.8156
49.667,3.827,1.4175,-0.0626,-2.1341,11.7252,1.8157
49.717,3.8427,1.4165,-0.0626,-2.1377,11.7398,1.8159
49.767,3.8532,1.4158,-0.0626,-2.1402,11.75,1.8159
49.818,3.8637,1.4152,-0.0626,-2.1439,11.7645,1.8161
49.868,3.8794,1.4142,-0.0626,-2.1464,11.7747,1.8161
49.918,3.8899,1.4135,-0.0626,-2.1503,11.79,1.8163
49.968,3.9004,1.4129,-0.0626,-2.1523,11.798,1.8162
50.019,3.9161,1.4119,-0.0626,-2.1559,11.8126,1.8164
50.069,3.9266,1.4112,-0.0626,-2.1585,11.8227,1.8164
50.119,3.9423,1.4102,-0.0626,-2.1621,11.8373,1.8166
50.169,3.9528,1.4096,-0.0626,-2.1645,11.8467,1.8167
50.219,3.9632,1.4089,-0.0626,-2.1681,11.8613,1.8168
50.27,3.979,1.4079,-0.0626,-2.1707,11.8715,1.817
50.32,3.9894,1.4073,-0.0626,-2.1745,11.8868,1.8171
50.37,4.0052,1.4063,-0.0626,-2.1778,11.8998,1.8173
50.42,4.0156,1.4056,-0.0626,-2.1804,11.91,1.8175
50.47,4.0261,1.405,-0.0626,-2.1828,11.9195,1.8175
50.521,4.0418,1.404,-0.0626,-2.1864,11.934,1.8176
50.571,4.0523,1.4034,-0.0626,-2.1901,11.9486,1.8177
50.621,4.068,1.4024,-0.0626,-2.1925,11.958,1.8178
50.671,4.0785,1.4017,-0.0626,-2.1963,11.9733,1.8178
50.721,4.089,1.4011,-0.0626,-2.1989,11.9835,1.8179
50.772,4.1047,1.4001,-0.0626,-2.2028,11.9988,1.818
50.822,4.1152,1.3994,-0.0626,-2.2048,12.0068,1.8181
50.872,4.1309,1.3984,-0.0626,-2.2084,12.0213,1.8181
50.922,4.1414,1.3978,-0.0626,-2.2108,12.0307,1.8182
50.972,4.1519,1.3971,-0.0626,-2.2145,12.0453,1.8182
51.023,4.1676,1.3961,-0.0626,-2.2171,12.0555,1.8184
51.073,4.1781,1.3955,-0.0626,-2.2208,12.07,1.8185
51.123,4.1886,1.3948,-0.0626,-2.2233,12.0802,1.8187
51.173,4.2043,1.3938,-0.0626,-2.2272,12.0955,1.8188
51.224,4.2148,1.3932,-0.0626,-2.2292,12.1035,1.8189
51.274,4.2305,1.3922,-0.0626,-2.2329,12.118,1.819
51.324,4.2409,1.3915,-0.0626,-2.2355,12.1282,1.8191
51.374,4.2514,1.3909,-0.0626,-2.2392,12.1427,1.8192
51.424,4.2671,1.3899,-0.0626,-2.2416,12.1522,1.8194
51.475,4.2776,1.3892,-0.0626,-2.2453,12.1667,1.8194
51.525,4.2933,1.3883,-0.0626,-2.2478,12.1769,1.8195
51.575,4.3038,1.3876,-0.0626,-2.2517,12.1921,1.8196
51.625,4.3143,1.3869,-0.0626,-2.2543,12.2023,1.8197
51.676,4.33,1.386,-0.0626,-2.2576,12.2154,1.8198
51.726,4.3405,1.3853,-0.0626,-2.26,12.2249,1.8198
51.776,4.3562,1.3843,-0.0626,-2.2637,12.2394,1.82
51.826,4.3667,1.3837,-0.0626,-2.2661,12.2488,1.8201
51.876,4.3772,1.383,-0.0626,-2.2698,12.2634,1.8202
51.929,4.3929,1.382,-0.0626,-2.2724,12.2736,1.8203
51.979,4.4034,1.3814,-0.0626,-2.2763,12.2888,1.8205
52.029,4.4191,1.3804,-0.0626,-2.2789,12.299,1.8207
52.08,4.4296,1.3797,-0.0626,-2.2823,12.3121,1.8208
52.13,4.4401,1.3791,-0.0626,-2.2847,12.3215,1.8209
52.18,4.4558,1.3781,-0.0626,-2.2884,12.3361,1.821
52.23,4.4663,1.3774,-0.0626,-2.2921,12.3506,1.821
52.28,4.482,1.3764,-0.0626,-2.2947,12.3608,1.8211
52.331,4.4925,1.3758,-0.0626,-2.2984,12.3753,1.8212
52.381,4.5029,1.3751,-0.0626,-2.301,12.3855,1.8213
52.431,4.5187,1.3741,-0.0626,-2.3049,12.4007,1.8213
52.481,4.5291,1.3735,-0.0626,-2.307,12.4087,1.8214
52.532,4.5449,1.3725,-0.0626,-2.3107,12.4232,1.8214
52.582,4.5553,1.3718,-0.0626,-2.3133,12.4334,1.8215
52.632,4.5658,1.3712,-0.0626,-2.317,12.4479,1.8216
52.682,4.5815,1.3702,-0.0626,-2.3194,12.4574,1.8216
52.732,4.592,1.3695,-0.0626,-2.3232,12.4719,1.8218
52.783,4.6077,1.3686,-0.0626,-2.3258,12.4821,1.8219
52.833,4.6182,1.3679,-0.0626,-2.3297,12.4974,1.8221
52.883,4.6287,1.3672,-0.0626,-2.3323,12.5075,1.8222
52.934,4.6392,1.3666,-0.0626,-2.3343,12.5155,1.8222
52.984,4.6496,1.3659,-0.0626,-2.3368,12.525,1.8223
53.034,4.6654,1.3649,-0.0626,-2.3405,12.5395,1.8224
53.084,4.6758,1.3643,-0.0626,-2.3442,12.554,1.8225
53.135,4.6916,1.3633,-0.0626,-2.3468,12.5642,1.8225
53.185,4.702,1.3626,-0.0626,-2.3506,12.5787,1.8227
53.235,4.7125,1.362,-0.0626,-2.3532,12.5889,1.8227
53.285,4.7282,1.361,-0.0626,-2.3571,12.6041,1.8228
53.335,4.7387,1.3603,-0.0626,-2.3592,12.6121,1.8229
53.386,4.7544,1.3594,-0.0626,-2.3629,12.6266,1.8229
53.436,4.7649,1.3587,-0.0626,-2.3655,12.6368,1.823
53.486,4.7754,1.358,-0.0626,-2.3693,12.6513,1.8231
53.536,4.7911,1.3571,-0.0626,-2.3717,12.6608,1.8232
53.586,4.8016,1.3564,-0.0626,-2.3755,12.6753,1.8235
53.636,4.8173,1.3554,-0.0626,-2.3781,12.6855,1.8236
53.687,4.8278,1.3548,-0.0626,-2.382,12.7007,1.8237
53.737,4.8383,1.3541,-0.0626,-2.3847,12.7109,1.8238
53.787,4.854,1.3531,-0.0626,-2.388,12.724,1.8239
53.837,4.8645,1.3525,-0.0626,-2.3905,12.7334,1.8239
53.888,4.8802,1.3515,-0.0626,-2.3942,12.7479,1.824
53.938,4.8907,1.3508,-0.0626,-2.3967,12.7574,1.8241
53.988,4.9012,1.3502,-0.0626,-2.4004,12.7719,1.8243
54.038,4.9169,1.3492,-0.0626,-2.4031,12.782,1.8244
54.088,4.9274,1.3485,-0.0626,-2.407,12.7973,1.8245
54.139,4.9378,1.3479,-0.0626,-2.4097,12.8074,1.8246
54.189,4.9536,1.3469,-0.0626,-2.4131,12.8205,1.8247
54.239,4.964,1.3462,-0.0626,-2.4155,12.83,1.8247
54.289,4.9798,1.3452,-0.0626,-2.4193,12.8445,1.8248
54.34,4.9902,1.3446,-0.0626,-2.4219,12.8546,1.8249
54.39,5.0007,1.3439,-0.0626,-2.4257,12.8692,1.825
54.44,5.0164,1.3429,-0.0626,-2.4281,12.8786,1.8251
54.49,5.0269,1.3423,-0.0626,-2.4321,12.8938,1.8251
54.54,5.0426,1.3413,-0.0626,-2.4347,12.904,1.8252
54.591,5.0531,1.3407,-0.0626,-2.4381,12.9171,1.8252
54.641,5.0636,1.34,-0.0626,-2.4408,12.9272,1.8253
54.691,5.0793,1.339,-0.0626,-2.4446,12.9417,1.8255
54.741,5.0898,1.3384,-0.0626,-2.447,12.9512,1.8256
54.791,5.1055,1.3374,-0.0626,-2.4508,12.9657,1.8257
54.842,5.116,1.3367,-0.0626,-2.4533,12.9751,1.8259
54.892,5.1265,1.3361,-0.0626,-2.4572,12.9904,1.826
54.942,5.1422,1.3351,-0.0626,-2.4599,13.0005,1.8261
54.992,5.1527,1.3344,-0.0626,-2.4639,13.0158,1.8262
55.043,5.1631,1.3338,-0.0626,-2.4659,13.0237,1.8262
55.093,5.1789,1.3328,-0.0626,-2.4697,13.0383,1.8264
55.143,5.1893,1.3321,-0.0626,-2.4735,13.0528,1.8265
55.193,5.2051,1.3311,-0.0626,-2.476,13.0622,1.8266
55.243,5.2155,1.3305,-0.0626,-2.4798,13.0767,1.8267
55.294,5.226,1.3298,-0.0626,-2.4824,13.0869,1.8268
55.344,5.2417,1.3288,-0.0626,-2.4864,13.1021,1.8268
55.394,5.2522,1.3282,-0.0626,-2.4891,13.1123,1.827
55.444,5.2679,1.3272,-0.0626,-2.4925,13.1253,1.8271
55.494,5.2784,1.3265,-0.0626,-2.495,13.1348,1.827
55.545,5.2889,1.3259,-0.0626,-2.4988,13.1493,1.8272
55.595,5.3046,1.3249,-0.0626,-2.5015,13.1594,1.8273
55.645,5.3151,1.3242,-0.0626,-2.5053,13.1739,1.8274
55.695,5.3308,1.3233,-0.0626,-2.5077,13.1834,1.8275
55.745,5.3413,1.3226,-0.0626,-2.5117,13.1986,1.8276
55.796,5.3518,1.3219,-0.0626,-2.5144,13.2088,1.8277
55.846,5.3675,1.321,-0.0626,-2.5178,13.2218,1.8279
55.896,5.378,1.3203,-0.0626,-2.5205,13.232,1.828
55.946,5.3937,1.3193,-0.0626,-2.5243,13.2465,1.8281
55.997,5.4042,1.3187,-0.0626,-2.5268,13.2559,1.8282
56.047,5.4143,1.318,-0.0625,-2.5296,13.2663,1.8309
56.097,5.4222,1.3176,-0.0416,-2.5304,13.2695,1.8466
56.147,5.4253,1.3175,-0.0193,-2.5319,13.2743,1.88
56.197,5.4301,1.3175,0.014,-2.5329,13.2774,1.9022
56.248,5.4332,1.3175,0.0362,-2.5345,13.2818,1.9356
56.298,5.4364,1.3177,0.0584,-2.5354,13.2841,1.9531
56.348,5.4411,1.318,0.0917,-2.5371,13.2883,1.9849
56.398,5.4442,1.3184,0.1139,-2.5383,13.291,2.0056
56.449,5.4473,1.3187,0.1361,-2.5403,13.295,2.0375
56.499,5.452,1.3195,0.1694,-2.5417,13.2978,2.0598
56.549,5.4551,1.32,0.1916,-2.5439,13.3018,2.0917
56.599,5.4582,1.3207,0.2138,-2.5454,13.3045,2.1139
56.649,5.4628,1.3217,0.2471,-2.5479,13.3085,2.1474
56.699,5.4658,1.3225,0.2693,-2.5493,13.3106,2.165
56.75,5.4704,1.3239,0.3027,-2.5518,13.3143,2.1968
56.8,5.4734,1.3248,0.3249,-2.5537,13.3168,2.2192
56.85,5.4763,1.3259,0.3471,-2.5565,13.3204,2.2511
56.9,5.4808,1.3275,0.3804,-2.5583,13.3226,2.2717
56.95,5.4837,1.3287,0.4026,-2.5613,13.326,2.3036
57.001,5.488,1.3307,0.4359,-2.5634,13.3284,2.3258
57.051,5.4908,1.332,0.4581,-2.5667,13.3318,2.3592
57.101,5.4936,1.3334,0.4803,-2.5689,13.334,2.3815
57.151,5.4978,1.3357,0.5136,-2.5719,13.3367,2.4101
57.201,5.5005,1.3373,0.5358,-2.5741,13.3386,2.4308
57.252,5.5032,1.3389,0.558,-2.5775,13.3415,2.4627
57.302,5.5072,1.3415,0.5914,-2.5798,13.3434,2.4834
57.352,5.51,1.3434,0.6137,-2.5837,13.3463,2.5154
57.402,5.5144,1.3466,0.6472,-2.5867,13.3484,2.5377
57.452,5.5174,1.349,0.6696,-2.5915,13.3517,2.5714
57.502,5.5206,1.3515,0.692,-2.595,13.3539,2.5939
57.553,5.5255,1.3557,0.7255,-2.5997,13.3567,2.6227
57.603,5.5288,1.3587,0.7479,-2.6033,13.3588,2.6436
57.653,5.534,1.3636,0.7817,-2.6094,13.362,2.6759
57.703,5.5376,1.3671,0.8043,-2.6139,13.3642,2.6986
57.753,5.5412,1.3709,0.827,-2.6207,13.3673,2.7312
57.804,5.5469,1.3769,0.8615,-2.6254,13.3693,2.7527
57.854,5.5507,1.3812,0.8848,-2.6333,13.3725,2.7879
57.904,5.5566,1.3879,0.9205,-2.6389,13.3745,2.8118
57.954,5.5606,1.3927,0.9449,-2.6464,13.3769,2.8434
58.004,5.5647,1.3978,0.9698,-2.6525,13.3788,2.8685
58.055,5.5708,1.4059,1.0077,-2.6618,13.3812,2.9046
58.105,5.5748,1.4116,1.0329,-2.668,13.3827,2.9281
58.155,5.5807,1.4207,1.0706,-2.6781,13.3847,2.9641
58.205,5.5844,1.4271,1.0951,-2.6849,13.3859,2.9871
58.255,5.588,1.434,1.1187,-2.6963,13.3875,3.0224
58.306,5.593,1.4449,1.1518,-2.7042,13.3884,3.0445
58.356,5.5963,1.4525,1.1719,-2.7164,13.3894,3.0746
58.406,5.5996,1.4603,1.1901,-2.723,13.3898,3.0886
58.456,5.6042,1.4723,1.215,-2.7353,13.3904,3.1125
58.507,5.6072,1.4806,1.23,-2.7434,13.3906,3.1265
58.557,5.6116,1.4933,1.25,-2.7562,13.3907,-3.1375
58.607,5.6145,1.5019,1.2621,-2.7652,13.3906,-3.1252
58.657,5.6173,1.5107,1.2729,-2.7784,13.3903,-3.1097
58.707,5.6213,1.5241,1.2877,-2.7878,13.39,-3.0997
58.758,5.6239,1.5331,1.2965,-2.802,13.3893,-3.0866
58.808,5.6277,1.5468,1.308,-2.8142,13.3886,-3.0768
58.858,5.6301,1.556,1.3146,-2.8232,13.3879,-3.0707
58.908,5.6325,1.5653,1.3205,-2.8371,13.3869,-3.0624
58.958,5.6361,1.5793,1.3286,-2.8468,13.3861,-3.0569
59.009,5.6384,1.5887,1.3335,-2.8559,13.3853,-3.0522
59.059,5.6418,1.603,1.3402,-2.87,13.384,-3.0456
59.109,5.644,1.6126,1.3443,-2.8849,13.3825,-3.0394
59.159,5.6462,1.6223,1.3481,-2.8949,13.3815,-3.0358
59.21,5.6495,1.6368,1.3534,-2.9077,13.3801,-3.0313
59.26,5.6516,1.6466,1.3566,-2.9177,13.379,-3.0281
59.31,5.6548,1.6613,1.3609,-2.9321,13.3773,-3.0239
59.36,5.6569,1.6712,1.3636,-2.9415,13.3762,-3.0214
59.41,5.6589,1.681,1.366,-2.9559,13.3744,-3.0178
59.46,5.662,1.6959,1.3694,-2.9653,13.3733,-3.0157
59.511,5.664,1.7059,1.3715,-2.9805,13.3713,-3.0125
59.561,5.666,1.7159,1.3734,-2.9907,13.37,-3.0105
59.611,5.669,1.731,1.3761,-3.006,13.3679,-3.0078
59.661,5.671,1.741,1.3779,-3.014,13.3669,-3.0063
59.711,5.6739,1.7562,1.3804,-3.0286,13.3649,-3.0039
59.762,5.6759,1.7664,1.3819,-3.0381,13.3635,-3.0024
59.812,5.6778,1.7765,1.3833,-3.0527,13.3615,-3.0003
59.862,5.6807,1.7918,1.3852,-3.0629,13.36,-2.999
59.912,5.6826,1.802,1.3863,-3.0776,13.3579,-2.9973
59.962,5.6855,1.8173,1.3878,-3.0879,13.3564,-2.9962
60.013,5.6874,1.8275,1.3887,-3.1033,13.3541,-2.9948
60.063,5.6892,1.8378,1.3895,-3.1114,13.3529,-2.9942
60.113,5.692,1.8532,1.3906,-3.1261,13.3507,-2.9929
60.163,5.6939,1.8634,1.3913,-3.1364,13.3492,-2.9922
60.213,5.6967,1.8788,1.3922,-3.1512,13.347,-2.9912
60.264,5.6985,1.8891,1.3928,-3.1608,13.3455,-2.9907
60.314,5.7004,1.8994,1.3932,-3.1755,13.3432,-2.9898
60.364,5.7032,1.9148,1.3939,-3.1858,13.3417,-2.9893
60.414,5.705,1.9251,1.3943,-3.2013,13.3393,-2.9886
60.464,5.7068,1.9354,1.3947,-3.2117,13.3377,-2.988
60.515,5.7096,1.9508,1.3952,-3.225,13.3356,-2.9876
60.565,5.7114,1.9611,1.3955,-3.2346,13.3341,-2.9873
60.615,5.7141,1.9766,1.3958,-3.2493,13.3318,-2.9869
60.665,5.716,1.9869,1.396,-3.259,13.3303,-2.9866
60.715,5.7178,1.9973,1.3962,-3.2737,13.328,-2.9861
60.766,5.7205,2.0127,1.3965,-3.2841,13.3264,-2.9858
60.816,5.7223,2.0231,1.3967,-3.2996,13.324,-2.9856
60.866,5.7251,2.0385,1.3969,-3.31,13.3223,-2.9854
60.916,5.7269,2.0489,1.397,-3.3233,13.3202,-2.985
60.966,5.7287,2.0592,1.3971,-3.3329,13.3187,-2.9848
61.017,5.7314,2.0747,1.3973,-3.3477,13.3164,-2.9846
61.067,5.7332,2.085,1.3974,-3.3625,13.314,-2.9844
61.117,5.7359,2.1005,1.3976,-3.3728,13.3124,-2.9842
61.167,5.7377,2.1108,1.3977,-3.3825,13.3108,-2.984
61.217,5.7395,2.1212,1.3977,-3.398,13.3084,-2.9838
61.268,5.7422,2.1366,1.3979,-3.4084,13.3067,-2.9836
61.318,5.744,2.147,1.3979,-3.4217,13.3046,-2.9834
61.368,5.7467,2.1625,1.398,-3.4365,13.3022,-2.9833
61.418,5.7485,2.1728,1.3981,-3.4468,13.3006,-2.9831
61.468,5.7503,2.1832,1.3981,-3.4616,13.2982,-2.9829
61.519,5.7531,2.1987,1.3982,-3.4713,13.2967,-2.9827
61.569,5.7549,2.209,1.3983,-3.4861,13.2943,-2.9825
61.62,5.7576,2.2245,1.3983,-3.4964,13.2926,-2.9823
61.671,5.7594,2.2348,1.3984,-3.512,13.2901,-2.9821
61.721,5.7612,2.2452,1.3984,-3.5223,13.2885,-2.9821
61.771,5.7639,2.2607,1.3984,-3.5357,13.2863,-2.9819
61.821,5.7657,2.271,1.3985,-3.5453,13.2848,-2.9817
61.871,5.7675,2.2814,1.3985,-3.5601,13.2824,-2.9816
61.922,5.7702,2.2969,1.3985,-3.5697,13.2808,-2.9815
61.972,5.772,2.3072,1.3986,-3.5845,13.2784,-2.9814
62.022,5.7747,2.3227,1.3986,-3.5949,13.2768,-2.9813
62.072,5.7765,2.3331,1.3986,-3.6104,13.2743,-2.9811
62.122,5.7782,2.3434,1.3986,-3.6208,13.2726,-2.981
62.172,5.7809,2.3589,1.3987,-3.6341,13.2704,-2.9808
62.223,5.7827,2.3693,1.3987,-3.6437,13.2689,-2.9807
62.273,5.7854,2.3848,1.3987,-3.6585,13.2665,-2.9806
62.323,5.7872,2.3951,1.3987,-3.6689,13.2648,-2.9805
62.373,5.789,2.4055,1.3987,-3.6837,13.2624,-2.9803
62.424,5.7917,2.421,1.3987,-3.6933,13.2608,-2.9802
62.474,5.7935,2.4313,1.3988,-3.7089,13.2583,-2.9801
62.524,5.7962,2.4469,1.3988,-3.7192,13.2566,-2.98
62.574,5.798,2.4572,1.3988,-3.7325,13.2544,-2.9799
62.624,5.7998,2.4675,1.3988,-3.7429,13.2527,-2.9798
62.675,5.8025,2.4831,1.3988,-3.7577,13.2503,-2.9797
62.725,5.8043,2.4934,1.3988,-3.7673,13.2487,-2.9796
62.775,5.807,2.5089,1.3988,-3.7821,13.2463,-2.9796
62.825,5.8088,2.5193,1.3988,-3.7918,13.2447,-2.9796
62.875,5.8106,2.5296,1.3988,-3.8073,13.2422,-2.9795
62.926,5.8133,2.5451,1.3988,-3.8177,13.2405,-2.9794
62.976,5.8151,2.5555,1.3988,-3.8332,13.238,-2.9793
63.026,5.8169,2.5658,1.3988,-3.8413,13.2366,-2.9793
63.076,5.8196,2.5813,1.3988,-3.8561,13.2342,-2.9793
63.126,5.8214,2.5917,1.3988,-3.8658,13.2326,-2.9791
63.177,5.8241,2.6072,1.3988,-3.8806,13.2302,-2.9789
63.227,5.8259,2.6175,1.3988,-3.8954,13.2278,-2.9788
63.277,5.8277,2.6279,1.3988,-3.9057,13.2261,-2.9786
63.327,5.8304,2.6434,1.3988,-3.9161,13.2244,-2.9786
63.377,5.8322,2.6537,1.3989,-3.9316,13.2218,-2.9785
63.428,5.8349,2.6693,1.3989,-3.9398,13.2205,-2.9785
63.478,5.8367,2.6796,1.3989,-3.9546,13.218,-2.9783
63.528,5.8384,2.69,1.3989,-3.9694,13.2156,-2.9782
63.578,5.8411,2.7055,1.3989,-3.9797,13.2139,-2.978
63.628,5.8429,2.7158,1.3989,-3.9945,13.2114,-2.9778
63.679,5.8456,2.7313,1.3989,-4.0042,13.2098,-2.9778
63.729,5.8474,2.7417,1.3989,-4.0197,13.2073,-2.9776
63.779,5.8492,2.752,1.3989,-4.0301,13.2056,-2.9775
63.829,5.8519,2.7675,1.3989,-4.0434,13.2034,-2.9773
63.879,5.8537,2.7779,1.3989,-4.0537,13.2016,-2.9772
63.93,5.8555,2.7882,1.3989,-4.0685,13.1992,-2.9771
63.98,5.8582,2.8037,1.3989,-4.0781,13.1976,-2.977
64.03,5.86,2.8141,1.3989,-4.0929,13.1951,-2.9768
64.08,5.8627,2.8296,1.3989,-4.1026,13.1935,-2.9767
64.13,5.8645,2.84,1.3989,-4.1181,13.1909,-2.9766
64.181,5.8663,2.8503,1.3989,-4.1285,13.1892,-2.9766
64.231,5.869,2.8658,1.3989,-4.144,13.1866,-2.9764
64.281,5.8708,2.8762,1.3989,-4.1521,13.1853,-2.9764
64.331,5.8735,2.8917,1.3989,-4.1669,13.1828,-2.9762
64.382,5.8753,2.902,1.3989,-4.1765,13.1812,-2.9761
64.432,5.8771,2.9124,1.3989,-4.1913,13.1787,-2.976
64.482,5.8798,2.9279,1.3989,-4.2017,13.177,-2.976
64.532,5.8816,2.9382,1.3989,-4.2165,13.1745,-2.9758
64.582,5.8843,2.9538,1.3989,-4.2268,13.1728,-2.9756
64.632,5.8861,2.9641,1.3989,-4.2424,13.1702,-2.9754
64.683,5.8878,2.9744,1.3989,-4.2505,13.1688,-2.9754
64.733,5.8905,2.99,1.3989,-4.2653,13.1663,-2.9752
64.783,5.8923,3.0003,1.3989,-4.2757,13.1646,-2.9751
64.833,5.895,3.0158,1.3989,-4.2905,13.1621,-2.975
64.883,5.8968,3.0262,1.3989,-4.3001,13.1605,-2.9749
64.934,5.8986,3.0365,1.3989,-4.3149,13.158,-2.9748
64.984,5.9013,3.052,1.3989,-4.3252,13.1563,-2.9748
65.034,5.9031,3.0624,1.3989,-4.3407,13.1536,-2.9745
65.084,5.9049,3.0727,1.3989,-4.3511,13.1519,-2.9744
65.135,5.9076,3.0882,1.3989,-4.3644,13.1496,-2.9743
65.185,5.9094,3.0986,1.3989,-4.374,13.148,-2.9742
65.235,5.9121,3.1141,1.3989,-4.3888,13.1455,-2.9741
65.285,5.9139,3.1244,1.3989,-4.3984,13.1439,-2.974
65.335,5.9157,3.1348,1.3989,-4.4132,13.1414,-2.974
65.386,5.9184,3.1503,1.3989,-4.4236,13.1396,-2.9739
65.436,5.9202,3.1607,1.3989,-4.4391,13.137,-2.9737
65.486,5.9229,3.1762,1.3989,-4.4495,13.1353,-2.9735
65.536,5.9247,3.1865,1.3989,-4.4628,13.133,-2.9735
65.587,5.9265,3.1969,1.3989,-4.4724,13.1314,-2.9733
65.637,5.9292,3.2124,1.3989,-4.4872,13.1289,-2.9733
65.687,5.931,3.2227,1.3989,-4.4975,13.1271,-2.9732
65.737,5.9337,3.2382,1.3989,-4.5123,13.1246,-2.9731
65.787,5.9354,3.2486,1.3989,-4.5219,13.123,-2.973
65.838,5.9372,3.2589,1.3989,-4.5374,13.1203,-2.9728
65.888,5.9399,3.2745,1.3989,-4.5478,13.1185,-2.9728
65.938,5.9417,3.2848,1.3989,-4.5611,13.1163,-2.9726
65.988,5.9435,3.2951,1.3989,-4.5759,13.1138,-2.9726
66.038,5.9462,3.3107,1.3989,-4.5862,13.112,-2.9725
66.089,5.948,3.321,1.3989,-4.5958,13.1103,-2.9725
66.139,5.9507,3.3365,1.3989,-4.6106,13.1078,-2.9723
66.189,5.9525,3.3469,1.3989,-4.6254,13.1053,-2.9722
66.239,5.9543,3.3572,1.3989,-4.6358,13.1035,-2.9721
66.29,5.957,3.3727,1.3989,-4.6513,13.1009,-2.9721
66.34,5.9588,3.3831,1.3989,-4.6616,13.0991,-2.972
66.39,5.9615,3.3986,1.3989,-4.6749,13.0968,-2.9718
66.44,5.9633,3.4089,1.3989,-4.6846,13.0952,-2.9717
66.49,5.9651,3.4193,1.3989,-4.6993,13.0926,-2.9717
66.541,5.9678,3.4348,1.3989,-4.7089,13.091,-2.9716
66.591,5.9696,3.4451,1.3989,-4.7237,13.0884,-2.9715
66.641,5.9723,3.4607,1.3989,-4.7341,13.0867,-2.9714
66.691,5.9741,3.471,1.3989,-4.7496,13.084,-2.9712
66.741,5.9759,3.4814,1.3989,-4.76,13.0822,-2.9712
66.792,5.9786,3.4969,1.3989,-4.7733,13.0799,-2.971
66.842,5.9804,3.5072,1.3989,-4.7829,13.0783,-2.9709
66.892,5.9831,3.5227,1.3989,-4.7976,13.0757,-2.9707
66.942,5.9848,3.5331,1.3989,-4.808,13.0739,-2.9706
66.992,5.9866,3.5434,1.3989,-4.8228,13.0714,-2.9705
67.042,5.9893,3.5589,1.3989,-4.8324,13.0697,-2.9704
67.093,5.9911,3.5693,1.3989,-4.8479,13.067,-2.9702
67.143,5.9938,3.5848,1.3989,-4.8582,13.0652,-2.97
67.193,5.9956,3.5952,1.3989,-4.8715,13.0629,-2.97
67.243,5.9974,3.6055,1.3989,-4.8819,13.0611,-2.9699
67.294,6.0001,3.621,1.3989,-4.8967,13.0586,-2.9698
67.344,6.0019,3.6314,1.3989,-4.9063,13.0569,-2.9698
67.394,6.0037,3.6417,1.3989,-4.9211,13.0543,-2.9697
67.444,6.0064,3.6572,1.3989,-4.9307,13.0527,-2.9697
67.494,6.0082,3.6676,1.3989,-4.9462,13.05,-2.9695
67.545,6.0109,3.6831,1.3989,-4.9565,13.0482,-2.9695
67.595,6.0127,3.6934,1.3989,-4.972,13.0455,-2.9693
67.645,6.0145,3.7038,1.3989,-4.9802,13.0441,-2.9692
67.695,6.0172,3.7193,1.3989,-4.995,13.0415,-2.9691
67.746,6.019,3.7296,1.3989,-5.0046,13.0398,-2.969
67.796,6.0217,3.7452,1.3989,-5.0193,13.0372,-2.9689
67.846,6.0235,3.7555,1.3989,-5.0297,13.0354,-2.9689
67.896,6.0253,3.7658,1.3989,-5.0445,13.0329,-2.9688
67.946,6.028,3.7814,1.3989,-5.0548,13.0311,-2.9687
67.997,6.0298,3.7917,1.3989,-5.0703,13.0284,-2.9686
68.047,6.0324,3.8072,1.3989,-5.0784,13.0269,-2.9685
68.097,6.0342,3.8176,1.3989,-5.0932,13.0243,-2.9684
68.147,6.036,3.8279,1.3989,-5.1036,13.0225,-2.9683
68.197,6.0387,3.8434,1.3989,-5.1183,13.0199,-2.9682
68.248,6.0405,3.8538,1.3989,-5.1279,13.0183,-2.9681
68.298,6.0432,3.8693,1.3989,-5.1427,13.0157,-2.968
68.348,6.045,3.8796,1.3989,-5.1531,13.0139,-2.968
68.398,6.0468,3.89,1.3989,-5.1686,13.0111,-2.9678
68.448,6.0495,3.9055,1.3989,-5.1819,13.0088,-2.9677
68.499,6.0513,3.9159,1.3989,-5.1922,13.007,-2.9676
68.549,6.0531,3.9262,1.3989,-5.207,13.0044,-2.9676
68.599,6.0558,3.9417,1.3989,-5.2166,13.0027,-2.9675
68.649,6.0576,3.9521,1.3989,-5.2314,13.0001,-2.9674
68.699,6.0603,3.9676,1.3989,-5.241,12.9984,-2.9673
68.75,6.0621,3.9779,1.3989,-5.2565,12.9957,-2.9671
68.8,6.0639,3.9883,1.3989,-5.2668,12.9939,-2.9671
68.85,6.0666,4.0038,1.3989,-5.2823,12.9911,-2.9669
68.9,6.0684,4.0141,1.3989,-5.2904,12.9897,-2.9668
68.951,6.0711,4.0297,1.3989,-5.3052,12.9871,-2.9666
69.001,6.0729,4.04,1.3989,-5.3148,12.9854,-2.9665
69.051,6.0747,4.0503,1.3989,-5.3296,12.9828,-2.9663
69.101,6.0774,4.0659,1.3989,-5.3399,12.9809,-2.9662
69.151,6.0792,4.0762,1.3989,-5.3547,12.9783,-2.9661
69.202,6.0818,4.0917,1.3989,-5.365,12.9765,-2.9661
69.252,6.0836,4.1021,1.3989,-5.3805,12.9737,-2.966
69.302,6.0854,4.1124,1.3989,-5.3887,12.9723,-2.9659
69.352,6.0881,4.1279,1.3989,-5.4034,12.9697,-2.9658
69.402,6.0899,4.1383,1.3989,-5.4138,12.9678,-2.9658
69.453,6.0917,4.1486,1.3989,-5.4285,12.9652,-2.9656
69.503,6.0944,4.1641,1.3989,-5.4381,12.9635,-2.9655
69.553,6.0962,4.1745,1.3989,-5.4529,12.9609,-2.9653
69.603,6.0989,4.19,1.3989,-5.4632,12.959,-2.9652
69.654,6.1007,4.2003,1.3989,-5.4787,12.9563,-2.9651
69.704,6.1025,4.2107,1.3989,-5.4891,12.9544,-2.965
69.754,6.1052,4.2262,1.3989,-5.5024,12.9521,-2.9649
69.804,6.107,4.2366,1.3989,-5.512,12.9503,-2.9649
69.854,6.1097,4.2521,1.3989,-5.5267,12.9477,-2.9647
69.905,6.1115,4.2624,1.3989,-5.5363,12.946,-2.9646
69.955,6.1133,4.2728,1.3989,-5.5511,12.9433,-2.9645
70.005,6.116,4.2883,1.3989,-5.5614,12.9415,-2.9644
70.055,6.1178,4.2986,1.3989,-5.5769,12.9387,-2.9643
70.105,6.1205,4.3141,1.3989,-5.5873,12.9369,-2.9643
70.156,6.1223,4.3245,1.3989,-5.6006,12.9345,-2.9642
70.206,6.1241,4.3348,1.3989,-5.6102,12.9328,-2.9642
70.256,6.1268,4.3504,1.3989,-5.6249,12.9301,-2.9641
70.306,6.1285,4.3607,1.3989,-5.6353,12.9283,-2.964
70.356,6.1312,4.3762,1.3989,-5.65,12.9256,-2.964
70.407,6.133,4.3866,1.3989,-5.6596,12.9239,-2.964
70.457,6.1348,4.3969,1.3989,-5.6751,12.9211,-2.9639
70.507,6.1375,4.4124,1.3989,-5.6855,12.9192,-2.9638
70.557,6.1393,4.4228,1.3989,-5.6987,12.9169,-2.9638
70.607,6.1411,4.4331,1.3989,-5.7135,12.9142,-2.9637
70.658,6.1438,4.4486,1.3989,-5.7238,12.9123,-2.9636
70.708,6.1456,4.459,1.3989,-5.7334,12.9106,-2.9634
70.758,6.1483,4.4745,1.3989,-5.7482,12.908,-2.9634
70.808,6.1501,4.4848,1.3989,-5.763,12.9053,-2.9633
70.86,6.1519,4.4952,1.3989,-5.7733,12.9034,-2.9631
70.911,6.1546,4.5107,1.3989,-5.7888,12.9006,-2.9631
70.961,6.1564,4.521,1.3989,-5.7991,12.8988,-2.9629
71.011,6.1591,4.5366,1.3989,-5.8124,12.8964,-2.9628
71.061,6.1609,4.5469,1.3989,-5.822,12.8946,-2.9627
71.111,6.1627,4.5573,1.3989,-5.8368,12.892,-2.9626
71.162,6.1654,4.5728,1.3989,-5.8464,12.8902,-2.9625
71.212,6.1672,4.5831,1.3989,-5.8611,12.8876,-2.9624
71.262,6.1699,4.5986,1.3989,-5.8715,12.8857,-2.9623
71.312,6.1717,4.609,1.3989,-5.887,12.8829,-2.9622
71.362,6.1735,4.6193,1.3989,-5.8973,12.881,-2.9621
71.413,6.1761,4.6348,1.3989,-5.9106,12.8786,-2.962
71.463,6.1779,4.6452,1.3989,-5.9202,12.8769,-2.9619
71.513,6.1806,4.6607,1.3989,-5.9349,12.8742,-2.9618
71.563,6.1824,4.6711,1.3989,-5.9453,12.8723,-2.9617
71.613,6.1842,4.6814,1.3989,-5.96,12.8696,-2.9615
71.664,6.1869,4.6969,1.3989,-5.9696,12.8679,-2.9614
71.714,6.1887,4.7073,1.3989,-5.9851,12.865,-2.9612
71.764,6.1914,4.7228,1.3989,-5.9954,12.8632,-2.9612
71.814,6.1932,4.7331,1.3989,-6.0087,12.8607,-2.9611
71.865,6.195,4.7435,1.3989,-6.019,12.8588,-2.9609
71.915,6.1977,4.759,1.3989,-6.0338,12.8562,-2.9608
71.965,6.1995,4.7693,1.3989,-6.0434,12.8544,-2.9608
72.015,6.2022,4.7849,1.3989,-6.0581,12.8517,-2.9606
72.065,6.204,4.7952,1.3989,-6.0677,12.8499,-2.9605
72.115,6.2058,4.8055,1.3989,-6.0832,12.8471,-2.9603
72.166,6.2085,4.8211,1.3989,-6.0935,12.8452,-2.9602
72.216,6.2103,4.8314,1.3989,-6.109,12.8424,-2.9599
72.266,6.2121,4.8418,1.3989,-6.1172,12.8409,-2.9598
72.316,6.2148,4.8573,1.3989,-6.1319,12.8382,-2.9597
72.367,6.2166,4.8676,1.3989,-6.1415,12.8364,-2.9596
72.417,6.2193,4.8831,1.3989,-6.1562,12.8337,-2.9594
72.467,6.2211,4.8935,1.3989,-6.171,12.831,-2.9593
72.517,6.2229,4.9038,1.3989,-6.1813,12.8291,-2.9592
72.567,6.2255,4.9193,1.3989,-6.1917,12.8272,-2.9591
72.618,6.2273,4.9297,1.3989,-6.2071,12.8243,-2.959
72.668,6.23,4.9452,1.3989,-6.2204,12.8218,-2.9588
72.718,6.2318,4.9555,1.3989,-6.23,12.8201,-2.9587
72.768,6.2336,4.9659,1.3989,-6.2448,12.8173,-2.9586
72.818,6.2363,4.9814,1.3989,-6.2551,12.8154,-2.9585
72.869,6.2381,4.9918,1.3989,-6.2647,12.8137,-2.9584
72.919,6.2408,5.0073,1.3989,-6.2794,12.8109,-2.9583
72.969,6.2426,5.0176,1.3989,-6.2949,12.8081,-2.9582
73.019,6.2444,5.028,1.3989,-6.3052,12.8061,-2.9581
73.069,6.2471,5.0435,1.3989,-6.3185,12.8037,-2.958
73.12,6.2489,5.0538,1.3989,-6.3288,12.8018,-2.9579
73.17,6.2516,5.0693,1.3989,-6.3436,12.799,-2.9576
73.22,6.2534,5.0797,1.3989,-6.3532,12.7972,-2.9576
73.27,6.2552,5.09,1.3989,-6.3679,12.7945,-2.9575
73.321,6.2579,5.1056,1.3989,-6.3775,12.7927,-2.9574
73.371,6.2597,5.1159,1.3989,-6.393,12.7898,-2.9571
73.421,6.2615,5.1262,1.3989,-6.4033,12.7879,-2.957
73.471,6.2642,5.1418,1.3989,-6.4188,12.785,-2.957
73.521,6.266,5.1521,1.3989,-6.4269,12.7835,-2.9569
73.572,6.2687,5.1676,1.3989,-6.4416,12.7807,-2.9568
73.622,6.2705,5.178,1.3989,-6.4512,12.7789,-2.9567
73.672,6.2722,5.1883,1.3989,-6.466,12.7762,-2.9565
73.722,6.2749,5.2038,1.3989,-6.4763,12.7742,-2.9564
73.773,6.2767,5.2142,1.3989,-6.491,12.7715,-2.9562
73.823,6.2794,5.2297,1.3989,-6.5013,12.7695,-2.9561
73.873,6.2812,5.24,1.3989,-6.5168,12.7666,-2.9559
73.923,6.283,5.2504,1.3989,-6.5249,12.7651,-2.9557
73.973,6.2857,5.2659,1.3989,-6.5397,12.7623,-2.9557
74.023,6.2875,5.2762,1.3989,-6.55,12.7604,-2.9555
74.074,6.2902,5.2918,1.3989,-6.5647,12.7576,-2.9554
74.124,6.292,5.3021,1.3989,-6.5743,12.7558,-2.9553
74.174,6.2938,5.3125,1.3989,-6.589,12.753,-2.9551
74.224,6.2965,5.328,1.3989,-6.5994,12.7511,-2.955
74.275,6.2983,5.3383,1.3989,-6.6148,12.7482,-2.9549
74.325,6.3001,5.3487,1.3989,-6.6252,12.7462,-2.9548
74.375,6.3028,5.3642,1.3989,-6.6384,12.7437,-2.9547
74.425,6.3046,5.3745,1.3989,-6.648,12.7419,-2.9546
74.475,6.3073,5.39,1.3989,-6.6627,12.7391,-2.9545
74.526,6.3091,5.4004,1.3989,-6.6723,12.7373,-2.9544
74.576,6.3109,5.4107,1.3989,-6.6871,12.7345,-2.9543
74.626,6.3136,5.4263,1.3989,-6.7025,12.7316,-2.9542
74.677,6.3153,5.4361,1.3993,-6.7087,12.7304,-2.9511
74.727,6.3164,5.4431,1.4231,-6.7123,12.7297,-2.9326
74.778,6.3169,5.4463,1.4453,-6.7166,12.7287,-2.9039
74.828,6.3172,5.4494,1.4675,-6.721,12.7276,-2.872
74.878,6.3176,5.4541,1.5009,-6.7238,12.7268,-2.8512
74.928,6.3178,5.4572,1.5231,-6.7281,12.7254,-2.8194
74.978,6.318,5.462,1.5564,-6.7311,12.7244,-2.7971
75.029,6.318,5.4651,1.5786,-6.7353,12.7228,-2.7653
75.079,6.3179,5.4683,1.6008,-6.7382,12.7216,-2.743
75.129,6.3177,5.473,1.6341,-6.7426,12.7198,-2.7095
75.179,6.3175,5.4761,1.6563,-6.7448,12.7187,-2.692
75.23,6.317,5.4808,1.6896,-6.7488,12.7167,-2.6601
75.28,6.3166,5.484,1.7118,-6.7516,12.7152,-2.6378
75.33,6.3161,5.4871,1.734,-6.7555,12.713,-2.606
75.38,6.3153,5.4917,1.7673,-6.758,12.7115,-2.5853
75.43,6.3146,5.4948,1.7895,-6.7618,12.7091,-2.5534
75.481,6.3135,5.4994,1.8228,-6.7644,12.7073,-2.5311
75.531,6.3127,5.5024,1.8451,-6.7683,12.7046,-2.4976
75.581,6.3118,5.5055,1.8673,-6.7708,12.7026,-2.4753
75.631,6.3104,5.51,1.9006,-6.7739,12.7001,-2.4467
75.682,6.3093,5.5129,1.9228,-6.7761,12.6982,-2.426
75.732,6.3082,5.5159,1.945,-6.7795,12.6952,-2.3942
75.782,6.3064,5.5202,1.9783,-6.7816,12.6932,-2.3735
75.832,6.3051,5.5231,2.0006,-6.7849,12.6901,-2.3415
75.882,6.3031,5.5275,2.0342,-6.787,12.6878,-2.319
75.933,6.3016,5.5304,2.0569,-6.7902,12.6843,-2.2847
75.983,6.3,5.5333,2.0799,-6.7922,12.6819,-2.2615
76.033,6.2973,5.5378,2.1151,-6.7948,12.6788,-2.2311
76.083,6.2954,5.5409,2.1392,-6.7965,12.6764,-2.2086
76.134,6.2923,5.5456,2.1762,-6.7992,12.6728,-2.1732
76.184,6.29,5.5488,2.2014,-6.8009,12.6702,-2.1478
76.234,6.2877,5.5519,2.2266,-6.8033,12.6664,-2.1117
76.284,6.2841,5.5565,2.2644,-6.8048,12.6638,-2.0883
76.334,6.2815,5.5595,2.2896,-6.8072,12.6596,-2.0503
76.385,6.2774,5.5641,2.3277,-6.8087,12.6565,-2.0248
76.435,6.2744,5.5673,2.3531,-6.8107,12.6523,-1.9921
76.485,6.2712,5.5705,2.3786,-6.8124,12.6487,-1.9665
76.535,6.266,5.5755,2.4171,-6.8146,12.6431,-1.9298
76.585,6.2623,5.5788,2.4427,-6.816,12.6392,-1.9059
76.636,6.2565,5.5839,2.4812,-6.8182,12.6328,-1.8691
76.686,6.2525,5.5873,2.5068,-6.8195,12.6283,-1.8452
76.736,6.2483,5.5908,2.5323,-6.8216,12.6206,-1.8069
76.786,6.2418,5.5961,2.5702,-6.8234,12.6125,-1.769
76.836,6.2373,5.5995,2.5954,-6.8245,12.6067,-1.7437
76.887,6.2327,5.603,2.6206,-6.8253,12.6021,-1.7239
76.937,6.2254,5.608,2.6583,-6.8266,12.5931,-1.6879
76.987,6.2202,5.6113,2.6834,-6.8272,12.5871,-1.6646
77.037,6.2119,5.6162,2.721,-6.828,12.5774,-1.6287
77.088,6.206,5.6192,2.7457,-6.8285,12.5672,-1.5935
77.138,6.1997,5.6222,2.7696,-6.8286,12.5598,-1.57
77.188,6.1898,5.6265,2.8028,-6.8285,12.5522,-1.5479
77.238,6.1829,5.6292,2.8233,-6.8281,12.5404,-1.5175
77.288,6.172,5.6331,2.8509,-6.8275,12.5301,-1.4942
77.339,6.1644,5.6356,2.8676,-6.8268,12.5224,-1.4787
77.389,6.1566,5.6379,2.883,-6.8256,12.5102,-1.4571
77.439,6.1446,5.6412,2.904,-6.8246,12.5016,-1.4432
77.489,6.1364,5.6433,2.917,-6.8229,12.4891,-1.4251
77.539,6.1237,5.6463,2.9344,-6.8216,12.4809,-1.4144
77.589,6.115,5.6482,2.945,-6.8194,12.4674,-1.3985
77.64,6.1062,5.65,2.9548,-6.8178,12.4583,-1.3888
77.69,6.0928,5.6526,2.9682,-6.8156,12.4465,-1.3773
77.74,6.0838,5.6542,2.9765,-6.8137,12.4373,-1.369
77.791,6.0746,5.6558,2.9841,-6.8109,12.424,-1.3584
77.841,6.0607,5.658,2.9946,-6.809,12.4153,-1.3519
77.891,6.0513,5.6594,3.0011,-6.806,12.4018,-1.3427
77.941,6.037,5.6615,3.0099,-6.8039,12.393,-1.3372
77.991,6.0274,5.6627,3.0153,-6.8005,12.3787,-1.329
78.042,6.0177,5.664,3.0204,-6.7981,12.3691,-1.324
78.092,6.003,5.6657,3.0277,-6.7944,12.3547,-1.3166
78.142,5.9931,5.6668,3.0324,-6.7924,12.3471,-1.3129
78.192,5.9782,5.6684,3.0387,-6.7887,12.3333,-1.3069
78.243,5.9681,5.6694,3.0425,-6.7863,12.3243,-1.3034
78.293,5.9581,5.6704,3.0459,-6.7824,12.3103,-1.2985
78.343,5.9429,5.6719,3.0505,-6.7797,12.3006,-1.2954
78.393,5.9328,5.6728,3.0533,-6.7757,12.2866,-1.2914
78.443,5.9175,5.6741,3.057,-6.7729,12.2768,-1.2889
78.494,5.9073,5.6749,3.0592,-6.7686,12.262,-1.2855
78.544,5.897,5.6758,3.0612,-6.7663,12.2543,-1.2839
78.594,5.8816,5.677,3.0639,-6.7621,12.2402,-1.2811
78.644,5.8714,5.6778,3.0656,-6.7592,12.2303,-1.2794
78.694,5.8559,5.679,3.0678,-6.7549,12.2161,-1.2772
78.745,5.8456,5.6797,3.0691,-6.7521,12.2069,-1.2759
78.795,5.8352,5.6805,3.0703,-6.7478,12.1928,-1.2742
78.845,5.8197,5.6815,3.0719,-6.7448,12.1829,-1.273
78.896,5.8093,5.6823,3.0729,-6.7402,12.168,-1.2714
78.946,5.7938,5.6833,3.0742,-6.7371,12.158,-1.2705
78.996,5.7834,5.684,3.075,-6.7331,12.1452,-1.2694
79.046,5.773,5.6847,3.0757,-6.7303,12.136,-1.2686
79.096,5.7574,5.6857,3.0766,-6.7258,12.1218,-1.2675
79.147,5.747,5.6864,3.0772,-6.7229,12.1125,-1.267
79.197,5.7366,5.6871,3.0776,-6.7184,12.0983,-1.2661
79.247,5.721,5.6881,3.0782,-6.7137,12.0834,-1.2654
79.297,5.7105,5.6887,3.0786,-6.7106,12.0734,-1.265
79.348,5.6949,5.6897,3.0791,-6.7074,12.0634,-1.2646
79.398,5.6845,5.6904,3.0795,-6.7034,12.0506,-1.2641
79.448,5.674,5.691,3.0798,-6.6989,12.0364,-1.2635
79.498,5.6584,5.692,3.0802,-6.6959,12.0271,-1.2631
79.548,5.6479,5.6926,3.0804,-6.6914,12.0129,-1.2627
79.599,5.6323,5.6936,3.0807,-6.6882,12.0029,-1.2624
79.649,5.6218,5.6942,3.0809,-6.6837,11.9886,-1.262
79.699,5.6114,5.6949,3.0811,-6.6805,11.9786,-1.2617
79.749,5.5957,5.6958,3.0814,-6.6757,11.9637,-1.2613
79.799,5.5852,5.6964,3.0815,-6.6732,11.9558,-1.2611
79.85,5.5695,5.6974,3.0817,-6.6686,11.9416,-1.2607
79.9,5.5591,5.698,3.0818,-6.6654,11.9316,-1.2604
79.95,5.5486,5.6986,3.0819,-6.6609,11.9173,-1.2602
80.0,5.5329,5.6996,3.0821,-6.6579,11.908,-1.26
80.051,5.5224,5.7002,3.0822,-6.6533,11.8938,-1.2598
80.101,5.5067,5.7011,3.0823,-6.6501,11.8838,-1.2596
80.151,5.4963,5.7017,3.0824,-6.6453,11.8688,-1.2593
80.202,5.4858,5.7024,3.0825,-6.6421,11.8588,-1.259
80.252,5.4701,5.7033,3.0827,-6.6379,11.846,-1.2589
80.303,5.4596,5.7039,3.0827,-6.6349,11.8367,-1.2588
80.353,5.4439,5.7048,3.0828,-6.6303,11.8225,-1.2585
80.403,5.4334,5.7054,3.0829,-6.6273,11.8132,-1.2583
80.453,5.423,5.7061,3.083,-6.6227,11.7989,-1.2581
80.504,5.4072,5.707,3.083,-6.6195,11.7889,-1.258
80.554,5.3968,5.7076,3.0831,-6.6146,11.774,-1.2578
80.604,5.3863,5.7082,3.0831,-6.6114,11.764,-1.2577
80.654,5.3706,5.7091,3.0832,-6.6072,11.7511,-1.2575
80.705,5.3601,5.7097,3.0832,-6.6042,11.7419,-1.2575
80.755,5.3444,5.7107,3.0833,-6.5996,11.7276,-1.2573
80.805,5.3339,5.7113,3.0833,-6.5964,11.7176,-1.2571
80.855,5.3234,5.7119,3.0833,-6.5918,11.7034,-1.2569
80.906,5.3077,5.7128,3.0833,-6.5887,11.6941,-1.2569
80.956,5.2972,5.7134,3.0834,-6.5839,11.6791,-1.2568
81.006,5.2815,5.7143,3.0834,-6.5806,11.6691,-1.2566
81.056,5.271,5.7149,3.0834,-6.5765,11.6563,-1.2564
81.106,5.2605,5.7155,3.0834,-6.5732,11.6463,-1.2563
81.157,5.2448,5.7165,3.0834,-6.5686,11.632,-1.256
81.207,5.2343,5.7171,3.0835,-6.5656,11.6228,-1.2558
81.257,5.2186,5.718,3.0835,-6.5609,11.6085,-1.2556
81.307,5.2081,5.7186,3.0835,-6.5563,11.5943,-1.2555
81.357,5.1976,5.7192,3.0835,-6.553,11.5843,-1.2554
81.408,5.1819,5.7201,3.0835,-6.5481,11.5693,-1.2552
81.458,5.1714,5.7207,3.0835,-6.5449,11.5593,-1.2552
81.508,5.1557,5.7216,3.0835,-6.5423,11.5515,-1.2551
81.558,5.1452,5.7223,3.0835,-6.5376,11.5372,-1.255
81.608,5.1348,5.7229,3.0835,-6.533,11.523,-1.2548
81.659,5.119,5.7238,3.0835,-6.53,11.5137,-1.2548
81.709,5.1086,5.7244,3.0835,-6.5253,11.4994,-1.2546
81.759,5.0981,5.725,3.0835,-6.522,11.4895,-1.2545
81.809,5.0824,5.7259,3.0835,-6.5171,11.4745,-1.2544
81.859,5.0719,5.7265,3.0835,-6.5139,11.4645,-1.2544
81.909,5.0561,5.7274,3.0836,-6.5097,11.4517,-1.2543
81.96,5.0457,5.728,3.0836,-6.5066,11.4424,-1.2543
82.01,5.0352,5.7287,3.0836,-6.502,11.4282,-1.2542
82.06,5.0195,5.7296,3.0836,-6.4987,11.4182,-1.2541
82.11,5.009,5.7302,3.0836,-6.494,11.4039,-1.2541
82.161,4.9933,5.7311,3.0836,-6.491,11.3947,-1.254
82.211,4.9828,5.7317,3.0836,-6.4861,11.3797,-1.2538
82.262,4.9723,5.7323,3.0836,-6.4833,11.3712,-1.2538
82.312,4.9566,5.7332,3.0836,-6.4786,11.3569,-1.2537
82.362,4.9461,5.7338,3.0836,-6.4753,11.3469,-1.2536
82.412,4.9304,5.7347,3.0836,-6.4706,11.3327,-1.2534
82.463,4.9199,5.7353,3.0836,-6.4676,11.3234,-1.2533
82.513,4.9094,5.736,3.0836,-6.4629,11.3092,-1.2532
82.563,4.8937,5.7369,3.0836,-6.4599,11.2999,-1.253
82.613,4.8832,5.7375,3.0836,-6.4549,11.2849,-1.2529
82.663,4.8675,5.7384,3.0836,-6.4517,11.275,-1.2528
82.713,4.857,5.739,3.0836,-6.4467,11.26,-1.2526
82.764,4.8465,5.7396,3.0836,-6.4442,11.2522,-1.2525
82.814,4.8308,5.7405,3.0836,-6.4395,11.2379,-1.2524
82.864,4.8203,5.7411,3.0836,-6.4364,11.2287,-1.2523
82.914,4.8046,5.742,3.0836,-6.4317,11.2144,-1.2521
82.966,4.7941,5.7427,3.0836,-6.4284,11.2045,-1.252
83.016,4.7836,5.7433,3.0836,-6.4237,11.1902,-1.2519
83.066,4.7679,5.7442,3.0836,-6.4204,11.1802,-1.2518
83.117,4.7574,5.7448,3.0836,-6.4155,11.1653,-1.2517
83.167,4.7469,5.7454,3.0836,-6.4129,11.1574,-1.2516
83.217,4.7312,5.7463,3.0836,-6.4082,11.1432,-1.2515
83.268,4.7207,5.7469,3.0836,-6.4049,11.1332,-1.2514
83.318,4.7102,5.7475,3.0836,-6.4002,11.119,-1.2514
83.368,4.6945,5.7484,3.0836,-6.3971,11.1097,-1.2513
83.418,4.684,5.749,3.0836,-6.3924,11.0955,-1.2512
83.469,4.6683,5.75,3.0836,-6.3891,11.0855,-1.2511
83.519,4.6578,5.7506,3.0836,-6.3842,11.0706,-1.251
83.569,4.6473,5.7512,3.0836,-6.3809,11.0606,-1.251
83.619,4.6316,5.7521,3.0836,-6.3766,11.0478,-1.2509
83.669,4.6211,5.7527,3.0836,-6.3735,11.0385,-1.2508
83.72,4.6054,5.7536,3.0836,-6.3688,11.0243,-1.2507
83.77,4.5949,5.7542,3.0836,-6.3658,11.015,-1.2507
83.82,4.5844,5.7548,3.0836,-6.361,11.0008,-1.2506
83.87,4.5687,5.7557,3.0836,-6.3577,10.9908,-1.2506
83.92,4.5582,5.7563,3.0836,-6.3528,10.9759,-1.2504
83.971,4.5425,5.7573,3.0836,-6.3495,10.9659,-1.2503
84.021,4.532,5.7579,3.0836,-6.3452,10.9531,-1.2502
84.071,4.5216,5.7585,3.0836,-6.3421,10.9439,-1.2501
84.121,4.5058,5.7594,3.0836,-6.3374,10.9296,-1.25
84.171,4.4953,5.76,3.0836,-6.3341,10.9197,-1.25
84.222,4.4849,5.7606,3.0836,-6.3294,10.9054,-1.2498
84.272,4.4691,5.7615,3.0836,-6.3263,10.8962,-1.2498
84.322,4.4587,5.7621,3.0836,-6.3213,10.8812,-1.2496
84.372,4.4429,5.763,3.0836,-6.3163,10.8663,-1.2496
84.423,4.4325,5.7637,3.0836,-6.3137,10.8585,-1.2496
84.473,4.422,5.7643,3.0836,-6.309,10.8442,-1.2494
84.523,4.4062,5.7652,3.0836,-6.3057,10.8343,-1.2493
84.573,4.3958,5.7658,3.0836,-6.3009,10.82,-1.2491
84.624,4.38,5.7667,3.0836,-6.2979,10.8108,-1.2491
84.674,4.3696,5.7673,3.0836,-6.2931,10.7966,-1.249
84.724,4.3591,5.7679,3.0836,-6.2898,10.7866,-1.2489
84.774,4.3434,5.7688,3.0836,-6.2848,10.7717,-1.2487
84.824,4.3329,5.7694,3.0836,-6.2815,10.7617,-1.2486
84.875,4.3171,5.7703,3.0836,-6.2772,10.7489,-1.2485
84.925,4.3067,5.771,3.0836,-6.2741,10.7396,-1.2484
84.975,4.2962,5.7716,3.0836,-6.2694,10.7254,-1.2482
85.026,4.2805,5.7725,3.0836,-6.2663,10.7162,-1.248
85.077,4.27,5.7731,3.0836,-6.2615,10.7019,-1.2479
85.127,4.2543,5.774,3.0836,-6.2582,10.692,-1.2478
85.177,4.2438,5.7746,3.0836,-6.2532,10.677,-1.2477
85.227,4.2333,5.7752,3.0836,-6.2499,10.6671,-1.2476
85.278,4.2176,5.7761,3.0836,-6.2456,10.6543,-1.2475
85.328,4.2071,5.7767,3.0836,-6.2425,10.645,-1.2475
85.378,4.1914,5.7776,3.0836,-6.2377,10.6308,-1.2473
85.428,4.1809,5.7783,3.0836,-6.2344,10.6209,-1.2472
85.479,4.1704,5.7789,3.0836,-6.2296,10.6066,-1.247
85.529,4.1547,5.7798,3.0836,-6.2265,10.5974,-1.2469
85.579,4.1442,5.7804,3.0836,-6.2215,10.5825,-1.2468
85.629,4.1285,5.7813,3.0836,-6.2181,10.5725,-1.2467
85.679,4.118,5.7819,3.0836,-6.2138,10.5597,-1.2467
85.73,4.1075,5.7825,3.0836,-6.2105,10.5498,-1.2465
85.78,4.0918,5.7834,3.0836,-6.2057,10.5356,-1.2465
85.83,4.0813,5.784,3.0836,-6.2026,10.5263,-1.2465
85.88,4.0708,5.7846,3.0836,-6.1978,10.5121,-1.2464
85.931,4.0551,5.7856,3.0836,-6.1947,10.5028,-1.2463
85.981,4.0446,5.7862,3.0836,-6.1897,10.4879,-1.2462
86.031,4.0289,5.7871,3.0836,-6.1864,10.478,-1.246
86.081,4.0184,5.7877,3.0836,-6.1813,10.463,-1.2459
86.132,4.0079,5.7883,3.0836,-6.1787,10.4552,-1.2459
86.182,3.9922,5.7892,3.0836,-6.1739,10.441,-1.2457
86.232,3.9817,5.7898,3.0836,-6.1708,10.4318,-1.2456
86.282,3.966,5.7907,3.0836,-6.166,10.4176,-1.2455
86.332,3.9555,5.7913,3.0836,-6.1626,10.4076,-1.2454
86.383,3.945,5.792,3.0836,-6.1578,10.3934,-1.2453
86.433,3.9293,5.7929,3.0836,-6.1545,10.3834,-1.2452
86.483,3.9188,5.7935,3.0836,-6.1494,10.3685,-1.2451
86.533,3.9031,5.7944,3.0836,-6.1451,10.3557,-1.245
86.584,3.8926,5.795,3.0836,-6.142,10.3465,-1.245
86.634,3.8821,5.7956,3.0836,-6.1372,10.3323,-1.2448
86.684,3.8664,5.7965,3.0836,-6.1338,10.3223,-1.2447
86.735,3.8559,5.7971,3.0836,-6.1307,10.3131,-1.2447
86.785,3.8402,5.798,3.0836,-6.1259,10.2989,-1.2446
86.835,3.8297,5.7986,3.0836,-6.1209,10.284,-1.2445
86.885,3.8192,5.7993,3.0836,-6.1175,10.274,-1.2444
86.936,3.8035,5.8002,3.0836,-6.1132,10.2612,-1.2443
86.986,3.793,5.8008,3.0836,-6.1098,10.2513,-1.2442
87.036,3.7773,5.8017,3.0836,-6.105,10.2371,-1.2441
87.086,3.7668,5.8023,3.0836,-6.1019,10.2279,-1.2439
87.137,3.7563,5.8029,3.0836,-6.097,10.2137,-1.2437
87.187,3.7406,5.8038,3.0836,-6.0939,10.2044,-1.2436
87.237,3.7301,5.8044,3.0836,-6.0888,10.1895,-1.2435
87.287,3.7144,5.8053,3.0836,-6.0855,10.1796,-1.2435
87.337,3.7039,5.8059,3.0836,-6.0804,10.1646,-1.2433
87.388,3.6934,5.8066,3.0836,-6.0778,10.1568,-1.2433
87.438,3.6777,5.8075,3.0836,-6.0729,10.1426,-1.2431
87.488,3.6672,5.8081,3.0836,-6.0698,10.1334,-1.2431
87.538,3.6568,5.8087,3.0836,-6.065,10.1192,-1.243
87.588,3.641,5.8096,3.0836,-6.0616,10.1093,-1.2429
87.639,3.6306,5.8102,3.0836,-6.0567,10.0951,-1.2428
87.689,3.6148,5.8111,3.0836,-6.0534,10.0851,-1.2427
87.739,3.6043,5.8117,3.0836,-6.0483,10.0702,-1.2426
87.789,3.5939,5.8123,3.0836,-6.0456,10.0624,-1.2425
87.84,3.5781,5.8133,3.0836,-6.0408,10.0482,-1.2424
87.89,3.5677,5.8139,3.0836,-6.0374,10.0383,-1.2423
87.94,3.5519,5.8148,3.0836,-6.0326,10.0241,-1.242
87.99,3.5415,5.8154,3.0836,-6.0294,10.0148,-1.242
88.04,3.531,5.816,3.0836,-6.0246,10.0006,-1.2419
88.091,3.5152,5.8169,3.0836,-6.0212,9.9907,-1.2417
88.141,3.5048,5.8175,3.0836,-6.0161,9.9758,-1.2416
88.191,3.489,5.8184,3.0836,-6.0127,9.9659,-1.2415
88.241,3.4786,5.819,3.0836,-6.0083,9.9531,-1.2414
88.292,3.4681,5.8196,3.0836,-6.0052,9.9439,-1.2413
88.342,3.4524,5.8206,3.0836,-6.0003,9.9297,-1.2412
88.392,3.4419,5.8212,3.0836,-5.9972,9.9204,-1.241
88.443,3.4314,5.8218,3.0836,-5.9923,9.9063,-1.2409
88.493,3.4157,5.8227,3.0836,-5.9872,9.8914,-1.2407
88.543,3.4052,5.8233,3.0836,-5.9838,9.8814,-1.2406
88.593,3.3895,5.8242,3.0836,-5.9804,9.8715,-1.2406
88.643,3.379,5.8248,3.0836,-5.976,9.8587,-1.2405
88.694,3.3685,5.8254,3.0836,-5.9712,9.8445,-1.2403
88.744,3.3528,5.8263,3.0836,-5.968,9.8353,-1.2403
88.794,3.3423,5.8269,3.0836,-5.9631,9.8211,-1.2402
88.844,3.3266,5.8279,3.0836,-5.9597,9.8112,-1.2401
88.895,3.3161,5.8285,3.0836,-5.9548,9.797,-1.2399
88.945,3.3056,5.8291,3.0836,-5.9514,9.7871,-1.2398
88.995,3.2899,5.83,3.0836,-5.9463,9.7722,-1.2398
89.045,3.2794,5.8306,3.0836,-5.9436,9.7644,-1.2398
89.095,3.2637,5.8315,3.0836,-5.9387,9.7502,-1.2396
89.146,3.2532,5.8321,3.0836,-5.9353,9.7403,-1.2395
89.196,3.2427,5.8327,3.0836,-5.9305,9.7261,-1.2394
89.246,3.227,5.8336,3.0836,-5.9273,9.7169,-1.2393
89.296,3.2165,5.8342,3.0836,-5.9224,9.7027,-1.2391
89.347,3.2008,5.8352,3.0836,-5.919,9.6927,-1.239
89.397,3.1903,5.8358,3.0836,-5.9138,9.6779,-1.2389
89.447,3.1798,5.8364,3.0836,-5.9104,9.6679,-1.2388
89.497,3.1641,5.8373,3.0836,-5.906,9.6552,-1.2388
89.547,3.1536,5.8379,3.0836,-5.9028,9.6459,-1.2388
89.598,3.1379,5.8388,3.0836,-5.898,9.6318,-1.2387
89.648,3.1274,5.8394,3.0836,-5.8948,9.6225,-1.2386
89.699,3.1169,5.84,3.0836,-5.8899,9.6084,-1.2385
89.749,3.1012,5.8409,3.0836,-5.8865,9.5984,-1.2384
89.799,3.0907,5.8416,3.0836,-5.8813,9.5836,-1.2383
89.849,3.075,5.8425,3.0836,-5.8779,9.5736,-1.2382
89.899,3.0645,5.8431,3.0836,-5.8735,9.5609,-1.2381
89.95,3.054,5.8437,3.0836,-5.8703,9.5517,-1.2379
90.0,3.0383,5.8446,3.0836,-5.8654,9.5375,-1.2378
90.05,3.0278,5.8452,3.0836,-5.862,9.5276,-1.2377
90.1,3.0173,5.8458,3.0836,-5.8571,9.5134,-1.2375
90.151,3.0016,5.8467,3.0836,-5.8539,9.5042,-1.2375
90.201,2.9911,5.8473,3.0836,-5.8487,9.4893,-1.2374
90.251,2.9806,5.8479,3.0836,-5.8453,9.4794,-1.2373
90.301,2.9649,5.8489,3.0836,-5.8409,9.4666,-1.2371
90.351,2.9544,5.8495,3.0836,-5.8374,9.4567,-1.237
90.402,2.9387,5.8504,3.0836,-5.8325,9.4425,-1.2368
90.452,2.9282,5.851,3.0836,-5.8293,9.4333,-1.2368
90.502,2.9178,5.8516,3.0836,-5.8244,9.4191,-1.2366
90.552,2.902,5.8525,3.0836,-5.8212,9.4099,-1.2365
90.603,2.8915,5.8531,3.0836,-5.816,9.395,-1.2364
90.653,2.8758,5.854,3.0836,-5.8126,9.3851,-1.2363
90.703,2.8653,5.8546,3.0836,-5.8074,9.3702,-1.2362
90.753,2.8549,5.8552,3.0836,-5.8047,9.3625,-1.2362
90.803,2.8391,5.8562,3.0836,-5.7998,9.3483,-1.236
90.854,2.8287,5.8568,3.0836,-5.7966,9.3391,-1.236
90.904,2.8129,5.8577,3.0836,-5.7916,9.3249,-1.2359
90.954,2.8024,5.8583,3.0836,-5.7882,9.315,-1.2358
91.004,2.792,5.8589,3.0836,-5.7833,9.3008,-1.2357
91.055,2.7762,5.8598,3.0836,-5.7798,9.2909,-1.2356
91.105,2.7658,5.8604,3.0836,-5.7746,9.276,-1.2355
91.155,2.7553,5.861,3.0836,-5.7719,9.2683,-1.2354
91.205,2.7396,5.8619,3.0836,-5.767,9.2541,-1.2352
91.255,2.7291,5.8626,3.0836,-5.762,9.2399,-1.2352
91.306,2.7133,5.8635,3.0836,-5.7586,9.23,-1.2351
91.356,2.7029,5.8641,3.0836,-5.7554,9.2208,-1.235
91.406,2.6924,5.8647,3.0836,-5.7504,9.2066,-1.2349
91.456,2.6767,5.8656,3.0836,-5.7452,9.1918,-1.2348
91.507,2.6662,5.8662,3.0836,-5.7418,9.1819,-1.2347
91.557,2.6505,5.8671,3.0836,-5.7373,9.1691,-1.2346
91.607,2.64,5.8677,3.0836,-5.7338,9.1592,-1.2345
91.657,2.6295,5.8683,3.0836,-5.7306,9.15,-1.2345
91.708,2.6138,5.8692,3.0836,-5.7257,9.1358,-1.2344
91.758,2.6033,5.8699,3.0836,-5.7207,9.1217,-1.2342
91.808,2.5876,5.8708,3.0836,-5.7175,9.1125,-1.2341
91.858,2.5771,5.8714,3.0836,-5.7123,9.0976,-1.234
91.908,2.5666,5.872,3.0836,-5.7088,9.0877,-1.2339
91.959,2.5509,5.8729,3.0836,-5.7036,9.0728,-1.2339
92.009,2.5404,5.8735,3.0836,-5.7009,9.0651,-1.2338
92.059,2.5247,5.8744,3.0836,-5.6959,9.0509,-1.2337
92.109,2.5142,5.875,3.0836,-5.6927,9.0417,-1.2336
92.159,2.5037,5.8756,3.0836,-5.6877,9.0275,-1.2335
92.21,2.488,5.8765,3.0836,-5.6843,9.0176,-1.2335
92.26,2.4775,5.8772,3.0836,-5.6793,9.0035,-1.2333
92.31,2.4618,5.8781,3.0836,-5.6758,8.9936,-1.2332
92.36,2.4513,5.8787,3.0836,-5.6706,8.9787,-1.2331
92.411,2.4408,5.8793,3.0836,-5.6679,8.9709,-1.2331
92.461,2.4251,5.8802,3.0836,-5.6629,8.9568,-1.233
92.511,2.4146,5.8808,3.0836,-5.6594,8.9469,-1.233
92.561,2.4041,5.8814,3.0836,-5.6545,8.9327,-1.2329
92.612,2.3884,5.8823,3.0836,-5.6512,8.9235,-1.2327
92.662,2.3779,5.8829,3.0836,-5.6462,8.9094,-1.2327
92.712,2.3622,5.8839,3.0836,-5.6428,8.8995,-1.2327
92.762,2.3517,5.8845,3.0836,-5.6375,8.8846,-1.2326
92.813,2.3412,5.8851,3.0836,-5.6341,8.8747,-1.2325
92.863,2.3255,5.886,3.0836,-5.6296,8.862,-1.2323
92.913,2.315,5.8866,3.0836,-5.6263,8.8528,-1.2322
92.963,2.2993,5.8875,3.0836,-5.6214,8.8386,-1.2321
93.013,2.2888,5.8881,3.0836,-5.6181,8.8294,-1.232
93.064,2.2783,5.8887,3.0836,-5.6131,8.8153,-1.2319
93.114,2.2626,5.8896,3.0836,-5.6096,8.8054,-1.2318
93.164,2.2521,5.8902,3.0836,-5.6044,8.7905,-1.2317
93.214,2.2364,5.8912,3.0836,-5.6009,8.7806,-1.2316
93.265,2.2259,5.8918,3.0836,-5.5964,8.7679,-1.2315
93.315,2.2154,5.8924,3.0836,-5.5932,8.7587,-1.2315
93.365,2.1997,5.8933,3.0836,-5.5882,8.7445,-1.2313
93.415,2.1892,5.8939,3.0836,-5.5847,8.7346,-1.2313
93.466,2.1735,5.8948,3.0836,-5.5797,8.7205,-1.2311
93.516,2.163,5.8954,3.0836,-5.5764,8.7113,-1.231
93.566,2.1525,5.896,3.0836,-5.5712,8.6965,-1.2309
93.616,2.1368,5.8969,3.0836,-5.5659,8.6816,-1.2308
93.667,2.1263,5.8975,3.0836,-5.5632,8.6738,-1.2308
93.717,2.1159,5.8982,3.0836,-5.5582,8.6597,-1.2306
93.767,2.1001,5.8991,3.0836,-5.5547,8.6498,-1.2304
93.817,2.0897,5.8997,3.0836,-5.5514,8.6406,-1.2304
93.867,2.0739,5.9006,3.0836,-5.5464,8.6265,-1.2303
93.918,2.0634,5.9012,3.0836,-5.5414,8.6123,-1.2303
93.968,2.053,5.9018,3.0836,-5.5379,8.6024,-1.2302
94.018,2.0372,5.9027,3.0836,-5.5326,8.5876,-1.2301
94.068,2.0268,5.9033,3.0836,-5.5291,8.5777,-1.23
94.118,2.011,5.9042,3.0836,-5.5246,8.565,-1.23
94.169,2.0006,5.9048,3.0836,-5.5213,8.5558,-1.2299
94.219,1.9901,5.9055,3.0836,-5.5181,8.5466,-1.2297
94.269,1.9743,5.9064,3.0836,-5.5131,8.5325,-1.2295
94.319,1.9639,5.907,3.0836,-5.5088,8.5204,-1.2295
94.369,1.9534,5.9076,3.0836,-5.5045,8.5084,-1.2295
94.42,1.9377,5.9085,3.0836,-5.501,8.4985,-1.2295
94.47,1.9272,5.9091,3.0836,-5.4957,8.4837,-1.2293
94.52,1.9115,5.91,3.0836,-5.4912,8.471,-1.2292
94.57,1.901,5.9106,3.0836,-5.488,8.4618,-1.2291
94.62,1.8905,5.9112,3.0836,-5.4829,8.4476,-1.2289
94.671,1.8748,5.9122,3.0836,-5.4794,8.4378,-1.2287
94.721,1.8643,5.9128,3.0836,-5.4744,8.4236,-1.2286
94.771,1.8538,5.9134,3.0836,-5.4711,8.4144,-1.2285
94.821,1.8381,5.9143,3.0836,-5.4676,8.4045,-1.2284
94.871,1.8276,5.9149,3.0836,-5.4641,8.3947,-1.2284
94.922,1.8171,5.9155,3.0836,-5.4593,8.3812,-1.2282
94.972,1.8014,5.9164,3.0836,-5.4542,8.3671,-1.2282
95.022,1.7909,5.917,3.0836,-5.451,8.3579,-1.2281
95.072,1.7752,5.9179,3.0836,-5.4459,8.3438,-1.2281
95.123,1.7647,5.9185,3.0836,-5.4426,8.3346,-1.228
95.173,1.7542,5.9192,3.0836,-5.4376,8.3205,-1.2278
95.223,1.7385,5.9201,3.0836,-5.4341,8.3106,-1.2278
95.273,1.728,5.9207,3.0836,-5.4288,8.2958,-1.2275
95.323,1.7123,5.9216,3.0836,-5.4252,8.2859,-1.2274
95.373,1.7018,5.9222,3.0836,-5.4207,8.2732,-1.2273
95.424,1.6913,5.9228,3.0836,-5.4174,8.264,-1.2272
95.474,1.6756,5.9237,3.0836,-5.4123,8.2499,-1.2271
95.524,1.6651,5.9243,3.0836,-5.4088,8.24,-1.227
95.574,1.6494,5.9252,3.0836,-5.4038,8.2259,-1.227
95.625,1.6389,5.9258,3.0836,-5.4005,8.2167,-1.2268
95.675,1.6284,5.9265,3.0836,-5.3952,8.2019,-1.2266
95.725,1.6127,5.9274,3.0836,-5.3916,8.192,-1.2266
95.775,1.6022,5.928,3.0836,-5.3871,8.1793,-1.2264
95.825,1.5917,5.9286,3.0836,-5.382,8.1651,-1.2263
95.876,1.576,5.9295,3.0836,-5.3784,8.1553,-1.2262
95.926,1.5655,5.9301,3.0836,-5.3751,8.1461,-1.2261
95.976,1.5498,5.931,3.0836,-5.3701,8.132,-1.226
96.026,1.5393,5.9316,3.0836,-5.365,8.1178,-1.2259
96.077,1.5288,5.9322,3.0836,-5.3615,8.108,-1.2258
96.127,1.5131,5.9331,3.0836,-5.3561,8.0931,-1.2256
96.177,1.5026,5.9338,3.0836,-5.3526,8.0833,-1.2256
96.227,1.4869,5.9347,3.0836,-5.348,8.0706,-1.2255
96.277,1.4764,5.9353,3.0836,-5.3447,8.0614,-1.2255
96.328,1.466,5.9359,3.0836,-5.3396,8.0473,-1.2253
96.378,1.4502,5.9368,3.0836,-5.3363,8.0381,-1.2253
96.428,1.4397,5.9374,3.0836,-5.3312,8.024,-1.2251
96.478,1.424,5.9383,3.0836,-5.3277,8.0141,-1.225
96.529,1.4135,5.9389,3.0836,-5.3223,7.9993,-1.2249
96.579,1.4031,5.9395,3.0836,-5.3188,7.9894,-1.2248
96.629,1.3873,5.9405,3.0836,-5.3142,7.9767,-1.2247
96.679,1.3769,5.9411,3.0836,-5.3109,7.9675,-1.2246
96.73,1.3611,5.942,3.0836,-5.3058,7.9534,-1.2245
96.78,1.3506,5.9426,3.0836,-5.3022,7.9436,-1.2245
96.83,1.3402,5.9432,3.0836,-5.2972,7.9294,-1.2243
96.88,1.3244,5.9441,3.0836,-5.2938,7.9203,-1.2243
96.93,1.314,5.9447,3.0836,-5.2885,7.9055,-1.2242
96.981,1.2982,5.9456,3.0836,-5.2849,7.8956,-1.2241
97.031,1.2878,5.9462,3.0836,-5.2803,7.8829,-1.224
97.081,1.2773,5.9468,3.0836,-5.2768,7.873,-1.2239
97.131,1.2615,5.9478,3.0836,-5.2717,7.8589,-1.2237
97.182,1.2511,5.9484,3.0836,-5.2684,7.8497,-1.2236
97.232,1.2406,5.949,3.0836,-5.2632,7.8356,-1.2235
97.282,1.2249,5.9499,3.0836,-5.2599,7.8265,-1.2235
97.332,1.2144,5.9505,3.0836,-5.2546,7.8117,-1.2233
97.383,1.1987,5.9514,3.0836,-5.251,7.8018,-1.2233
97.433,1.1882,5.952,3.0836,-5.2456,7.787,-1.2232
97.483,1.1777,5.9526,3.0836,-5.2428,7.7792,-1.2231
97.533,1.162,5.9535,3.0836,-5.2377,7.7651,-1.223
97.584,1.1515,5.9541,3.0836,-5.2344,7.7559,-1.223
97.634,1.1358,5.9551,3.0836,-5.2293,7.7418,-1.2229
97.684,1.1253,5.9557,3.0836,-5.2257,7.732,-1.2228
97.734,1.1148,5.9563,3.0836,-5.2206,7.7179,-1.2226
97.784,1.0991,5.9572,3.0836,-5.217,7.708,-1.2226
97.835,1.0886,5.9578,3.0836,-5.2116,7.6932,-1.2224
97.885,1.0729,5.9587,3.0836,-5.207,7.6805,-1.2223
97.935,1.0624,5.9593,3.0836,-5.2037,7.6713,-1.2222
97.985,1.0519,5.9599,3.0836,-5.1986,7.6572,-1.222
98.036,1.0362,5.9608,3.0836,-5.195,7.6474,-1.2219
98.086,1.0257,5.9614,3.0836,-5.1916,7.6382,-1.2218
98.136,1.01,5.9624,3.0836,-5.1865,7.6241,-1.2218
98.186,0.9995,5.963,3.0836,-5.1811,7.6093,-1.2215
98.237,0.989,5.9636,3.0836,-5.1775,7.5995,-1.2214
98.287,0.9733,5.9645,3.0836,-5.1729,7.5868,-1.2213
98.337,0.9628,5.9651,3.0836,-5.1693,7.5769,-1.2212
98.387,0.9471,5.966,3.0836,-5.1642,7.5628,-1.2211
98.438,0.9366,5.9666,3.0836,-5.1608,7.5537,-1.221
98.488,0.9261,5.9672,3.0836,-5.1557,7.5396,-1.2209
98.538,0.9104,5.9681,3.0836,-5.1523,7.5304,-1.2208
98.589,0.8999,5.9688,3.0836,-5.1469,7.5156,-1.2207
98.639,0.8894,5.9694,3.0836,-5.1433,7.5057,-1.2205
98.689,0.8737,5.9703,3.0836,-5.1379,7.491,-1.2204
98.739,0.8632,5.9709,3.0836,-5.1351,7.4832,-1.2203
98.79,0.8475,5.9718,3.0836,-5.1299,7.4691,-1.2202
98.84,0.837,5.9724,3.0836,-5.1266,7.46,-1.2201
98.89,0.8265,5.973,3.0836,-5.1214,7.4459,-1.22
98.94,0.8108,5.9739,3.0836,-5.1178,7.436,-1.2199
98.991,0.8003,5.9745,3.0836,-5.1127,7.4219,-1.2197
99.041,0.7846,5.9754,3.0836,-5.1091,7.4121,-1.2197
99.091,0.7741,5.9761,3.0836,-5.1036,7.3973,-1.2194
99.141,0.7636,5.9767,3.0836,-5.1008,7.3895,-1.2194
99.191,0.7479,5.9776,3.0836,-5.0956,7.3755,-1.2192
99.242,0.7374,5.9782,3.0836,-5.092,7.3656,-1.2191
99.292,0.7217,5.9791,3.0836,-5.0869,7.3515,-1.219
99.342,0.7112,5.9797,3.0836,-5.0835,7.3424,-1.2189
99.392,0.7007,5.9803,3.0836,-5.0783,7.3283,-1.2188
99.443,0.685,5.9812,3.0836,-5.0747,7.3184,-1.2187
99.493,0.6745,5.9818,3.0836,-5.0693,7.3036,-1.2185
99.543,0.6588,5.9828,3.0836,-5.0657,7.2938,-1.2184
99.593,0.6483,5.9834,3.0836,-5.061,7.2811,-1.2183
99.644,0.6378,5.984,3.0836,-5.0576,7.272,-1.2183
99.694,0.6221,5.9849,3.0836,-5.0524,7.2579,-1.2181
99.744,0.6116,5.9855,3.0836,-5.0491,7.2487,-1.2181
99.794,0.6012,5.9861,3.0836,-5.0439,7.2347,-1.2179
99.844,0.5854,5.987,3.0836,-5.0403,7.2248,-1.2178
99.895,0.575,5.9876,3.0836,-5.0348,7.21,-1.2177
99.945,0.5592,5.9885,3.0836,-5.0312,7.2002,-1.2177
99.995,0.5487,5.9891,3.0836,-5.0265,7.1875,-1.2176
100.045,0.5383,5.9897,3.0836,-5.0213,7.1734,-1.2175
100.095,0.5225,5.9907,3.0836,-5.018,7.1643,-1.2174
100.146,0.5121,5.9913,3.0836,-5.0128,7.1502,-1.2172
100.196,0.4963,5.9922,3.0836,-5.0091,7.1404,-1.2172
100.246,0.4859,5.9928,3.0836,-5.0039,7.1263,-1.2172
100.296,0.4754,5.9934,3.0836,-5.0003,7.1164,-1.2171
100.346,0.4596,5.9943,3.0836,-4.9967,7.1066,-1.217
100.397,0.4492,5.9949,3.0836,-4.992,7.0939,-1.2168
100.447,0.4334,5.9958,3.0836,-4.9868,7.0799,-1.2167
100.497,0.423,5.9964,3.0836,-4.9831,7.07,-1.2166
100.547,0.4125,5.9971,3.0836,-4.9779,7.0559,-1.2165
100.597,0.3968,5.998,3.0836,-4.9746,7.0468,-1.2164
100.648,0.3863,5.9986,3.0836,-4.9694,7.0327,-1.2163
100.698,0.3705,5.9995,3.0836,-4.9657,7.0229,-1.2162
100.748,0.3601,6.0001,3.0836,-4.9602,7.0081,-1.2161
100.798,0.3496,6.0007,3.0836,-4.9566,6.9983,-1.216
100.848,0.3339,6.0016,3.0836,-4.9537,6.9905,-1.216
100.899,0.3234,6.0022,3.0836,-4.9485,6.9765,-1.2158
100.949,0.3129,6.0028,3.0836,-4.9433,6.9624,-1.2156
100.999,0.2972,6.0037,3.0836,-4.9399,6.9533,-1.2156
101.049,0.2867,6.0044,3.0836,-4.9347,6.9392,-1.2155
101.099,0.271,6.0053,3.0836,-4.931,6.9294,-1.2153
101.15,0.2605,6.0059,3.0836,-4.9256,6.9146,-1.2152
101.2,0.25,6.0065,3.0836,-4.9219,6.9047,-1.215
101.25,0.2343,6.0074,3.0836,-4.9172,6.8921,-1.215
101.301,0.2238,6.008,3.0836,-4.9138,6.883,-1.215
101.351,0.2081,6.0089,3.0836,-4.9086,6.8689,-1.2148
101.401,0.1976,6.0095,3.0836,-4.9049,6.8591,-1.2146
101.451,0.1871,6.0101,3.0836,-4.8997,6.845,-1.2144
101.501,0.1714,6.0111,3.0836,-4.8963,6.8359,-1.2144
101.552,0.1609,6.0117,3.0836,-4.8908,6.8211,-1.2143
101.602,0.1452,6.0126,3.0836,-4.8871,6.8113,-1.2141
101.652,0.1347,6.0132,3.0836,-4.8824,6.7986,-1.214
101.703,0.1242,6.0138,3.0836,-4.8787,6.7888,-1.2139
101.753,0.1085,6.0147,3.0836,-4.8735,6.7747,-1.2139
101.803,0.098,6.0153,3.0836,-4.8701,6.7656,-1.2138
101.853,0.0823,6.0162,3.0836,-4.8648,6.7515,-1.2137
101.904,0.0718,6.0168,3.0836,-4.8614,6.7424,-1.2136
101.954,0.0613,6.0174,3.0836,-4.8559,6.7276,-1.2135
102.004,0.0456,6.0184,3.0836,-4.8523,6.7178,-1.2134
102.054,0.0351,6.019,3.0836,-4.8467,6.703,-1.2132
102.104,0.0246,6.0196,3.0836,-4.8439,6.6953,-1.2131
102.155,0.0089,6.0205,3.0836,-4.8386,6.6813,-1.213
102.205,-0.0016,6.0211,3.0836,-4.8352,6.6721,-1.213
102.255,-0.0173,6.022,3.0836,-4.8299,6.6581,-1.2129
102.305,-0.0278,6.0226,3.0836,-4.8247,6.644,-1.2127
102.356,-0.0383,6.0232,3.0836,-4.821,6.6342,-1.2126
102.406,-0.054,6.0241,3.0836,-4.8173,6.6244,-1.2125
102.456,-0.0645,6.0247,3.0836,-4.8118,6.6096,-1.2124
102.506,-0.0802,6.0257,3.0836,-4.8071,6.597,-1.2123
102.556,-0.0907,6.0263,3.0836,-4.8036,6.5878,-1.2123
102.607,-0.1012,6.0269,3.0836,-4.7984,6.5738,-1.2121
102.657,-0.1169,6.0278,3.0836,-4.7947,6.564,-1.212
102.707,-0.1274,6.0284,3.0836,-4.7894,6.5499,-1.212
102.757,-0.1431,6.0293,3.0836,-4.786,6.5408,-1.212
102.807,-0.1536,6.0299,3.0836,-4.7805,6.526,-1.2119
102.858,-0.1641,6.0305,3.0836,-4.7768,6.5162,-1.2118
102.908,-0.1798,6.0314,3.0836,-4.772,6.5036,-1.2117
102.958,-0.1903,6.032,3.0836,-4.7683,6.4937,-1.2116
103.008,-0.206,6.033,3.0836,-4.7631,6.4797,-1.2116
103.058,-0.2165,6.0336,3.0836,-4.7596,6.4706,-1.2115
103.109,-0.2269,6.0342,3.0836,-4.7544,6.4565,-1.2115
103.159,-0.2427,6.0351,3.0836,-4.7509,6.4474,-1.2114
103.209,-0.2532,6.0357,3.0836,-4.7454,6.4327,-1.2113
103.259,-0.2636,6.0363,3.0836,-4.7417,6.4228,-1.2112
103.31,-0.2794,6.0372,3.0836,-4.7362,6.4081,-1.211
103.36,-0.2898,6.0378,3.0836,-4.7333,6.4004,-1.2109
103.41,-0.3056,6.0387,3.0836,-4.728,6.3863,-1.2109
103.46,-0.316,6.0394,3.0836,-4.7245,6.3772,-1.2108
103.51,-0.3265,6.04,3.0836,-4.7193,6.3632,-1.2107
103.561,-0.3423,6.0409,3.0836,-4.7156,6.3533,-1.2107
103.611,-0.3527,6.0415,3.0836,-4.7103,6.3393,-1.2107
103.661,-0.3685,6.0424,3.0836,-4.7066,6.3295,-1.2105
103.711,-0.3789,6.043,3.0836,-4.701,6.3147,-1.2104
103.762,-0.3894,6.0436,3.0836,-4.6981,6.307,-1.2103
103.812,-0.4051,6.0445,3.0836,-4.6928,6.293,-1.2103
103.862,-0.4156,6.0451,3.0836,-4.6891,6.2832,-1.2101
103.912,-0.4314,6.046,3.0836,-4.6838,6.2691,-1.2101
103.962,-0.4418,6.0467,3.0836,-4.6804,6.26,-1.2101
104.013,-0.4523,6.0473,3.0836,-4.6751,6.246,-1.2099
104.063,-0.468,6.0482,3.0836,-4.6714,6.2361,-1.2098
104.113,-0.4785,6.0488,3.0836,-4.6658,6.2214,-1.2096
104.163,-0.4942,6.0497,3.0836,-4.6621,6.2116,-1.2096
104.213,-0.5047,6.0503,3.0836,-4.6573,6.199,-1.2095
104.264,-0.5152,6.0509,3.0836,-4.6539,6.1898,-1.2094
104.314,-0.5309,6.0518,3.0836,-4.6486,6.1758,-1.2093
104.364,-0.5414,6.0524,3.0836,-4.6451,6.1667,-1.2092
104.414,-0.5519,6.053,3.0836,-4.6398,6.1527,-1.2091
104.464,-0.5676,6.054,3.0836,-4.6342,6.1379,-1.2089
104.515,-0.5781,6.0546,3.0836,-4.6305,6.1281,-1.2088
104.565,-0.5938,6.0555,3.0836,-4.6268,6.1183,-1.2088
104.615,-0.6043,6.0561,3.0836,-4.622,6.1057,-1.2087
104.665,-0.6148,6.0567,3.0836,-4.6186,6.0965,-1.2087
104.716,-0.6305,6.0576,3.0836,-4.6133,6.0825,-1.2085
104.766,-0.641,6.0582,3.0836,-4.6079,6.0685,-1.2084
104.816,-0.6567,6.0591,3.0836,-4.6042,6.0587,-1.2083
104.866,-0.6672,6.0597,3.0836,-4.5989,6.0446,-1.2081
104.916,-0.6777,6.0603,3.0836,-4.5952,6.0348,-1.208
104.967,-0.6934,6.0613,3.0836,-4.5896,6.0201,-1.2079
105.017,-0.7039,6.0619,3.0836,-4.5867,6.0124,-1.2078
105.067,-0.7196,6.0628,3.0836,-4.5813,5.9984,-1.2077
105.118,-0.7301,6.0634,3.0836,-4.5776,5.9886,-1.2075
105.169,-0.7406,6.064,3.0836,-4.5723,5.9745,-1.2074
105.219,-0.7563,6.0649,3.0836,-4.5688,5.9654,-1.2074
105.269,-0.7668,6.0655,3.0836,-4.5635,5.9514,-1.2073
105.319,-0.7825,6.0664,3.0836,-4.5597,5.9416,-1.2072
105.37,-0.793,6.067,3.0836,-4.5541,5.9269,-1.2072
105.42,-0.8035,6.0677,3.0836,-4.5504,5.9171,-1.2071
105.47,-0.8192,6.0686,3.0836,-4.5456,5.9044,-1.207
105.52,-0.8297,6.0692,3.0836,-4.5421,5.8953,-1.2069
105.57,-0.8454,6.0701,3.0836,-4.5368,5.8813,-1.2067
105.621,-0.8559,6.0707,3.0836,-4.5333,5.8722,-1.2066
105.671,-0.8664,6.0713,3.0836,-4.528,5.8582,-1.2064
105.721,-0.8821,6.0722,3.0836,-4.5242,5.8484,-1.2063
105.772,-0.8926,6.0728,3.0836,-4.5186,5.8337,-1.2062
105.822,-0.9083,6.0737,3.0836,-4.5149,5.8238,-1.2061
105.872,-0.9188,6.0743,3.0836,-4.5101,5.8112,-1.206
105.922,-0.9293,6.075,3.0836,-4.5066,5.8021,-1.206
105.973,-0.945,6.0759,3.0836,-4.5012,5.7881,-1.2058
106.023,-0.9555,6.0765,3.0836,-4.4975,5.7783,-1.2058
106.073,-0.966,6.0771,3.0836,-4.4921,5.7643,-1.2056
106.123,-0.9817,6.078,3.0836,-4.4886,5.7552,-1.2055
106.174,-0.9922,6.0786,3.0836,-4.483,5.7405,-1.2052
106.224,-1.0079,6.0795,3.0836,-4.4793,5.7307,-1.2052
106.274,-1.0184,6.0801,3.0836,-4.4744,5.7181,-1.2051
106.324,-1.0288,6.0807,3.0836,-4.4707,5.7083,-1.2051
106.375,-1.0446,6.0816,3.0836,-4.4653,5.6942,-1.205
106.425,-1.0551,6.0823,3.0836,-4.4618,5.6851,-1.2049
106.475,-1.0708,6.0832,3.0836,-4.4565,5.6711,-1.2048
106.525,-1.0813,6.0838,3.0836,-4.4511,5.6571,-1.2046
106.575,-1.0917,6.0844,3.0836,-4.4473,5.6473,-1.2045
106.626,-1.1075,6.0853,3.0836,-4.4417,5.6326,-1.2043
106.676,-1.1179,6.0859,3.0836,-4.4379,5.6228,-1.2043
106.726,-1.1337,6.0868,3.0836,-4.435,5.6151,-1.2043
106.776,-1.1442,6.0874,3.0836,-4.4296,5.6011,-1.2042
106.826,-1.1546,6.088,3.0836,-4.4261,5.592,-1.2041
106.877,-1.1704,6.089,3.0836,-4.4207,5.578,-1.2039
106.927,-1.1808,6.0896,3.0836,-4.4153,5.564,-1.2038
106.977,-1.1966,6.0905,3.0836,-4.4116,5.5542,-1.2036
107.027,-1.207,6.0911,3.0836,-4.4059,5.5395,-1.2034
107.078,-1.2175,6.0917,3.0836,-4.4021,5.5297,-1.2034
107.128,-1.2333,6.0926,3.0836,-4.3973,5.5171,-1.2033
107.178,-1.2437,6.0932,3.0836,-4.3938,5.508,-1.2033
107.228,-1.2542,6.0938,3.0836,-4.3884,5.494,-1.2032
107.278,-1.2699,6.0947,3.0836,-4.3846,5.4842,-1.2031
107.329,-1.2804,6.0953,3.0836,-4.3792,5.4702,-1.203
107.379,-1.2961,6.0963,3.0836,-4.3757,5.4611,-1.203
107.429,-1.3066,6.0969,3.0836,-4.3701,5.4464,-1.2029
107.479,-1.3171,6.0975,3.0836,-4.3663,5.4366,-1.2028
107.529,-1.3328,6.0984,3.0836,-4.3614,5.424,-1.2028
107.58,-1.3433,6.099,3.0836,-4.3576,5.4142,-1.2026
107.63,-1.359,6.0999,3.0836,-4.3522,5.4002,-1.2025
107.68,-1.3695,6.1005,3.0836,-4.3487,5.3911,-1.2024
107.73,-1.38,6.1011,3.0836,-4.3433,5.3771,-1.2023
107.781,-1.3957,6.102,3.0836,-4.3398,5.3681,-1.2021
107.831,-1.4062,6.1026,3.0836,-4.3341,5.3534,-1.202
107.881,-1.4219,6.1036,3.0836,-4.3304,5.3436,-1.2019
107.931,-1.4324,6.1042,3.0836,-4.3247,5.3289,-1.2019
107.981,-1.4429,6.1048,3.0836,-4.3217,5.3212,-1.2019
108.032,-1.4586,6.1057,3.0836,-4.3163,5.3072,-1.2016
108.082,-1.4691,6.1063,3.0836,-4.3128,5.2981,-1.2014
108.132,-1.4796,6.1069,3.0836,-4.309,5.2883,-1.2013
108.182,-1.4901,6.1075,3.0836,-4.3055,5.2792,-1.2012
108.232,-1.5058,6.1084,3.0836,-4.3,5.2652,-1.2011
108.283,-1.5163,6.109,3.0836,-4.2944,5.2505,-1.201
108.333,-1.5268,6.1096,3.0836,-4.2906,5.2408,-1.2008
108.383,-1.5425,6.1106,3.0836,-4.2857,5.2282,-1.2007
108.433,-1.553,6.1112,3.0836,-4.2819,5.2184,-1.2006
108.483,-1.5634,6.1118,3.0836,-4.2764,5.2044,-1.2005
108.534,-1.5792,6.1127,3.0836,-4.2729,5.1953,-1.2004
108.584,-1.5897,6.1133,3.0836,-4.2675,5.1813,-1.2002
108.634,-1.6054,6.1142,3.0836,-4.264,5.1722,-1.2001
108.684,-1.6159,6.1148,3.0836,-4.2583,5.1576,-1.1999
108.735,-1.6263,6.1154,3.0836,-4.2544,5.1478,-1.1999
108.785,-1.6421,6.1163,3.0836,-4.2487,5.1331,-1.1998
108.835,-1.6525,6.1169,3.0836,-4.2457,5.1254,-1.1997
108.885,-1.6683,6.1179,3.0836,-4.2403,5.1114,-1.1995
108.936,-1.6788,6.1185,3.0836,-4.2368,5.1023,-1.1994
108.986,-1.6892,6.1191,3.0836,-4.2313,5.0884,-1.1992
109.036,-1.705,6.12,3.0836,-4.2275,5.0786,-1.1992
109.086,-1.7154,6.1206,3.0836,-4.2221,5.0646,-1.1991
109.136,-1.7312,6.1215,3.0836,-4.2182,5.0548,-1.199
109.187,-1.7416,6.1221,3.0836,-4.2125,5.0401,-1.199
109.237,-1.7521,6.1227,3.0836,-4.2095,5.0325,-1.1989
109.287,-1.7679,6.1236,3.0836,-4.2041,5.0185,-1.1988
109.337,-1.7783,6.1243,3.0836,-4.2003,5.0087,-1.1986
109.388,-1.7941,6.1252,3.0836,-4.1948,4.9947,-1.1986
109.438,-1.8045,6.1258,3.0836,-4.1913,4.9856,-1.1985
109.488,-1.815,6.1264,3.0836,-4.1858,4.9717,-1.1984
109.538,-1.8307,6.1273,3.0836,-4.182,4.9619,-1.1984
109.589,-1.8412,6.1279,3.0836,-4.1762,4.9472,-1.1983
109.639,-1.857,6.1288,3.0836,-4.1724,4.9374,-1.1981
109.689,-1.8674,6.1294,3.0836,-4.1675,4.9249,-1.198
109.739,-1.8779,6.13,3.0836,-4.164,4.9158,-1.1979
109.789,-1.8936,6.1309,3.0836,-4.1585,4.9018,-1.1979
109.84,-1.9041,6.1316,3.0836,-4.1549,4.8927,-1.1978
109.89,-1.9146,6.1322,3.0836,-4.1495,4.8788,-1.1977
109.94,-1.9303,6.1331,3.0836,-4.1456,4.869,-1.1976
109.991,-1.9408,6.1337,3.0836,-4.1399,4.8543,-1.1974
110.041,-1.9565,6.1346,3.0836,-4.1361,4.8446,-1.1973
110.091,-1.967,6.1352,3.0836,-4.1311,4.832,-1.1973
110.141,-1.9775,6.1358,3.0836,-4.1276,4.8229,-1.1973
110.191,-1.9932,6.1367,3.0836,-4.1221,4.8089,-1.1972
110.242,-2.0037,6.1373,3.0836,-4.1166,4.795,-1.197
110.292,-2.0194,6.1383,3.0836,-4.1128,4.7852,-1.1969
110.342,-2.0299,6.1389,3.0836,-4.1092,4.7761,-1.1968
110.392,-2.0404,6.1395,3.0836,-4.1035,4.7615,-1.1967
110.443,-2.0561,6.1404,3.0836,-4.0977,4.7468,-1.1965
110.493,-2.0666,6.141,3.0836,-4.0947,4.7391,-1.1963
110.543,-2.0823,6.1419,3.0836,-4.0892,4.7252,-1.1962
110.593,-2.0928,6.1425,3.0836,-4.0854,4.7154,-1.1961
110.643,-2.1033,6.1431,3.0836,-4.0799,4.7014,-1.1959
110.693,-2.119,6.144,3.0836,-4.0763,4.6924,-1.1958
110.744,-2.1295,6.1446,3.0836,-4.0708,4.6784,-1.1957
110.794,-2.1452,6.1456,3.0836,-4.067,4.6686,-1.1957
110.844,-2.1557,6.1462,3.0836,-4.0612,4.654,-1.1956
110.894,-2.1662,6.1468,3.0836,-4.0574,4.6442,-1.1956
110.945,-2.1819,6.1477,3.0836,-4.0524,4.6317,-1.1954
110.995,-2.1924,6.1483,3.0836,-4.0488,4.6226,-1.1954
111.045,-2.2029,6.1489,3.0836,-4.0433,4.6086,-1.1951
111.095,-2.2186,6.1498,3.0836,-4.0398,4.5996,-1.1951
111.145,-2.2291,6.1504,3.0836,-4.0343,4.5856,-1.1949
111.196,-2.2448,6.1513,3.0836,-4.0304,4.5758,-1.1948
111.246,-2.2553,6.1519,3.0836,-4.0246,4.5612,-1.1948
111.296,-2.2658,6.1526,3.0836,-4.0208,4.5514,-1.1947
111.346,-2.2815,6.1535,3.0836,-4.0158,4.5389,-1.1945
111.396,-2.292,6.1541,3.0836,-4.0122,4.5298,-1.1944
111.447,-2.3077,6.155,3.0836,-4.0067,4.5158,-1.1942
111.497,-2.3182,6.1556,3.0836,-4.0028,4.5061,-1.1941
111.547,-2.3287,6.1562,3.0836,-3.9973,4.4921,-1.194
111.597,-2.3444,6.1571,3.0836,-3.9937,4.4831,-1.1939
111.648,-2.3549,6.1577,3.0836,-3.9879,4.4684,-1.1937
111.698,-2.3706,6.1586,3.0836,-3.9841,4.4587,-1.1937
111.748,-2.3811,6.1592,3.0836,-3.9791,4.4461,-1.1935
111.798,-2.3916,6.1599,3.0836,-3.9752,4.4364,-1.1935
111.849,-2.4073,6.1608,3.0836,-3.9697,4.4224,-1.1934
111.899,-2.4178,6.1614,3.0836,-3.9661,4.4133,-1.1933
111.949,-2.4335,6.1623,3.0836,-3.9606,4.3994,-1.1932
111.999,-2.444,6.1629,3.0836,-3.957,4.3903,-1.1931
112.05,-2.4544,6.1635,3.0836,-3.9512,4.3757,-1.1931
112.1,-2.4702,6.1644,3.0836,-3.9473,4.3659,-1.193
112.15,-2.4807,6.165,3.0836,-3.9415,4.3513,-1.193
112.2,-2.4911,6.1656,3.0836,-3.9385,4.3436,-1.1929
112.251,-2.5069,6.1666,3.0836,-3.9329,4.3297,-1.1929
112.301,-2.5173,6.1672,3.0836,-3.9293,4.3206,-1.1929
112.351,-2.5331,6.1681,3.0836,-3.9238,4.3067,-1.1928
112.401,-2.5435,6.1687,3.0836,-3.9182,4.2927,-1.1927
112.451,-2.554,6.1693,3.0836,-3.9144,4.283,-1.1926
112.502,-2.5698,6.1702,3.0836,-3.9105,4.2732,-1.1925
112.552,-2.5802,6.1708,3.0836,-3.9047,4.2586,-1.1923
112.602,-2.596,6.1717,3.0836,-3.8997,4.246,-1.1922
112.652,-2.6064,6.1723,3.0836,-3.8961,4.237,-1.1921
112.703,-2.6169,6.1729,3.0836,-3.8905,4.2231,-1.192
112.753,-2.6326,6.1739,3.0836,-3.8867,4.2133,-1.1919
112.803,-2.6431,6.1745,3.0836,-3.883,4.2042,-1.1919
112.853,-2.6589,6.1754,3.0836,-3.8767,4.1882,-1.1917
112.904,-2.6693,6.176,3.0836,-3.8717,4.1757,-1.1916
112.954,-2.6798,6.1766,3.0836,-3.8678,4.1659,-1.1914
113.004,-2.6955,6.1775,3.0836,-3.8628,4.1534,-1.1912
113.054,-2.706,6.1781,3.0836,-3.8589,4.1436,-1.1911
113.105,-2.7217,6.179,3.0836,-3.8533,4.1297,-1.191
113.155,-2.7322,6.1796,3.0836,-3.8497,4.1206,-1.1909
113.205,-2.7427,6.1802,3.0836,-3.8442,4.1067,-1.1909
113.255,-2.7584,6.1812,3.0836,-3.8405,4.0977,-1.1908
113.305,-2.7689,6.1818,3.0836,-3.8347,4.083,-1.1906
113.356,-2.7794,6.1824,3.0836,-3.8308,4.0733,-1.1905
113.406,-2.7951,6.1833,3.0836,-3.8249,4.0587,-1.1903
113.456,-2.8056,6.1839,3.0836,-3.8219,4.051,-1.1903
113.506,-2.8213,6.1848,3.0836,-3.8163,4.0371,-1.1902
113.557,-2.8318,6.1854,3.0836,-3.8127,4.028,-1.19
113.607,-2.8423,6.186,3.0836,-3.8071,4.0141,-1.19
113.657,-2.858,6.1869,3.0836,-3.8032,4.0043,-1.1899
113.707,-2.8685,6.1875,3.0836,-3.7976,3.9904,-1.1897
113.757,-2.8842,6.1885,3.0836,-3.7937,3.9807,-1.1896
113.808,-2.8947,6.1891,3.0836,-3.7879,3.9661,-1.1894
113.858,-2.9052,6.1897,3.0836,-3.7848,3.9584,-1.1893
113.908,-2.9209,6.1906,3.0836,-3.7792,3.9445,-1.1891
113.958,-2.9314,6.1912,3.0836,-3.7753,3.9347,-1.189
114.009,-2.9471,6.1921,3.0836,-3.7697,3.9208,-1.1888
114.059,-2.9576,6.1927,3.0836,-3.7661,3.9118,-1.1887
114.109,-2.9681,6.1933,3.0836,-3.7605,3.8978,-1.1885
114.159,-2.9838,6.1942,3.0836,-3.7566,3.8881,-1.1884
114.21,-2.9943,6.1949,3.0836,-3.7507,3.8735,-1.1882
114.26,-3.01,6.1958,3.0836,-3.7468,3.8637,-1.1881
114.31,-3.0205,6.1964,3.0836,-3.7417,3.8512,-1.1878
114.364,-3.031,6.197,3.0836,-3.7381,3.8422,-1.1878
114.414,-3.0467,6.1979,3.0836,-3.7325,3.8283,-1.1877
114.464,-3.0572,6.1985,3.0836,-3.7288,3.8192,-1.1876
114.514,-3.0729,6.1994,3.0836,-3.7232,3.8053,-1.1875
114.565,-3.0834,6.2,3.0836,-3.7193,3.7956,-1.1873
114.616,-3.0939,6.2006,3.0836,-3.7134,3.781,-1.1872
114.666,-3.1096,6.2015,3.0836,-3.7075,3.7664,-1.187
114.716,-3.1201,6.2022,3.0836,-3.7044,3.7587,-1.187
114.766,-3.1358,6.2031,3.0836,-3.6988,3.7448,-1.1867
114.816,-3.1463,6.2037,3.0836,-3.6951,3.7358,-1.1867
114.867,-3.1568,6.2043,3.0836,-3.6895,3.7219,-1.1866
114.917,-3.1725,6.2052,3.0836,-3.6856,3.7121,-1.1864
114.967,-3.183,6.2058,3.0836,-3.68,3.6982,-1.1864
115.017,-3.1935,6.2064,3.0836,-3.676,3.6885,-1.1862
115.067,-3.2092,6.2073,3.0836,-3.6701,3.6739,-1.1862
115.118,-3.2197,6.2079,3.0836,-3.667,3.6662,-1.1861
115.168,-3.2354,6.2088,3.0836,-3.6614,3.6523,-1.186
115.218,-3.2459,6.2095,3.0836,-3.6574,3.6426,-1.1859
115.268,-3.2563,6.2101,3.0836,-3.6518,3.6287,-1.1858
115.319,-3.2721,6.211,3.0836,-3.6482,3.6197,-1.1857
115.369,-3.2826,6.2116,3.0836,-3.6425,3.6058,-1.1857
115.419,-3.2983,6.2125,3.0836,-3.6386,3.596,-1.1856
115.469,-3.3088,6.2131,3.0836,-3.6327,3.5814,-1.1855
115.519,-3.3192,6.2137,3.0836,-3.6287,3.5717,-1.1854
115.569,-3.335,6.2146,3.0836,-3.6236,3.5592,-1.1853
115.62,-3.3454,6.2152,3.0836,-3.62,3.5502,-1.1851
115.67,-3.3612,6.2162,3.0836,-3.6143,3.5363,-1.185
115.72,-3.3717,6.2168,3.0836,-3.6107,3.5272,-1.1849
115.77,-3.3821,6.2174,3.0836,-3.605,3.5133,-1.1849
115.821,-3.3979,6.2183,3.0836,-3.6011,3.5036,-1.1847
115.871,-3.4083,6.2189,3.0836,-3.5951,3.489,-1.1846
115.921,-3.4241,6.2198,3.0836,-3.5912,3.4793,-1.1845
115.971,-3.4345,6.2204,3.0836,-3.5861,3.4668,-1.1845
116.021,-3.445,6.221,3.0836,-3.5824,3.4578,-1.1844
116.072,-3.4608,6.2219,3.0836,-3.5768,3.4439,-1.1843
116.122,-3.4712,6.2225,3.0836,-3.5728,3.4341,-1.1842
116.172,-3.4817,6.2232,3.0836,-3.5671,3.4202,-1.1841
116.222,-3.4974,6.2241,3.0836,-3.5635,3.4112,-1.1841
116.272,-3.5079,6.2247,3.0836,-3.5575,3.3966,-1.1839
116.323,-3.5236,6.2256,3.0836,-3.5536,3.3869,-1.1838
116.373,-3.5341,6.2262,3.0836,-3.5485,3.3744,-1.1836
116.423,-3.5446,6.2268,3.0836,-3.5445,3.3647,-1.1836
116.473,-3.5603,6.2277,3.0836,-3.5388,3.3508,-1.1835
116.524,-3.5708,6.2283,3.0836,-3.5352,3.3418,-1.1835
116.574,-3.5865,6.2292,3.0836,-3.5295,3.3279,-1.1833
116.624,-3.597,6.2298,3.0836,-3.5258,3.3188,-1.1833
116.674,-3.6075,6.2305,3.0836,-3.5198,3.3043,-1.1831
116.725,-3.6232,6.2314,3.0836,-3.5139,3.2897,-1.183
116.775,-3.6337,6.232,3.0836,-3.5099,3.28,-1.183
116.825,-3.6494,6.2329,3.0836,-3.5068,3.2723,-1.1829
116.875,-3.6599,6.2335,3.0836,-3.5011,3.2584,-1.1827
116.925,-3.6704,6.2341,3.0836,-3.4974,3.2494,-1.1826
116.976,-3.6861,6.235,3.0836,-3.4918,3.2355,-1.1825
117.026,-3.6966,6.2356,3.0836,-3.4861,3.2217,-1.1823
117.076,-3.7123,6.2365,3.0836,-3.4821,3.2119,-1.1822
117.126,-3.7228,6.2371,3.0836,-3.4761,3.1974,-1.1822
117.177,-3.7333,6.2378,3.0836,-3.4722,3.1876,-1.182
117.227,-3.749,6.2387,3.0836,-3.467,3.1751,-1.1819
117.277,-3.7595,6.2393,3.0836,-3.4633,3.1661,-1.1818
117.327,-3.77,6.2399,3.0836,-3.4577,3.1522,-1.1817
117.377,-3.7857,6.2408,3.0836,-3.4537,3.1425,-1.1816
117.428,-3.7962,6.2414,3.0836,-3.448,3.1287,-1.1815
117.478,-3.8119,6.2423,3.0836,-3.4443,3.1196,-1.1814
117.528,-3.8224,6.2429,3.0836,-3.4383,3.1051,-1.1812
117.578,-3.8329,6.2435,3.0836,-3.4343,3.0954,-1.1811
117.628,-3.8486,6.2445,3.0836,-3.4292,3.0829,-1.181
117.679,-3.8591,6.2451,3.0836,-3.4252,3.0732,-1.181
117.729,-3.8748,6.246,3.0836,-3.4195,3.0593,-1.1808
117.779,-3.8853,6.2466,3.0836,-3.4158,3.0503,-1.1807
117.829,-3.8958,6.2472,3.0836,-3.4101,3.0364,-1.1805
117.88,-3.9115,6.2481,3.0836,-3.4064,3.0274,-1.1804
117.93,-3.922,6.2487,3.0836,-3.4004,3.0128,-1.1803
117.98,-3.9377,6.2496,3.0836,-3.3964,3.0031,-1.1801
118.03,-3.9482,6.2502,3.0836,-3.3904,2.9885,-1.18
118.081,-3.9587,6.2508,3.0836,-3.3872,2.9809,-1.18
118.131,-3.9744,6.2518,3.0836,-3.3815,2.967,-1.1799
118.181,-3.9849,6.2524,3.0836,-3.3778,2.958,-1.1797
118.231,-4.0006,6.2533,3.0836,-3.3721,2.9442,-1.1796
118.281,-4.0111,6.2539,3.0836,-3.3681,2.9344,-1.1795
118.332,-4.0216,6.2545,3.0836,-3.3624,2.9206,-1.1795
118.382,-4.0373,6.2554,3.0836,-3.3584,2.9109,-1.1794
118.432,-4.0478,6.256,3.0836,-3.3523,2.8963,-1.1792
118.482,-4.0582,6.2566,3.0836,-3.3492,2.8887,-1.1792
118.533,-4.074,6.2575,3.0836,-3.3435,2.8748,-1.1791
118.583,-4.0845,6.2581,3.0836,-3.3395,2.8651,-1.1789
118.633,-4.1002,6.2591,3.0836,-3.3337,2.8513,-1.1788
118.683,-4.1107,6.2597,3.0836,-3.33,2.8422,-1.1787
118.734,-4.1211,6.2603,3.0836,-3.3243,2.8284,-1.1785
118.784,-4.1369,6.2612,3.0836,-3.3203,2.8187,-1.1784
118.834,-4.1473,6.2618,3.0836,-3.3142,2.8041,-1.1783
118.884,-4.1631,6.2627,3.0836,-3.3091,2.7917,-1.1783
118.934,-4.1736,6.2633,3.0836,-3.3051,2.782,-1.1783
118.985,-4.184,6.2639,3.0836,-3.3013,2.7729,-1.1782
119.035,-4.1998,6.2648,3.0836,-3.2956,2.7591,-1.1781
119.085,-4.2102,6.2654,3.0836,-3.2898,2.7452,-1.178
119.135,-4.226,6.2664,3.0836,-3.2861,2.7362,-1.178
119.186,-4.2364,6.267,3.0836,-3.2801,2.7217,-1.1778
119.236,-4.2469,6.2676,3.0836,-3.2761,2.712,-1.1777
119.286,-4.2627,6.2685,3.0836,-3.27,2.6974,-1.1776
119.336,-4.2731,6.2691,3.0836,-3.2669,2.6898,-1.1775
119.386,-4.2889,6.27,3.0836,-3.2611,2.676,-1.1774
119.437,-4.2993,6.2706,3.0836,-3.2574,2.6669,-1.1773
119.487,-4.3098,6.2712,3.0836,-3.2516,2.6531,-1.1772
119.537,-4.3255,6.2721,3.0836,-3.2476,2.6434,-1.1771
119.587,-4.336,6.2728,3.0836,-3.2418,2.6295,-1.177
119.637,-4.3465,6.2734,3.0836,-3.2378,2.6198,-1.1769
119.688,-4.3622,6.2743,3.0836,-3.2318,2.6053,-1.1768
119.738,-4.3727,6.2749,3.0836,-3.2286,2.5977,-1.1768
119.788,-4.3884,6.2758,3.0836,-3.2228,2.5838,-1.1766
119.838,-4.3989,6.2764,3.0836,-3.2188,2.5741,-1.1765
119.889,-4.4094,6.277,3.0836,-3.213,2.5603,-1.1763
119.939,-4.4251,6.2779,3.0836,-3.2093,2.5513,-1.1762
119.989,-4.4356,6.2785,3.0836,-3.2035,2.5374,-1.1761
120.039,-4.4513,6.2794,3.0836,-3.1995,2.5278,-1.1759
120.089,-4.4618,6.2801,3.0836,-3.1934,2.5132,-1.1758
120.14,-4.4723,6.2807,3.0836,-3.1894,2.5035,-1.1757
120.19,-4.488,6.2816,3.0836,-3.1842,2.4911,-1.1756
120.24,-4.4985,6.2822,3.0836,-3.1804,2.4821,-1.1756
120.29,-4.5142,6.2831,3.0836,-3.1747,2.4682,-1.1755
120.341,-4.5247,6.2837,3.0836,-3.1709,2.4592,-1.1753
120.391,-4.5352,6.2843,3.0836,-3.1651,2.4454,-1.1753
120.441,-4.5509,6.2852,3.0836,-3.1611,2.4357,-1.1752
120.491,-4.5614,6.2858,3.0836,-3.155,2.4212,-1.175
120.541,-4.5771,6.2868,3.0836,-3.151,2.4115,-1.1749
120.592,-4.5876,6.2874,3.0836,-3.1458,2.399,-1.1748
120.642,-4.5981,6.288,3.0836,-3.142,2.39,-1.1748
120.692,-4.6138,6.2889,3.0836,-3.1362,2.3762,-1.1746
120.742,-4.6243,6.2895,3.0836,-3.1322,2.3665,-1.1745
120.792,-4.6348,6.2901,3.0836,-3.1264,2.3527,-1.1744
120.843,-4.6505,6.291,3.0836,-3.1226,2.3437,-1.1743
120.893,-4.661,6.2916,3.0836,-3.1165,2.3291,-1.1741
120.943,-4.6767,6.2925,3.0836,-3.1125,2.3195,-1.174
120.993,-4.6872,6.2931,3.0836,-3.1073,2.307,-1.174
121.043,-4.6977,6.2938,3.0836,-3.1032,2.2973,-1.174
121.094,-4.7134,6.2947,3.0836,-3.0974,2.2835,-1.1738
121.144,-4.7239,6.2953,3.0836,-3.0936,2.2745,-1.1738
121.194,-4.7396,6.2962,3.0836,-3.0878,2.2607,-1.1737
121.244,-4.7501,6.2968,3.0836,-3.082,2.2468,-1.1735
121.294,-4.7606,6.2974,3.0836,-3.078,2.2371,-1.1735
121.345,-4.7763,6.2983,3.0836,-3.0719,2.2226,-1.1733
121.395,-4.7868,6.2989,3.0836,-3.0678,2.2129,-1.1732
121.445,-4.8025,6.2998,3.0836,-3.0646,2.2053,-1.1731
121.495,-4.813,6.3004,3.0836,-3.0588,2.1915,-1.173
121.545,-4.8235,6.3011,3.0836,-3.053,2.1777,-1.1729
121.596,-4.8392,6.302,3.0836,-3.0492,2.1687,-1.1728
121.646,-4.8497,6.3026,3.0836,-3.0434,2.1549,-1.1727
121.696,-4.8654,6.3035,3.0836,-3.0393,2.1452,-1.1727
121.746,-4.8759,6.3041,3.0836,-3.0332,2.1307,-1.1724
121.797,-4.8863,6.3047,3.0836,-3.0291,2.121,-1.1723
121.847,-4.9021,6.3056,3.0836,-3.0239,2.1085,-1.1723
121.897,-4.9126,6.3062,3.0836,-3.0201,2.0996,-1.1722
121.947,-4.923,6.3068,3.0836,-3.0143,2.0857,-1.1721
121.997,-4.9388,6.3077,3.0836,-3.0102,2.0761,-1.1721
122.048,-4.9492,6.3084,3.0836,-3.0044,2.0622,-1.172
122.098,-4.965,6.3093,3.0836,-3.0006,2.0532,-1.1719
122.148,-4.9754,6.3099,3.0836,-2.9945,2.0387,-1.1719
122.198,-4.9859,6.3105,3.0836,-2.9904,2.0291,-1.1717
122.248,-5.0017,6.3114,3.0836,-2.9852,2.0166,-1.1715
122.299,-5.0121,6.312,3.0836,-2.9811,2.0069,-1.1714
122.349,-5.0279,6.3129,3.0836,-2.9752,1.9931,-1.1711
122.399,-5.0383,6.3135,3.0836,-2.9715,1.9841,-1.171
122.449,-5.0488,6.3141,3.0836,-2.9656,1.9703,-1.1709
122.499,-5.0645,6.3151,3.0836,-2.9618,1.9614,-1.1707
122.55,-5.075,6.3157,3.0836,-2.9557,1.9468,-1.1706
122.6,-5.0908,6.3166,3.0836,-2.9516,1.9372,-1.1705
122.65,-5.1012,6.3172,3.0836,-2.9455,1.9227,-1.1704
122.7,-5.1117,6.3178,3.0836,-2.9422,1.9151,-1.1703
122.751,-5.1274,6.3187,3.0836,-2.9364,1.9013,-1.1701
122.801,-5.1379,6.3193,3.0836,-2.9326,1.8923,-1.1701
122.851,-5.1536,6.3202,3.0836,-2.9267,1.8785,-1.17
122.901,-5.1641,6.3208,3.0836,-2.9226,1.8688,-1.1699
122.951,-5.1746,6.3214,3.0836,-2.9168,1.855,-1.1698
123.002,-5.1903,6.3224,3.0836,-2.9127,1.8453,-1.1697
123.052,-5.2008,6.323,3.0836,-2.9065,1.8308,-1.1697
123.103,-5.2113,6.3236,3.0836,-2.9033,1.8232,-1.1696
123.153,-5.227,6.3245,3.0836,-2.8975,1.8094,-1.1694
123.203,-5.2375,6.3251,3.0836,-2.8916,1.7956,-1.1693
123.253,-5.2532,6.326,3.0836,-2.8875,1.7859,-1.1693
123.304,-5.2637,6.3266,3.0836,-2.8837,1.777,-1.1692
123.354,-5.2742,6.3272,3.0836,-2.8778,1.7632,-1.1691
123.404,-5.2899,6.3281,3.0836,-2.8737,1.7535,-1.169
123.455,-5.3004,6.3287,3.0836,-2.8676,1.739,-1.1688
123.505,-5.3161,6.3297,3.0836,-2.8623,1.7266,-1.1686
123.555,-5.3266,6.3303,3.0836,-2.8582,1.7169,-1.1686
123.605,-5.3371,6.3309,3.0836,-2.8543,1.708,-1.1685
123.655,-5.3528,6.3318,3.0836,-2.8485,1.6941,-1.1684
123.706,-5.3633,6.3324,3.0836,-2.8426,1.6803,-1.1683
123.756,-5.379,6.3333,3.0836,-2.8388,1.6714,-1.1682
123.806,-5.3895,6.3339,3.0836,-2.8326,1.6569,-1.1681
123.856,-5.4,6.3345,3.0836,-2.8285,1.6472,-1.168
123.906,-5.4157,6.3354,3.0836,-2.8244,1.6376,-1.1679
123.957,-5.4262,6.336,3.0836,-2.8191,1.6251,-1.1677
124.007,-5.4419,6.337,3.0836,-2.8132,1.6114,-1.1676
124.057,-5.4524,6.3376,3.0836,-2.8094,1.6024,-1.1675
124.107,-5.4629,6.3382,3.0836,-2.8035,1.5886,-1.1674
124.158,-5.4786,6.3391,3.0836,-2.7994,1.5789,-1.1673
124.208,-5.4891,6.3397,3.0836,-2.7935,1.5651,-1.1672
124.258,-5.4996,6.3403,3.0836,-2.7893,1.5555,-1.1671
124.308,-5.5153,6.3412,3.0836,-2.7832,1.541,-1.167
124.359,-5.5258,6.3418,3.0836,-2.7799,1.5334,-1.1669
124.409,-5.5415,6.3427,3.0836,-2.774,1.5196,-1.1668
124.459,-5.552,6.3434,3.0836,-2.7699,1.51,-1.1668
124.509,-5.5625,6.344,3.0836,-2.764,1.4962,-1.1667
124.56,-5.5782,6.3449,3.0836,-2.7602,1.4872,-1.1667
124.61,-5.5887,6.3455,3.0836,-2.7543,1.4734,-1.1666
124.66,-5.6044,6.3464,3.0836,-2.7501,1.4638,-1.1665
124.71,-5.6149,6.347,3.0836,-2.7439,1.4493,-1.1663
124.76,-5.6254,6.3476,3.0836,-2.7398,1.4396,-1.1661
124.811,-5.6411,6.3485,3.0836,-2.7345,1.4272,-1.166
124.861,-5.6516,6.3491,3.0836,-2.7306,1.4183,-1.1659
124.911,-5.6673,6.35,3.0836,-2.7247,1.4045,-1.1658
124.961,-5.6778,6.3507,3.0836,-2.7209,1.3955,-1.1657
125.012,-5.6882,6.3513,3.0836,-2.715,1.3817,-1.1656
125.062,-5.704,6.3522,3.0836,-2.7108,1.3721,-1.1655
125.112,-5.7145,6.3528,3.0836,-2.7046,1.3576,-1.1655
125.162,-5.7302,6.3537,3.0836,-2.7005,1.3479,-1.1654
125.213,-5.7407,6.3543,3.0836,-2.6952,1.3355,-1.1653
125.263,-5.7511,6.3549,3.0836,-2.6913,1.3266,-1.1652
125.313,-5.7669,6.3558,3.0836,-2.6854,1.3128,-1.1649
125.363,-5.7773,6.3564,3.0836,-2.6813,1.3032,-1.1647
125.413,-5.7931,6.3573,3.0836,-2.6753,1.2894,-1.1647
125.464,-5.8036,6.358,3.0836,-2.6715,1.2804,-1.1646
125.514,-5.814,6.3586,3.0836,-2.6653,1.2659,-1.1645
125.564,-5.8298,6.3595,3.0836,-2.6617,1.2577,-1.1644
125.614,-5.8402,6.3601,3.0836,-2.6558,1.2439,-1.1644
125.665,-5.8507,6.3607,3.0836,-2.6498,1.2301,-1.1642
125.715,-5.8664,6.3616,3.0836,-2.6457,1.2205,-1.1642
125.765,-5.8769,6.3622,3.0836,-2.6418,1.2115,-1.1641
125.816,-5.8927,6.3631,3.0836,-2.6359,1.1978,-1.1639
125.866,-5.9031,6.3637,3.0836,-2.63,1.184,-1.1639
125.916,-5.9136,6.3643,3.0836,-2.6258,1.1743,-1.1638
125.966,-5.9293,6.3653,3.0836,-2.6196,1.1599,-1.1638
126.016,-5.9398,6.3659,3.0836,-2.6154,1.1502,-1.1637
126.067,-5.9555,6.3668,3.0836,-2.6101,1.1378,-1.1636
126.117,-5.966,6.3674,3.0836,-2.6062,1.1289,-1.1635
126.167,-5.9765,6.368,3.0836,-2.6003,1.1151,-1.1634
126.218,-5.9922,6.3689,3.0836,-2.5964,1.1062,-1.1632
126.268,-6.0027,6.3695,3.0836,-2.5904,1.0924,-1.163
126.318,-6.0132,6.3701,3.0836,-2.5863,1.0827,-1.1629
126.369,-6.0289,6.371,3.0836,-2.58,1.0683,-1.1628
126.419,-6.0394,6.3717,3.0836,-2.5759,1.0587,-1.1627
126.469,-6.0551,6.3726,3.0836,-2.5705,1.0463,-1.1626
126.519,-6.0656,6.3732,3.0836,-2.5666,1.0373,-1.1625
126.57,-6.0813,6.3741,3.0836,-2.5607,1.0235,-1.1625
126.62,-6.0918,6.3747,3.0836,-2.5565,1.0139,-1.1624
126.67,-6.1023,6.3753,3.0836,-2.5506,1.0001,-1.1622
126.72,-6.118,6.3762,3.0836,-2.5467,0.9912,-1.1621
126.77,-6.1285,6.3768,3.0836,-2.5404,0.9767,-1.1619
126.821,-6.1442,6.3777,3.0836,-2.5362,0.9671,-1.1619
126.871,-6.1547,6.3783,3.0836,-2.5309,0.9547,-1.1618
126.921,-6.1652,6.379,3.0836,-2.5267,0.9451,-1.1617
126.971,-6.1809,6.3799,3.0836,-2.5207,0.9313,-1.1615
127.021,-6.1914,6.3805,3.0836,-2.5169,0.9224,-1.1614
127.072,-6.2019,6.3811,3.0836,-2.5109,0.9086,-1.1613
127.122,-6.2176,6.382,3.0836,-2.507,0.8997,-1.1612
127.172,-6.2281,6.3826,3.0836,-2.5007,0.8852,-1.1609
127.222,-6.2438,6.3835,3.0836,-2.4965,0.8756,-1.1609
127.273,-6.2543,6.3841,3.0836,-2.4903,0.8612,-1.1607
127.323,-6.2648,6.3847,3.0836,-2.487,0.8536,-1.1607
127.373,-6.2805,6.3857,3.0836,-2.481,0.8398,-1.1606
127.423,-6.291,6.3863,3.0836,-2.4771,0.8309,-1.1605
127.473,-6.3067,6.3872,3.0836,-2.4711,0.8171,-1.1604
127.524,-6.3172,6.3878,3.0836,-2.4669,0.8075,-1.1603
127.574,-6.3277,6.3884,3.0836,-2.4609,0.7938,-1.1602
127.624,-6.3434,6.3893,3.0836,-2.4568,0.7841,-1.1601
127.674,-6.3539,6.3899,3.0836,-2.4505,0.7697,-1.1601
127.724,-6.3696,6.3908,3.0836,-2.4472,0.7621,-1.1599
127.775,-6.3801,6.3914,3.0836,-2.4412,0.7484,-1.1598
127.825,-6.3906,6.392,3.0836,-2.4352,0.7346,-1.1596
127.875,-6.4063,6.393,3.0836,-2.431,0.725,-1.1596
127.925,-6.4168,6.3936,3.0836,-2.425,0.7112,-1.1594
127.975,-6.4325,6.3945,3.0836,-2.4211,0.7023,-1.1594
128.026,-6.443,6.3951,3.0836,-2.4148,0.6879,-1.1593
128.076,-6.4535,6.3957,3.0836,-2.4106,0.6783,-1.1591
128.126,-6.4692,6.3966,3.0836,-2.4052,0.6659,-1.159
128.176,-6.4797,6.3972,3.0836,-2.401,0.6563,-1.1589
128.227,-6.4901,6.3978,3.0836,-2.395,0.6425,-1.1588
128.277,-6.5059,6.3987,3.0836,-2.3911,0.6336,-1.1587
128.327,-6.5164,6.3993,3.0836,-2.3851,0.6198,-1.1586
128.377,-6.5321,6.4003,3.0836,-2.3812,0.6109,-1.1585
128.427,-6.5426,6.4009,3.0836,-2.3748,0.5965,-1.1583
128.478,-6.553,6.4015,3.0836,-2.3706,0.5869,-1.1582
128.528,-6.5688,6.4024,3.0836,-2.3643,0.5724,-1.158
128.578,-6.5792,6.403,3.0836,-2.361,0.5649,-1.1579
128.628,-6.595,6.4039,3.0836,-2.355,0.5511,-1.1578
128.678,-6.6055,6.4045,3.0836,-2.3511,0.5422,-1.1577
128.729,-6.6159,6.4051,3.0836,-2.3451,0.5285,-1.1576
128.779,-6.6317,6.406,3.0836,-2.3408,0.5188,-1.1574
128.83,-6.6421,6.4066,3.0836,-2.3369,0.5099,-1.1574
128.881,-6.6526,6.4073,3.0836,-2.3306,0.4955,-1.1572
128.931,-6.6683,6.4082,3.0836,-2.327,0.4873,-1.1571
128.981,-6.6788,6.4088,3.0836,-2.3209,0.4735,-1.157
129.031,-6.6893,6.4094,3.0836,-2.3149,0.4598,-1.1568
129.082,-6.705,6.4103,3.0836,-2.3107,0.4502,-1.1566
129.132,-6.7155,6.4109,3.0836,-2.3047,0.4364,-1.1564
129.182,-6.7312,6.4118,3.0836,-2.3007,0.4275,-1.1563
129.232,-6.7417,6.4124,3.0836,-2.2947,0.4138,-1.1562
129.282,-6.7522,6.413,3.0836,-2.2905,0.4042,-1.1561
129.332,-6.7679,6.414,3.0836,-2.2841,0.3898,-1.156
129.383,-6.7784,6.4146,3.0836,-2.2799,0.3802,-1.156
129.433,-6.7941,6.4155,3.0836,-2.2765,0.3726,-1.1559
129.483,-6.8046,6.4161,3.0836,-2.2705,0.3589,-1.1558
129.533,-6.8151,6.4167,3.0836,-2.2645,0.3452,-1.1557
129.584,-6.8308,6.4176,3.0836,-2.2605,0.3362,-1.1556
129.634,-6.8413,6.4182,3.0836,-2.2545,0.3225,-1.1554
129.684,-6.857,6.4191,3.0836,-2.2502,0.3129,-1.1553
129.734,-6.8675,6.4197,3.0836,-2.2439,0.2985,-1.1552
129.784,-6.878,6.4203,3.0836,-2.2396,0.2889,-1.1551
129.835,-6.8937,6.4213,3.0836,-2.2342,0.2765,-1.155
129.885,-6.9042,6.4219,3.0836,-2.2302,0.2676,-1.1549
129.935,-6.9199,6.4228,3.0836,-2.2242,0.2539,-1.1547
129.985,-6.9304,6.4234,3.0836,-2.2199,0.2443,-1.1547
130.036,-6.9409,6.424,3.0836,-2.2139,0.2306,-1.1546
130.086,-6.9566,6.4249,3.0836,-2.2099,0.2217,-1.1545
130.136,-6.9671,6.4255,3.0836,-2.2036,0.2072,-1.1543
130.187,-6.9776,6.4261,3.0836,-2.1993,0.1976,-1.1541
130.237,-6.9933,6.427,3.0836,-2.1938,0.1853,-1.154
130.287,-7.0038,6.4276,3.0836,-2.1896,0.1757,-1.1539
130.337,-7.0195,6.4286,3.0836,-2.1835,0.162,-1.1538
130.387,-7.03,6.4292,3.0836,-2.1796,0.1531,-1.1538
130.437,-7.0405,6.4298,3.0836,-2.1735,0.1394,-1.1536
130.488,-7.0562,6.4307,3.0836,-2.1695,0.1304,-1.1535
130.538,-7.0667,6.4313,3.0836,-2.1632,0.116,-1.1534
130.588,-7.0824,6.4322,3.0836,-2.1589,0.1064,-1.1533
130.638,-7.0929,6.4328,3.0836,-2.1531,0.0934,-1.1531
130.689,-7.1034,6.4334,3.0836,-2.1492,0.0845,-1.1531
130.739,-7.1191,6.4343,3.0836,-2.1431,0.0708,-1.153
130.789,-7.1296,6.4349,3.0836,-2.1391,0.0619,-1.1529
130.839,-7.1453,6.4359,3.0836,-2.133,0.0482,-1.1528
130.889,-7.1558,6.4365,3.0836,-2.1288,0.0386,-1.1526
130.94,-7.166,6.4371,3.0837,-2.1243,0.0285,-1.1509
130.99,-7.1738,6.4375,3.1046,-2.1227,0.025,-1.1347
131.04,-7.1769,6.4376,3.1269,-2.1205,0.0205,-1.101
131.09,-7.1815,6.4375,3.1608,-2.1193,0.0182,-1.0831
131.141,-7.1845,6.4375,3.1836,-2.1172,0.0143,-1.0505
131.191,-7.1875,6.4373,3.2066,-2.1149,0.0104,-1.0175
131.241,-7.1918,6.4369,3.2415,-2.1132,0.0077,-0.994
131.291,-7.1946,6.4366,3.265,-2.1116,0.0053,-0.9721
131.341,-7.1973,6.4363,3.2887,-2.109,0.0016,-0.938
131.393,-7.2013,6.4356,3.3248,-2.1061,-0.0022,-0.9016
131.443,-7.2038,6.4351,3.3492,-2.1042,-0.0046,-0.8771
131.493,-7.2075,6.4343,3.3862,-2.1016,-0.0077,-0.8452
131.543,-7.2099,6.4336,3.4112,-2.0995,-0.01,-0.8201
131.594,-7.2133,6.4326,3.449,-2.0975,-0.0122,-0.7966
131.644,-7.2156,6.4319,3.4742,-2.0943,-0.0154,-0.7605
131.694,-7.2179,6.4311,3.4994,-2.0909,-0.0184,-0.7244
131.744,-7.2212,6.4297,3.5372,-2.0887,-0.0203,-0.7009
131.795,-7.2234,6.4288,3.5624,-2.0851,-0.0233,-0.663
131.845,-7.2256,6.4278,3.5876,-2.0826,-0.0253,-0.6377
131.895,-7.2288,6.4262,3.6254,-2.0788,-0.028,-0.5998
131.945,-7.2309,6.425,3.6506,-2.0767,-0.0294,-0.5799
131.995,-7.234,6.4232,3.6884,-2.0729,-0.0318,-0.5437
132.045,-7.2361,6.422,3.7136,-2.0704,-0.0333,-0.5203
132.096,-7.2382,6.4206,3.7388,-2.0662,-0.0356,-0.4841
132.146,-7.2415,6.4182,3.7766,-2.0631,-0.0372,-0.4587
132.196,-7.2439,6.4164,3.8018,-2.0583,-0.0396,-0.4226
132.247,-7.2465,6.4143,3.827,-2.0546,-0.0412,-0.3973
132.297,-7.2505,6.4109,3.8648,-2.0486,-0.0436,-0.3593
132.347,-7.2533,6.4084,3.89,-2.0454,-0.0448,-0.3395
132.397,-7.2577,6.4042,3.9278,-2.0389,-0.047,-0.3034
132.447,-7.2607,6.4011,3.953,-2.0341,-0.0485,-0.2781
132.498,-7.2654,6.396,3.9908,-2.0267,-0.0505,-0.2419
132.548,-7.2686,6.3923,4.0161,-2.0217,-0.0517,-0.2182
132.598,-7.2718,6.3883,4.0414,-2.0134,-0.0534,-0.1819
132.648,-7.2768,6.3818,4.0796,-2.0074,-0.0545,-0.1563
132.699,-7.2802,6.3772,4.1054,-1.998,-0.0558,-0.1175
132.749,-7.2836,6.3722,4.1313,-1.9914,-0.0565,-0.0913
132.799,-7.2888,6.3641,4.1709,-1.9826,-0.0572,-0.0571
132.851,-7.2924,6.3583,-2.0856,-1.976,-0.0575,-0.0322
132.901,-7.2978,6.3486,-2.0462,-1.9654,-0.0577,0.0054
132.951,-7.3013,6.3417,-2.0215,-1.9543,-0.0575,0.0399
133.001,-7.3064,6.3307,-1.9888,-1.9469,-0.0572,0.0599
133.052,-7.3096,6.3232,-1.9692,-1.9345,-0.0563,0.0892
133.102,-7.3129,6.3153,-1.9513,-1.9261,-0.0555,0.1067
133.152,-7.3176,6.3032,-1.927,-1.9175,-0.0545,0.1229
133.202,-7.3206,6.2949,-1.9123,-1.9063,-0.053,0.1418
133.252,-7.3235,6.2864,-1.899,-1.8935,-0.0511,0.1603
133.302,-7.3278,6.2734,-1.8809,-1.8852,-0.0497,0.1715
133.353,-7.3306,6.2645,-1.8699,-1.8721,-0.0474,0.1868
133.403,-7.3347,6.251,-1.8554,-1.8629,-0.0456,0.1964
133.453,-7.3373,6.2419,-1.8467,-1.8543,-0.0438,0.2047
133.503,-7.3399,6.2326,-1.8388,-1.8402,-0.0409,0.2165
133.554,-7.3437,6.2186,-1.8281,-1.826,-0.0377,0.2271
133.604,-7.3461,6.2092,-1.8217,-1.8185,-0.0359,0.2321
133.654,-7.3497,6.1949,-1.8133,-1.8049,-0.0326,0.2401
133.704,-7.3521,6.1854,-1.8085,-1.7952,-0.0303,0.2448
133.754,-7.3544,6.1758,-1.8044,-1.7814,-0.0268,0.2508
133.805,-7.3577,6.1613,-1.7987,-1.7724,-0.0245,0.2543
133.855,-7.36,6.1516,-1.7952,-1.7586,-0.0208,0.2593
133.905,-7.3633,6.137,-1.7904,-1.7488,-0.0182,0.2625
133.955,-7.3655,6.1272,-1.7876,-1.7342,-0.0142,0.2669
134.005,-7.3676,6.1174,-1.7849,-1.7244,-0.0116,0.2696
134.056,-7.3708,6.1026,-1.7812,-1.7117,-0.008,0.2727
134.106,-7.3729,6.0926,-1.779,-1.7026,-0.0055,0.2749
134.156,-7.376,6.0777,-1.7759,-1.6886,-0.0015,0.2778
134.206,-7.3781,6.0677,-1.774,-1.6794,0.0011,0.2797
134.257,-7.3802,6.0577,-1.7723,-1.6653,0.0052,0.2823
134.307,-7.3832,6.0426,-1.7699,-1.6554,0.0081,0.284
134.357,-7.3853,6.0326,-1.7685,-1.6406,0.0124,0.2863
134.407,-7.3873,6.0225,-1.7672,-1.6307,0.0153,0.2876
134.457,-7.3903,6.0073,-1.7654,-1.6179,0.0191,0.2893
134.508,-7.3923,5.9972,-1.7643,-1.6087,0.0219,0.2904
134.558,-7.3953,5.9819,-1.7627,-1.5945,0.0261,0.2919
134.608,-7.3972,5.9717,-1.7618,-1.5846,0.0291,0.293
134.658,-7.3992,5.9614,-1.7609,-1.5704,0.0334,0.2944
134.709,-7.4022,5.9461,-1.7596,-1.5612,0.0362,0.2952
134.759,-7.4041,5.9359,-1.7588,-1.5462,0.0408,0.2966
134.809,-7.407,5.9205,-1.7577,-1.5363,0.0438,0.2974
134.859,-7.4089,5.9103,-1.757,-1.5235,0.0477,0.2985
134.909,-7.4109,5.9,-1.7563,-1.5135,0.0508,0.2992
134.96,-7.4138,5.8846,-1.7555,-1.4993,0.0552,0.3002
135.01,-7.4157,5.8744,-1.7549,-1.49,0.0581,0.3007
135.06,-7.4185,5.859,-1.7543,-1.4758,0.0625,0.3015
135.11,-7.4204,5.8487,-1.7538,-1.4665,0.0654,0.302
135.161,-7.4223,5.8384,-1.7535,-1.4515,0.0701,0.3027
135.211,-7.4252,5.823,-1.7529,-1.4365,0.0747,0.3034
135.261,-7.4271,5.8127,-1.7526,-1.4266,0.0779,0.3037
135.311,-7.4299,5.7972,-1.7522,-1.4187,0.0803,0.304
135.362,-7.4318,5.7869,-1.752,-1.4044,0.0848,0.3045
135.412,-7.4337,5.7766,-1.7517,-1.3952,0.0877,0.3048
135.462,-7.4365,5.7612,-1.7514,-1.3809,0.0922,0.3053
135.512,-7.4384,5.7509,-1.7512,-1.3666,0.0967,0.3057
135.563,-7.4403,5.7406,-1.7511,-1.3566,0.0999,0.3059
135.613,-7.4431,5.7251,-1.7508,-1.3466,0.103,0.3062
135.663,-7.445,5.7148,-1.7507,-1.3316,0.1078,0.3065
135.713,-7.4478,5.6993,-1.7505,-1.3188,0.1119,0.3068
135.764,-7.4497,5.689,-1.7504,-1.3095,0.1148,0.307
135.814,-7.4515,5.6787,-1.7503,-1.2952,0.1193,0.3072
135.864,-7.4543,5.6632,-1.7502,-1.2852,0.1225,0.3073
135.914,-7.4562,5.6529,-1.7501,-1.2709,0.127,0.3076
135.964,-7.459,5.6374,-1.75,-1.2616,0.13,0.3077
136.015,-7.4609,5.6271,-1.75,-1.2466,0.1347,0.3079
136.065,-7.4628,5.6167,-1.7499,-1.2366,0.1379,0.308
136.115,-7.4656,5.6013,-1.7498,-1.2238,0.142,0.3083
136.166,-7.4674,5.5909,-1.7498,-1.2138,0.1452,0.3085
136.216,-7.4702,5.5754,-1.7497,-1.1995,0.1498,0.3087
136.266,-7.4721,5.5651,-1.7497,-1.1902,0.1527,0.3088
136.316,-7.474,5.5548,-1.7496,-1.1759,0.1573,0.3089
136.367,-7.4768,5.5393,-1.7496,-1.1666,0.1602,0.3089
136.417,-7.4786,5.529,-1.7496,-1.1516,0.165,0.3091
136.467,-7.4814,5.5135,-1.7495,-1.1416,0.1682,0.3092
136.517,-7.4833,5.5032,-1.7495,-1.1266,0.173,0.3093
136.567,-7.4852,5.4928,-1.7495,-1.1188,0.1755,0.3095
136.618,-7.488,5.4773,-1.7494,-1.1045,0.1801,0.3096
136.668,-7.4898,5.467,-1.7494,-1.0952,0.1831,0.3097
136.718,-7.4926,5.4515,-1.7494,-1.0809,0.1876,0.3099
136.768,-7.4945,5.4412,-1.7494,-1.0709,0.1908,0.31
136.819,-7.4964,5.4308,-1.7494,-1.0567,0.1954,0.3101
136.869,-7.4991,5.4153,-1.7493,-1.0467,0.1986,0.3102
136.919,-7.501,5.405,-1.7493,-1.0317,0.2034,0.3104
136.97,-7.5029,5.3947,-1.7493,-1.0238,0.2059,0.3105
137.02,-7.5057,5.3792,-1.7493,-1.0095,0.2105,0.3106
137.07,-7.5075,5.3688,-1.7493,-0.9995,0.2137,0.3106
137.12,-7.5103,5.3534,-1.7493,-0.9853,0.2183,0.3108
137.17,-7.5122,5.343,-1.7493,-0.976,0.2213,0.3109
137.221,-7.5141,5.3327,-1.7492,-0.9617,0.2259,0.311
137.272,-7.5169,5.3172,-1.7492,-0.9467,0.2307,0.3111
137.322,-7.5187,5.3069,-1.7492,-0.9367,0.2339,0.3111
137.372,-7.5215,5.2914,-1.7492,-0.9239,0.2381,0.3113
137.422,-7.5234,5.281,-1.7492,-0.9139,0.2413,0.3114
137.472,-7.5252,5.2707,-1.7492,-0.9046,0.2443,0.3115
137.524,-7.528,5.2552,-1.7492,-0.8903,0.2489,0.3117
137.574,-7.5299,5.2449,-1.7492,-0.876,0.2535,0.3118
137.624,-7.5327,5.2294,-1.7492,-0.8667,0.2565,0.3119
137.674,-7.5346,5.219,-1.7492,-0.8518,0.2613,0.312
137.724,-7.5364,5.2087,-1.7492,-0.8418,0.2645,0.312
137.775,-7.5392,5.1932,-1.7492,-0.8268,0.2693,0.3122
137.825,-7.5411,5.1829,-1.7492,-0.8189,0.2719,0.3124
137.875,-7.5439,5.1674,-1.7492,-0.8047,0.2765,0.3125
137.925,-7.5457,5.157,-1.7492,-0.7954,0.2795,0.3126
137.975,-7.5476,5.1467,-1.7492,-0.7811,0.2841,0.3126
138.026,-7.5504,5.1312,-1.7492,-0.7711,0.2873,0.3126
138.076,-7.5523,5.1209,-1.7492,-0.7568,0.2919,0.3127
138.126,-7.555,5.1054,-1.7492,-0.7468,0.2952,0.3128
138.176,-7.5569,5.095,-1.7492,-0.7319,0.3,0.313
138.227,-7.5588,5.0847,-1.7492,-0.724,0.3026,0.313
138.277,-7.5616,5.0692,-1.7492,-0.7097,0.3072,0.3131
138.327,-7.5634,5.0589,-1.7492,-0.6998,0.3104,0.3133
138.377,-7.5662,5.0434,-1.7492,-0.6855,0.315,0.3134
138.427,-7.5681,5.033,-1.7492,-0.6762,0.318,0.3135
138.478,-7.57,5.0227,-1.7491,-0.6619,0.3227,0.3135
138.528,-7.5727,5.0072,-1.7491,-0.652,0.3259,0.3136
138.578,-7.5746,4.9969,-1.7491,-0.637,0.3308,0.3136
138.628,-7.5765,4.9865,-1.7491,-0.627,0.334,0.3137
138.679,-7.5793,4.971,-1.7491,-0.6141,0.3382,0.3138
138.729,-7.5811,4.9607,-1.7491,-0.6049,0.3412,0.3139
138.779,-7.5839,4.9452,-1.7491,-0.5906,0.3458,0.3141
138.829,-7.5858,4.9349,-1.7491,-0.5813,0.3488,0.3141
138.879,-7.5876,4.9245,-1.7491,-0.5671,0.3535,0.3142
138.93,-7.5904,4.909,-1.7491,-0.5521,0.3583,0.3143
138.98,-7.5923,4.8987,-1.7491,-0.5421,0.3616,0.3144
139.03,-7.5951,4.8832,-1.7491,-0.5321,0.3648,0.3144
139.08,-7.597,4.8729,-1.7491,-0.5193,0.369,0.3145
139.13,-7.5988,4.8625,-1.7491,-0.51,0.372,0.3145
139.181,-7.6016,4.847,-1.7491,-0.4957,0.3767,0.3146
139.231,-7.6035,4.8367,-1.7491,-0.4858,0.3799,0.3146
139.281,-7.6063,4.8212,-1.7491,-0.4715,0.3846,0.3148
139.331,-7.6081,4.8109,-1.7491,-0.4622,0.3876,0.3148
139.382,-7.61,4.8005,-1.7491,-0.4472,0.3924,0.3149
139.432,-7.6128,4.785,-1.7491,-0.4323,0.3973,0.3151
139.482,-7.6147,4.7747,-1.7491,-0.4244,0.3999,0.3152
139.532,-7.6175,4.7592,-1.7491,-0.4102,0.4045,0.3153
139.582,-7.6193,4.7489,-1.7491,-0.4002,0.4078,0.3153
139.633,-7.6212,4.7385,-1.7491,-0.3909,0.4108,0.3155
139.683,-7.624,4.723,-1.7491,-0.3767,0.4155,0.3156
139.733,-7.6258,4.7127,-1.7491,-0.3624,0.4201,0.3157
139.784,-7.6286,4.6972,-1.7491,-0.3524,0.4234,0.3158
139.834,-7.6305,4.6869,-1.7491,-0.3374,0.4283,0.3159
139.884,-7.6324,4.6765,-1.7491,-0.3275,0.4315,0.3159
139.934,-7.6351,4.661,-1.7491,-0.3146,0.4357,0.316
139.984,-7.637,4.6507,-1.7491,-0.3054,0.4388,0.3161
140.035,-7.6389,4.6404,-1.7491,-0.2911,0.4434,0.3163
140.085,-7.6417,4.6249,-1.7491,-0.2818,0.4465,0.3163
140.135,-7.6435,4.6145,-1.7491,-0.2676,0.4511,0.3165
140.185,-7.6463,4.599,-1.7491,-0.2576,0.4544,0.3166
140.236,-7.6482,4.5887,-1.7491,-0.2426,0.4593,0.3168
140.286,-7.65,4.5784,-1.7491,-0.2327,0.4626,0.3168
140.336,-7.6528,4.5629,-1.7491,-0.2198,0.4668,0.3169
140.386,-7.6547,4.5525,-1.7491,-0.2106,0.4698,0.3171
140.436,-7.6575,4.537,-1.7491,-0.1963,0.4745,0.3172
140.486,-7.6594,4.5267,-1.7491,-0.1863,0.4778,0.3173
140.537,-7.6612,4.5164,-1.7491,-0.1721,0.4825,0.3175
140.587,-7.664,4.5009,-1.7491,-0.1628,0.4855,0.3176
140.637,-7.6659,4.4905,-1.7491,-0.1479,0.4904,0.3177
140.687,-7.6687,4.475,-1.7491,-0.1379,0.4937,0.3177
140.738,-7.6705,4.4647,-1.7491,-0.1251,0.4979,0.3178
140.788,-7.6724,4.4544,-1.7491,-0.1151,0.5012,0.3179
140.838,-7.6752,4.4389,-1.7491,-0.1008,0.5059,0.3179
140.888,-7.6771,4.4285,-1.7491,-0.0916,0.5089,0.318
140.938,-7.6798,4.413,-1.7491,-0.0773,0.5136,0.3181
140.989,-7.6817,4.4027,-1.7491,-0.0681,0.5167,0.3182
141.039,-7.6836,4.3924,-1.7491,-0.0531,0.5216,0.3183
141.089,-7.6864,4.3769,-1.7491,-0.0431,0.5249,0.3184
141.139,-7.6882,4.3665,-1.7491,-0.0282,0.5298,0.3185
141.189,-7.6901,4.3562,-1.7491,-0.0204,0.5324,0.3186
141.24,-7.6929,4.3407,-1.7491,-0.0061,0.5371,0.3187
141.29,-7.6948,4.3304,-1.7491,0.0031,0.5402,0.3187
141.34,-7.6975,4.3149,-1.7491,0.0174,0.5449,0.3188
141.39,-7.6994,4.3045,-1.7491,0.0274,0.5482,0.319
141.441,-7.7013,4.2942,-1.7491,0.0416,0.5529,0.319
141.491,-7.7041,4.2787,-1.7491,0.0516,0.5562,0.3192
141.541,-7.7059,4.2684,-1.7491,0.0665,0.5611,0.3194
141.591,-7.7087,4.2529,-1.7491,0.0793,0.5653,0.3197
141.642,-7.7106,4.2425,-1.7491,0.0886,0.5684,0.3197
141.692,-7.7124,4.2322,-1.7491,0.0986,0.5717,0.3199
141.742,-7.7152,4.2167,-1.7491,0.1128,0.5764,0.32
141.792,-7.7171,4.2064,-1.7491,0.127,0.5811,0.3201
141.842,-7.7199,4.1909,-1.7491,0.1363,0.5842,0.3202
141.893,-7.7218,4.1805,-1.7491,0.1513,0.5892,0.3203
141.943,-7.7236,4.1702,-1.7491,0.1612,0.5925,0.3204
141.993,-7.7264,4.1547,-1.7491,0.174,0.5967,0.3206
142.043,-7.7283,4.1444,-1.7491,0.184,0.6,0.3207
142.094,-7.7311,4.1289,-1.7491,0.1982,0.6048,0.3208
142.144,-7.7329,4.1185,-1.7491,0.2075,0.6078,0.3209
142.194,-7.7348,4.1082,-1.7491,0.2217,0.6126,0.321
142.244,-7.7376,4.0927,-1.7491,0.231,0.6156,0.3211
142.294,-7.7395,4.0824,-1.7491,0.2459,0.6206,0.3212
142.345,-7.7413,4.072,-1.7491,0.2559,0.6239,0.3213
142.395,-7.7441,4.0565,-1.7491,0.2708,0.6289,0.3214
142.445,-7.746,4.0462,-1.7491,0.2786,0.6315,0.3215
142.495,-7.7488,4.0307,-1.7491,0.2929,0.6363,0.3217
142.547,-7.7506,4.0204,-1.7491,0.3021,0.6393,0.3218
142.598,-7.7525,4.01,-1.7491,0.3164,0.6441,0.3219
142.648,-7.7553,3.9945,-1.7491,0.3263,0.6474,0.3219
142.698,-7.7572,3.9842,-1.7491,0.3405,0.6521,0.322
142.748,-7.7599,3.9687,-1.7491,0.3505,0.6555,0.3221
142.799,-7.7618,3.9584,-1.7491,0.3655,0.6605,0.3221
142.849,-7.7637,3.948,-1.7491,0.3733,0.6631,0.3221
142.899,-7.7665,3.9325,-1.7491,0.3875,0.6678,0.3222
142.949,-7.7683,3.9222,-1.7491,0.3975,0.6711,0.3223
143.0,-7.7711,3.9067,-1.7491,0.4117,0.6759,0.3225
143.05,-7.773,3.8964,-1.7491,0.4209,0.679,0.3227
143.1,-7.7748,3.886,-1.7491,0.4352,0.6837,0.3227
143.15,-7.7776,3.8705,-1.7491,0.4451,0.6871,0.3227
143.2,-7.7795,3.8602,-1.7491,0.4601,0.6921,0.3229
143.251,-7.7823,3.8447,-1.7491,0.4729,0.6964,0.323
143.301,-7.7842,3.8344,-1.7491,0.4828,0.6997,0.3231
143.351,-7.786,3.824,-1.7491,0.4921,0.7028,0.3232
143.401,-7.7888,3.8085,-1.7491,0.5063,0.7075,0.3234
143.452,-7.7907,3.7982,-1.7491,0.5205,0.7123,0.3234
143.503,-7.7935,3.7827,-1.7491,0.5298,0.7154,0.3236
143.553,-7.7953,3.7724,-1.7491,0.5447,0.7204,0.3237
143.603,-7.7972,3.762,-1.7491,0.5546,0.7238,0.3238
143.653,-7.8,3.7465,-1.7491,0.5696,0.7288,0.3239
143.704,-7.8019,3.7362,-1.7491,0.5774,0.7314,0.3241
143.754,-7.8046,3.7207,-1.7491,0.5916,0.7362,0.3242
143.804,-7.8065,3.7104,-1.7491,0.6009,0.7393,0.3243
143.854,-7.8084,3.7,-1.7491,0.6151,0.7441,0.3244
143.904,-7.8112,3.6845,-1.7491,0.625,0.7474,0.3245
143.955,-7.813,3.6742,-1.7491,0.6392,0.7522,0.3245
144.005,-7.8158,3.6587,-1.7491,0.6492,0.7555,0.3246
144.055,-7.8177,3.6484,-1.7491,0.6641,0.7606,0.3248
144.105,-7.8195,3.638,-1.7491,0.6719,0.7632,0.3248
144.156,-7.8223,3.6225,-1.7491,0.6862,0.768,0.325
144.206,-7.8242,3.6122,-1.7491,0.6961,0.7713,0.3251
144.256,-7.8261,3.6018,-1.7491,0.7103,0.7761,0.3253
144.306,-7.8289,3.5863,-1.7491,0.7196,0.7792,0.3254
144.356,-7.8307,3.576,-1.7491,0.7338,0.784,0.3255
144.407,-7.8335,3.5605,-1.7491,0.7437,0.7874,0.3257
144.457,-7.8354,3.5502,-1.7491,0.7586,0.7924,0.3258
144.507,-7.8372,3.5398,-1.7491,0.7686,0.7958,0.3259
144.557,-7.84,3.5243,-1.7491,0.7814,0.8001,0.3259
144.607,-7.8419,3.514,-1.7491,0.7906,0.8032,0.326
144.658,-7.8447,3.4985,-1.7491,0.8048,0.8081,0.3262
144.708,-7.8466,3.4882,-1.7491,0.8141,0.8112,0.3263
144.758,-7.8484,3.4778,-1.7491,0.8283,0.816,0.3264
144.808,-7.8512,3.4623,-1.7491,0.8382,0.8194,0.3265
144.859,-7.8531,3.452,-1.7491,0.8531,0.8244,0.3267
144.909,-7.8559,3.4365,-1.7491,0.8631,0.8278,0.3268
144.959,-7.8577,3.4262,-1.7491,0.8759,0.8321,0.3268
145.01,-7.8596,3.4158,-1.7491,0.8851,0.8352,0.3269
145.06,-7.8624,3.4003,-1.7491,0.8993,0.8401,0.327
145.11,-7.8643,3.39,-1.7491,0.9135,0.8449,0.3272
145.16,-7.867,3.3745,-1.7491,0.9234,0.8483,0.3273
145.211,-7.8689,3.3642,-1.7491,0.9327,0.8514,0.3274
145.261,-7.8708,3.3538,-1.7491,0.9476,0.8565,0.3275
145.311,-7.8736,3.3383,-1.7491,0.9575,0.8598,0.3276
145.361,-7.8754,3.328,-1.7491,0.9703,0.8642,0.3277
145.411,-7.8773,3.3177,-1.7491,0.9845,0.869,0.3278
145.462,-7.8801,3.3022,-1.7491,0.9945,0.8724,0.3279
145.512,-7.8819,3.2918,-1.7491,1.0037,0.8755,0.328
145.562,-7.8847,3.2763,-1.7491,1.0179,0.8804,0.3281
145.612,-7.8866,3.266,-1.7491,1.0271,0.8835,0.3281
145.663,-7.8885,3.2557,-1.7491,1.042,0.8886,0.3282
145.713,-7.8913,3.2402,-1.7491,1.0569,0.8937,0.3283
145.763,-7.8931,3.2298,-1.7491,1.0669,0.897,0.3285
145.813,-7.8959,3.2143,-1.7491,1.0797,0.9014,0.3286
145.864,-7.8978,3.204,-1.7491,1.0889,0.9045,0.3288
145.914,-7.8996,3.1937,-1.7491,1.1031,0.9094,0.3289
145.964,-7.9024,3.1782,-1.7491,1.1123,0.9125,0.3289
146.014,-7.9043,3.1678,-1.7491,1.1265,0.9174,0.329
146.065,-7.9062,3.1575,-1.7491,1.1364,0.9208,0.3291
146.115,-7.909,3.142,-1.7491,1.1513,0.9259,0.3292
146.165,-7.9108,3.1317,-1.7491,1.1613,0.9293,0.3293
146.215,-7.9136,3.1162,-1.7491,1.1741,0.9336,0.3293
146.266,-7.9155,3.1058,-1.7491,1.1833,0.9368,0.3295
146.316,-7.9183,3.0903,-1.7491,1.1975,0.9416,0.3296
146.366,-7.9201,3.08,-1.7491,1.2074,0.945,0.3297
146.416,-7.922,3.0697,-1.7491,1.2216,0.9499,0.3298
146.466,-7.9248,3.0542,-1.7491,1.2308,0.953,0.3298
146.517,-7.9267,3.0438,-1.7491,1.2457,0.9581,0.3298
146.567,-7.9294,3.0283,-1.7491,1.2557,0.9615,0.3297
146.617,-7.9313,3.018,-1.7491,1.2684,0.9659,0.3298
146.667,-7.9332,3.0077,-1.7491,1.2784,0.9693,0.3299
146.718,-7.936,2.9922,-1.7491,1.2926,0.9742,0.3299
146.768,-7.9378,2.9818,-1.7491,1.3018,0.9773,0.33
146.818,-7.9397,2.9715,-1.7491,1.316,0.9822,0.3301
146.868,-7.9425,2.956,-1.7491,1.3252,0.9854,0.3302
146.919,-7.9443,2.9457,-1.7491,1.3401,0.9905,0.3302
146.969,-7.9471,2.9302,-1.7491,1.35,0.9939,0.3303
147.019,-7.949,2.9198,-1.7491,1.3649,0.999,0.3304
147.069,-7.9509,2.9095,-1.7491,1.3727,1.0017,0.3305
147.119,-7.9537,2.894,-1.7491,1.3869,1.0065,0.3306
147.17,-7.9555,2.8837,-1.7491,1.3961,1.0097,0.3307
147.22,-7.9583,2.8682,-1.7491,1.4103,1.0146,0.3308
147.27,-7.9602,2.8578,-1.7491,1.4203,1.018,0.3308
147.32,-7.962,2.8475,-1.7491,1.4344,1.0228,0.3311
147.37,-7.9648,2.832,-1.7491,1.4444,1.0263,0.3311
147.421,-7.9667,2.8217,-1.7491,1.4593,1.0314,0.3313
147.471,-7.9695,2.8062,-1.7491,1.4671,1.0341,0.3313
147.521,-7.9714,2.7958,-1.7491,1.4813,1.0389,0.3314
147.571,-7.9732,2.7855,-1.7491,1.4954,1.0438,0.3315
147.622,-7.976,2.77,-1.7491,1.5054,1.0472,0.3317
147.672,-7.9779,2.7597,-1.7491,1.5146,1.0504,0.3317
147.722,-7.9807,2.7442,-1.7491,1.5288,1.0553,0.3319
147.772,-7.9825,2.7338,-1.7491,1.5437,1.0604,0.332
147.822,-7.9844,2.7235,-1.7491,1.5536,1.0639,0.3321
147.873,-7.9872,2.708,-1.7491,1.5663,1.0683,0.3323
147.923,-7.9891,2.6977,-1.7491,1.5763,1.0717,0.3324
147.973,-7.9909,2.6873,-1.7491,1.5904,1.0766,0.3326
148.023,-7.9937,2.6718,-1.7491,1.5997,1.0798,0.3327
148.073,-7.9956,2.6615,-1.7491,1.6138,1.0847,0.3328
148.124,-7.9984,2.646,-1.7491,1.6231,1.0878,0.3328
148.174,-8.0002,2.6357,-1.7491,1.6379,1.093,0.3329
148.224,-8.0021,2.6253,-1.7491,1.6479,1.0964,0.333
148.274,-8.0049,2.6098,-1.7491,1.6627,1.1016,0.3332
148.324,-8.0067,2.5995,-1.7491,1.6705,1.1043,0.3332
148.375,-8.0095,2.584,-1.7491,1.6847,1.1092,0.3333
148.425,-8.0114,2.5737,-1.7491,1.6939,1.1124,0.3334
148.475,-8.0133,2.5633,-1.7491,1.7081,1.1173,0.3336
148.525,-8.0161,2.5478,-1.7491,1.718,1.1207,0.3337
148.576,-8.0179,2.5375,-1.7491,1.7322,1.1256,0.3338
148.626,-8.0207,2.522,-1.7491,1.7421,1.1291,0.3339
148.676,-8.0226,2.5117,-1.7491,1.757,1.1342,0.334
148.726,-8.0244,2.5013,-1.7491,1.7648,1.1369,0.334
148.777,-8.0272,2.4858,-1.7491,1.779,1.1419,0.334
148.827,-8.0291,2.4755,-1.7491,1.7889,1.1453,0.3342
148.877,-8.031,2.4652,-1.7491,1.7981,1.1485,0.3343
148.927,-8.0338,2.4497,-1.7491,1.8123,1.1534,0.3345
148.977,-8.0356,2.4393,-1.7491,1.8264,1.1583,0.3347
149.028,-8.0375,2.429,-1.7491,1.8363,1.1618,0.3348
149.078,-8.0403,2.4135,-1.7491,1.8512,1.167,0.335
149.128,-8.0421,2.4032,-1.7491,1.8611,1.1704,0.335
149.179,-8.0449,2.3877,-1.7491,1.8739,1.1749,0.3351
149.229,-8.0468,2.3773,-1.7491,1.8831,1.1781,0.3351
149.279,-8.0487,2.367,-1.7491,1.8973,1.183,0.3353
149.329,-8.0514,2.3515,-1.7491,1.9065,1.1862,0.3353
149.38,-8.0533,2.3412,-1.7491,1.9206,1.1911,0.3354
